species,model_key,mean_cv_accuracy,std_cv_accuracy,mean_cv_balanced_accuracy,std_cv_balanced_accuracy,mean_cv_neg_log_loss,std_cv_neg_log_loss,mean_cv_f1,std_cv_f1,mean_cv_precision,std_cv_precision,mean_cv_recall,std_cv_recall,mean_cv_roc_auc,std_cv_roc_auc,clf,clf__n_components,outlier,reduce_post__method,reduce_pre__method,reduce_pre__n_components,scale,select__k,select__method,accuracy_train,balanced_train_acc,accuracy_test,balanced_test_acc,f1_test,precision_test,recall_test,roc_auc_test,female_train_acc,male_train_acc,female_test_acc,male_test_acc,female_full_acc,male_full_acc,balanced_full_acc,maj_train_count,maj_train_wrong,maj_train_pct,maj_test_count,maj_test_wrong,maj_test_pct,maj_full_count,maj_full_wrong,maj_full_pct,pipeline_id,clf__colsample_bytree,clf__gamma,clf__learning_rate,clf__max_depth,clf__min_child_weight,clf__n_estimators,clf__reg_alpha,clf__reg_lambda,clf__subsample,mean_cv_accuracy_rank,mean_cv_balanced_accuracy_rank,mean_cv_neg_log_loss_rank,mean_rank
mountain_lion,lda_svd,0.9093157574515855,0.05330716917690766,0.9038570979787824,0.059575441839282185,-0.2334355857098726,0.11565460238200494,0.8858731433875929,0.06968343108867421,0.9342989048462194,0.04810079261771993,0.8511046834656991,0.11769309098890059,0.9741874791138561,0.025325110984767998,LinearDiscriminantAnalysis(n_components=1),1.0,OutlierCleanerTransformer(),,,3.0,FeatureScalerTransformer(),5,forward,0.966903073286052,0.9642287173407504,0.7589285714285714,0.757755036776463,0.7428571428571429,0.75,0.7358490566037735,0.8365845858650464,0.9829824561403507,0.9350285084447981,0.7576754385964911,0.7281746031746031,0.9355493998153278,0.8962434012066365,0.9158964005109822,28,0,1.0,6,1,0.8571428571428571,34,1,0.9714285714285714,outlier=OutlierCleanerTransformer();scale=FeatureScalerTransformer();reduce_pre__method=None;reduce_pre__n_components=3;select__method=forward;select__k=5;reduce_post__method=None;clf=LinearDiscriminantAnalysis(n_components=1),,,,,,,,,,171.0,173.0,49.0,131.0
mountain_lion,lda_svd,0.9093843507552275,0.05202223851058617,0.9076787306923769,0.05385485161329906,-0.4159194936096238,0.2957061617839643,0.8926807785272757,0.05960095701064336,0.9163706896551723,0.09078924812066841,0.8814957348759684,0.09211454420243115,0.9663666181411937,0.033913437653544265,LinearDiscriminantAnalysis(n_components=1),1.0,OutlierCleanerTransformer(),,,8.0,,24,forward,0.9881796690307328,0.9876088641648808,0.8035714285714286,0.7962903741605372,0.7608695652173914,0.8974358974358975,0.660377358490566,0.9094979213303486,0.9844444444444445,0.9836407935955448,0.9149305555555556,0.6448412698412699,0.9698099415204677,0.9201158828916182,0.944962912206043,28,0,1.0,6,1,0.8571428571428571,34,1,0.9714285714285714,outlier=OutlierCleanerTransformer();scale=None;reduce_pre__method=None;reduce_pre__n_components=8;select__method=forward;select__k=24;reduce_post__method=None;clf=LinearDiscriminantAnalysis(n_components=1),,,,,,,,,,169.5,154.5,3.0,109.0
mountain_lion,lda_svd,0.9093843507552275,0.05202223851058617,0.9076787306923769,0.05385485161329906,-0.4159194936096252,0.29570616178396514,0.8926807785272757,0.05960095701064336,0.9163706896551723,0.09078924812066841,0.8814957348759684,0.09211454420243115,0.9663666181411937,0.033913437653544265,LinearDiscriminantAnalysis(n_components=1),1.0,OutlierCleanerTransformer(),,,12.0,FeatureScalerTransformer(),24,forward,0.9881796690307328,0.9876088641648808,0.8035714285714286,0.7962903741605372,0.7608695652173914,0.8974358974358975,0.660377358490566,0.9094979213303486,0.9844444444444445,0.9836407935955448,0.9149305555555556,0.6448412698412699,0.9698099415204677,0.9201158828916182,0.944962912206043,28,0,1.0,6,1,0.8571428571428571,34,1,0.9714285714285714,outlier=OutlierCleanerTransformer();scale=FeatureScalerTransformer();reduce_pre__method=None;reduce_pre__n_components=12;select__method=forward;select__k=24;reduce_post__method=None;clf=LinearDiscriminantAnalysis(n_components=1),,,,,,,,,,169.5,154.5,2.0,108.66666666666667
mountain_lion,lda_svd,0.9014378885882712,0.05795857847638726,0.8964512048033789,0.06516259028687117,-0.32349398266958845,0.1822743418438909,0.8761437908496731,0.07692174606248246,0.932934472934473,0.06962571272339908,0.8460282053796124,0.14764097243245697,0.978536512824801,0.012405816603476977,LinearDiscriminantAnalysis(n_components=1),1.0,,,pca,12.0,FeatureScalerTransformer(),27,random_forest,0.9787234042553191,0.9772924171264421,0.7678571428571429,0.7633514550687559,0.7346938775510204,0.8,0.6792452830188679,0.7924528301886793,0.9876023391812866,0.961606417715015,0.8444809941520468,0.6656746031746031,0.9574715297014463,0.9061192024886877,0.9317953660950671,28,0,1.0,6,1,0.8571428571428571,34,1,0.9714285714285714,outlier=None;scale=FeatureScalerTransformer();reduce_pre__method=pca;reduce_pre__n_components=12;select__method=random_forest;select__k=27;reduce_post__method=None;clf=LinearDiscriminantAnalysis(n_components=1),,,,,,,,,,185.0,184.0,10.0,126.33333333333333
mountain_lion,lda_svd,0.9116213649638961,0.05079005170088744,0.9095485795241538,0.04942466451942796,-0.3334648846241448,0.2263558714668023,0.8970465959262206,0.05529594444391524,0.9164021164021164,0.1024407492546971,0.8895071412229957,0.07332985606241876,0.9734242956245328,0.025355625883482967,LinearDiscriminantAnalysis(n_components=1),1.0,OutlierCleanerTransformer(),,pca,5.0,FeatureScalerTransformer(),30,lasso,0.9858156028368794,0.9848616114176281,0.7678571428571429,0.7643108410617205,0.74,0.7872340425531915,0.6981132075471698,0.8490566037735849,0.9911111111111112,0.9793015431024481,0.828125,0.6765873015873015,0.9567982456140351,0.9225426228183582,0.9396704342161967,28,0,1.0,6,1,0.8571428571428571,34,1,0.9714285714285714,outlier=OutlierCleanerTransformer();scale=FeatureScalerTransformer();reduce_pre__method=pca;reduce_pre__n_components=5;select__method=lasso;select__k=30;reduce_post__method=None;clf=LinearDiscriminantAnalysis(n_components=1),,,,,,,,,,158.0,146.0,8.0,104.0
mountain_lion,lda_svd,0.9062414842640495,0.04664471595540369,0.9009229950446794,0.05458913317541104,-0.21978920703467958,0.10282816915880519,0.8807598768690322,0.0643265296608119,0.9332840651634481,0.049657221592696074,0.8463427787037944,0.1234722819748691,0.9771293914540292,0.02307224693346535,LinearDiscriminantAnalysis(n_components=1),1.0,,,,5.0,FeatureScalerTransformer(),5,forward,0.966903073286052,0.9642287173407504,0.75,0.7483210745123121,0.7307692307692307,0.7450980392156863,0.7169811320754716,0.8343460185481292,0.9829824561403507,0.9350285084447981,0.7576754385964911,0.7073412698412698,0.9355493998153278,0.8923371512066365,0.9139432755109822,28,0,1.0,6,1,0.8571428571428571,34,1,0.9714285714285714,outlier=None;scale=FeatureScalerTransformer();reduce_pre__method=None;reduce_pre__n_components=5;select__method=forward;select__k=5;reduce_post__method=None;clf=LinearDiscriminantAnalysis(n_components=1),,,,,,,,,,180.0,180.0,64.0,141.33333333333334
mountain_lion,lda_svd,0.9114896704950637,0.049577117538291936,0.9077429452469825,0.05326729933474856,-0.23176769399393,0.14282361013485084,0.8931402394221484,0.05806405689979525,0.9357549857549857,0.07907766539901187,0.8689618263228421,0.11322608883795429,0.9852371716557506,0.013276171358578847,LinearDiscriminantAnalysis(n_components=1),1.0,,,,3.0,FeatureScalerTransformer(),23,random_forest,0.9787234042553191,0.9772924171264421,0.7053571428571429,0.7021106491845219,0.6732673267326733,0.7083333333333334,0.6415094339622641,0.7559961624560281,0.9876023391812866,0.9682561782109295,0.7455226608187134,0.6438492063492064,0.9366381963681133,0.9074298709868562,0.9220340336774848,28,0,1.0,6,1,0.8571428571428571,34,1,0.9714285714285714,outlier=None;scale=FeatureScalerTransformer();reduce_pre__method=None;reduce_pre__n_components=3;select__method=random_forest;select__k=23;reduce_post__method=None;clf=LinearDiscriminantAnalysis(n_components=1),,,,,,,,,,160.0,153.0,51.0,121.33333333333333
mountain_lion,lda_svd,0.8993764670047124,0.0571320191380136,0.8967930517811418,0.05774988487636313,-0.46746437711480693,0.3286470727357121,0.8811717040420242,0.06355065982721961,0.9053781512605041,0.09445856622349866,0.8672173742523777,0.08381004628481678,0.9600764521715177,0.037223814151770784,LinearDiscriminantAnalysis(n_components=1),1.0,,,pca,2.0,FeatureScalerTransformer(),26,forward,0.9881796690307328,0.9876088641648808,0.8035714285714286,0.7982091461464662,0.7708333333333334,0.8604651162790697,0.6981132075471698,0.8487368084425968,0.9911111111111112,0.9836407935955448,0.8871527777777778,0.6765873015873015,0.9692251461988304,0.9260682638439992,0.9476467050214148,28,0,1.0,6,1,0.8571428571428571,34,1,0.9714285714285714,outlier=None;scale=FeatureScalerTransformer();reduce_pre__method=pca;reduce_pre__n_components=2;select__method=forward;select__k=26;reduce_post__method=None;clf=LinearDiscriminantAnalysis(n_components=1),,,,,,,,,,190.0,183.0,1.0,124.66666666666667
mountain_lion,lda_svd,0.9165800648617657,0.060127642272311294,0.9116363991157079,0.06523393632692609,-0.24494082527350894,0.17659841772601503,0.8959703153988869,0.07913476223333488,0.9508347338935575,0.05285663191367795,0.8633861162859106,0.14044121792521827,0.9832140809049228,0.01881054789566892,LinearDiscriminantAnalysis(n_components=1),1.0,OutlierCleanerTransformer(),,pca,5.0,FeatureScalerTransformer(),11,lasso,0.9763593380614657,0.9752177283297615,0.7946428571428571,0.7906939558682443,0.7676767676767676,0.8260869565217391,0.7169811320754716,0.8528941477454429,0.973939393939394,0.9660749506903354,0.8591008771929826,0.6974206349206349,0.9497628640980441,0.9157022664835165,0.9327325652907803,28,0,1.0,6,1,0.8571428571428571,34,1,0.9714285714285714,outlier=OutlierCleanerTransformer();scale=FeatureScalerTransformer();reduce_pre__method=pca;reduce_pre__n_components=5;select__method=lasso;select__k=11;reduce_post__method=None;clf=LinearDiscriminantAnalysis(n_components=1),,,,,,,,,,130.5,141.5,39.5,103.83333333333333
mountain_lion,lda_svd,0.9064637795416675,0.05277429910926693,0.9026450069639136,0.058002795421449406,-0.314366949830987,0.19545422397004272,0.8859687742040684,0.06590255129721535,0.9277567340067341,0.07731344014144778,0.866258946955584,0.1317314812874729,0.9773862909278435,0.02330003915951331,LinearDiscriminantAnalysis(n_components=1),1.0,OutlierCleanerTransformer(),,pca,12.0,FeatureScalerTransformer(),18,forward,0.983451536643026,0.9821143586703753,0.7767857142857143,0.7718260313399424,0.7422680412371134,0.8181818181818182,0.6792452830188679,0.8493763991045731,0.9911111111111112,0.972595428704026,0.857638888888889,0.6607142857142857,0.9630116959064327,0.9141177143934497,0.9385647051499412,28,0,1.0,6,1,0.8571428571428571,34,1,0.9714285714285714,outlier=OutlierCleanerTransformer();scale=FeatureScalerTransformer();reduce_pre__method=pca;reduce_pre__n_components=12;select__method=forward;select__k=18;reduce_post__method=None;clf=LinearDiscriminantAnalysis(n_components=1),,,,,,,,,,179.0,178.0,11.0,122.66666666666667
mountain_lion,lda_svd,0.9165800648617657,0.060127642272311294,0.9116363991157079,0.06523393632692609,-0.24494082527350894,0.17659841772601503,0.8959703153988869,0.07913476223333488,0.9508347338935575,0.05285663191367795,0.8633861162859106,0.14044121792521827,0.9832140809049228,0.01881054789566892,LinearDiscriminantAnalysis(n_components=1),1.0,OutlierCleanerTransformer(),,pca,,FeatureScalerTransformer(),11,lasso,0.9763593380614657,0.9752177283297615,0.7946428571428571,0.7906939558682443,0.7676767676767676,0.8260869565217391,0.7169811320754716,0.8528941477454429,0.973939393939394,0.9660749506903354,0.8591008771929826,0.6974206349206349,0.9497628640980441,0.9157022664835165,0.9327325652907803,28,0,1.0,6,1,0.8571428571428571,34,1,0.9714285714285714,outlier=OutlierCleanerTransformer();scale=FeatureScalerTransformer();reduce_pre__method=pca;reduce_pre__n_components=None;select__method=lasso;select__k=11;reduce_post__method=None;clf=LinearDiscriminantAnalysis(n_components=1),,,,,,,,,,130.5,141.5,39.5,103.83333333333333
mountain_lion,lda_svd,0.9125423303649818,0.05732624314854401,0.9094764148874125,0.06521627675466546,-0.21992702227383468,0.14076251895142614,0.8901447963800905,0.07627029415475216,0.9388991960420533,0.05626196730036932,0.8638853482367551,0.14556295119921286,0.9849521198217438,0.015040577172876124,LinearDiscriminantAnalysis(n_components=1),1.0,,,,3.0,,11,lasso,0.9716312056737588,0.9690506588846838,0.7232142857142857,0.7171410297409657,0.6736842105263158,0.7619047619047619,0.6037735849056604,0.8269907259354013,0.98093567251462,0.9483234714003945,0.8038194444444444,0.5823412698412699,0.9436480455524778,0.8797018086080586,0.9116749270802682,27,1,0.9642857142857143,6,1,0.8571428571428571,33,2,0.9428571428571428,outlier=None;scale=None;reduce_pre__method=None;reduce_pre__n_components=3;select__method=lasso;select__k=11;reduce_post__method=None;clf=LinearDiscriminantAnalysis(n_components=1),,,,,,,,,,154.0,147.0,63.0,121.33333333333333
mountain_lion,lda_svd,0.9154629015785417,0.04885527573792218,0.911713081688656,0.0491550566072863,-0.3410998405069461,0.22288288377578575,0.9008684582743989,0.05138275999577568,0.9284900284900285,0.08898927781376369,0.8847452364610909,0.07892855474518448,0.9740074490622771,0.02511825878858165,LinearDiscriminantAnalysis(n_components=1),1.0,OutlierCleanerTransformer(),,pca,,FeatureScalerTransformer(),28,lasso,0.983451536643026,0.9827869226209476,0.7589285714285714,0.7548768787975695,0.7272727272727273,0.782608695652174,0.6792452830188679,0.83594499520307,0.9800000000000001,0.9785125884673397,0.828125,0.6557539682539683,0.9480263157894736,0.9179953471773326,0.9330108314834031,28,0,1.0,6,1,0.8571428571428571,34,1,0.9714285714285714,outlier=OutlierCleanerTransformer();scale=FeatureScalerTransformer();reduce_pre__method=pca;reduce_pre__n_components=None;select__method=lasso;select__k=28;reduce_post__method=None;clf=LinearDiscriminantAnalysis(n_components=1),,,,,,,,,,142.0,140.0,7.0,96.33333333333333
mountain_lion,lda_svd,0.9255352887423627,0.05527522736661714,0.9211069175283516,0.06412887396404973,-0.17478029690049532,0.1311272313186402,0.9046314529057717,0.07418819709770073,0.9624154589371979,0.04070420287191862,0.8672647645193973,0.13861689474410083,0.9877862207985043,0.01928414661081555,LinearDiscriminantAnalysis(n_components=1),1.0,OutlierCleanerTransformer(),,pca,,,5,lasso,0.9550827423167849,0.9491473257033423,0.7410714285714286,0.7360089542692676,0.7010309278350515,0.7727272727272727,0.6415094339622641,0.856731691717301,0.9828282828282828,0.8945829811214427,0.8298611111111112,0.6339285714285715,0.9506246677299308,0.8457102793040293,0.89816747351698,27,1,0.9642857142857143,6,1,0.8571428571428571,33,2,0.9428571428571428,outlier=OutlierCleanerTransformer();scale=None;reduce_pre__method=pca;reduce_pre__n_components=None;select__method=lasso;select__k=5;reduce_post__method=None;clf=LinearDiscriminantAnalysis(n_components=1),,,,,,,,,,89.0,97.0,153.0,113.0
mountain_lion,lda_svd,0.9325773008749249,0.06753622815034338,0.9252725022886313,0.07567067966603917,-0.14927256194569338,0.12623415842724864,0.9093122908574441,0.0903649643490952,0.9865384615384615,0.0172482359577868,0.858794162826421,0.15732524743303083,0.9916473407544835,0.016235976599527257,LinearDiscriminantAnalysis(n_components=1),1.0,OutlierCleanerTransformer(),,pca,,,2,lasso,0.91725768321513,0.9105717933518764,0.6964285714285714,0.688839142948513,0.6304347826086957,0.7435897435897436,0.5471698113207547,0.7662296130476496,0.9628654970760234,0.8477574461737357,0.8305921052631579,0.5595238095238095,0.9350184672206832,0.7937136393018746,0.8643660532612789,27,1,0.9642857142857143,6,1,0.8571428571428571,33,2,0.9428571428571428,outlier=OutlierCleanerTransformer();scale=None;reduce_pre__method=pca;reduce_pre__n_components=None;select__method=lasso;select__k=2;reduce_post__method=None;clf=LinearDiscriminantAnalysis(n_components=1),,,,,,,,,,47.0,69.0,198.0,104.66666666666667
mountain_lion,lda_svd,0.9325773008749249,0.06753622815034338,0.9252725022886313,0.07567067966603917,-0.14927256194569338,0.12623415842724864,0.9093122908574441,0.0903649643490952,0.9865384615384615,0.0172482359577868,0.858794162826421,0.15732524743303083,0.9916473407544835,0.016235976599527257,LinearDiscriminantAnalysis(n_components=1),1.0,OutlierCleanerTransformer(),,pca,8.0,,2,lasso,0.91725768321513,0.9105717933518764,0.6964285714285714,0.688839142948513,0.6304347826086957,0.7435897435897436,0.5471698113207547,0.7662296130476496,0.9628654970760234,0.8477574461737357,0.8305921052631579,0.5595238095238095,0.9350184672206832,0.7937136393018746,0.8643660532612789,27,1,0.9642857142857143,6,1,0.8571428571428571,33,2,0.9428571428571428,outlier=OutlierCleanerTransformer();scale=None;reduce_pre__method=pca;reduce_pre__n_components=8;select__method=lasso;select__k=2;reduce_post__method=None;clf=LinearDiscriminantAnalysis(n_components=1),,,,,,,,,,47.0,69.0,198.0,104.66666666666667
mountain_lion,lda_svd,0.9325773008749249,0.06753622815034338,0.9252725022886313,0.07567067966603917,-0.14927256194569338,0.12623415842724864,0.9093122908574441,0.0903649643490952,0.9865384615384615,0.0172482359577868,0.858794162826421,0.15732524743303083,0.9916473407544835,0.016235976599527257,LinearDiscriminantAnalysis(n_components=1),1.0,OutlierCleanerTransformer(),,,12.0,,2,lasso,0.91725768321513,0.9105717933518764,0.6964285714285714,0.688839142948513,0.6304347826086957,0.7435897435897436,0.5471698113207547,0.7662296130476496,0.9628654970760234,0.8477574461737357,0.8305921052631579,0.5595238095238095,0.9350184672206832,0.7937136393018746,0.8643660532612789,27,1,0.9642857142857143,6,1,0.8571428571428571,33,2,0.9428571428571428,outlier=OutlierCleanerTransformer();scale=None;reduce_pre__method=None;reduce_pre__n_components=12;select__method=lasso;select__k=2;reduce_post__method=None;clf=LinearDiscriminantAnalysis(n_components=1),,,,,,,,,,47.0,69.0,198.0,104.66666666666667
mountain_lion,lda_svd,0.9132903907831789,0.05550634798223516,0.9056489451711303,0.05989569786376777,-0.24101338833371266,0.1777631009844983,0.8917780265859158,0.0694733829702021,0.9570652173913043,0.04097408005428429,0.8425940451678269,0.11426118519284412,0.9749915284534811,0.028778543373739064,LinearDiscriminantAnalysis(n_components=1),1.0,OutlierCleanerTransformer(),,pca,12.0,FeatureScalerTransformer(),4,lasso,0.9763593380614657,0.9752177283297615,0.6696428571428571,0.6662935721138471,0.6336633663366337,0.6666666666666666,0.6037735849056604,0.6926766869203709,0.9824774056353004,0.9677630815639866,0.7192068713450291,0.5922619047619048,0.9270520299952433,0.8973566109135962,0.9122043204544197,28,0,1.0,6,1,0.8571428571428571,34,1,0.9714285714285714,outlier=OutlierCleanerTransformer();scale=FeatureScalerTransformer();reduce_pre__method=pca;reduce_pre__n_components=12;select__method=lasso;select__k=4;reduce_post__method=None;clf=LinearDiscriminantAnalysis(n_components=1),,,,,,,,,,152.5,164.0,43.0,119.83333333333333
mountain_lion,lda_svd,0.9203570980631058,0.05163454190099796,0.9171794371333111,0.05846465467888208,-0.17860379120477682,0.10814786161186135,0.9019833394446397,0.06494104718811354,0.9464943553178846,0.04575070798732634,0.8704742294996242,0.11627875096344469,0.9877184083737278,0.01323145188706101,LinearDiscriminantAnalysis(n_components=1),1.0,OutlierCleanerTransformer(),,,8.0,,6,lasso,0.950354609929078,0.944325384159409,0.7321428571428571,0.7265749920051168,0.6875,0.7674418604651163,0.6226415094339622,0.8145187080268629,0.9783838383838384,0.888665821358129,0.8298611111111112,0.6081349206349206,0.9471158958001062,0.8360662774725275,0.8915910866363168,27,1,0.9642857142857143,6,1,0.8571428571428571,33,2,0.9428571428571428,outlier=OutlierCleanerTransformer();scale=None;reduce_pre__method=None;reduce_pre__n_components=8;select__method=lasso;select__k=6;reduce_post__method=None;clf=LinearDiscriminantAnalysis(n_components=1),,,,,,,,,,122.0,116.0,142.0,126.66666666666667
mountain_lion,lda_svd,0.9305364845483943,0.06559426154461487,0.9231448427141631,0.07366254238224705,-0.15422487046602446,0.12064299340320504,0.9071617532230356,0.08828517071004928,0.9865384615384615,0.0172482359577868,0.8545388436774847,0.15369421797312025,0.9919056355617683,0.015303282033435991,LinearDiscriminantAnalysis(n_components=1),1.0,,,,2.0,,2,lasso,0.91725768321513,0.9105717933518764,0.6964285714285714,0.688839142948513,0.6304347826086957,0.7435897435897436,0.5471698113207547,0.7700671570195076,0.9628654970760234,0.8477574461737357,0.8305921052631579,0.5595238095238095,0.9350184672206832,0.7937136393018746,0.8643660532612789,27,1,0.9642857142857143,6,1,0.8571428571428571,33,2,0.9428571428571428,outlier=None;scale=None;reduce_pre__method=None;reduce_pre__n_components=2;select__method=lasso;select__k=2;reduce_post__method=None;clf=LinearDiscriminantAnalysis(n_components=1),,,,,,,,,,63.0,79.0,194.0,112.0
mountain_lion,lda_svd,0.9274238053430327,0.046445974470059284,0.9217748533243709,0.0467372418618458,-0.25748567186233956,0.20733409877590434,0.9149842912622729,0.048541880535966475,0.9542673107890499,0.0717307711766527,0.8873108474687061,0.083419654063073,0.9836469878918894,0.020684777490621458,LinearDiscriminantAnalysis(n_components=1),1.0,OutlierCleanerTransformer(),,pca,12.0,,24,lasso,0.9787234042553191,0.9772924171264421,0.7946428571428571,0.7906939558682443,0.7676767676767676,0.8260869565217391,0.7169811320754716,0.8992644707387272,0.9800000000000001,0.9661851722937697,0.859375,0.6974206349206349,0.9546052631578947,0.9157918215363069,0.9351985423471008,28,0,1.0,6,1,0.8571428571428571,34,1,0.9714285714285714,outlier=OutlierCleanerTransformer();scale=None;reduce_pre__method=pca;reduce_pre__n_components=12;select__method=lasso;select__k=24;reduce_post__method=None;clf=LinearDiscriminantAnalysis(n_components=1),,,,,,,,,,75.0,93.0,27.0,65.0
mountain_lion,lda_svd,0.9307134794216194,0.06038751727418478,0.9264781669203528,0.06871134686607853,-0.1660328605362134,0.1412198854513983,0.909901998151008,0.08002520478350059,0.9670708457256157,0.041030011598887035,0.8740856946759485,0.14619956073407964,0.9890887732872313,0.020695228688412073,LinearDiscriminantAnalysis(n_components=1),1.0,OutlierCleanerTransformer(),,pca,3.0,,4,lasso,0.9621749408983451,0.9567165199945282,0.75,0.744483530540454,0.7083333333333334,0.7906976744186046,0.6415094339622641,0.8375439718580109,0.9939393939393939,0.9122781065088756,0.8454861111111112,0.6339285714285715,0.9626860712387028,0.8600875686813186,0.9113868199600107,27,1,0.9642857142857143,6,1,0.8571428571428571,33,2,0.9428571428571428,outlier=OutlierCleanerTransformer();scale=None;reduce_pre__method=pca;reduce_pre__n_components=3;select__method=lasso;select__k=4;reduce_post__method=None;clf=LinearDiscriminantAnalysis(n_components=1),,,,,,,,,,60.5,60.5,178.5,99.83333333333333
mountain_lion,lda_svd,0.9006459300137966,0.06803005557788815,0.8978495890775353,0.07504689692356943,-0.2970092833669833,0.18680533971555358,0.8743089462199973,0.09420398765023845,0.9341446923597025,0.08080572891821466,0.8497989999019511,0.16989053886454727,0.9808363820976073,0.019377225190861345,LinearDiscriminantAnalysis(n_components=1),1.0,OutlierCleanerTransformer(),,pca,3.0,,13,lasso,0.9716312056737588,0.9710683507364005,0.7321428571428571,0.7275343779980812,0.6938775510204082,0.7555555555555555,0.6415094339622641,0.8212344099776142,0.9678575225943646,0.9652859960552268,0.8159722222222222,0.6240079365079365,0.93588166988444,0.9012963598901099,0.918589014887275,28,0,1.0,6,1,0.8571428571428571,34,1,0.9714285714285714,outlier=OutlierCleanerTransformer();scale=None;reduce_pre__method=pca;reduce_pre__n_components=3;select__method=lasso;select__k=13;reduce_post__method=None;clf=LinearDiscriminantAnalysis(n_components=1),,,,,,,,,,186.0,182.0,16.0,128.0
mountain_lion,lda_svd,0.9084606977119206,0.05892353646400604,0.9055630410272301,0.06666173016157435,-0.19125330617557698,0.11695217752027938,0.8856886560292134,0.07747373649284289,0.9329481792717086,0.05755795604933112,0.859630029087819,0.14368651081309924,0.9878477176523986,0.012253163639102336,LinearDiscriminantAnalysis(n_components=1),1.0,OutlierCleanerTransformer(),,pca,12.0,,7,lasso,0.9574468085106383,0.9525671424011672,0.7410714285714286,0.7360089542692676,0.7010309278350515,0.7727272727272727,0.6415094339622641,0.803325871442277,0.9793195108984583,0.9143984220907299,0.8298611111111112,0.628968253968254,0.9478545846274379,0.8608802655677656,0.9043674250976017,27,1,0.9642857142857143,6,1,0.8571428571428571,33,2,0.9428571428571428,outlier=OutlierCleanerTransformer();scale=None;reduce_pre__method=pca;reduce_pre__n_components=12;select__method=lasso;select__k=7;reduce_post__method=None;clf=LinearDiscriminantAnalysis(n_components=1),,,,,,,,,,174.5,166.0,117.0,152.5
mountain_lion,lda_svd,0.9034348067585244,0.06282504316938578,0.8999480874273964,0.07129237335488342,-0.2497226532901664,0.15637001825243155,0.8783693835122406,0.08456004130793598,0.9314775910364146,0.0627323181888034,0.8526718305716248,0.15938811740844314,0.9806824586077022,0.016437700242058012,LinearDiscriminantAnalysis(n_components=1),1.0,OutlierCleanerTransformer(),,pca,12.0,,10,lasso,0.9716312056737588,0.969723222835256,0.7232142857142857,0.7181004157339304,0.6804123711340206,0.75,0.6226415094339622,0.8202750239846498,0.9748750664540139,0.9542406311637082,0.7881944444444444,0.6031746031746031,0.935573882873052,0.888415750915751,0.9119948168944014,28,0,1.0,6,1,0.8571428571428571,34,1,0.9714285714285714,outlier=OutlierCleanerTransformer();scale=None;reduce_pre__method=pca;reduce_pre__n_components=12;select__method=lasso;select__k=10;reduce_post__method=None;clf=LinearDiscriminantAnalysis(n_components=1),,,,,,,,,,182.0,181.0,33.0,132.0
mountain_lion,lda_svd,0.9114018741825088,0.05943428048867179,0.9072323354374507,0.06746597028198706,-0.22357326566461738,0.1416413792787164,0.8890734375942158,0.07820851694617373,0.9438751844823952,0.05740243072642659,0.8591234434748504,0.14992423672854585,0.9833365811851664,0.014680771021420591,LinearDiscriminantAnalysis(n_components=1),1.0,OutlierCleanerTransformer(),,pca,12.0,,8,lasso,0.9692671394799054,0.9676485340385755,0.7142857142857143,0.7105852254557083,0.68,0.723404255319149,0.6415094339622641,0.7898944675407739,0.9713662945241893,0.9550295857988166,0.7586805555555555,0.6240079365079365,0.9265903494781613,0.8929630265567765,0.9097766880174689,28,0,1.0,6,1,0.8571428571428571,34,1,0.9714285714285714,outlier=OutlierCleanerTransformer();scale=None;reduce_pre__method=pca;reduce_pre__n_components=12;select__method=lasso;select__k=8;reduce_post__method=None;clf=LinearDiscriminantAnalysis(n_components=1),,,,,,,,,,162.0,158.0,61.0,127.0
mountain_lion,lda_svd,0.9102614180000359,0.06541380801063915,0.9041879455344877,0.06841917088828195,-0.2854804824013143,0.2231412479585459,0.8917994144406493,0.07750872519367681,0.950925925925926,0.07898099300791157,0.8560586005163906,0.13265249895685793,0.9811450205069029,0.024724619076568588,LinearDiscriminantAnalysis(n_components=1),1.0,OutlierCleanerTransformer(),,pca,,,19,lasso,0.9810874704491725,0.9800396698736948,0.75,0.7435241445474896,0.7021276595744681,0.8048780487804879,0.6226415094339622,0.841701311160857,0.9800000000000001,0.9712031558185406,0.8611111111111112,0.6081349206349206,0.954970760233918,0.9031278617216117,0.9290493109777649,28,0,1.0,6,1,0.8571428571428571,34,1,0.9714285714285714,outlier=OutlierCleanerTransformer();scale=None;reduce_pre__method=pca;reduce_pre__n_components=None;select__method=lasso;select__k=19;reduce_post__method=None;clf=LinearDiscriminantAnalysis(n_components=1),,,,,,,,,,165.0,171.0,18.0,118.0
mountain_lion,lda_svd,0.9327542957481502,0.062151552409344855,0.9286058264948208,0.07046437132015491,-0.15782277393039498,0.13942981082601924,0.9120520541420495,0.0819662376635197,0.9671594982078853,0.04105556412147022,0.8783410138248847,0.14945660313824508,0.9893422789448134,0.020398098438229522,LinearDiscriminantAnalysis(n_components=1),1.0,,,,2.0,,4,lasso,0.9621749408983451,0.9567165199945282,0.7589285714285714,0.7539174928046051,0.7216494845360825,0.7954545454545454,0.660377358490566,0.8417013111608571,0.9939393939393939,0.9122781065088756,0.8454861111111112,0.6547619047619048,0.9626860712387028,0.8639938186813186,0.9133399449600107,27,1,0.9642857142857143,6,1,0.8571428571428571,33,2,0.9428571428571428,outlier=None;scale=None;reduce_pre__method=None;reduce_pre__n_components=2;select__method=lasso;select__k=4;reduce_post__method=None;clf=LinearDiscriminantAnalysis(n_components=1),,,,,,,,,,45.0,56.0,191.0,97.33333333333333
mountain_lion,lda_svd,0.9307134794216194,0.06038751727418478,0.9264781669203528,0.06871134686607853,-0.1660328605362134,0.1412198854513983,0.909901998151008,0.08002520478350059,0.9670708457256157,0.041030011598887035,0.8740856946759485,0.14619956073407964,0.9890887732872313,0.020695228688412073,LinearDiscriminantAnalysis(n_components=1),1.0,OutlierCleanerTransformer(),,,5.0,,4,lasso,0.9621749408983451,0.9567165199945282,0.75,0.744483530540454,0.7083333333333334,0.7906976744186046,0.6415094339622641,0.8375439718580109,0.9939393939393939,0.9122781065088756,0.8454861111111112,0.6339285714285715,0.9626860712387028,0.8600875686813186,0.9113868199600107,27,1,0.9642857142857143,6,1,0.8571428571428571,33,2,0.9428571428571428,outlier=OutlierCleanerTransformer();scale=None;reduce_pre__method=None;reduce_pre__n_components=5;select__method=lasso;select__k=4;reduce_post__method=None;clf=LinearDiscriminantAnalysis(n_components=1),,,,,,,,,,60.5,60.5,178.5,99.83333333333333
mountain_lion,lda_svd,0.9284764652129509,0.054178136518442915,0.9220727487351089,0.060734474332771814,-0.18385812175926558,0.1259165025939918,0.9095879641595589,0.07116155095691476,0.9688885231511961,0.030334679575310327,0.8679486550969049,0.128280123680289,0.9888800625905402,0.011766277801015522,LinearDiscriminantAnalysis(n_components=1),1.0,,,pca,2.0,,17,lasso,0.9763593380614657,0.9745451643791894,0.7767857142857143,0.772785417332907,0.7474747474747475,0.8043478260869565,0.6981132075471698,0.8464982411256795,0.9800000000000001,0.9556706114398422,0.8454861111111112,0.6865079365079364,0.9516812865497075,0.9052026098901099,0.9284419482199087,28,0,1.0,6,1,0.8571428571428571,34,1,0.9714285714285714,outlier=None;scale=None;reduce_pre__method=pca;reduce_pre__n_components=2;select__method=lasso;select__k=17;reduce_post__method=None;clf=LinearDiscriminantAnalysis(n_components=1),,,,,,,,,,67.0,88.0,130.0,95.0
mountain_lion,lda_svd,0.920357098063106,0.05163454190099796,0.9142073101780801,0.05229054896679707,-0.24714028638596855,0.19816004172262974,0.9061534325314049,0.05518175880151979,0.9513043478260869,0.07750358245272065,0.8760973298035755,0.09672123821128246,0.9822202539009407,0.021023531555867416,LinearDiscriminantAnalysis(n_components=1),1.0,OutlierCleanerTransformer(),,pca,12.0,,25,lasso,0.9787234042553191,0.9772924171264421,0.7857142857142857,0.7812599936040934,0.7551020408163265,0.8222222222222222,0.6981132075471698,0.9142948512951712,0.9800000000000001,0.9669741269288781,0.859375,0.6765873015873015,0.9546052631578947,0.9125265971773324,0.9335659301676136,28,0,1.0,6,1,0.8571428571428571,34,1,0.9714285714285714,outlier=OutlierCleanerTransformer();scale=None;reduce_pre__method=pca;reduce_pre__n_components=12;select__method=lasso;select__k=25;reduce_post__method=None;clf=LinearDiscriminantAnalysis(n_components=1),,,,,,,,,,120.5,130.0,37.0,95.83333333333333
mountain_lion,lda_svd,0.9223979143896365,0.04924193672635027,0.9161680944918056,0.050379077237653155,-0.2610110300656227,0.20970640114257513,0.9078618386661361,0.05392942592522214,0.9542673107890499,0.0717307711766527,0.8760973298035755,0.09672123821128246,0.9837847896276708,0.02136101703792321,LinearDiscriminantAnalysis(n_components=1),1.0,OutlierCleanerTransformer(),,pca,12.0,,23,lasso,0.9787234042553191,0.9772924171264421,0.7767857142857143,0.7718260313399424,0.7422680412371134,0.8181818181818182,0.6792452830188679,0.8871122481611768,0.9800000000000001,0.9661851722937697,0.859375,0.6656746031746031,0.9546052631578947,0.9098394405839259,0.9322223518709103,28,0,1.0,6,1,0.8571428571428571,34,1,0.9714285714285714,outlier=OutlierCleanerTransformer();scale=None;reduce_pre__method=pca;reduce_pre__n_components=12;select__method=lasso;select__k=23;reduce_post__method=None;clf=LinearDiscriminantAnalysis(n_components=1),,,,,,,,,,101.0,118.0,26.0,81.66666666666667
mountain_lion,lda_svd,0.8984528139614054,0.060854614596816445,0.8951975605241784,0.06824268248706436,-0.27870536130549395,0.16796151451923683,0.8735361158757385,0.07944219369353626,0.9309018567639257,0.0846278563603364,0.8484165114226885,0.15737337260772993,0.9819651164369576,0.017660477520721418,LinearDiscriminantAnalysis(n_components=1),1.0,OutlierCleanerTransformer(),,,8.0,,12,lasso,0.9739952718676123,0.9717979116319366,0.7232142857142857,0.7171410297409657,0.6736842105263158,0.7619047619047619,0.6037735849056604,0.8215542053086025,0.98093567251462,0.9542406311637082,0.8038194444444444,0.5823412698412699,0.9436480455524778,0.884509500915751,0.9140787732341145,28,0,1.0,6,1,0.8571428571428571,34,1,0.9714285714285714,outlier=OutlierCleanerTransformer();scale=None;reduce_pre__method=None;reduce_pre__n_components=8;select__method=lasso;select__k=12;reduce_post__method=None;clf=LinearDiscriminantAnalysis(n_components=1),,,,,,,,,,192.0,187.0,21.0,133.33333333333334
mountain_lion,lda_svd,0.9084606977119206,0.05892353646400604,0.903984227683711,0.06268169430059813,-0.27107159533619096,0.196820523896662,0.8888627450980392,0.07094099220648309,0.9391872278664731,0.07800320608180655,0.8608205052782953,0.12957887637447837,0.9838666308748077,0.020999918801508765,LinearDiscriminantAnalysis(n_components=1),1.0,OutlierCleanerTransformer(),,,8.0,,21,lasso,0.9787234042553191,0.9772924171264421,0.7410714285714286,0.7360089542692676,0.7010309278350515,0.7727272727272727,0.6415094339622641,0.8410617204988807,0.9800000000000001,0.9660749506903354,0.8298611111111112,0.6240079365079365,0.948391812865497,0.9019373855311356,0.9251645991983163,28,0,1.0,6,1,0.8571428571428571,34,1,0.9714285714285714,outlier=OutlierCleanerTransformer();scale=None;reduce_pre__method=None;reduce_pre__n_components=8;select__method=lasso;select__k=21;reduce_post__method=None;clf=LinearDiscriminantAnalysis(n_components=1),,,,,,,,,,174.5,172.0,24.0,123.5
mountain_lion,lda_svd,0.8965642973607354,0.0686779439527352,0.8935078523828575,0.0758840370866755,-0.3068880530672093,0.19410678272587473,0.8695090888487116,0.09416439091543084,0.9309018567639257,0.0846278563603364,0.8450370951400463,0.17194135266085106,0.9794318749733207,0.022495234725227773,LinearDiscriminantAnalysis(n_components=1),1.0,OutlierCleanerTransformer(),,,8.0,,14,lasso,0.9716312056737588,0.9710683507364005,0.7321428571428571,0.7275343779980812,0.6938775510204082,0.7555555555555555,0.6415094339622641,0.8193156379916854,0.9678575225943646,0.9652859960552268,0.8159722222222222,0.6240079365079365,0.93588166988444,0.9012963598901099,0.918589014887275,28,0,1.0,6,1,0.8571428571428571,34,1,0.9714285714285714,outlier=OutlierCleanerTransformer();scale=None;reduce_pre__method=None;reduce_pre__n_components=8;select__method=lasso;select__k=14;reduce_post__method=None;clf=LinearDiscriminantAnalysis(n_components=1),,,,,,,,,,196.0,192.0,14.0,134.0
mountain_lion,lda_svd,0.9211874626554062,0.058307210361438766,0.9144661008750194,0.06553060226044734,-0.18273645160999935,0.11336949759849026,0.8987147630204904,0.07743394033185244,0.950554347826087,0.030182972264917878,0.8633640552995392,0.13688661513683884,0.9877994789395341,0.016393803972522554,LinearDiscriminantAnalysis(n_components=1),1.0,,,,2.0,,4,random_forest,0.9456264775413712,0.9408485705166203,0.7410714285714286,0.7360089542692676,0.7010309278350515,0.7727272727272727,0.6415094339622641,0.7726255196674129,0.9739181286549707,0.8959752540069281,0.8060124269005847,0.6636904761904762,0.9385695598645737,0.8524218581663434,0.8954957090154585,27,1,0.9642857142857143,6,1,0.8571428571428571,33,2,0.9428571428571428,outlier=None;scale=None;reduce_pre__method=None;reduce_pre__n_components=2;select__method=random_forest;select__k=4;reduce_post__method=None;clf=LinearDiscriminantAnalysis(n_components=1),,,,,,,,,,109.5,126.5,133.0,123.0
mountain_lion,lda_svd,0.9220878227994638,0.06809206887508594,0.9143660705340626,0.07464707856407615,-0.19550346072819294,0.1646683266943895,0.8993099107493536,0.08978998225201466,0.9607446808510638,0.04663216297590837,0.8543468313886983,0.13908358801953793,0.973045083031861,0.03976972616453341,LinearDiscriminantAnalysis(n_components=1),1.0,OutlierCleanerTransformer(),,pca,12.0,,2,random_forest,0.9456264775413712,0.940176006566048,0.7410714285714286,0.7360089542692676,0.7010309278350515,0.7727272727272727,0.6415094339622641,0.7783818356251998,0.9783625730994152,0.8908470488787231,0.8320540935672515,0.6636904761904762,0.9475607879347492,0.8482551914996768,0.897907989717213,27,1,0.9642857142857143,6,1,0.8571428571428571,33,2,0.9428571428571428,outlier=OutlierCleanerTransformer();scale=None;reduce_pre__method=pca;reduce_pre__n_components=12;select__method=random_forest;select__k=2;reduce_post__method=None;clf=LinearDiscriminantAnalysis(n_components=1),,,,,,,,,,102.5,128.5,106.0,112.33333333333333
mountain_lion,lda_svd,0.9002288391021562,0.09009858560210139,0.889798449311853,0.09849567206950903,-0.2316899643182467,0.20417239449185468,0.8628453929362061,0.12905943071931197,0.9656715014015088,0.03815115463667031,0.8018580252965977,0.19581105067404206,0.9801423171584098,0.02081340066953198,LinearDiscriminantAnalysis(n_components=1),1.0,OutlierCleanerTransformer(),,pca,8.0,,2,forward,0.9574468085106383,0.9532397063517395,0.7410714285714286,0.7369683402622322,0.7070707070707071,0.7608695652173914,0.660377358490566,0.8081228014070995,0.984093567251462,0.9103243664329638,0.8114948830409356,0.6448412698412699,0.9477570021545091,0.8605462858220212,0.9041516439882651,28,0,1.0,6,1,0.8571428571428571,34,1,0.9714285714285714,outlier=OutlierCleanerTransformer();scale=None;reduce_pre__method=pca;reduce_pre__n_components=8;select__method=forward;select__k=2;reduce_post__method=None;clf=LinearDiscriminantAnalysis(n_components=1),,,,,,,,,,187.0,196.0,52.0,145.0
mountain_lion,lda_svd,0.9105015140384513,0.05905445677271107,0.9063651800646634,0.06243944601878955,-0.2752604187252667,0.2033131203535597,0.8918101135190918,0.07081757372027346,0.9391872278664731,0.07800320608180655,0.8655824100402001,0.12714594299912646,0.9831216428773211,0.022098667096716793,LinearDiscriminantAnalysis(n_components=1),1.0,OutlierCleanerTransformer(),,pca,8.0,,20,lasso,0.9810874704491725,0.9800396698736948,0.75,0.7435241445474896,0.7021276595744681,0.8048780487804879,0.6226415094339622,0.8388231531819637,0.9800000000000001,0.9712031558185406,0.8611111111111112,0.6081349206349206,0.954970760233918,0.9031278617216117,0.9290493109777649,28,0,1.0,6,1,0.8571428571428571,34,1,0.9714285714285714,outlier=OutlierCleanerTransformer();scale=None;reduce_pre__method=pca;reduce_pre__n_components=8;select__method=lasso;select__k=20;reduce_post__method=None;clf=LinearDiscriminantAnalysis(n_components=1),,,,,,,,,,163.0,161.0,22.0,115.33333333333333
mountain_lion,lda_svd,0.9285203633692284,0.043596012198872255,0.9220504474329821,0.04619356627843733,-0.2568035152968274,0.19160484787342066,0.9131962496582557,0.051302998679793,0.9638533674339301,0.05328484221835351,0.8760973298035755,0.09672123821128246,0.9828803303834377,0.019410640071322014,LinearDiscriminantAnalysis(n_components=1),1.0,,,,,,27,lasso,0.9810874704491725,0.9800396698736948,0.8125,0.8086024944035817,0.7878787878787878,0.8478260869565217,0.7358490566037735,0.9078989446754078,0.9800000000000001,0.9721023320570832,0.873263888888889,0.7182539682539683,0.9575292397660817,0.9245057638439992,0.9410175018050404,28,0,1.0,6,1,0.8571428571428571,34,1,0.9714285714285714,outlier=None;scale=None;reduce_pre__method=None;reduce_pre__n_components=None;select__method=lasso;select__k=27;reduce_post__method=None;clf=LinearDiscriminantAnalysis(n_components=1),,,,,,,,,,66.0,89.0,28.0,61.0
mountain_lion,lda_svd,0.9254913905860853,0.05334862299038108,0.9195122083899386,0.05816332735145741,-0.20229917820524457,0.1373756792700208,0.9079962829962831,0.0677065838412034,0.9647435897435898,0.05223474048067527,0.8710208517174888,0.1273706377427181,0.9903045960277999,0.009797972370496226,LinearDiscriminantAnalysis(n_components=1),1.0,,,pca,2.0,,20,lasso,0.9810874704491725,0.9800396698736948,0.75,0.7435241445474896,0.7021276595744681,0.8048780487804879,0.6226415094339622,0.843620083146786,0.9800000000000001,0.9712031558185406,0.8611111111111112,0.6081349206349206,0.954970760233918,0.9031278617216117,0.9290493109777649,28,0,1.0,6,1,0.8571428571428571,34,1,0.9714285714285714,outlier=None;scale=None;reduce_pre__method=pca;reduce_pre__n_components=2;select__method=lasso;select__k=20;reduce_post__method=None;clf=LinearDiscriminantAnalysis(n_components=1),,,,,,,,,,91.0,102.0,87.0,93.33333333333333
mountain_lion,lda_svd,0.9264356488864202,0.05394342669310531,0.9201119644213834,0.06029662216545314,-0.17526186049244108,0.123517420356925,0.9076549744688371,0.07050535281890355,0.9652150537634409,0.03667896240090851,0.8679486550969049,0.128280123680289,0.9895796606115669,0.011289594776996344,LinearDiscriminantAnalysis(n_components=1),1.0,,,pca,2.0,,16,lasso,0.9763593380614657,0.9745451643791894,0.7589285714285714,0.7548768787975695,0.7272727272727273,0.782608695652174,0.6792452830188679,0.8397825391749281,0.9800000000000001,0.9556706114398422,0.8298611111111112,0.6656746031746031,0.948391812865497,0.9012963598901099,0.9248440863778035,28,0,1.0,6,1,0.8571428571428571,34,1,0.9714285714285714,outlier=None;scale=None;reduce_pre__method=pca;reduce_pre__n_components=2;select__method=lasso;select__k=16;reduce_post__method=None;clf=LinearDiscriminantAnalysis(n_components=1),,,,,,,,,,82.0,100.0,149.0,110.33333333333333
mountain_lion,lda_svd,0.9205093977889665,0.05536811243141816,0.91634049483024,0.06368776440023272,-0.20336358992636852,0.13477768444961566,0.899420475194681,0.07348997481724406,0.9546594982078853,0.04483726278289766,0.8655750563780764,0.14100697861698552,0.9866648707589356,0.014523956636814297,LinearDiscriminantAnalysis(n_components=1),1.0,,,pca,2.0,,9,lasso,0.9716312056737588,0.9703957867858283,0.7232142857142857,0.7181004157339304,0.6804123711340206,0.75,0.6226415094339622,0.799488327470419,0.9713662945241893,0.9601577909270217,0.8142361111111112,0.6031746031746031,0.9382862559109096,0.8932234432234433,0.9157548495671765,28,0,1.0,6,1,0.8571428571428571,34,1,0.9714285714285714,outlier=None;scale=None;reduce_pre__method=pca;reduce_pre__n_components=2;select__method=lasso;select__k=9;reduce_post__method=None;clf=LinearDiscriminantAnalysis(n_components=1),,,,,,,,,,114.0,117.0,86.0,105.66666666666667
mountain_lion,lda_svd,0.9103492143125906,0.05274198671842288,0.9033598283638657,0.056631364105343994,-0.27970222934474603,0.216026621391142,0.8897751095864305,0.06333026606690682,0.9487179487179486,0.068921436183157,0.8511046834656991,0.11769309098890059,0.981949576070107,0.0214697433676357,LinearDiscriminantAnalysis(n_components=1),1.0,,,pca,2.0,,29,lasso,0.9810874704491725,0.9800396698736948,0.8035714285714286,0.7982091461464662,0.7708333333333334,0.8604651162790697,0.6981132075471698,0.9098177166613368,0.9800000000000001,0.9721023320570832,0.8871527777777778,0.6765873015873015,0.960453216374269,0.9166932638439992,0.938573240109134,28,0,1.0,6,1,0.8571428571428571,34,1,0.9714285714285714,outlier=None;scale=None;reduce_pre__method=pca;reduce_pre__n_components=2;select__method=lasso;select__k=29;reduce_post__method=None;clf=LinearDiscriminantAnalysis(n_components=1),,,,,,,,,,164.0,176.0,20.0,120.0
mountain_lion,lda_svd,0.9138350862733153,0.062399074100515386,0.9110461923585182,0.06952435218724495,-0.23288223752922282,0.14694700575426395,0.889334008876639,0.08704235513054863,0.9488505747126436,0.06868717778541915,0.8605059319541132,0.16034844229648687,0.9881935882545443,0.01088420179111051,LinearDiscriminantAnalysis(n_components=1),1.0,,,pca,2.0,,15,lasso,0.9716312056737588,0.9710683507364005,0.7321428571428571,0.7265749920051168,0.6875,0.7674418604651163,0.6226415094339622,0.8199552286536618,0.9678575225943646,0.9652859960552268,0.8315972222222222,0.6031746031746031,0.9391711435686505,0.8973901098901099,0.9182806267293802,28,0,1.0,6,1,0.8571428571428571,34,1,0.9714285714285714,outlier=None;scale=None;reduce_pre__method=pca;reduce_pre__n_components=2;select__method=lasso;select__k=15;reduce_post__method=None;clf=LinearDiscriminantAnalysis(n_components=1),,,,,,,,,,146.0,143.0,50.0,113.0
mountain_lion,lda_svd,0.9277284047947537,0.0644958224098496,0.9219536591700386,0.07138789252962807,-0.14419226790943013,0.11691246185241164,0.9056958613232527,0.0852053898245881,0.9676234687298517,0.032510272909446955,0.8640626532012942,0.14442894970064804,0.9916593029133619,0.013533228943964921,LinearDiscriminantAnalysis(n_components=1),1.0,,,pca,2.0,,3,lasso,0.9527186761229315,0.9464000729560895,0.7589285714285714,0.7548768787975695,0.7272727272727273,0.782608695652174,0.6792452830188679,0.8858330668372243,0.9894949494949494,0.8865455057762749,0.828125,0.6755952380952381,0.9555223285486444,0.8469923305860806,0.9012573295673625,27,1,0.9642857142857143,6,1,0.8571428571428571,33,2,0.9428571428571428,outlier=None;scale=None;reduce_pre__method=pca;reduce_pre__n_components=2;select__method=lasso;select__k=3;reduce_post__method=None;clf=LinearDiscriminantAnalysis(n_components=1),,,,,,,,,,72.0,90.0,200.0,120.66666666666667
mountain_lion,lda_svd,0.9216498539714394,0.048808049945338335,0.9171808309646938,0.053757269305719196,-0.22626168199537605,0.1488205642208116,0.9029817605075336,0.062174485729120876,0.9529230769230768,0.05767568991438761,0.8715274373304573,0.12104626886828804,0.9876119038638936,0.01614345257027242,LinearDiscriminantAnalysis(n_components=1),1.0,,,,,,22,lasso,0.9787234042553191,0.9772924171264421,0.75,0.7454429165334187,0.7142857142857143,0.7777777777777778,0.660377358490566,0.845219059801727,0.9800000000000001,0.9660749506903354,0.8298611111111112,0.6448412698412699,0.948391812865497,0.9058436355311356,0.9271177241983163,28,0,1.0,6,1,0.8571428571428571,34,1,0.9714285714285714,outlier=None;scale=None;reduce_pre__method=None;reduce_pre__n_components=None;select__method=lasso;select__k=22;reduce_post__method=None;clf=LinearDiscriminantAnalysis(n_components=1),,,,,,,,,,106.0,115.0,58.0,93.0
mountain_lion,lda_svd,0.9088091953199189,0.0672129772819187,0.9058596015931798,0.07474593189933396,-0.2419767831578175,0.15450434819469147,0.882132075471698,0.09575971504341889,0.9451090781140042,0.07081493870848295,0.8540543190508874,0.17172426416020692,0.9872752169647626,0.01161738620046875,LinearDiscriminantAnalysis(n_components=1),1.0,,,,,,14,lasso,0.9716312056737588,0.9710683507364005,0.7410714285714286,0.7360089542692676,0.7010309278350515,0.7727272727272727,0.6415094339622641,0.8237927726255196,0.9678575225943646,0.9652859960552268,0.8315972222222222,0.6240079365079365,0.9391711435686505,0.9012963598901099,0.9202337517293802,28,0,1.0,6,1,0.8571428571428571,34,1,0.9714285714285714,outlier=None;scale=None;reduce_pre__method=None;reduce_pre__n_components=None;select__method=lasso;select__k=14;reduce_post__method=None;clf=LinearDiscriminantAnalysis(n_components=1),,,,,,,,,,172.0,163.0,42.0,125.66666666666667
mountain_lion,lda_svd,0.920357098063106,0.05400020179632615,0.9160694186578355,0.06320424424044943,-0.20570781245999684,0.16280082658859954,0.8996854766945901,0.07303630483110281,0.9504730627883337,0.04833731540576394,0.8689544726607185,0.13850487078526427,0.9853842590466856,0.01967887626624952,LinearDiscriminantAnalysis(n_components=1),1.0,,,pca,12.0,,6,lasso,0.9527186761229315,0.9464000729560895,0.7321428571428571,0.7265749920051168,0.6875,0.7674418604651163,0.6226415094339622,0.81675727534378,0.9828282828282828,0.888665821358129,0.8298611111111112,0.6081349206349206,0.9506246677299308,0.8360662774725275,0.8933454726012291,27,1,0.9642857142857143,6,1,0.8571428571428571,33,2,0.9428571428571428,outlier=None;scale=None;reduce_pre__method=pca;reduce_pre__n_components=12;select__method=lasso;select__k=6;reduce_post__method=None;clf=LinearDiscriminantAnalysis(n_components=1),,,,,,,,,,120.5,120.0,79.0,106.5
mountain_lion,lda_svd,0.9343821110533765,0.046922542649158454,0.9313417252469092,0.052726332422415076,-0.16785624391316545,0.09492823371234285,0.9199926706367385,0.06192277366849349,0.9380079825834542,0.05558549914297466,0.910913651665196,0.10344545899903834,0.9867030334731176,0.009773464180625692,LinearDiscriminantAnalysis(n_components=1),1.0,OutlierCleanerTransformer(),,pca,8.0,,14,random_forest,0.9739952718676123,0.973143039533081,0.7321428571428571,0.7332906939558683,0.7272727272727273,0.7017543859649122,0.7547169811320755,0.7745442916533419,0.9780329611908559,0.961606417715015,0.7070540935672515,0.753968253968254,0.920984778533255,0.9226742620124972,0.9218295202728761,28,0,1.0,5,2,0.7142857142857143,33,2,0.9428571428571428,outlier=OutlierCleanerTransformer();scale=None;reduce_pre__method=pca;reduce_pre__n_components=8;select__method=random_forest;select__k=14;reduce_post__method=None;clf=LinearDiscriminantAnalysis(n_components=1),,,,,,,,,,40.5,42.5,171.5,84.83333333333333
mountain_lion,lda_svd,0.9343821110533765,0.046922542649158454,0.9313417252469092,0.052726332422415076,-0.16785624391316545,0.09492823371234285,0.9199926706367385,0.06192277366849349,0.9380079825834542,0.05558549914297466,0.910913651665196,0.10344545899903834,0.9867030334731176,0.009773464180625692,LinearDiscriminantAnalysis(n_components=1),1.0,OutlierCleanerTransformer(),,pca,12.0,,14,random_forest,0.9739952718676123,0.973143039533081,0.7321428571428571,0.7332906939558683,0.7272727272727273,0.7017543859649122,0.7547169811320755,0.7745442916533419,0.9780329611908559,0.961606417715015,0.7070540935672515,0.753968253968254,0.920984778533255,0.9226742620124972,0.9218295202728761,28,0,1.0,5,2,0.7142857142857143,33,2,0.9428571428571428,outlier=OutlierCleanerTransformer();scale=None;reduce_pre__method=pca;reduce_pre__n_components=12;select__method=random_forest;select__k=14;reduce_post__method=None;clf=LinearDiscriminantAnalysis(n_components=1),,,,,,,,,,40.5,42.5,171.5,84.83333333333333
mountain_lion,lda_svd,0.8995493719876011,0.06355341651808466,0.8947614966620578,0.070322072542325,-0.288338957968738,0.16373932059143168,0.8726762777182945,0.0867001972228455,0.9333511396011396,0.06983225958057805,0.8426487890969703,0.1590383098777242,0.9806530044787618,0.013775247046289735,LinearDiscriminantAnalysis(n_components=1),1.0,OutlierCleanerTransformer(),,pca,5.0,,28,random_forest,0.9787234042553191,0.9779649810770142,0.75,0.7464023025263831,0.72,0.7659574468085106,0.6792452830188679,0.786376718899904,0.984093567251462,0.9675235774783287,0.8149671052631579,0.6656746031746031,0.9484879963065559,0.91092689479638,0.929707445551468,28,0,1.0,6,1,0.8571428571428571,34,1,0.9714285714285714,outlier=OutlierCleanerTransformer();scale=None;reduce_pre__method=pca;reduce_pre__n_components=5;select__method=random_forest;select__k=28;reduce_post__method=None;clf=LinearDiscriminantAnalysis(n_components=1),,,,,,,,,,189.0,189.0,17.0,131.66666666666666
mountain_lion,lda_svd,0.932341294726846,0.04778860866271228,0.9293809409331837,0.05326389742465792,-0.16285175998006476,0.09614343735519912,0.9181708884585206,0.062029660284514086,0.9347934472934473,0.05984690583116072,0.910913651665196,0.10344545899903834,0.9872502929958824,0.009681188464724657,LinearDiscriminantAnalysis(n_components=1),1.0,,,,2.0,,14,random_forest,0.9716312056737588,0.9710683507364005,0.7321428571428571,0.7332906939558683,0.7272727272727273,0.7017543859649122,0.7547169811320755,0.7767828589702591,0.9719723551302499,0.961606417715015,0.7070540935672515,0.753968253968254,0.9162000895380398,0.9226742620124972,0.9194371757752685,28,0,1.0,5,2,0.7142857142857143,33,2,0.9428571428571428,outlier=None;scale=None;reduce_pre__method=None;reduce_pre__n_components=2;select__method=random_forest;select__k=14;reduce_post__method=None;clf=LinearDiscriminantAnalysis(n_components=1),,,,,,,,,,50.5,50.5,183.0,94.66666666666667
mountain_lion,lda_svd,0.9163824647315122,0.05306783564030027,0.9109098607448359,0.06038867599570974,-0.20141466831273108,0.10587791023023284,0.8938122829139029,0.07149292393015974,0.9361217948717948,0.04437206157914791,0.8655603490538286,0.12603913867154784,0.9857262758579857,0.015491535051496344,LinearDiscriminantAnalysis(n_components=1),1.0,OutlierCleanerTransformer(),,,3.0,,9,random_forest,0.966903073286052,0.9649012812913227,0.7321428571428571,0.7313719219699393,0.7169811320754716,0.7169811320754716,0.7169811320754716,0.7790214262871762,0.9759861775651248,0.9454328476952912,0.7348318713450291,0.7123015873015873,0.9252168499398415,0.9017207363714717,0.9134687931556567,28,0,1.0,6,1,0.8571428571428571,34,1,0.9714285714285714,outlier=OutlierCleanerTransformer();scale=None;reduce_pre__method=None;reduce_pre__n_components=3;select__method=random_forest;select__k=9;reduce_post__method=None;clf=LinearDiscriminantAnalysis(n_components=1),,,,,,,,,,134.5,144.5,90.0,123.0
mountain_lion,lda_svd,0.9132903907831789,0.054750854246781416,0.9056325556365931,0.05808912411438054,-0.3010025707242142,0.24682064683068589,0.8936758188062885,0.06543223226403938,0.9566889632107023,0.06703245621517631,0.8511046834656991,0.11769309098890059,0.979395710677108,0.026831967735550823,LinearDiscriminantAnalysis(n_components=1),1.0,,,pca,12.0,,28,lasso,0.9810874704491725,0.9800396698736948,0.8035714285714286,0.7982091461464662,0.7708333333333334,0.8604651162790697,0.6981132075471698,0.9098177166613368,0.9800000000000001,0.9721023320570832,0.8871527777777778,0.6765873015873015,0.960453216374269,0.9166932638439992,0.938573240109134,28,0,1.0,6,1,0.8571428571428571,34,1,0.9714285714285714,outlier=None;scale=None;reduce_pre__method=pca;reduce_pre__n_components=12;select__method=lasso;select__k=28;reduce_post__method=None;clf=LinearDiscriminantAnalysis(n_components=1),,,,,,,,,,152.5,165.0,15.0,110.83333333333333
mountain_lion,lda_svd,0.9343821110533765,0.046922542649158454,0.9313417252469092,0.052726332422415076,-0.1678562439131626,0.09492823371234277,0.9199926706367385,0.06192277366849349,0.9380079825834542,0.05558549914297466,0.910913651665196,0.10344545899903834,0.9867030334731176,0.009773464180625692,LinearDiscriminantAnalysis(n_components=1),1.0,OutlierCleanerTransformer(),,pca,2.0,FeatureScalerTransformer(),14,random_forest,0.9739952718676123,0.973143039533081,0.7321428571428571,0.7332906939558683,0.7272727272727273,0.7017543859649122,0.7547169811320755,0.7745442916533419,0.9780329611908559,0.961606417715015,0.7070540935672515,0.753968253968254,0.920984778533255,0.9226742620124972,0.9218295202728761,28,0,1.0,5,2,0.7142857142857143,33,2,0.9428571428571428,outlier=OutlierCleanerTransformer();scale=FeatureScalerTransformer();reduce_pre__method=pca;reduce_pre__n_components=2;select__method=random_forest;select__k=14;reduce_post__method=None;clf=LinearDiscriminantAnalysis(n_components=1),,,,,,,,,,40.5,42.5,173.5,85.5
mountain_lion,lda_svd,0.932341294726846,0.04778860866271228,0.9293809409331837,0.05326389742465792,-0.16285175998006365,0.09614343735520034,0.9181708884585206,0.062029660284514086,0.9347934472934473,0.05984690583116072,0.910913651665196,0.10344545899903834,0.9872502929958824,0.009681188464724657,LinearDiscriminantAnalysis(n_components=1),1.0,,,,8.0,FeatureScalerTransformer(),14,random_forest,0.9716312056737588,0.9710683507364005,0.7321428571428571,0.7332906939558683,0.7272727272727273,0.7017543859649122,0.7547169811320755,0.7767828589702591,0.9719723551302499,0.961606417715015,0.7070540935672515,0.753968253968254,0.9162000895380398,0.9226742620124972,0.9194371757752685,28,0,1.0,5,2,0.7142857142857143,33,2,0.9428571428571428,outlier=None;scale=FeatureScalerTransformer();reduce_pre__method=None;reduce_pre__n_components=8;select__method=random_forest;select__k=14;reduce_post__method=None;clf=LinearDiscriminantAnalysis(n_components=1),,,,,,,,,,50.5,50.5,184.0,95.0
mountain_lion,lda_svd,0.9022504524197739,0.07316340640405186,0.8946983089111354,0.07987957729711186,-0.2721513944330769,0.19394578739990045,0.8743516570290698,0.09880782023314405,0.9537634408602151,0.04654964019406365,0.8246143412752887,0.16181240511964556,0.9754166482216522,0.023495412642514972,LinearDiscriminantAnalysis(n_components=1),1.0,,,pca,,FeatureScalerTransformer(),5,lasso,0.9716312056737588,0.9703957867858283,0.6875,0.685161496642149,0.6601941747572816,0.68,0.6415094339622641,0.7188999040614006,0.9764167995746944,0.9613528251537301,0.7192068713450291,0.6240079365079365,0.922267341000028,0.8981006585326439,0.9101839997663359,28,0,1.0,6,1,0.8571428571428571,34,1,0.9714285714285714,outlier=None;scale=FeatureScalerTransformer();reduce_pre__method=pca;reduce_pre__n_components=None;select__method=lasso;select__k=5;reduce_post__method=None;clf=LinearDiscriminantAnalysis(n_components=1),,,,,,,,,,184.0,190.0,23.0,132.33333333333334
mountain_lion,lda_svd,0.9133342889394565,0.05050374311741743,0.9065856348154785,0.05418205638482805,-0.28524922429989125,0.21957325385126888,0.894107744107744,0.05974510053126117,0.9487179487179486,0.068921436183157,0.857556296368925,0.11042322662702267,0.9826330409454187,0.021714676999047337,LinearDiscriminantAnalysis(n_components=1),1.0,,,pca,12.0,,30,lasso,0.9858156028368794,0.9848616114176281,0.8303571428571429,0.8255516469459545,0.8041237113402062,0.8863636363636364,0.7358490566037735,0.9331627758234731,0.9911111111111112,0.9720484643561568,0.9010416666666667,0.7182539682539683,0.9721491228070175,0.9244619963369963,0.9483055595720069,28,0,1.0,6,1,0.8571428571428571,34,1,0.9714285714285714,outlier=None;scale=None;reduce_pre__method=pca;reduce_pre__n_components=12;select__method=lasso;select__k=30;reduce_post__method=None;clf=LinearDiscriminantAnalysis(n_components=1),,,,,,,,,,151.0,160.0,19.0,110.0
mountain_lion,lda_svd,0.9243303291465841,0.047371663933198145,0.9208016684554898,0.052781050429408664,-0.17603837936843642,0.09665169001738289,0.9086183025130392,0.06022317064514928,0.934234397677794,0.060627050213262666,0.8937551067098081,0.10464628009175786,0.9862279143994694,0.009119867525485367,LinearDiscriminantAnalysis(n_components=1),1.0,,,,12.0,FeatureScalerTransformer(),13,random_forest,0.9716312056737588,0.9710683507364005,0.7321428571428571,0.7332906939558683,0.7272727272727273,0.7017543859649122,0.7547169811320755,0.7767828589702591,0.9719723551302499,0.961606417715015,0.7070540935672515,0.753968253968254,0.9162000895380398,0.9226742620124972,0.9194371757752685,28,0,1.0,5,2,0.7142857142857143,33,2,0.9428571428571428,outlier=None;scale=FeatureScalerTransformer();reduce_pre__method=None;reduce_pre__n_components=12;select__method=random_forest;select__k=13;reduce_post__method=None;clf=LinearDiscriminantAnalysis(n_components=1),,,,,,,,,,96.0,99.0,146.0,113.66666666666667
mountain_lion,lda_svd,0.9276639013814482,0.03804157782439089,0.9254340539485277,0.040324479736019866,-0.22807472454762218,0.12236872714534458,0.9135914575620457,0.04438004837262664,0.9403250188964474,0.0630994682902044,0.896150766415008,0.08224624285846655,0.9818382492241089,0.011385948851117352,LinearDiscriminantAnalysis(n_components=1),1.0,OutlierCleanerTransformer(),,pca,2.0,FeatureScalerTransformer(),20,random_forest,0.9716312056737588,0.9703957867858283,0.7321428571428571,0.7304125359769746,0.7115384615384616,0.7254901960784313,0.6981132075471698,0.7799808122801407,0.9780329611908559,0.9556892579517015,0.7479897660818713,0.7013888888888888,0.9296028148521224,0.908007938752424,0.9188053768022733,28,0,1.0,6,1,0.8571428571428571,34,1,0.9714285714285714,outlier=OutlierCleanerTransformer();scale=FeatureScalerTransformer();reduce_pre__method=pca;reduce_pre__n_components=2;select__method=random_forest;select__k=20;reduce_post__method=None;clf=LinearDiscriminantAnalysis(n_components=1),,,,,,,,,,73.0,65.0,54.0,64.0
mountain_lion,lda_svd,0.9241972324296363,0.04105213546851189,0.9214976442453329,0.04628868242174845,-0.17419295470526577,0.09079989241432009,0.909584227949553,0.051077217759897986,0.926946386946387,0.059559841921821746,0.9027723306206491,0.09953027543360905,0.9863243680929454,0.010718690157700151,LinearDiscriminantAnalysis(n_components=1),1.0,OutlierCleanerTransformer(),,,8.0,FeatureScalerTransformer(),12,random_forest,0.9739952718676123,0.973143039533081,0.7232142857142857,0.7248161176846819,0.7207207207207207,0.6896551724137931,0.7547169811320755,0.7934122161816438,0.9780329611908559,0.961606417715015,0.6931652046783625,0.753968253968254,0.918060801925068,0.9226742620124972,0.9203675319687826,28,0,1.0,5,2,0.7142857142857143,33,2,0.9428571428571428,outlier=OutlierCleanerTransformer();scale=FeatureScalerTransformer();reduce_pre__method=None;reduce_pre__n_components=8;select__method=random_forest;select__k=12;reduce_post__method=None;clf=LinearDiscriminantAnalysis(n_components=1),,,,,,,,,,97.0,96.0,157.0,116.66666666666667
mountain_lion,lda_svd,0.9094227567730531,0.04712460882767634,0.9058817773970788,0.053429240238214645,-0.1977494482426656,0.09076679259069323,0.886090129276063,0.06349576809672074,0.9228159041394335,0.06115283586397849,0.8643772265254764,0.11804138279994957,0.9863826898595587,0.014768253338477425,LinearDiscriminantAnalysis(n_components=1),1.0,OutlierCleanerTransformer(),,,12.0,FeatureScalerTransformer(),5,random_forest,0.950354609929078,0.947015639961698,0.7678571428571429,0.7662296130476495,0.75,0.7647058823529411,0.7358490566037735,0.8173968660057563,0.9656687172476647,0.9121488240266521,0.8320540935672515,0.7678571428571429,0.9375393227886303,0.885094133807369,0.9113167282979997,27,1,0.9642857142857143,6,1,0.8571428571428571,33,2,0.9428571428571428,outlier=OutlierCleanerTransformer();scale=FeatureScalerTransformer();reduce_pre__method=None;reduce_pre__n_components=12;select__method=random_forest;select__k=5;reduce_post__method=None;clf=LinearDiscriminantAnalysis(n_components=1),,,,,,,,,,168.0,162.0,100.0,143.33333333333334
mountain_lion,lda_svd,0.9211874626554062,0.058307210361438766,0.9144661008750194,0.06553060226044734,-0.18320261142292546,0.11234698582900442,0.8987147630204904,0.07743394033185244,0.950554347826087,0.030182972264917878,0.8633640552995392,0.13688661513683884,0.9876045471656549,0.01625860559311815,LinearDiscriminantAnalysis(n_components=1),1.0,OutlierCleanerTransformer(),,pca,2.0,FeatureScalerTransformer(),4,random_forest,0.9456264775413712,0.9408485705166203,0.7410714285714286,0.7360089542692676,0.7010309278350515,0.7727272727272727,0.6415094339622641,0.7726255196674129,0.9739181286549707,0.8959752540069281,0.8060124269005847,0.6636904761904762,0.9385695598645737,0.8524218581663434,0.8954957090154585,27,1,0.9642857142857143,6,1,0.8571428571428571,33,2,0.9428571428571428,outlier=OutlierCleanerTransformer();scale=FeatureScalerTransformer();reduce_pre__method=pca;reduce_pre__n_components=2;select__method=random_forest;select__k=4;reduce_post__method=None;clf=LinearDiscriminantAnalysis(n_components=1),,,,,,,,,,109.5,126.5,132.0,122.66666666666667
mountain_lion,lda_svd,0.9114896704950637,0.049577117538291936,0.9072445544012826,0.05584923591169253,-0.2551425926197633,0.13431403202995051,0.8904052910903312,0.06405960753846722,0.9364677770749876,0.0657961212980668,0.8636933359479688,0.12556486245616516,0.9826780870934926,0.01014402036466993,LinearDiscriminantAnalysis(n_components=1),1.0,OutlierCleanerTransformer(),,,,FeatureScalerTransformer(),25,random_forest,0.9787234042553191,0.9779649810770142,0.7678571428571429,0.7633514550687559,0.7346938775510204,0.8,0.6792452830188679,0.8074832107451229,0.984093567251462,0.9675235774783287,0.8444809941520468,0.6656746031746031,0.9547014465989534,0.91092689479638,0.9328141706976667,28,0,1.0,6,1,0.8571428571428571,34,1,0.9714285714285714,outlier=OutlierCleanerTransformer();scale=FeatureScalerTransformer();reduce_pre__method=None;reduce_pre__n_components=None;select__method=random_forest;select__k=25;reduce_post__method=None;clf=LinearDiscriminantAnalysis(n_components=1),,,,,,,,,,160.0,156.5,30.0,115.5
mountain_lion,lda_svd,0.926238048756167,0.042462807714698986,0.9230382604918315,0.04919886616716055,-0.17419228259724268,0.08021032338174207,0.9100208999156367,0.056523791162892384,0.9328797774552491,0.05058780587330124,0.8980104258587444,0.10754223327550279,0.9879660176085576,0.01077898316746302,LinearDiscriminantAnalysis(n_components=1),1.0,,,pca,2.0,FeatureScalerTransformer(),11,random_forest,0.9739952718676123,0.973143039533081,0.7232142857142857,0.7248161176846819,0.7207207207207207,0.6896551724137931,0.7547169811320755,0.799488327470419,0.9780329611908559,0.961606417715015,0.6931652046783625,0.753968253968254,0.918060801925068,0.9226742620124972,0.9203675319687826,28,0,1.0,5,2,0.7142857142857143,33,2,0.9428571428571428,outlier=None;scale=FeatureScalerTransformer();reduce_pre__method=pca;reduce_pre__n_components=2;select__method=random_forest;select__k=11;reduce_post__method=None;clf=LinearDiscriminantAnalysis(n_components=1),,,,,,,,,,85.0,82.0,158.0,108.33333333333333
mountain_lion,lda_svd,0.9312639397095632,0.03727500983961691,0.9290651873916236,0.041910187342592505,-0.18399490721389172,0.0780901753252172,0.9182087644076826,0.04636166498032568,0.9304005362828892,0.05506128644885562,0.9139858482857797,0.08778986181429507,0.9884810108398927,0.009791246865320681,LinearDiscriminantAnalysis(n_components=1),1.0,OutlierCleanerTransformer(),,,5.0,,10,random_forest,0.9739952718676123,0.973143039533081,0.7232142857142857,0.7248161176846819,0.7207207207207207,0.6896551724137931,0.7547169811320755,0.7895746722097857,0.9780329611908559,0.961606417715015,0.6931652046783625,0.753968253968254,0.918060801925068,0.9226742620124972,0.9203675319687826,28,0,1.0,5,2,0.7142857142857143,33,2,0.9428571428571428,outlier=OutlierCleanerTransformer();scale=None;reduce_pre__method=None;reduce_pre__n_components=5;select__method=random_forest;select__k=10;reduce_post__method=None;clf=LinearDiscriminantAnalysis(n_components=1),,,,,,,,,,56.5,54.5,128.0,79.66666666666667
mountain_lion,lda_svd,0.9252745874469192,0.050882425367506534,0.9218133977868929,0.056897455614359854,-0.17498241731465836,0.09760139579315891,0.9095031630035102,0.06639480110015143,0.9312925783893526,0.06426391048633524,0.8997001340000654,0.1134396767651679,0.9872240998789235,0.010409532307226813,LinearDiscriminantAnalysis(n_components=1),1.0,,,pca,12.0,,12,random_forest,0.9763593380614657,0.9758902922803337,0.7232142857142857,0.7248161176846819,0.7207207207207207,0.6896551724137931,0.7547169811320755,0.7978893508154781,0.9780329611908559,0.9675235774783287,0.6931652046783625,0.753968253968254,0.918060801925068,0.9274819543201895,0.9227713781226288,28,0,1.0,5,2,0.7142857142857143,33,2,0.9428571428571428,outlier=None;scale=None;reduce_pre__method=pca;reduce_pre__n_components=12;select__method=random_forest;select__k=12;reduce_post__method=None;clf=LinearDiscriminantAnalysis(n_components=1),,,,,,,,,,93.0,92.0,151.0,112.0
mountain_lion,lda_svd,0.9163193635663219,0.04889605647654563,0.9120473259497845,0.05396372321173361,-0.202242164183636,0.11885719656040196,0.8989290161892901,0.059388374779203404,0.9365091998689078,0.06787439626812485,0.8765965617544204,0.11161497806883826,0.9851669876473708,0.01243729909777425,LinearDiscriminantAnalysis(n_components=1),1.0,OutlierCleanerTransformer(),,pca,,,17,random_forest,0.9716312056737588,0.9703957867858283,0.7053571428571429,0.7049888071634154,0.6915887850467289,0.6851851851851852,0.6981132075471698,0.7700671570195076,0.9780329611908559,0.9556892579517015,0.7070540935672515,0.7013888888888888,0.920984778533255,0.908007938752424,0.9144963586428395,28,0,1.0,5,2,0.7142857142857143,33,2,0.9428571428571428,outlier=OutlierCleanerTransformer();scale=None;reduce_pre__method=pca;reduce_pre__n_components=None;select__method=random_forest;select__k=17;reduce_post__method=None;clf=LinearDiscriminantAnalysis(n_components=1),,,,,,,,,,138.5,137.5,88.0,121.33333333333333
mountain_lion,lda_svd,0.9343821110533765,0.046922542649158454,0.9313417252469092,0.052726332422415076,-0.1678562439131626,0.09492823371234277,0.9199926706367385,0.06192277366849349,0.9380079825834542,0.05558549914297466,0.910913651665196,0.10344545899903834,0.9867030334731176,0.009773464180625692,LinearDiscriminantAnalysis(n_components=1),1.0,OutlierCleanerTransformer(),,pca,,FeatureScalerTransformer(),14,random_forest,0.9739952718676123,0.973143039533081,0.7321428571428571,0.7332906939558683,0.7272727272727273,0.7017543859649122,0.7547169811320755,0.7745442916533419,0.9780329611908559,0.961606417715015,0.7070540935672515,0.753968253968254,0.920984778533255,0.9226742620124972,0.9218295202728761,28,0,1.0,5,2,0.7142857142857143,33,2,0.9428571428571428,outlier=OutlierCleanerTransformer();scale=FeatureScalerTransformer();reduce_pre__method=pca;reduce_pre__n_components=None;select__method=random_forest;select__k=14;reduce_post__method=None;clf=LinearDiscriminantAnalysis(n_components=1),,,,,,,,,,40.5,42.5,173.5,85.5
mountain_lion,lda_svd,0.9262188457472542,0.05224697261143061,0.9231648374705219,0.0567537166726281,-0.17486676493344472,0.11277233941640065,0.9119926706367384,0.06395555197938085,0.9304608127721334,0.06614718636851556,0.9024030133673235,0.09917902141957778,0.9853971871500622,0.013353931228848082,LinearDiscriminantAnalysis(n_components=1),1.0,OutlierCleanerTransformer(),,,2.0,,15,random_forest,0.9739952718676123,0.973143039533081,0.7232142857142857,0.7238567316917173,0.7155963302752294,0.6964285714285714,0.7358490566037735,0.7748640869843301,0.9780329611908559,0.961606417715015,0.7070540935672515,0.7331349206349206,0.920984778533255,0.9187680120124972,0.9198763952728761,28,0,1.0,5,2,0.7142857142857143,33,2,0.9428571428571428,outlier=OutlierCleanerTransformer();scale=None;reduce_pre__method=None;reduce_pre__n_components=2;select__method=random_forest;select__k=15;reduce_post__method=None;clf=LinearDiscriminantAnalysis(n_components=1),,,,,,,,,,86.0,78.0,152.0,105.33333333333333
mountain_lion,lda_svd,0.9175229209139854,0.04724317911068874,0.9152929776279528,0.05339502511947778,-0.20464555684993319,0.09622057912883852,0.8975446610823713,0.06250633874756333,0.9255104503339797,0.06162340363654014,0.8834174919109717,0.11783276069858795,0.9821433199847608,0.016452649756140744,LinearDiscriminantAnalysis(n_components=1),1.0,OutlierCleanerTransformer(),,,5.0,,8,random_forest,0.966903073286052,0.9649012812913227,0.7053571428571429,0.7059481931563799,0.6972477064220184,0.6785714285714286,0.7169811320754716,0.769107771026543,0.9759861775651248,0.9454328476952912,0.6931652046783625,0.7123015873015873,0.9164449201152803,0.9017207363714717,0.909082828243376,28,0,1.0,5,2,0.7142857142857143,33,2,0.9428571428571428,outlier=OutlierCleanerTransformer();scale=None;reduce_pre__method=None;reduce_pre__n_components=5;select__method=random_forest;select__k=8;reduce_post__method=None;clf=LinearDiscriminantAnalysis(n_components=1),,,,,,,,,,127.5,122.5,82.0,110.66666666666667
mountain_lion,lda_svd,0.9216937521277166,0.043952955788813676,0.9187291482388176,0.04801100334416681,-0.2266604998389885,0.12586012547053432,0.9044965683042505,0.05497906325431724,0.9406560846560847,0.06253910598754821,0.8827409549955878,0.10735950320629152,0.9844755334175433,0.010686138502842375,LinearDiscriminantAnalysis(n_components=1),1.0,OutlierCleanerTransformer(),,pca,5.0,,22,random_forest,0.983451536643026,0.9827869226209476,0.6964285714285714,0.6936360729133355,0.6666666666666666,0.6938775510204082,0.6415094339622641,0.753757595139111,0.9876023391812866,0.9785125884673397,0.7323647660818713,0.6438492063492064,0.9338681132656204,0.9157632043201896,0.9248156587929051,28,0,1.0,6,1,0.8571428571428571,34,1,0.9714285714285714,outlier=OutlierCleanerTransformer();scale=None;reduce_pre__method=pca;reduce_pre__n_components=5;select__method=random_forest;select__k=22;reduce_post__method=None;clf=LinearDiscriminantAnalysis(n_components=1),,,,,,,,,,104.5,107.5,56.0,89.33333333333333
mountain_lion,lda_svd,0.9175229209139854,0.04724317911068874,0.9152929776279528,0.05339502511947778,-0.2046455568499331,0.0962205791288373,0.8975446610823713,0.06250633874756333,0.9255104503339797,0.06162340363654014,0.8834174919109717,0.11783276069858795,0.9821433199847608,0.016452649756140744,LinearDiscriminantAnalysis(n_components=1),1.0,OutlierCleanerTransformer(),,pca,2.0,FeatureScalerTransformer(),8,random_forest,0.966903073286052,0.9649012812913227,0.7053571428571429,0.7059481931563799,0.6972477064220184,0.6785714285714286,0.7169811320754716,0.769107771026543,0.9759861775651248,0.9454328476952912,0.6931652046783625,0.7123015873015873,0.9164449201152803,0.9017207363714717,0.909082828243376,28,0,1.0,5,2,0.7142857142857143,33,2,0.9428571428571428,outlier=OutlierCleanerTransformer();scale=FeatureScalerTransformer();reduce_pre__method=pca;reduce_pre__n_components=2;select__method=random_forest;select__k=8;reduce_post__method=None;clf=LinearDiscriminantAnalysis(n_components=1),,,,,,,,,,127.5,122.5,83.0,111.0
mountain_lion,lda_svd,0.8894522896764157,0.07409483354683347,0.8739039732418552,0.08325181533933883,-0.24954308138157028,0.13989880460206625,0.8482284212322829,0.10344349736806958,0.9516821396993811,0.0349061022017865,0.7795461973396085,0.16664300294796625,0.9685273939030073,0.023004350162760707,LinearDiscriminantAnalysis(n_components=1),1.0,OutlierCleanerTransformer(),,pca,5.0,FeatureScalerTransformer(),2,lasso,0.950354609929078,0.9490333318134148,0.6696428571428571,0.6634154141349536,0.6105263157894737,0.6904761904761905,0.5471698113207547,0.7534377998081228,0.9566165413533835,0.9324150962160012,0.7866410818713451,0.5297619047619048,0.9208322340940069,0.8569176228183581,0.8888749284561825,28,0,1.0,6,1,0.8571428571428571,34,1,0.9714285714285714,outlier=OutlierCleanerTransformer();scale=FeatureScalerTransformer();reduce_pre__method=pca;reduce_pre__n_components=5;select__method=lasso;select__k=2;reduce_post__method=None;clf=LinearDiscriminantAnalysis(n_components=1),,,,,,,,,,198.5,199.5,34.5,144.16666666666666
mountain_lion,lda_svd,0.9205971941015212,0.044265702220419,0.9178583160349681,0.046504811943766024,-0.2340334116359779,0.13872873965431823,0.9057098956541679,0.050173250112661556,0.9364081062194269,0.07818454282425473,0.8891925678988137,0.0972598492990737,0.9859581202752101,0.012352285132570556,LinearDiscriminantAnalysis(n_components=1),1.0,OutlierCleanerTransformer(),,pca,,FeatureScalerTransformer(),24,random_forest,0.983451536643026,0.9827869226209476,0.7142857142857143,0.7115446114486728,0.6862745098039216,0.7142857142857143,0.660377358490566,0.7537575951391109,0.9876023391812866,0.9785125884673397,0.7437865497076023,0.6597222222222222,0.9362726992920898,0.9187393947963801,0.9275060470442349,28,0,1.0,6,1,0.8571428571428571,34,1,0.9714285714285714,outlier=OutlierCleanerTransformer();scale=FeatureScalerTransformer();reduce_pre__method=pca;reduce_pre__n_components=None;select__method=random_forest;select__k=24;reduce_post__method=None;clf=LinearDiscriminantAnalysis(n_components=1),,,,,,,,,,112.5,112.5,48.0,91.0
mountain_lion,lda_svd,0.9312639397095632,0.03727500983961691,0.9290651873916236,0.041910187342592505,-0.18399490721388942,0.07809017532521671,0.9182087644076826,0.04636166498032568,0.9304005362828892,0.05506128644885562,0.9139858482857797,0.08778986181429507,0.9884810108398927,0.009791246865320681,LinearDiscriminantAnalysis(n_components=1),1.0,OutlierCleanerTransformer(),,,5.0,FeatureScalerTransformer(),10,random_forest,0.9739952718676123,0.973143039533081,0.7232142857142857,0.7248161176846819,0.7207207207207207,0.6896551724137931,0.7547169811320755,0.7895746722097857,0.9780329611908559,0.961606417715015,0.6931652046783625,0.753968253968254,0.918060801925068,0.9226742620124972,0.9203675319687826,28,0,1.0,5,2,0.7142857142857143,33,2,0.9428571428571428,outlier=OutlierCleanerTransformer();scale=FeatureScalerTransformer();reduce_pre__method=None;reduce_pre__n_components=5;select__method=random_forest;select__k=10;reduce_post__method=None;clf=LinearDiscriminantAnalysis(n_components=1),,,,,,,,,,56.5,54.5,129.0,80.0
mountain_lion,lda_svd,0.9125409281168665,0.0505123357687244,0.9085784833195911,0.05655592486798943,-0.18784833936341577,0.09952406565499787,0.8897956715913372,0.06782412184582426,0.9271529396529397,0.06416892832496296,0.8660669346667973,0.11601278907842116,0.9858620463534512,0.015486072553958157,LinearDiscriminantAnalysis(n_components=1),1.0,,,pca,5.0,FeatureScalerTransformer(),7,random_forest,0.966903073286052,0.9649012812913227,0.7053571428571429,0.7059481931563799,0.6972477064220184,0.6785714285714286,0.7169811320754716,0.763671250399744,0.9759861775651248,0.9454328476952912,0.6931652046783625,0.7123015873015873,0.9164449201152803,0.9017207363714717,0.909082828243376,28,0,1.0,5,2,0.7142857142857143,33,2,0.9428571428571428,outlier=None;scale=FeatureScalerTransformer();reduce_pre__method=pca;reduce_pre__n_components=5;select__method=random_forest;select__k=7;reduce_post__method=None;clf=LinearDiscriminantAnalysis(n_components=1),,,,,,,,,,155.0,150.0,121.0,142.0
mountain_lion,lda_svd,0.9085923921807527,0.04708793406066342,0.9051245958544396,0.04882639028513442,-0.3329757880832724,0.21897388817106503,0.890340974241903,0.05516779877203127,0.9224652254064019,0.08373293218389087,0.8718420106546393,0.09442547488341059,0.9739253562638425,0.025441587218621917,LinearDiscriminantAnalysis(n_components=1),1.0,,,pca,,FeatureScalerTransformer(),24,lasso,0.983451536643026,0.9827869226209476,0.7678571428571429,0.761432683082827,0.723404255319149,0.8292682926829268,0.6415094339622641,0.8119603453789576,0.9800000000000001,0.9785125884673397,0.8715277777777778,0.6140873015873015,0.9571637426900584,0.9101828471773326,0.9336732949336954,28,0,1.0,6,1,0.8571428571428571,34,1,0.9714285714285714,outlier=None;scale=FeatureScalerTransformer();reduce_pre__method=pca;reduce_pre__n_components=None;select__method=lasso;select__k=24;reduce_post__method=None;clf=LinearDiscriminantAnalysis(n_components=1),,,,,,,,,,173.0,168.0,9.0,116.66666666666667
mountain_lion,lda_svd,0.9220878227994638,0.06809206887508594,0.9143660705340626,0.07464707856407615,-0.1955034607281924,0.1646683266943888,0.8993099107493536,0.08978998225201466,0.9607446808510638,0.04663216297590837,0.8543468313886983,0.13908358801953793,0.973045083031861,0.03976972616453341,LinearDiscriminantAnalysis(n_components=1),1.0,OutlierCleanerTransformer(),,pca,2.0,FeatureScalerTransformer(),2,random_forest,0.9456264775413712,0.940176006566048,0.7410714285714286,0.7360089542692676,0.7010309278350515,0.7727272727272727,0.6415094339622641,0.7783818356251998,0.9783625730994152,0.8908470488787231,0.8320540935672515,0.6636904761904762,0.9475607879347492,0.8482551914996768,0.897907989717213,27,1,0.9642857142857143,6,1,0.8571428571428571,33,2,0.9428571428571428,outlier=OutlierCleanerTransformer();scale=FeatureScalerTransformer();reduce_pre__method=pca;reduce_pre__n_components=2;select__method=random_forest;select__k=2;reduce_post__method=None;clf=LinearDiscriminantAnalysis(n_components=1),,,,,,,,,,102.5,128.5,107.0,112.66666666666667
mountain_lion,lda_svd,0.8845594954399669,0.06877975936995928,0.878401467802029,0.07584211296874331,-0.3723840482775447,0.1978888997923318,0.8520732762588604,0.09466468225363986,0.9147708646801206,0.07155600334428973,0.8200297414779225,0.16494957307043961,0.9727659459303781,0.017072637757864703,LinearDiscriminantAnalysis(n_components=1),1.0,,,pca,5.0,FeatureScalerTransformer(),30,random_forest,0.9787234042553191,0.9766198531758699,0.7589285714285714,0.7548768787975695,0.7272727272727273,0.782608695652174,0.6792452830188679,0.7905340582027501,0.9911111111111112,0.9556892579517015,0.8305921052631579,0.6656746031746031,0.9573176361957525,0.9013115101809954,0.929314573188374,28,0,1.0,6,1,0.8571428571428571,34,1,0.9714285714285714,outlier=None;scale=FeatureScalerTransformer();reduce_pre__method=pca;reduce_pre__n_components=5;select__method=random_forest;select__k=30;reduce_post__method=None;clf=LinearDiscriminantAnalysis(n_components=1),,,,,,,,,,200.0,198.0,4.0,134.0
mountain_lion,lda_svd,0.8894522896764157,0.07409483354683347,0.8739039732418552,0.08325181533933883,-0.24954308138157028,0.13989880460206625,0.8482284212322829,0.10344349736806958,0.9516821396993811,0.0349061022017865,0.7795461973396085,0.16664300294796625,0.9685273939030073,0.023004350162760707,LinearDiscriminantAnalysis(n_components=1),1.0,OutlierCleanerTransformer(),,pca,3.0,FeatureScalerTransformer(),2,lasso,0.950354609929078,0.9490333318134148,0.6696428571428571,0.6634154141349536,0.6105263157894737,0.6904761904761905,0.5471698113207547,0.7534377998081228,0.9566165413533835,0.9324150962160012,0.7866410818713451,0.5297619047619048,0.9208322340940069,0.8569176228183581,0.8888749284561825,28,0,1.0,6,1,0.8571428571428571,34,1,0.9714285714285714,outlier=OutlierCleanerTransformer();scale=FeatureScalerTransformer();reduce_pre__method=pca;reduce_pre__n_components=3;select__method=lasso;select__k=2;reduce_post__method=None;clf=LinearDiscriminantAnalysis(n_components=1),,,,,,,,,,198.5,199.5,34.5,144.16666666666666
mountain_lion,lda_svd,0.9263711454731146,0.04640147562796586,0.9227624527692153,0.05216117365335588,-0.17931519913453445,0.09376884399260582,0.9104364843312212,0.060072573951721435,0.9375,0.05623150583543633,0.8937551067098081,0.10464628009175786,0.9855993709852651,0.009787849763284253,LinearDiscriminantAnalysis(n_components=1),1.0,OutlierCleanerTransformer(),,pca,8.0,,13,random_forest,0.9739952718676123,0.973143039533081,0.7321428571428571,0.7332906939558683,0.7272727272727273,0.7017543859649122,0.7547169811320755,0.7739047009913657,0.9780329611908559,0.961606417715015,0.7070540935672515,0.753968253968254,0.920984778533255,0.9226742620124972,0.9218295202728761,28,0,1.0,5,2,0.7142857142857143,33,2,0.9428571428571428,outlier=OutlierCleanerTransformer();scale=None;reduce_pre__method=pca;reduce_pre__n_components=8;select__method=random_forest;select__k=13;reduce_post__method=None;clf=LinearDiscriminantAnalysis(n_components=1),,,,,,,,,,83.0,84.0,139.0,102.0
mountain_lion,lda_svd,0.9073819404465227,0.049505311106036044,0.9035008250161264,0.056394248145068104,-0.1955845960401931,0.09191430184416186,0.8829322345392209,0.06719825818760898,0.9222811447811449,0.061258735441309595,0.8596153217635717,0.12339836548863822,0.9866571178125578,0.014580935169185608,LinearDiscriminantAnalysis(n_components=1),1.0,,,pca,8.0,,5,random_forest,0.9479905437352246,0.9442683872144453,0.7678571428571429,0.7662296130476495,0.75,0.7647058823529411,0.7358490566037735,0.8145187080268628,0.9656687172476647,0.907020618898447,0.8320540935672515,0.7678571428571429,0.9375393227886303,0.8809274671407024,0.9092333949646663,27,1,0.9642857142857143,6,1,0.8571428571428571,33,2,0.9428571428571428,outlier=None;scale=None;reduce_pre__method=pca;reduce_pre__n_components=8;select__method=random_forest;select__k=5;reduce_post__method=None;clf=LinearDiscriminantAnalysis(n_components=1),,,,,,,,,,177.0,175.0,105.0,152.33333333333334
mountain_lion,lda_svd,0.9155260027437322,0.048953333057338705,0.9118042897712041,0.05474984933598575,-0.19350678373190344,0.10001017840510266,0.8939707557664214,0.06597726527342752,0.9271529396529397,0.06416892832496296,0.8725185475700232,0.10965292666712316,0.9856533265018742,0.015190305262134338,LinearDiscriminantAnalysis(n_components=1),1.0,OutlierCleanerTransformer(),,,8.0,,7,random_forest,0.966903073286052,0.9649012812913227,0.7232142857142857,0.7228973456987527,0.7102803738317757,0.7037037037037037,0.7169811320754716,0.7684681803645668,0.9759861775651248,0.9454328476952912,0.7209429824561403,0.7123015873015873,0.9222928733316546,0.9017207363714717,0.912006804851563,28,0,1.0,5,2,0.7142857142857143,33,2,0.9428571428571428,outlier=OutlierCleanerTransformer();scale=None;reduce_pre__method=None;reduce_pre__n_components=8;select__method=random_forest;select__k=7;reduce_post__method=None;clf=LinearDiscriminantAnalysis(n_components=1),,,,,,,,,,141.0,139.0,111.0,130.33333333333334
mountain_lion,lda_svd,0.9163193635663222,0.049740556536193054,0.9122223959777959,0.05521712063015423,-0.19808707834552244,0.11619435204629903,0.8984853944853946,0.06198467514138738,0.9336538461538462,0.061448251187194075,0.8765965617544204,0.11161497806883826,0.9844721787760464,0.012910404110750645,LinearDiscriminantAnalysis(n_components=1),1.0,OutlierCleanerTransformer(),,pca,2.0,FeatureScalerTransformer(),16,random_forest,0.9739952718676123,0.9724704755825088,0.6964285714285714,0.6955548448992644,0.6792452830188679,0.6792452830188679,0.6792452830188679,0.763351455068756,0.9815417331206805,0.9556892579517015,0.7070540935672515,0.685515873015873,0.9237548616357479,0.9050317482762336,0.9143933049559907,28,0,1.0,5,2,0.7142857142857143,33,2,0.9428571428571428,outlier=OutlierCleanerTransformer();scale=FeatureScalerTransformer();reduce_pre__method=pca;reduce_pre__n_components=2;select__method=random_forest;select__k=16;reduce_post__method=None;clf=LinearDiscriminantAnalysis(n_components=1),,,,,,,,,,136.5,135.5,97.0,123.0
mountain_lion,lda_svd,0.9163824647315122,0.05306783564030027,0.9109098607448359,0.06038867599570974,-0.20141466831273033,0.10587791023023034,0.8938122829139029,0.07149292393015974,0.9361217948717948,0.04437206157914791,0.8655603490538286,0.12603913867154784,0.9857262758579857,0.015491535051496344,LinearDiscriminantAnalysis(n_components=1),1.0,OutlierCleanerTransformer(),,pca,2.0,FeatureScalerTransformer(),9,random_forest,0.966903073286052,0.9649012812913227,0.7321428571428571,0.7313719219699393,0.7169811320754716,0.7169811320754716,0.7169811320754716,0.7790214262871762,0.9759861775651248,0.9454328476952912,0.7348318713450291,0.7123015873015873,0.9252168499398415,0.9017207363714717,0.9134687931556567,28,0,1.0,6,1,0.8571428571428571,34,1,0.9714285714285714,outlier=OutlierCleanerTransformer();scale=FeatureScalerTransformer();reduce_pre__method=pca;reduce_pre__n_components=2;select__method=random_forest;select__k=9;reduce_post__method=None;clf=LinearDiscriminantAnalysis(n_components=1),,,,,,,,,,134.5,144.5,91.0,123.33333333333333
mountain_lion,lda_svd,0.9205971941015212,0.044265702220419,0.9178583160349681,0.046504811943766024,-0.23403341163598274,0.1387287396543162,0.9057098956541679,0.050173250112661556,0.9364081062194269,0.07818454282425473,0.8891925678988137,0.0972598492990737,0.9859581202752101,0.012352285132570556,LinearDiscriminantAnalysis(n_components=1),1.0,OutlierCleanerTransformer(),,,2.0,,24,random_forest,0.983451536643026,0.9827869226209476,0.7142857142857143,0.7115446114486728,0.6862745098039216,0.7142857142857143,0.660377358490566,0.7537575951391109,0.9876023391812866,0.9785125884673397,0.7437865497076023,0.6597222222222222,0.9362726992920898,0.9187393947963801,0.9275060470442349,28,0,1.0,6,1,0.8571428571428571,34,1,0.9714285714285714,outlier=OutlierCleanerTransformer();scale=None;reduce_pre__method=None;reduce_pre__n_components=2;select__method=random_forest;select__k=24;reduce_post__method=None;clf=LinearDiscriminantAnalysis(n_components=1),,,,,,,,,,112.5,112.5,47.0,90.66666666666667
mountain_lion,lda_svd,0.9114896704950637,0.049577117538291936,0.9072445544012826,0.05584923591169253,-0.2551425926197762,0.1343140320299557,0.8904052910903312,0.06405960753846722,0.9364677770749876,0.0657961212980668,0.8636933359479688,0.12556486245616516,0.9826780870934926,0.01014402036466993,LinearDiscriminantAnalysis(n_components=1),1.0,OutlierCleanerTransformer(),,,2.0,,25,random_forest,0.9787234042553191,0.9779649810770142,0.7678571428571429,0.7633514550687559,0.7346938775510204,0.8,0.6792452830188679,0.8074832107451229,0.984093567251462,0.9675235774783287,0.8444809941520468,0.6656746031746031,0.9547014465989534,0.91092689479638,0.9328141706976667,28,0,1.0,6,1,0.8571428571428571,34,1,0.9714285714285714,outlier=OutlierCleanerTransformer();scale=None;reduce_pre__method=None;reduce_pre__n_components=2;select__method=random_forest;select__k=25;reduce_post__method=None;clf=LinearDiscriminantAnalysis(n_components=1),,,,,,,,,,160.0,156.5,29.0,115.16666666666667
mountain_lion,lda_svd,0.9155713031481248,0.0474075867248348,0.912251557202403,0.050759425656144,-0.2384388300618193,0.13911466161654779,0.8984298927118017,0.05597345620231192,0.9364081062194269,0.07818454282425473,0.8779790502336831,0.11096878851234608,0.98516857659226,0.012443826609952696,LinearDiscriminantAnalysis(n_components=1),1.0,OutlierCleanerTransformer(),,,2.0,,23,random_forest,0.9810874704491725,0.9800396698736948,0.6964285714285714,0.6936360729133355,0.6666666666666666,0.6938775510204082,0.6415094339622641,0.7540773904700993,0.9876023391812866,0.9733843833391346,0.7298976608187134,0.6438492063492064,0.9333487226839028,0.9115965376535229,0.9224726301687128,28,0,1.0,6,1,0.8571428571428571,34,1,0.9714285714285714,outlier=OutlierCleanerTransformer();scale=None;reduce_pre__method=None;reduce_pre__n_components=2;select__method=random_forest;select__k=23;reduce_post__method=None;clf=LinearDiscriminantAnalysis(n_components=1),,,,,,,,,,140.0,134.0,44.0,106.0
mountain_lion,lda_svd,0.8960813007876739,0.048651875410401293,0.8917547916679895,0.055412358162454566,-0.2692937016234817,0.12439950608122065,0.8697305787894022,0.06462914901724602,0.9189644411595632,0.06485623817087391,0.8357731150112755,0.11266478111714728,0.9660440961721714,0.031098823100265585,LinearDiscriminantAnalysis(n_components=1),1.0,,,pca,5.0,,4,forward,0.9645390070921985,0.96215402854407,0.7767857142857143,0.772785417332907,0.7474747474747475,0.8043478260869565,0.6981132075471698,0.8679245283018868,0.9794736842105263,0.934425190194421,0.8149671052631579,0.691468253968254,0.9448407202216066,0.8888707646520146,0.9168557424368107,28,0,1.0,7,0,1.0,35,0,1.0,outlier=None;scale=None;reduce_pre__method=pca;reduce_pre__n_components=5;select__method=forward;select__k=4;reduce_post__method=None;clf=LinearDiscriminantAnalysis(n_components=1),,,,,,,,,,197.0,195.0,25.0,139.0
mountain_lion,lda_svd,0.9282788650826974,0.039213882412630706,0.9254192128727838,0.04521484845153266,-0.17580193919832135,0.07610232086379191,0.913192071086808,0.05104840766269451,0.9332585653340371,0.05062805736642269,0.9027723306206491,0.09953027543360905,0.9871244468649131,0.010407055917391373,LinearDiscriminantAnalysis(n_components=1),1.0,OutlierCleanerTransformer(),,,8.0,,11,random_forest,0.9739952718676123,0.973143039533081,0.7232142857142857,0.7248161176846819,0.7207207207207207,0.6896551724137931,0.7547169811320755,0.7966101694915254,0.9780329611908559,0.961606417715015,0.6931652046783625,0.753968253968254,0.918060801925068,0.9226742620124972,0.9203675319687826,28,0,1.0,5,2,0.7142857142857143,33,2,0.9428571428571428,outlier=OutlierCleanerTransformer();scale=None;reduce_pre__method=None;reduce_pre__n_components=8;select__method=random_forest;select__k=11;reduce_post__method=None;clf=LinearDiscriminantAnalysis(n_components=1),,,,,,,,,,69.0,66.0,147.0,94.0
mountain_lion,lda_svd,0.9163193635663219,0.04889605647654563,0.9120473259497845,0.05396372321173361,-0.20224216418363455,0.11885719656040276,0.8989290161892901,0.059388374779203404,0.9365091998689078,0.06787439626812485,0.8765965617544204,0.11161497806883826,0.9851669876473708,0.01243729909777425,LinearDiscriminantAnalysis(n_components=1),1.0,OutlierCleanerTransformer(),,pca,5.0,FeatureScalerTransformer(),17,random_forest,0.9716312056737588,0.9703957867858283,0.7053571428571429,0.7049888071634154,0.6915887850467289,0.6851851851851852,0.6981132075471698,0.7700671570195076,0.9780329611908559,0.9556892579517015,0.7070540935672515,0.7013888888888888,0.920984778533255,0.908007938752424,0.9144963586428395,28,0,1.0,5,2,0.7142857142857143,33,2,0.9428571428571428,outlier=OutlierCleanerTransformer();scale=FeatureScalerTransformer();reduce_pre__method=pca;reduce_pre__n_components=5;select__method=random_forest;select__k=17;reduce_post__method=None;clf=LinearDiscriminantAnalysis(n_components=1),,,,,,,,,,138.5,137.5,89.0,121.66666666666667
mountain_lion,lda_svd,0.9076042357241404,0.05375743758484041,0.9052124072315643,0.05607760556068429,-0.3089501190850269,0.1973344951299609,0.8899579264904343,0.06271970790585542,0.9242857142857142,0.09297794340155988,0.8762893420923621,0.11800692371276135,0.9745016893115682,0.023698110066631525,LinearDiscriminantAnalysis(n_components=1),1.0,,,pca,2.0,FeatureScalerTransformer(),17,lasso,0.9787234042553191,0.9759472892252976,0.7767857142857143,0.7689478733610489,0.7252747252747253,0.868421052631579,0.6226415094339622,0.8260313399424369,0.9888888888888889,0.9499577345731193,0.8993055555555556,0.5982142857142857,0.9700292397660818,0.8840058379120879,0.9270175388390849,28,0,1.0,6,1,0.8571428571428571,34,1,0.9714285714285714,outlier=None;scale=FeatureScalerTransformer();reduce_pre__method=pca;reduce_pre__n_components=2;select__method=lasso;select__k=17;reduce_post__method=None;clf=LinearDiscriminantAnalysis(n_components=1),,,,,,,,,,176.0,167.0,13.0,118.66666666666667
mountain_lion,lda_svd,0.9216937521277166,0.043952955788813676,0.9187291482388176,0.04801100334416681,-0.2266604998389774,0.12586012547053113,0.9044965683042505,0.05497906325431724,0.9406560846560847,0.06253910598754821,0.8827409549955878,0.10735950320629152,0.9844755334175433,0.010686138502842375,LinearDiscriminantAnalysis(n_components=1),1.0,OutlierCleanerTransformer(),,pca,5.0,FeatureScalerTransformer(),22,random_forest,0.983451536643026,0.9827869226209476,0.6964285714285714,0.6936360729133355,0.6666666666666666,0.6938775510204082,0.6415094339622641,0.753757595139111,0.9876023391812866,0.9785125884673397,0.7323647660818713,0.6438492063492064,0.9338681132656204,0.9157632043201896,0.9248156587929051,28,0,1.0,6,1,0.8571428571428571,34,1,0.9714285714285714,outlier=OutlierCleanerTransformer();scale=FeatureScalerTransformer();reduce_pre__method=pca;reduce_pre__n_components=5;select__method=random_forest;select__k=22;reduce_post__method=None;clf=LinearDiscriminantAnalysis(n_components=1),,,,,,,,,,104.5,107.5,57.0,89.66666666666667
mountain_lion,lda_svd,0.9163193635663222,0.049740556536193054,0.9122223959777959,0.05521712063015423,-0.19808707834552508,0.11619435204629888,0.8984853944853946,0.06198467514138738,0.9336538461538462,0.061448251187194075,0.8765965617544204,0.11161497806883826,0.9844721787760464,0.012910404110750645,LinearDiscriminantAnalysis(n_components=1),1.0,OutlierCleanerTransformer(),,,2.0,,16,random_forest,0.9739952718676123,0.9724704755825088,0.6964285714285714,0.6955548448992644,0.6792452830188679,0.6792452830188679,0.6792452830188679,0.763351455068756,0.9815417331206805,0.9556892579517015,0.7070540935672515,0.685515873015873,0.9237548616357479,0.9050317482762336,0.9143933049559907,28,0,1.0,5,2,0.7142857142857143,33,2,0.9428571428571428,outlier=OutlierCleanerTransformer();scale=None;reduce_pre__method=None;reduce_pre__n_components=2;select__method=random_forest;select__k=16;reduce_post__method=None;clf=LinearDiscriminantAnalysis(n_components=1),,,,,,,,,,136.5,135.5,96.0,122.66666666666667
mountain_lion,lda_svd,0.9173267230318473,0.039171470270156654,0.9146536306681045,0.04433304576929509,-0.23488858163963244,0.12166477832756298,0.8999279281090427,0.04834881990344784,0.9289876634414449,0.05629482479528773,0.8818650521292938,0.09682744857363365,0.9821132345328056,0.011641387292073582,LinearDiscriminantAnalysis(n_components=1),1.0,OutlierCleanerTransformer(),,pca,12.0,,19,random_forest,0.9739952718676123,0.9724704755825088,0.7053571428571429,0.7040294211704509,0.6857142857142857,0.6923076923076923,0.6792452830188679,0.7726255196674129,0.984093567251462,0.9556892579517015,0.7209429824561403,0.685515873015873,0.9286934441366576,0.9050317482762336,0.9168625962064456,28,0,1.0,5,2,0.7142857142857143,33,2,0.9428571428571428,outlier=OutlierCleanerTransformer();scale=None;reduce_pre__method=pca;reduce_pre__n_components=12;select__method=random_forest;select__k=19;reduce_post__method=None;clf=LinearDiscriminantAnalysis(n_components=1),,,,,,,,,,129.0,124.0,46.0,99.66666666666667
mountain_lion,lda_svd,0.8974632552566776,0.05806632844434334,0.8924316676956063,0.06546295675925504,-0.25367990588506195,0.124702398563459,0.8688342767599734,0.0796049243462432,0.922418091168091,0.06417126936944048,0.837694872046279,0.14214036156566254,0.9766506393535138,0.018821460951193504,LinearDiscriminantAnalysis(n_components=1),1.0,,,,2.0,FeatureScalerTransformer(),6,forward,0.9692671394799054,0.9656308421868588,0.8125,0.8105212663895107,0.7961165048543689,0.82,0.7735849056603774,0.8922289734569875,0.9853801169590644,0.9286182520345416,0.8385416666666667,0.7648809523809524,0.95446675900277,0.8979175083494936,0.9261921336761318,28,0,1.0,6,1,0.8571428571428571,34,1,0.9714285714285714,outlier=None;scale=FeatureScalerTransformer();reduce_pre__method=None;reduce_pre__n_components=2;select__method=forward;select__k=6;reduce_post__method=None;clf=LinearDiscriminantAnalysis(n_components=1),,,,,,,,,,195.0,193.0,32.0,140.0
mountain_lion,lda_svd,0.9094666549293307,0.046044121346045616,0.9068348565759644,0.05120711981992232,-0.20137630931951614,0.08061639590544847,0.8871045134203028,0.062049370192781506,0.9169957983193276,0.07164020797253157,0.870828839428702,0.11001879269197262,0.9844537945103164,0.014888276401371409,LinearDiscriminantAnalysis(n_components=1),1.0,OutlierCleanerTransformer(),,pca,8.0,FeatureScalerTransformer(),6,random_forest,0.966903073286052,0.9642287173407504,0.6607142857142857,0.6597377678285896,0.6415094339622641,0.6415094339622641,0.6415094339622641,0.7400063959066199,0.9794949494949494,0.9395156879319776,0.6792763157894736,0.6537698412698413,0.9162910266095863,0.8859383416828269,0.9011146841462065,28,0,1.0,5,2,0.7142857142857143,33,2,0.9428571428571428,outlier=OutlierCleanerTransformer();scale=FeatureScalerTransformer();reduce_pre__method=pca;reduce_pre__n_components=8;select__method=random_forest;select__k=6;reduce_post__method=None;clf=LinearDiscriminantAnalysis(n_components=1),,,,,,,,,,167.0,159.0,92.0,139.33333333333334
mountain_lion,lda_svd,0.8975085556610705,0.06438544607561437,0.8923805442811055,0.07164379712627902,-0.31310555979169047,0.17157511120261013,0.8694922717945627,0.08820049530062547,0.9331495266979137,0.06973115039312364,0.8378868843350655,0.16241808723595794,0.9784090449265956,0.014478045117197157,LinearDiscriminantAnalysis(n_components=1),1.0,OutlierCleanerTransformer(),,pca,8.0,FeatureScalerTransformer(),29,random_forest,0.9763593380614657,0.9752177283297615,0.75,0.7464023025263831,0.72,0.7659574468085106,0.6792452830188679,0.7863767188999041,0.984093567251462,0.961606417715015,0.8149671052631579,0.6656746031746031,0.9484879963065559,0.9061192024886877,0.9273035993976217,28,0,1.0,6,1,0.8571428571428571,34,1,0.9714285714285714,outlier=OutlierCleanerTransformer();scale=FeatureScalerTransformer();reduce_pre__method=pca;reduce_pre__n_components=8;select__method=random_forest;select__k=29;reduce_post__method=None;clf=LinearDiscriminantAnalysis(n_components=1),,,,,,,,,,194.0,194.0,12.0,133.33333333333334
mountain_lion,xgb_std,0.9407007579151063,0.036306586767269076,0.9406541158923168,0.03716110935593107,-0.16869510675214017,0.0776714372996147,0.929783750967568,0.04458157820780441,0.9299801264679314,0.061165448241638526,0.9330334673333986,0.05800639453921059,0.9851723101211951,0.012020219113837638,"XGBClassifier(base_score=None, booster=None, callbacks=None,
              colsample_bylevel=None, colsample_bynode=None,
              colsample_bytree=0.8, device=None, early_stopping_rounds=None,
              enable_categorical=False, eval_metric=None, feature_types=None,
              feature_weights=None, gamma=1, grow_policy=None,
              importance_type=None, interaction_constraints=None,
              learning_rate=0.03, max_bin=None, max_cat_threshold=None,
              max_cat_to_onehot=None, max_delta_step=None, max_depth=3,
              max_leaves=None, min_child_weight=3, missing=nan,
              monotone_constraints=None, multi_strategy=None, n_estimators=100,
              n_jobs=None, num_parallel_tree=None, ...)",,OutlierCleanerTransformer(),,pca,2.0,FeatureScalerTransformer(),15,lasso,0.9881796690307328,0.988281428115453,0.7321428571428571,0.7304125359769746,0.7115384615384616,0.7254901960784313,0.6981132075471698,0.7764630636392709,0.9885380116959064,0.9838827838827839,0.7764985380116959,0.6964285714285715,0.9438981224992306,0.929985119047619,0.9369416207734248,28,0,1.0,6,1,0.8571428571428571,34,1,0.9714285714285714,"outlier=OutlierCleanerTransformer();scale=FeatureScalerTransformer();reduce_pre__method=pca;reduce_pre__n_components=2;select__method=lasso;select__k=15;reduce_post__method=None;clf=XGBClassifier(base_score=None, booster=None, callbacks=None,
              colsample_bylevel=None, colsample_bynode=None,
              colsample_bytree=0.8, device=None, early_stopping_rounds=None,
              enable_categorical=False, eval_metric=None, feature_types=None,
              feature_weights=None, gamma=5, grow_policy=None,
              importance_type=None, interaction_constraints=None,
              learning_rate=0.03, max_bin=None, max_cat_threshold=None,
              max_cat_to_onehot=None, max_delta_step=None, max_depth=5,
              max_leaves=None, min_child_weight=3, missing=nan,
              monotone_constraints=None, multi_strategy=None, n_estimators=300,
              n_jobs=None, num_parallel_tree=None, ...)",0.8,5.0,0.03,5.0,3.0,300.0,0.0,1.0,0.7,20.0,15.0,169.0,68.0
mountain_lion,xgb_std,0.9142963480005889,0.058372171699907216,0.9138034847959553,0.06321660196050222,-0.206791571053569,0.09603536948067254,0.8945584934760704,0.07515729579153059,0.9069540229885058,0.07941322662391974,0.8915588129555185,0.11178996431567534,0.9746110639182948,0.027308641819863585,"XGBClassifier(base_score=None, booster=None, callbacks=None,
              colsample_bylevel=None, colsample_bynode=None,
              colsample_bytree=0.8, device=None, early_stopping_rounds=None,
              enable_categorical=False, eval_metric=None, feature_types=None,
              feature_weights=None, gamma=1, grow_policy=None,
              importance_type=None, interaction_constraints=None,
              learning_rate=0.03, max_bin=None, max_cat_threshold=None,
              max_cat_to_onehot=None, max_delta_step=None, max_depth=3,
              max_leaves=None, min_child_weight=3, missing=nan,
              monotone_constraints=None, multi_strategy=None, n_estimators=100,
              n_jobs=None, num_parallel_tree=None, ...)",,OutlierCleanerTransformer(),,pca,12.0,,5,random_forest,0.9692671394799054,0.9696662258902923,0.7321428571428571,0.7275343779980812,0.6938775510204082,0.7555555555555555,0.6415094339622641,0.7905340582027501,0.9655054302422723,0.9677092138630601,0.8442068713450293,0.6537698412698413,0.9399688915270632,0.9088455815018315,0.9244072365144473,28,0,1.0,7,0,1.0,35,0,1.0,"outlier=OutlierCleanerTransformer();scale=None;reduce_pre__method=pca;reduce_pre__n_components=12;select__method=random_forest;select__k=5;reduce_post__method=None;clf=XGBClassifier(base_score=None, booster=None, callbacks=None,
              colsample_bylevel=None, colsample_bynode=None,
              colsample_bytree=0.6, device=None, early_stopping_rounds=None,
              enable_categorical=False, eval_metric=None, feature_types=None,
              feature_weights=None, gamma=5, grow_policy=None,
              importance_type=None, interaction_constraints=None,
              learning_rate=0.1, max_bin=None, max_cat_threshold=None,
              max_cat_to_onehot=None, max_delta_step=None, max_depth=4,
              max_leaves=None, min_child_weight=5, missing=nan,
              monotone_constraints=None, multi_strategy=None, n_estimators=100,
              n_jobs=None, num_parallel_tree=None, ...)",0.6,5.0,0.1,4.0,5.0,100.0,1.0,1.0,1.0,145.0,131.0,74.0,116.66666666666667
mountain_lion,xgb_std,0.9273346067823625,0.04325104182407781,0.9247576235974032,0.04852038363558078,-0.18891716157321287,0.1017194907907574,0.9115765900765901,0.05491202933949097,0.9332461189604047,0.046260647536101485,0.896827303330392,0.09431243722652644,0.9796577198192769,0.024646187559522813,"XGBClassifier(base_score=None, booster=None, callbacks=None,
              colsample_bylevel=None, colsample_bynode=None,
              colsample_bytree=0.8, device=None, early_stopping_rounds=None,
              enable_categorical=False, eval_metric=None, feature_types=None,
              feature_weights=None, gamma=1, grow_policy=None,
              importance_type=None, interaction_constraints=None,
              learning_rate=0.03, max_bin=None, max_cat_threshold=None,
              max_cat_to_onehot=None, max_delta_step=None, max_depth=3,
              max_leaves=None, min_child_weight=3, missing=nan,
              monotone_constraints=None, multi_strategy=None, n_estimators=100,
              n_jobs=None, num_parallel_tree=None, ...)",,OutlierCleanerTransformer(),,,5.0,FeatureScalerTransformer(),23,random_forest,0.9905437352245863,0.9903561169121335,0.7321428571428571,0.7265749920051168,0.6875,0.7674418604651163,0.6226415094339622,0.854812919731372,0.9920467836257311,0.9838827838827839,0.8598318713450293,0.6130952380952381,0.9642120652508465,0.914360119047619,0.9392860921492328,28,0,1.0,6,1,0.8571428571428571,34,1,0.9714285714285714,"outlier=OutlierCleanerTransformer();scale=FeatureScalerTransformer();reduce_pre__method=None;reduce_pre__n_components=5;select__method=random_forest;select__k=23;reduce_post__method=None;clf=XGBClassifier(base_score=None, booster=None, callbacks=None,
              colsample_bylevel=None, colsample_bynode=None,
              colsample_bytree=0.8, device=None, early_stopping_rounds=None,
              enable_categorical=False, eval_metric=None, feature_types=None,
              feature_weights=None, gamma=5, grow_policy=None,
              importance_type=None, interaction_constraints=None,
              learning_rate=0.1, max_bin=None, max_cat_threshold=None,
              max_cat_to_onehot=None, max_delta_step=None, max_depth=4,
              max_leaves=None, min_child_weight=5, missing=nan,
              monotone_constraints=None, multi_strategy=None, n_estimators=300,
              n_jobs=None, num_parallel_tree=None, ...)",0.8,5.0,0.1,4.0,5.0,300.0,1.0,1.0,0.9,76.0,71.0,120.0,89.0
mountain_lion,xgb_std,0.9201801031898806,0.0560374995783975,0.9186555441349741,0.05686399015685789,-0.20468105156378305,0.1145230776148417,0.9076229426955381,0.06294695191086955,0.9220629370629372,0.06325491265751497,0.8966573520279766,0.07880564913652342,0.9709493813230697,0.03288148412434526,"XGBClassifier(base_score=None, booster=None, callbacks=None,
              colsample_bylevel=None, colsample_bynode=None,
              colsample_bytree=0.8, device=None, early_stopping_rounds=None,
              enable_categorical=False, eval_metric=None, feature_types=None,
              feature_weights=None, gamma=1, grow_policy=None,
              importance_type=None, interaction_constraints=None,
              learning_rate=0.03, max_bin=None, max_cat_threshold=None,
              max_cat_to_onehot=None, max_delta_step=None, max_depth=3,
              max_leaves=None, min_child_weight=3, missing=nan,
              monotone_constraints=None, multi_strategy=None, n_estimators=100,
              n_jobs=None, num_parallel_tree=None, ...)",,,,pca,12.0,,2,random_forest,0.9598108747044918,0.9600223428024258,0.7678571428571429,0.767188999040614,0.7547169811320755,0.7547169811320755,0.7547169811320755,0.7857371282379279,0.9564411027568923,0.9558748943364328,0.7616045321637427,0.7787698412698413,0.915422877368861,0.9226676968864469,0.919045287127654,28,0,1.0,7,0,1.0,35,0,1.0,"outlier=None;scale=None;reduce_pre__method=pca;reduce_pre__n_components=12;select__method=random_forest;select__k=2;reduce_post__method=None;clf=XGBClassifier(base_score=None, booster=None, callbacks=None,
              colsample_bylevel=None, colsample_bynode=None,
              colsample_bytree=1.0, device=None, early_stopping_rounds=None,
              enable_categorical=False, eval_metric=None, feature_types=None,
              feature_weights=None, gamma=1, grow_policy=None,
              importance_type=None, interaction_constraints=None,
              learning_rate=0.1, max_bin=None, max_cat_threshold=None,
              max_cat_to_onehot=None, max_delta_step=None, max_depth=6,
              max_leaves=None, min_child_weight=5, missing=nan,
              monotone_constraints=None, multi_strategy=None, n_estimators=200,
              n_jobs=None, num_parallel_tree=None, ...)",1.0,1.0,0.1,6.0,5.0,200.0,1.0,4.0,0.7,123.0,109.0,80.0,104.0
mountain_lion,xgb_std,0.9134426905090395,0.06609735899646123,0.9037027611319065,0.0705326354301504,-0.20336995971063362,0.1217528525448001,0.8880908152734779,0.0861538848920027,0.9718194254445965,0.04563099696719975,0.8256128051769782,0.12839862344870503,0.9848711496411962,0.01523758766089938,"XGBClassifier(base_score=None, booster=None, callbacks=None,
              colsample_bylevel=None, colsample_bynode=None,
              colsample_bytree=0.8, device=None, early_stopping_rounds=None,
              enable_categorical=False, eval_metric=None, feature_types=None,
              feature_weights=None, gamma=1, grow_policy=None,
              importance_type=None, interaction_constraints=None,
              learning_rate=0.03, max_bin=None, max_cat_threshold=None,
              max_cat_to_onehot=None, max_delta_step=None, max_depth=3,
              max_leaves=None, min_child_weight=3, missing=nan,
              monotone_constraints=None, multi_strategy=None, n_estimators=100,
              n_jobs=None, num_parallel_tree=None, ...)",,OutlierCleanerTransformer(),,,8.0,FeatureScalerTransformer(),13,forward,0.9763593380614657,0.9752177283297615,0.7946428571428571,0.7906939558682443,0.7676767676767676,0.8260869565217391,0.7169811320754716,0.8704828909497921,0.9815417331206805,0.9573048746125669,0.8531615497076024,0.7073412698412698,0.954514326086348,0.9104366987179486,0.9324755124021483,28,0,1.0,6,1,0.8571428571428571,34,1,0.9714285714285714,"outlier=OutlierCleanerTransformer();scale=FeatureScalerTransformer();reduce_pre__method=None;reduce_pre__n_components=8;select__method=forward;select__k=13;reduce_post__method=None;clf=XGBClassifier(base_score=None, booster=None, callbacks=None,
              colsample_bylevel=None, colsample_bynode=None,
              colsample_bytree=0.6, device=None, early_stopping_rounds=None,
              enable_categorical=False, eval_metric=None, feature_types=None,
              feature_weights=None, gamma=5, grow_policy=None,
              importance_type=None, interaction_constraints=None,
              learning_rate=0.03, max_bin=None, max_cat_threshold=None,
              max_cat_to_onehot=None, max_delta_step=None, max_depth=8,
              max_leaves=None, min_child_weight=3, missing=nan,
              monotone_constraints=None, multi_strategy=None, n_estimators=300,
              n_jobs=None, num_parallel_tree=None, ...)",0.6,5.0,0.03,8.0,3.0,300.0,1.0,2.0,0.8,149.0,174.0,85.0,136.0
mountain_lion,xgb_std,0.9311761433970084,0.05844106028697382,0.9256534267929559,0.06614890739407779,-0.17249237968082973,0.1168525585374399,0.9127320168416059,0.07908670594691415,0.9549387248696005,0.03272510783132186,0.882035003431709,0.1274222836239274,0.9845033680159527,0.01974370653691408,"XGBClassifier(base_score=None, booster=None, callbacks=None,
              colsample_bylevel=None, colsample_bynode=None,
              colsample_bytree=0.8, device=None, early_stopping_rounds=None,
              enable_categorical=False, eval_metric=None, feature_types=None,
              feature_weights=None, gamma=1, grow_policy=None,
              importance_type=None, interaction_constraints=None,
              learning_rate=0.03, max_bin=None, max_cat_threshold=None,
              max_cat_to_onehot=None, max_delta_step=None, max_depth=3,
              max_leaves=None, min_child_weight=3, missing=nan,
              monotone_constraints=None, multi_strategy=None, n_estimators=100,
              n_jobs=None, num_parallel_tree=None, ...)",,,,pca,12.0,FeatureScalerTransformer(),30,random_forest,0.9905437352245863,0.9910286808627058,0.7678571428571429,0.7662296130476495,0.75,0.7647058823529411,0.7358490566037735,0.8647265749920051,0.985986177565125,0.9948717948717949,0.7764985380116959,0.7331349206349206,0.9418835166065083,0.945796130952381,0.9438398237794446,28,0,1.0,7,0,1.0,35,0,1.0,"outlier=None;scale=FeatureScalerTransformer();reduce_pre__method=pca;reduce_pre__n_components=12;select__method=random_forest;select__k=30;reduce_post__method=None;clf=XGBClassifier(base_score=None, booster=None, callbacks=None,
              colsample_bylevel=None, colsample_bynode=None,
              colsample_bytree=0.6, device=None, early_stopping_rounds=None,
              enable_categorical=False, eval_metric=None, feature_types=None,
              feature_weights=None, gamma=1, grow_policy=None,
              importance_type=None, interaction_constraints=None,
              learning_rate=0.03, max_bin=None, max_cat_threshold=None,
              max_cat_to_onehot=None, max_delta_step=None, max_depth=3,
              max_leaves=None, min_child_weight=3, missing=nan,
              monotone_constraints=None, multi_strategy=None, n_estimators=200,
              n_jobs=None, num_parallel_tree=None, ...)",0.6,1.0,0.03,3.0,3.0,200.0,0.0,1.0,0.7,59.0,63.0,163.0,95.0
mountain_lion,xgb_std,0.9134865886653168,0.06118501542462322,0.9084437190986708,0.06778591977977727,-0.20624983369532518,0.1318823079678011,0.8900998650472335,0.07969670544239858,0.9487425023676733,0.053960388216324075,0.8487310847468705,0.12987143747397423,0.984761195143809,0.014156286671906044,"XGBClassifier(base_score=None, booster=None, callbacks=None,
              colsample_bylevel=None, colsample_bynode=None,
              colsample_bytree=0.8, device=None, early_stopping_rounds=None,
              enable_categorical=False, eval_metric=None, feature_types=None,
              feature_weights=None, gamma=1, grow_policy=None,
              importance_type=None, interaction_constraints=None,
              learning_rate=0.03, max_bin=None, max_cat_threshold=None,
              max_cat_to_onehot=None, max_delta_step=None, max_depth=3,
              max_leaves=None, min_child_weight=3, missing=nan,
              monotone_constraints=None, multi_strategy=None, n_estimators=100,
              n_jobs=None, num_parallel_tree=None, ...)",,,,,5.0,,27,forward,0.9952718676122931,0.9951780584560668,0.8214285714285714,0.8180364566677327,0.8,0.851063829787234,0.7547169811320755,0.8906299968020467,0.9955555555555555,0.9948717948717949,0.8712536549707602,0.7440476190476191,0.969386734379809,0.947842261904762,0.9586144981422855,28,0,1.0,6,1,0.8571428571428571,34,1,0.9714285714285714,"outlier=None;scale=None;reduce_pre__method=None;reduce_pre__n_components=5;select__method=forward;select__k=27;reduce_post__method=None;clf=XGBClassifier(base_score=None, booster=None, callbacks=None,
              colsample_bylevel=None, colsample_bynode=None,
              colsample_bytree=1.0, device=None, early_stopping_rounds=None,
              enable_categorical=False, eval_metric=None, feature_types=None,
              feature_weights=None, gamma=1, grow_policy=None,
              importance_type=None, interaction_constraints=None,
              learning_rate=0.1, max_bin=None, max_cat_threshold=None,
              max_cat_to_onehot=None, max_delta_step=None, max_depth=4,
              max_leaves=None, min_child_weight=3, missing=nan,
              monotone_constraints=None, multi_strategy=None, n_estimators=300,
              n_jobs=None, num_parallel_tree=None, ...)",1.0,1.0,0.1,4.0,3.0,300.0,1.0,4.0,0.8,147.0,151.0,76.0,124.66666666666667
mountain_lion,xgb_std,0.9214975542455788,0.04982833449292035,0.9191620290095198,0.05674823902808695,-0.22603920609491124,0.1366061074953234,0.9030898862817368,0.06404076156243063,0.9407380343441725,0.05456562224499198,0.8789848677974966,0.11765303575095347,0.9734230580504077,0.03155393359900989,"XGBClassifier(base_score=None, booster=None, callbacks=None,
              colsample_bylevel=None, colsample_bynode=None,
              colsample_bytree=0.8, device=None, early_stopping_rounds=None,
              enable_categorical=False, eval_metric=None, feature_types=None,
              feature_weights=None, gamma=1, grow_policy=None,
              importance_type=None, interaction_constraints=None,
              learning_rate=0.03, max_bin=None, max_cat_threshold=None,
              max_cat_to_onehot=None, max_delta_step=None, max_depth=3,
              max_leaves=None, min_child_weight=3, missing=nan,
              monotone_constraints=None, multi_strategy=None, n_estimators=100,
              n_jobs=None, num_parallel_tree=None, ...)",,,,pca,5.0,,5,lasso,1.0,1.0,0.7589285714285714,0.7606331947553566,0.7567567567567568,0.7241379310344828,0.7924528301886793,0.822513591301567,1.0,1.0,0.7194809941520467,0.7956349206349206,0.9409433671899046,0.9616815476190477,0.9513124574044761,28,0,1.0,6,1,0.8571428571428571,34,1,0.9714285714285714,"outlier=None;scale=None;reduce_pre__method=pca;reduce_pre__n_components=5;select__method=lasso;select__k=5;reduce_post__method=None;clf=XGBClassifier(base_score=None, booster=None, callbacks=None,
              colsample_bylevel=None, colsample_bynode=None,
              colsample_bytree=0.8, device=None, early_stopping_rounds=None,
              enable_categorical=False, eval_metric=None, feature_types=None,
              feature_weights=None, gamma=0, grow_policy=None,
              importance_type=None, interaction_constraints=None,
              learning_rate=0.03, max_bin=None, max_cat_threshold=None,
              max_cat_to_onehot=None, max_delta_step=None, max_depth=8,
              max_leaves=None, min_child_weight=1, missing=nan,
              monotone_constraints=None, multi_strategy=None, n_estimators=300,
              n_jobs=None, num_parallel_tree=None, ...)",0.8,0.0,0.03,8.0,1.0,300.0,1.0,1.0,1.0,108.0,104.0,59.0,90.33333333333333
mountain_lion,xgb_std,0.9164263628877898,0.04337424570780694,0.9175147557757877,0.047839344344495396,-0.22000782965095228,0.09005655843131506,0.9002928400351081,0.054475461760498646,0.9085560053981107,0.07233320239385728,0.9034709285224043,0.10210620631601729,0.9809185567698513,0.01991970756823494,"XGBClassifier(base_score=None, booster=None, callbacks=None,
              colsample_bylevel=None, colsample_bynode=None,
              colsample_bytree=0.8, device=None, early_stopping_rounds=None,
              enable_categorical=False, eval_metric=None, feature_types=None,
              feature_weights=None, gamma=1, grow_policy=None,
              importance_type=None, interaction_constraints=None,
              learning_rate=0.03, max_bin=None, max_cat_threshold=None,
              max_cat_to_onehot=None, max_delta_step=None, max_depth=3,
              max_leaves=None, min_child_weight=3, missing=nan,
              monotone_constraints=None, multi_strategy=None, n_estimators=100,
              n_jobs=None, num_parallel_tree=None, ...)",,,,pca,3.0,,13,lasso,0.9739952718676123,0.973143039533081,0.7321428571428571,0.7294531499840102,0.7058823529411765,0.7346938775510204,0.6792452830188679,0.8490566037735848,0.9778575225943645,0.9580938292476755,0.7837171052631579,0.6706349206349206,0.9369858557877947,0.9041952838827839,0.9205905698352893,28,0,1.0,6,1,0.8571428571428571,34,1,0.9714285714285714,"outlier=None;scale=None;reduce_pre__method=pca;reduce_pre__n_components=3;select__method=lasso;select__k=13;reduce_post__method=None;clf=XGBClassifier(base_score=None, booster=None, callbacks=None,
              colsample_bylevel=None, colsample_bynode=None,
              colsample_bytree=0.8, device=None, early_stopping_rounds=None,
              enable_categorical=False, eval_metric=None, feature_types=None,
              feature_weights=None, gamma=5, grow_policy=None,
              importance_type=None, interaction_constraints=None,
              learning_rate=0.03, max_bin=None, max_cat_threshold=None,
              max_cat_to_onehot=None, max_delta_step=None, max_depth=6,
              max_leaves=None, min_child_weight=3, missing=nan,
              monotone_constraints=None, multi_strategy=None, n_estimators=200,
              n_jobs=None, num_parallel_tree=None, ...)",0.8,5.0,0.03,6.0,3.0,200.0,0.0,2.0,0.9,132.5,114.0,62.0,102.83333333333333
mountain_lion,xgb_std,0.8982127179229902,0.07814695074240875,0.8862694631730523,0.08505674856955521,-0.25374255238794763,0.0979794872177094,0.8637460317460317,0.10839982725890591,0.9692691029900331,0.042239751921870516,0.7910963493152924,0.15962105296226875,0.9851374263646516,0.013479162102704077,"XGBClassifier(base_score=None, booster=None, callbacks=None,
              colsample_bylevel=None, colsample_bynode=None,
              colsample_bytree=0.8, device=None, early_stopping_rounds=None,
              enable_categorical=False, eval_metric=None, feature_types=None,
              feature_weights=None, gamma=1, grow_policy=None,
              importance_type=None, interaction_constraints=None,
              learning_rate=0.03, max_bin=None, max_cat_threshold=None,
              max_cat_to_onehot=None, max_delta_step=None, max_depth=3,
              max_leaves=None, min_child_weight=3, missing=nan,
              monotone_constraints=None, multi_strategy=None, n_estimators=100,
              n_jobs=None, num_parallel_tree=None, ...)",,OutlierCleanerTransformer(),,pca,,,13,forward,0.9692671394799054,0.9669759700880032,0.7767857142857143,0.7718260313399424,0.7422680412371134,0.8181818181818182,0.6792452830188679,0.8653661656539815,0.9824774056353003,0.9403423499577346,0.8524305555555556,0.6706349206349206,0.9550991214079856,0.8897722069597069,0.9224356641838463,28,0,1.0,6,1,0.8571428571428571,34,1,0.9714285714285714,"outlier=OutlierCleanerTransformer();scale=None;reduce_pre__method=pca;reduce_pre__n_components=None;select__method=forward;select__k=13;reduce_post__method=None;clf=XGBClassifier(base_score=None, booster=None, callbacks=None,
              colsample_bylevel=None, colsample_bynode=None,
              colsample_bytree=0.8, device=None, early_stopping_rounds=None,
              enable_categorical=False, eval_metric=None, feature_types=None,
              feature_weights=None, gamma=5, grow_policy=None,
              importance_type=None, interaction_constraints=None,
              learning_rate=0.01, max_bin=None, max_cat_threshold=None,
              max_cat_to_onehot=None, max_delta_step=None, max_depth=5,
              max_leaves=None, min_child_weight=5, missing=nan,
              monotone_constraints=None, multi_strategy=None, n_estimators=200,
              n_jobs=None, num_parallel_tree=None, ...)",0.8,5.0,0.01,5.0,5.0,200.0,0.5,1.0,0.9,193.0,197.0,31.0,140.33333333333334
mountain_lion,xgb_std,0.928715159003251,0.03191527790512614,0.9314548479416864,0.031022102749467893,-0.1786674439628197,0.07224793445755383,0.9169441237618635,0.04018217085759477,0.9074055280052281,0.0743077339251943,0.9349225414256299,0.06648316928133774,0.987079182456036,0.008038791826303314,"XGBClassifier(base_score=None, booster=None, callbacks=None,
              colsample_bylevel=None, colsample_bynode=None,
              colsample_bytree=0.8, device=None, early_stopping_rounds=None,
              enable_categorical=False, eval_metric=None, feature_types=None,
              feature_weights=None, gamma=1, grow_policy=None,
              importance_type=None, interaction_constraints=None,
              learning_rate=0.03, max_bin=None, max_cat_threshold=None,
              max_cat_to_onehot=None, max_delta_step=None, max_depth=3,
              max_leaves=None, min_child_weight=3, missing=nan,
              monotone_constraints=None, multi_strategy=None, n_estimators=100,
              n_jobs=None, num_parallel_tree=None, ...)",,OutlierCleanerTransformer(),,pca,2.0,,29,lasso,0.9881796690307328,0.9869363002143086,0.7321428571428571,0.7265749920051168,0.6875,0.7674418604651163,0.6226415094339622,0.8285897025903423,0.9955555555555555,0.9736263736263737,0.798611111111111,0.6130952380952381,0.9540935672514621,0.9060267857142857,0.930060176482874,28,0,1.0,6,1,0.8571428571428571,34,1,0.9714285714285714,"outlier=OutlierCleanerTransformer();scale=None;reduce_pre__method=pca;reduce_pre__n_components=2;select__method=lasso;select__k=29;reduce_post__method=None;clf=XGBClassifier(base_score=None, booster=None, callbacks=None,
              colsample_bylevel=None, colsample_bynode=None,
              colsample_bytree=1.0, device=None, early_stopping_rounds=None,
              enable_categorical=False, eval_metric=None, feature_types=None,
              feature_weights=None, gamma=1, grow_policy=None,
              importance_type=None, interaction_constraints=None,
              learning_rate=0.03, max_bin=None, max_cat_threshold=None,
              max_cat_to_onehot=None, max_delta_step=None, max_depth=5,
              max_leaves=None, min_child_weight=5, missing=nan,
              monotone_constraints=None, multi_strategy=None, n_estimators=300,
              n_jobs=None, num_parallel_tree=None, ...)",1.0,1.0,0.03,5.0,5.0,300.0,1.0,1.0,0.7,65.0,40.0,140.0,81.66666666666667
mountain_lion,xgb_std,0.9263450480776347,0.04189535072867012,0.9294128713720744,0.04060641726499048,-0.20679099121702,0.07604128249213368,0.9149766357285154,0.04771663853107348,0.8969327731092436,0.07852101220054222,0.9403609831029186,0.061703990748748765,0.9849010863262547,0.016335062314151716,"XGBClassifier(base_score=None, booster=None, callbacks=None,
              colsample_bylevel=None, colsample_bynode=None,
              colsample_bytree=0.8, device=None, early_stopping_rounds=None,
              enable_categorical=False, eval_metric=None, feature_types=None,
              feature_weights=None, gamma=1, grow_policy=None,
              importance_type=None, interaction_constraints=None,
              learning_rate=0.03, max_bin=None, max_cat_threshold=None,
              max_cat_to_onehot=None, max_delta_step=None, max_depth=3,
              max_leaves=None, min_child_weight=3, missing=nan,
              monotone_constraints=None, multi_strategy=None, n_estimators=100,
              n_jobs=None, num_parallel_tree=None, ...)",,OutlierCleanerTransformer(),,pca,2.0,,26,lasso,0.9763593380614657,0.9752177283297615,0.7232142857142857,0.7190598017268948,0.6868686868686869,0.7391304347826086,0.6415094339622641,0.8276303165973777,0.9829824561403508,0.9639732816203406,0.8025402046783626,0.628968253968254,0.9449946137273006,0.9011598389355742,0.9230772263314374,28,0,1.0,6,1,0.8571428571428571,34,1,0.9714285714285714,"outlier=OutlierCleanerTransformer();scale=None;reduce_pre__method=pca;reduce_pre__n_components=2;select__method=lasso;select__k=26;reduce_post__method=None;clf=XGBClassifier(base_score=None, booster=None, callbacks=None,
              colsample_bylevel=None, colsample_bynode=None,
              colsample_bytree=1.0, device=None, early_stopping_rounds=None,
              enable_categorical=False, eval_metric=None, feature_types=None,
              feature_weights=None, gamma=5, grow_policy=None,
              importance_type=None, interaction_constraints=None,
              learning_rate=0.03, max_bin=None, max_cat_threshold=None,
              max_cat_to_onehot=None, max_delta_step=None, max_depth=4,
              max_leaves=None, min_child_weight=3, missing=nan,
              monotone_constraints=None, multi_strategy=None, n_estimators=300,
              n_jobs=None, num_parallel_tree=None, ...)",1.0,5.0,0.03,4.0,3.0,300.0,1.0,4.0,0.8,84.0,49.0,75.0,69.33333333333333
mountain_lion,xgb_std,0.9497643833652865,0.030021153478763232,0.9492211694061788,0.031288080680557204,-0.15618368798384005,0.0773710429234045,0.9403568842576497,0.03686077502042952,0.9417246072913217,0.048996176692784554,0.9420506912442397,0.05615542432729683,0.9863159224505924,0.011199536149227966,"XGBClassifier(base_score=None, booster=None, callbacks=None,
              colsample_bylevel=None, colsample_bynode=None,
              colsample_bytree=0.8, device=None, early_stopping_rounds=None,
              enable_categorical=False, eval_metric=None, feature_types=None,
              feature_weights=None, gamma=1, grow_policy=None,
              importance_type=None, interaction_constraints=None,
              learning_rate=0.03, max_bin=None, max_cat_threshold=None,
              max_cat_to_onehot=None, max_delta_step=None, max_depth=3,
              max_leaves=None, min_child_weight=3, missing=nan,
              monotone_constraints=None, multi_strategy=None, n_estimators=100,
              n_jobs=None, num_parallel_tree=None, ...)",,OutlierCleanerTransformer(),,pca,2.0,FeatureScalerTransformer(),12,lasso,0.9929078014184397,0.992430805708814,0.7142857142857143,0.7115446114486728,0.6862745098039216,0.7142857142857143,0.660377358490566,0.7866965142308923,0.9955555555555555,0.9838827838827839,0.7747624269005848,0.6547619047619048,0.9490727916281931,0.922172619047619,0.935622705337906,28,0,1.0,6,1,0.8571428571428571,34,1,0.9714285714285714,"outlier=OutlierCleanerTransformer();scale=FeatureScalerTransformer();reduce_pre__method=pca;reduce_pre__n_components=2;select__method=lasso;select__k=12;reduce_post__method=None;clf=XGBClassifier(base_score=None, booster=None, callbacks=None,
              colsample_bylevel=None, colsample_bynode=None,
              colsample_bytree=0.8, device=None, early_stopping_rounds=None,
              enable_categorical=False, eval_metric=None, feature_types=None,
              feature_weights=None, gamma=0, grow_policy=None,
              importance_type=None, interaction_constraints=None,
              learning_rate=0.03, max_bin=None, max_cat_threshold=None,
              max_cat_to_onehot=None, max_delta_step=None, max_depth=8,
              max_leaves=None, min_child_weight=5, missing=nan,
              monotone_constraints=None, multi_strategy=None, n_estimators=300,
              n_jobs=None, num_parallel_tree=None, ...)",0.8,0.0,0.03,8.0,5.0,300.0,0.5,1.0,0.8,3.0,3.0,193.0,66.33333333333333
mountain_lion,xgb_std,0.9134179953616748,0.07051840218887412,0.9077497107423629,0.07697937126270374,-0.21308337662288376,0.12795683271694905,0.8878340660292479,0.09911765512798122,0.9572787670613758,0.028619938594885708,0.8462275713305226,0.16185475089638135,0.9824694468790198,0.012756211778862171,"XGBClassifier(base_score=None, booster=None, callbacks=None,
              colsample_bylevel=None, colsample_bynode=None,
              colsample_bytree=0.8, device=None, early_stopping_rounds=None,
              enable_categorical=False, eval_metric=None, feature_types=None,
              feature_weights=None, gamma=1, grow_policy=None,
              importance_type=None, interaction_constraints=None,
              learning_rate=0.03, max_bin=None, max_cat_threshold=None,
              max_cat_to_onehot=None, max_delta_step=None, max_depth=3,
              max_leaves=None, min_child_weight=3, missing=nan,
              monotone_constraints=None, multi_strategy=None, n_estimators=100,
              n_jobs=None, num_parallel_tree=None, ...)",,OutlierCleanerTransformer(),,pca,2.0,FeatureScalerTransformer(),7,lasso,0.9881796690307328,0.9876088641648808,0.7321428571428571,0.7304125359769746,0.7115384615384616,0.7254901960784313,0.6981132075471698,0.7598337064278862,0.9894949494949494,0.9787545787545788,0.7757675438596492,0.6964285714285715,0.9444997062033074,0.9258184523809524,0.9351590792921298,28,0,1.0,5,2,0.7142857142857143,33,2,0.9428571428571428,"outlier=OutlierCleanerTransformer();scale=FeatureScalerTransformer();reduce_pre__method=pca;reduce_pre__n_components=2;select__method=lasso;select__k=7;reduce_post__method=None;clf=XGBClassifier(base_score=None, booster=None, callbacks=None,
              colsample_bylevel=None, colsample_bynode=None,
              colsample_bytree=0.6, device=None, early_stopping_rounds=None,
              enable_categorical=False, eval_metric=None, feature_types=None,
              feature_weights=None, gamma=1, grow_policy=None,
              importance_type=None, interaction_constraints=None,
              learning_rate=0.03, max_bin=None, max_cat_threshold=None,
              max_cat_to_onehot=None, max_delta_step=None, max_depth=8,
              max_leaves=None, min_child_weight=5, missing=nan,
              monotone_constraints=None, multi_strategy=None, n_estimators=300,
              n_jobs=None, num_parallel_tree=None, ...)",0.6,1.0,0.03,8.0,5.0,300.0,1.0,4.0,0.8,150.0,152.0,69.0,123.66666666666667
mountain_lion,xgb_std,0.9204654996326889,0.058692502866885765,0.9156189008953554,0.06289633615336428,-0.20375319747709267,0.11119871704808604,0.9015886981573257,0.07490860625910123,0.9575174825174825,0.03969998770329118,0.8618336765042326,0.12350846204702892,0.9846347982112086,0.01342761756942136,"XGBClassifier(base_score=None, booster=None, callbacks=None,
              colsample_bylevel=None, colsample_bynode=None,
              colsample_bytree=0.8, device=None, early_stopping_rounds=None,
              enable_categorical=False, eval_metric=None, feature_types=None,
              feature_weights=None, gamma=1, grow_policy=None,
              importance_type=None, interaction_constraints=None,
              learning_rate=0.03, max_bin=None, max_cat_threshold=None,
              max_cat_to_onehot=None, max_delta_step=None, max_depth=3,
              max_leaves=None, min_child_weight=3, missing=nan,
              monotone_constraints=None, multi_strategy=None, n_estimators=100,
              n_jobs=None, num_parallel_tree=None, ...)",,OutlierCleanerTransformer(),,pca,2.0,,20,forward,0.9739952718676123,0.9724704755825088,0.7946428571428571,0.7906939558682443,0.7676767676767676,0.8260869565217391,0.7169811320754716,0.8656859609849696,0.9815417331206805,0.9513877148492533,0.8531615497076024,0.7073412698412698,0.954514326086348,0.9056290064102563,0.9300716662483022,28,0,1.0,6,1,0.8571428571428571,34,1,0.9714285714285714,"outlier=OutlierCleanerTransformer();scale=None;reduce_pre__method=pca;reduce_pre__n_components=2;select__method=forward;select__k=20;reduce_post__method=None;clf=XGBClassifier(base_score=None, booster=None, callbacks=None,
              colsample_bylevel=None, colsample_bynode=None,
              colsample_bytree=0.8, device=None, early_stopping_rounds=None,
              enable_categorical=False, eval_metric=None, feature_types=None,
              feature_weights=None, gamma=5, grow_policy=None,
              importance_type=None, interaction_constraints=None,
              learning_rate=0.03, max_bin=None, max_cat_threshold=None,
              max_cat_to_onehot=None, max_delta_step=None, max_depth=5,
              max_leaves=None, min_child_weight=3, missing=nan,
              monotone_constraints=None, multi_strategy=None, n_estimators=300,
              n_jobs=None, num_parallel_tree=None, ...)",0.8,5.0,0.03,5.0,3.0,300.0,0.0,4.0,0.7,119.0,121.0,84.0,108.0
mountain_lion,xgb_std,0.9184232810580429,0.03829528877996506,0.9186429443070809,0.04122297922075792,-0.1812337643180368,0.09326641265525415,0.9051248315954199,0.0450325081480649,0.9063449221343959,0.06884766471755806,0.9162442396313363,0.0973967188587631,0.9873509749982645,0.008043648616040339,"XGBClassifier(base_score=None, booster=None, callbacks=None,
              colsample_bylevel=None, colsample_bynode=None,
              colsample_bytree=0.8, device=None, early_stopping_rounds=None,
              enable_categorical=False, eval_metric=None, feature_types=None,
              feature_weights=None, gamma=1, grow_policy=None,
              importance_type=None, interaction_constraints=None,
              learning_rate=0.03, max_bin=None, max_cat_threshold=None,
              max_cat_to_onehot=None, max_delta_step=None, max_depth=3,
              max_leaves=None, min_child_weight=3, missing=nan,
              monotone_constraints=None, multi_strategy=None, n_estimators=100,
              n_jobs=None, num_parallel_tree=None, ...)",,OutlierCleanerTransformer(),,pca,2.0,,19,lasso,0.9952718676122931,0.9945054945054945,0.7410714285714286,0.7379277262551966,0.7128712871287128,0.75,0.6792452830188679,0.8375439718580109,1.0,0.9897435897435898,0.7690972222222222,0.6656746031746031,0.951388888888889,0.9289806547619048,0.9401847718253968,28,0,1.0,6,1,0.8571428571428571,34,1,0.9714285714285714,"outlier=OutlierCleanerTransformer();scale=None;reduce_pre__method=pca;reduce_pre__n_components=2;select__method=lasso;select__k=19;reduce_post__method=None;clf=XGBClassifier(base_score=None, booster=None, callbacks=None,
              colsample_bylevel=None, colsample_bynode=None,
              colsample_bytree=0.8, device=None, early_stopping_rounds=None,
              enable_categorical=False, eval_metric=None, feature_types=None,
              feature_weights=None, gamma=0, grow_policy=None,
              importance_type=None, interaction_constraints=None,
              learning_rate=0.1, max_bin=None, max_cat_threshold=None,
              max_cat_to_onehot=None, max_delta_step=None, max_depth=5,
              max_leaves=None, min_child_weight=3, missing=nan,
              monotone_constraints=None, multi_strategy=None, n_estimators=300,
              n_jobs=None, num_parallel_tree=None, ...)",0.8,0.0,0.1,5.0,3.0,300.0,0.5,1.0,0.8,125.0,110.0,135.0,123.33333333333333
mountain_lion,xgb_std,0.924153334273359,0.05942989079919329,0.919038962825551,0.06816455526927304,-0.1757472910507218,0.10994097856176836,0.9034198496643269,0.08235908669021783,0.9428717948717947,0.03778704299114265,0.8772730986698043,0.13556647199286528,0.9843468585308542,0.017308661634734067,"XGBClassifier(base_score=None, booster=None, callbacks=None,
              colsample_bylevel=None, colsample_bynode=None,
              colsample_bytree=0.8, device=None, early_stopping_rounds=None,
              enable_categorical=False, eval_metric=None, feature_types=None,
              feature_weights=None, gamma=1, grow_policy=None,
              importance_type=None, interaction_constraints=None,
              learning_rate=0.03, max_bin=None, max_cat_threshold=None,
              max_cat_to_onehot=None, max_delta_step=None, max_depth=3,
              max_leaves=None, min_child_weight=3, missing=nan,
              monotone_constraints=None, multi_strategy=None, n_estimators=100,
              n_jobs=None, num_parallel_tree=None, ...)",,OutlierCleanerTransformer(),,,12.0,,23,random_forest,0.9929078014184397,0.9931033696593863,0.75,0.7454429165334187,0.7142857142857143,0.7777777777777778,0.660377358490566,0.8784777742244964,0.9920467836257311,0.9948717948717949,0.8320540935672515,0.6498015873015873,0.958364112034472,0.930171130952381,0.9442676214934265,28,0,1.0,6,1,0.8571428571428571,34,1,0.9714285714285714,"outlier=OutlierCleanerTransformer();scale=None;reduce_pre__method=None;reduce_pre__n_components=12;select__method=random_forest;select__k=23;reduce_post__method=None;clf=XGBClassifier(base_score=None, booster=None, callbacks=None,
              colsample_bylevel=None, colsample_bynode=None,
              colsample_bytree=0.8, device=None, early_stopping_rounds=None,
              enable_categorical=False, eval_metric=None, feature_types=None,
              feature_weights=None, gamma=1, grow_policy=None,
              importance_type=None, interaction_constraints=None,
              learning_rate=0.1, max_bin=None, max_cat_threshold=None,
              max_cat_to_onehot=None, max_delta_step=None, max_depth=4,
              max_leaves=None, min_child_weight=5, missing=nan,
              monotone_constraints=None, multi_strategy=None, n_estimators=300,
              n_jobs=None, num_parallel_tree=None, ...)",0.8,1.0,0.1,4.0,5.0,300.0,0.0,1.0,0.9,98.0,106.0,148.0,117.33333333333333
mountain_lion,xgb_std,0.9377595814445181,0.035046121545066776,0.9376110804963403,0.035820309014147865,-0.15813467649503357,0.0788301059983933,0.9258850755156175,0.044672541969241995,0.9288883974642488,0.0670042234773553,0.9282715625714939,0.06463909398641629,0.9872832356565263,0.00976643637260655,"XGBClassifier(base_score=None, booster=None, callbacks=None,
              colsample_bylevel=None, colsample_bynode=None,
              colsample_bytree=0.8, device=None, early_stopping_rounds=None,
              enable_categorical=False, eval_metric=None, feature_types=None,
              feature_weights=None, gamma=1, grow_policy=None,
              importance_type=None, interaction_constraints=None,
              learning_rate=0.03, max_bin=None, max_cat_threshold=None,
              max_cat_to_onehot=None, max_delta_step=None, max_depth=3,
              max_leaves=None, min_child_weight=3, missing=nan,
              monotone_constraints=None, multi_strategy=None, n_estimators=100,
              n_jobs=None, num_parallel_tree=None, ...)",,OutlierCleanerTransformer(),,pca,2.0,FeatureScalerTransformer(),25,lasso,0.9976359338061466,0.9972527472527473,0.7321428571428571,0.7294531499840102,0.7058823529411765,0.7346938775510204,0.6792452830188679,0.7969299648225135,1.0,0.9948717948717949,0.7903874269005848,0.6706349206349206,0.9558710372422282,0.934077380952381,0.9449742090973046,28,0,1.0,6,1,0.8571428571428571,34,1,0.9714285714285714,"outlier=OutlierCleanerTransformer();scale=FeatureScalerTransformer();reduce_pre__method=pca;reduce_pre__n_components=2;select__method=lasso;select__k=25;reduce_post__method=None;clf=XGBClassifier(base_score=None, booster=None, callbacks=None,
              colsample_bylevel=None, colsample_bynode=None,
              colsample_bytree=0.8, device=None, early_stopping_rounds=None,
              enable_categorical=False, eval_metric=None, feature_types=None,
              feature_weights=None, gamma=0, grow_policy=None,
              importance_type=None, interaction_constraints=None,
              learning_rate=0.03, max_bin=None, max_cat_threshold=None,
              max_cat_to_onehot=None, max_delta_step=None, max_depth=8,
              max_leaves=None, min_child_weight=3, missing=nan,
              monotone_constraints=None, multi_strategy=None, n_estimators=300,
              n_jobs=None, num_parallel_tree=None, ...)",0.8,0.0,0.03,8.0,3.0,300.0,1.0,1.0,0.8,27.0,24.0,190.0,80.33333333333333
mountain_lion,xgb_std,0.9289830273446172,0.06429208112524713,0.9223257024293602,0.07414450748302127,-0.2057096272114156,0.09817048312419097,0.9071602185920028,0.09342655499609182,0.9628347578347579,0.024288162849158,0.8678865575056378,0.14296217839973596,0.9793224879748283,0.024084091873783478,"XGBClassifier(base_score=None, booster=None, callbacks=None,
              colsample_bylevel=None, colsample_bynode=None,
              colsample_bytree=0.8, device=None, early_stopping_rounds=None,
              enable_categorical=False, eval_metric=None, feature_types=None,
              feature_weights=None, gamma=1, grow_policy=None,
              importance_type=None, interaction_constraints=None,
              learning_rate=0.03, max_bin=None, max_cat_threshold=None,
              max_cat_to_onehot=None, max_delta_step=None, max_depth=3,
              max_leaves=None, min_child_weight=3, missing=nan,
              monotone_constraints=None, multi_strategy=None, n_estimators=100,
              n_jobs=None, num_parallel_tree=None, ...)",,OutlierCleanerTransformer(),,,5.0,,9,random_forest,0.9881796690307328,0.9869363002143086,0.7232142857142857,0.7190598017268948,0.6868686868686869,0.7391304347826086,0.6415094339622641,0.8042852574352414,0.9964912280701754,0.9728374189912652,0.8025402046783626,0.6388888888888888,0.955659433671899,0.9102220695970695,0.9329407516344843,28,0,1.0,6,1,0.8571428571428571,34,1,0.9714285714285714,"outlier=OutlierCleanerTransformer();scale=None;reduce_pre__method=None;reduce_pre__n_components=5;select__method=random_forest;select__k=9;reduce_post__method=None;clf=XGBClassifier(base_score=None, booster=None, callbacks=None,
              colsample_bylevel=None, colsample_bynode=None,
              colsample_bytree=1.0, device=None, early_stopping_rounds=None,
              enable_categorical=False, eval_metric=None, feature_types=None,
              feature_weights=None, gamma=0, grow_policy=None,
              importance_type=None, interaction_constraints=None,
              learning_rate=0.01, max_bin=None, max_cat_threshold=None,
              max_cat_to_onehot=None, max_delta_step=None, max_depth=8,
              max_leaves=None, min_child_weight=5, missing=nan,
              monotone_constraints=None, multi_strategy=None, n_estimators=300,
              n_jobs=None, num_parallel_tree=None, ...)",1.0,0.0,0.01,8.0,5.0,300.0,1.0,1.0,0.9,64.0,86.0,78.0,76.0
mountain_lion,xgb_std,0.9376264847275705,0.028975954652193426,0.9387354191206789,0.02877651382640394,-0.1751461263549748,0.07356681096568027,0.926600925930263,0.036899070975931585,0.920037470898303,0.06277741436308629,0.9377953720953034,0.05227501352638724,0.9878488428711056,0.007472928396148557,"XGBClassifier(base_score=None, booster=None, callbacks=None,
              colsample_bylevel=None, colsample_bynode=None,
              colsample_bytree=0.8, device=None, early_stopping_rounds=None,
              enable_categorical=False, eval_metric=None, feature_types=None,
              feature_weights=None, gamma=1, grow_policy=None,
              importance_type=None, interaction_constraints=None,
              learning_rate=0.03, max_bin=None, max_cat_threshold=None,
              max_cat_to_onehot=None, max_delta_step=None, max_depth=3,
              max_leaves=None, min_child_weight=3, missing=nan,
              monotone_constraints=None, multi_strategy=None, n_estimators=100,
              n_jobs=None, num_parallel_tree=None, ...)",,,,pca,2.0,,26,lasso,0.9929078014184397,0.9917582417582418,0.75,0.744483530540454,0.7083333333333334,0.7906976744186046,0.6415094339622641,0.8532139430764311,1.0,0.9787545787545788,0.8156980994152047,0.628968253968254,0.9611995998768853,0.9131696428571429,0.9371846213670141,28,0,1.0,6,1,0.8571428571428571,34,1,0.9714285714285714,"outlier=None;scale=None;reduce_pre__method=pca;reduce_pre__n_components=2;select__method=lasso;select__k=26;reduce_post__method=None;clf=XGBClassifier(base_score=None, booster=None, callbacks=None,
              colsample_bylevel=None, colsample_bynode=None,
              colsample_bytree=0.8, device=None, early_stopping_rounds=None,
              enable_categorical=False, eval_metric=None, feature_types=None,
              feature_weights=None, gamma=1, grow_policy=None,
              importance_type=None, interaction_constraints=None,
              learning_rate=0.03, max_bin=None, max_cat_threshold=None,
              max_cat_to_onehot=None, max_delta_step=None, max_depth=5,
              max_leaves=None, min_child_weight=5, missing=nan,
              monotone_constraints=None, multi_strategy=None, n_estimators=300,
              n_jobs=None, num_parallel_tree=None, ...)",0.8,1.0,0.03,5.0,5.0,300.0,0.5,4.0,0.8,28.0,23.0,150.0,67.0
mountain_lion,xgb_std,0.9261941505998894,0.06041442964261565,0.9209997471392765,0.0691648302159636,-0.1761834265416794,0.12058491568854379,0.9053957946815091,0.0835260741148836,0.9466268969126113,0.03622833057376252,0.8772730986698043,0.13556647199286528,0.9824478709975702,0.01914608189425135,"XGBClassifier(base_score=None, booster=None, callbacks=None,
              colsample_bylevel=None, colsample_bynode=None,
              colsample_bytree=0.8, device=None, early_stopping_rounds=None,
              enable_categorical=False, eval_metric=None, feature_types=None,
              feature_weights=None, gamma=1, grow_policy=None,
              importance_type=None, interaction_constraints=None,
              learning_rate=0.03, max_bin=None, max_cat_threshold=None,
              max_cat_to_onehot=None, max_delta_step=None, max_depth=3,
              max_leaves=None, min_child_weight=3, missing=nan,
              monotone_constraints=None, multi_strategy=None, n_estimators=100,
              n_jobs=None, num_parallel_tree=None, ...)",,,,,5.0,,28,random_forest,0.9976359338061466,0.9972527472527473,0.7589285714285714,0.757755036776463,0.7428571428571429,0.75,0.7358490566037735,0.8826351135273425,1.0,0.9948717948717949,0.7608735380116959,0.7331349206349206,0.9496575869498307,0.945796130952381,0.9477268589511059,28,0,1.0,7,0,1.0,35,0,1.0,"outlier=None;scale=None;reduce_pre__method=None;reduce_pre__n_components=5;select__method=random_forest;select__k=28;reduce_post__method=None;clf=XGBClassifier(base_score=None, booster=None, callbacks=None,
              colsample_bylevel=None, colsample_bynode=None,
              colsample_bytree=1.0, device=None, early_stopping_rounds=None,
              enable_categorical=False, eval_metric=None, feature_types=None,
              feature_weights=None, gamma=1, grow_policy=None,
              importance_type=None, interaction_constraints=None,
              learning_rate=0.1, max_bin=None, max_cat_threshold=None,
              max_cat_to_onehot=None, max_delta_step=None, max_depth=3,
              max_leaves=None, min_child_weight=3, missing=nan,
              monotone_constraints=None, multi_strategy=None, n_estimators=300,
              n_jobs=None, num_parallel_tree=None, ...)",1.0,1.0,0.1,3.0,3.0,300.0,0.0,1.0,0.9,87.0,98.0,145.0,110.0
mountain_lion,xgb_std,0.9121046341963132,0.057036450119460846,0.9049297604623818,0.0646855374344666,-0.20815971387148696,0.11849281664566708,0.8875036075036075,0.07801986542233531,0.9489028026237328,0.03663501132080957,0.8412115566885643,0.12305457061779171,0.9776627851802104,0.027241435223935864,"XGBClassifier(base_score=None, booster=None, callbacks=None,
              colsample_bylevel=None, colsample_bynode=None,
              colsample_bytree=0.8, device=None, early_stopping_rounds=None,
              enable_categorical=False, eval_metric=None, feature_types=None,
              feature_weights=None, gamma=1, grow_policy=None,
              importance_type=None, interaction_constraints=None,
              learning_rate=0.03, max_bin=None, max_cat_threshold=None,
              max_cat_to_onehot=None, max_delta_step=None, max_depth=3,
              max_leaves=None, min_child_weight=3, missing=nan,
              monotone_constraints=None, multi_strategy=None, n_estimators=100,
              n_jobs=None, num_parallel_tree=None, ...)",,OutlierCleanerTransformer(),,pca,8.0,FeatureScalerTransformer(),4,forward,0.9739952718676123,0.9717979116319366,0.7946428571428571,0.7906939558682443,0.7676767676767676,0.8260869565217391,0.7169811320754716,0.8576910777102654,0.985986177565125,0.9462595097210482,0.8531615497076024,0.7023809523809524,0.9580230980161726,0.9005322802197802,0.9292776891179764,28,0,1.0,6,1,0.8571428571428571,34,1,0.9714285714285714,"outlier=OutlierCleanerTransformer();scale=FeatureScalerTransformer();reduce_pre__method=pca;reduce_pre__n_components=8;select__method=forward;select__k=4;reduce_post__method=None;clf=XGBClassifier(base_score=None, booster=None, callbacks=None,
              colsample_bylevel=None, colsample_bynode=None,
              colsample_bytree=0.8, device=None, early_stopping_rounds=None,
              enable_categorical=False, eval_metric=None, feature_types=None,
              feature_weights=None, gamma=5, grow_policy=None,
              importance_type=None, interaction_constraints=None,
              learning_rate=0.1, max_bin=None, max_cat_threshold=None,
              max_cat_to_onehot=None, max_delta_step=None, max_depth=8,
              max_leaves=None, min_child_weight=3, missing=nan,
              monotone_constraints=None, multi_strategy=None, n_estimators=300,
              n_jobs=None, num_parallel_tree=None, ...)",0.8,5.0,0.1,8.0,3.0,300.0,0.5,2.0,0.7,156.0,169.0,71.0,132.0
mountain_lion,xgb_std,0.9407007579151063,0.036306586767269076,0.9400588777970788,0.03807749587616609,-0.15937171652581214,0.08165080227981242,0.9291292812367932,0.04550599436727845,0.9338575498575498,0.05829777076402301,0.9282715625714939,0.06463909398641629,0.9852196845232134,0.010082528457038796,"XGBClassifier(base_score=None, booster=None, callbacks=None,
              colsample_bylevel=None, colsample_bynode=None,
              colsample_bytree=0.8, device=None, early_stopping_rounds=None,
              enable_categorical=False, eval_metric=None, feature_types=None,
              feature_weights=None, gamma=1, grow_policy=None,
              importance_type=None, interaction_constraints=None,
              learning_rate=0.03, max_bin=None, max_cat_threshold=None,
              max_cat_to_onehot=None, max_delta_step=None, max_depth=3,
              max_leaves=None, min_child_weight=3, missing=nan,
              monotone_constraints=None, multi_strategy=None, n_estimators=100,
              n_jobs=None, num_parallel_tree=None, ...)",,OutlierCleanerTransformer(),,,,FeatureScalerTransformer(),10,lasso,1.0,1.0,0.6875,0.687080268628078,0.6728971962616822,0.6666666666666666,0.6792452830188679,0.7681483850335785,1.0,1.0,0.7206688596491229,0.6755952380952381,0.9411934441366574,0.9391741071428572,0.9401837756397573,28,0,1.0,5,2,0.7142857142857143,33,2,0.9428571428571428,"outlier=OutlierCleanerTransformer();scale=FeatureScalerTransformer();reduce_pre__method=None;reduce_pre__n_components=None;select__method=lasso;select__k=10;reduce_post__method=None;clf=XGBClassifier(base_score=None, booster=None, callbacks=None,
              colsample_bylevel=None, colsample_bynode=None,
              colsample_bytree=0.8, device=None, early_stopping_rounds=None,
              enable_categorical=False, eval_metric=None, feature_types=None,
              feature_weights=None, gamma=0, grow_policy=None,
              importance_type=None, interaction_constraints=None,
              learning_rate=0.1, max_bin=None, max_cat_threshold=None,
              max_cat_to_onehot=None, max_delta_step=None, max_depth=3,
              max_leaves=None, min_child_weight=3, missing=nan,
              monotone_constraints=None, multi_strategy=None, n_estimators=200,
              n_jobs=None, num_parallel_tree=None, ...)",0.8,0.0,0.1,3.0,3.0,200.0,0.0,4.0,1.0,20.0,20.0,187.0,75.66666666666667
mountain_lion,xgb_std,0.9280826672005598,0.06318204728416894,0.9231096233478244,0.07248875233472103,-0.17450658241980282,0.11807728112314633,0.9075341908840591,0.08965881963739616,0.942182139699381,0.03858622325662106,0.8854144197143512,0.14022379881112557,0.9818068080687901,0.021264553495526518,"XGBClassifier(base_score=None, booster=None, callbacks=None,
              colsample_bylevel=None, colsample_bynode=None,
              colsample_bytree=0.8, device=None, early_stopping_rounds=None,
              enable_categorical=False, eval_metric=None, feature_types=None,
              feature_weights=None, gamma=1, grow_policy=None,
              importance_type=None, interaction_constraints=None,
              learning_rate=0.03, max_bin=None, max_cat_threshold=None,
              max_cat_to_onehot=None, max_delta_step=None, max_depth=3,
              max_leaves=None, min_child_weight=3, missing=nan,
              monotone_constraints=None, multi_strategy=None, n_estimators=100,
              n_jobs=None, num_parallel_tree=None, ...)",,OutlierCleanerTransformer(),,pca,2.0,FeatureScalerTransformer(),16,random_forest,0.9881796690307328,0.988281428115453,0.7232142857142857,0.7200191877198593,0.693069306930693,0.7291666666666666,0.660377358490566,0.841701311160857,0.985986177565125,0.9897435897435898,0.7608735380116959,0.6498015873015873,0.9385940429222978,0.9260044642857144,0.932299253604006,28,0,1.0,6,1,0.8571428571428571,34,1,0.9714285714285714,"outlier=OutlierCleanerTransformer();scale=FeatureScalerTransformer();reduce_pre__method=pca;reduce_pre__n_components=2;select__method=random_forest;select__k=16;reduce_post__method=None;clf=XGBClassifier(base_score=None, booster=None, callbacks=None,
              colsample_bylevel=None, colsample_bynode=None,
              colsample_bytree=0.8, device=None, early_stopping_rounds=None,
              enable_categorical=False, eval_metric=None, feature_types=None,
              feature_weights=None, gamma=1, grow_policy=None,
              importance_type=None, interaction_constraints=None,
              learning_rate=0.03, max_bin=None, max_cat_threshold=None,
              max_cat_to_onehot=None, max_delta_step=None, max_depth=5,
              max_leaves=None, min_child_weight=3, missing=nan,
              monotone_constraints=None, multi_strategy=None, n_estimators=300,
              n_jobs=None, num_parallel_tree=None, ...)",0.8,1.0,0.03,5.0,3.0,300.0,0.5,1.0,0.8,70.0,80.0,155.0,101.66666666666667
mountain_lion,xgb_std,0.9270945107439472,0.0570382637303575,0.9233506971904767,0.06135209472508162,-0.18545672994378715,0.09616893840154295,0.9121027179571485,0.07066489386265659,0.9377794984937842,0.05656337357607211,0.8920653985684872,0.10134355109457774,0.9816565008108441,0.020427509764553913,"XGBClassifier(base_score=None, booster=None, callbacks=None,
              colsample_bylevel=None, colsample_bynode=None,
              colsample_bytree=0.8, device=None, early_stopping_rounds=None,
              enable_categorical=False, eval_metric=None, feature_types=None,
              feature_weights=None, gamma=1, grow_policy=None,
              importance_type=None, interaction_constraints=None,
              learning_rate=0.03, max_bin=None, max_cat_threshold=None,
              max_cat_to_onehot=None, max_delta_step=None, max_depth=3,
              max_leaves=None, min_child_weight=3, missing=nan,
              monotone_constraints=None, multi_strategy=None, n_estimators=100,
              n_jobs=None, num_parallel_tree=None, ...)",,OutlierCleanerTransformer(),,pca,3.0,FeatureScalerTransformer(),23,random_forest,0.9881796690307328,0.988281428115453,0.7410714285714286,0.7360089542692676,0.7010309278350515,0.7727272727272727,0.6415094339622641,0.8544931244003837,0.985986177565125,0.9838827838827839,0.8598318713450293,0.628968253968254,0.959427376255631,0.9173363095238095,0.9383818428897203,28,0,1.0,6,1,0.8571428571428571,34,1,0.9714285714285714,"outlier=OutlierCleanerTransformer();scale=FeatureScalerTransformer();reduce_pre__method=pca;reduce_pre__n_components=3;select__method=random_forest;select__k=23;reduce_post__method=None;clf=XGBClassifier(base_score=None, booster=None, callbacks=None,
              colsample_bylevel=None, colsample_bynode=None,
              colsample_bytree=1.0, device=None, early_stopping_rounds=None,
              enable_categorical=False, eval_metric=None, feature_types=None,
              feature_weights=None, gamma=5, grow_policy=None,
              importance_type=None, interaction_constraints=None,
              learning_rate=0.03, max_bin=None, max_cat_threshold=None,
              max_cat_to_onehot=None, max_delta_step=None, max_depth=5,
              max_leaves=None, min_child_weight=3, missing=nan,
              monotone_constraints=None, multi_strategy=None, n_estimators=300,
              n_jobs=None, num_parallel_tree=None, ...)",1.0,5.0,0.03,5.0,3.0,300.0,1.0,1.0,0.7,78.0,76.0,124.0,92.66666666666667
mountain_lion,xgb_std,0.927182307056502,0.05825730280345595,0.9230509731953068,0.06693256243396385,-0.17720198762858502,0.10442828225390867,0.9070831781648477,0.08176467364022419,0.9392948717948718,0.04347817547085916,0.8859210053273199,0.12859015834719653,0.9822151331987217,0.021218436181366828,"XGBClassifier(base_score=None, booster=None, callbacks=None,
              colsample_bylevel=None, colsample_bynode=None,
              colsample_bytree=0.8, device=None, early_stopping_rounds=None,
              enable_categorical=False, eval_metric=None, feature_types=None,
              feature_weights=None, gamma=1, grow_policy=None,
              importance_type=None, interaction_constraints=None,
              learning_rate=0.03, max_bin=None, max_cat_threshold=None,
              max_cat_to_onehot=None, max_delta_step=None, max_depth=3,
              max_leaves=None, min_child_weight=3, missing=nan,
              monotone_constraints=None, multi_strategy=None, n_estimators=100,
              n_jobs=None, num_parallel_tree=None, ...)",,,,pca,12.0,,11,random_forest,0.9858156028368794,0.9855341753682003,0.7321428571428571,0.7275343779980812,0.6938775510204082,0.7555555555555555,0.6415094339622641,0.8209146146466262,0.985986177565125,0.9838264299802761,0.8466739766081872,0.6339285714285715,0.9566572931531381,0.9182205815018315,0.9374389373274847,28,0,1.0,6,1,0.8571428571428571,34,1,0.9714285714285714,"outlier=None;scale=None;reduce_pre__method=pca;reduce_pre__n_components=12;select__method=random_forest;select__k=11;reduce_post__method=None;clf=XGBClassifier(base_score=None, booster=None, callbacks=None,
              colsample_bylevel=None, colsample_bynode=None,
              colsample_bytree=1.0, device=None, early_stopping_rounds=None,
              enable_categorical=False, eval_metric=None, feature_types=None,
              feature_weights=None, gamma=0, grow_policy=None,
              importance_type=None, interaction_constraints=None,
              learning_rate=0.03, max_bin=None, max_cat_threshold=None,
              max_cat_to_onehot=None, max_delta_step=None, max_depth=4,
              max_leaves=None, min_child_weight=3, missing=nan,
              monotone_constraints=None, multi_strategy=None, n_estimators=300,
              n_jobs=None, num_parallel_tree=None, ...)",1.0,0.0,0.03,4.0,3.0,300.0,1.0,1.0,0.8,77.0,81.0,143.0,100.33333333333333
mountain_lion,xgb_std,0.9352577760500695,0.047023973313254655,0.930668624361345,0.05273337010168365,-0.18723809173695985,0.09922616382512463,0.9202722715880611,0.06050688088732456,0.9563914027149322,0.030254724091309717,0.8920653985684872,0.10134355109457774,0.982330387386751,0.019958709621903735,"XGBClassifier(base_score=None, booster=None, callbacks=None,
              colsample_bylevel=None, colsample_bynode=None,
              colsample_bytree=0.8, device=None, early_stopping_rounds=None,
              enable_categorical=False, eval_metric=None, feature_types=None,
              feature_weights=None, gamma=1, grow_policy=None,
              importance_type=None, interaction_constraints=None,
              learning_rate=0.03, max_bin=None, max_cat_threshold=None,
              max_cat_to_onehot=None, max_delta_step=None, max_depth=3,
              max_leaves=None, min_child_weight=3, missing=nan,
              monotone_constraints=None, multi_strategy=None, n_estimators=100,
              n_jobs=None, num_parallel_tree=None, ...)",,OutlierCleanerTransformer(),,pca,5.0,,30,random_forest,0.9881796690307328,0.988281428115453,0.7410714285714286,0.7369683402622322,0.7070707070707071,0.7608695652173914,0.660377358490566,0.8541733290693956,0.985986177565125,0.9838827838827839,0.8181652046783626,0.6498015873015873,0.9506554464310696,0.9212425595238095,0.9359490029774395,28,0,1.0,6,1,0.8571428571428571,34,1,0.9714285714285714,"outlier=OutlierCleanerTransformer();scale=None;reduce_pre__method=pca;reduce_pre__n_components=5;select__method=random_forest;select__k=30;reduce_post__method=None;clf=XGBClassifier(base_score=None, booster=None, callbacks=None,
              colsample_bylevel=None, colsample_bynode=None,
              colsample_bytree=0.6, device=None, early_stopping_rounds=None,
              enable_categorical=False, eval_metric=None, feature_types=None,
              feature_weights=None, gamma=5, grow_policy=None,
              importance_type=None, interaction_constraints=None,
              learning_rate=0.03, max_bin=None, max_cat_threshold=None,
              max_cat_to_onehot=None, max_delta_step=None, max_depth=3,
              max_leaves=None, min_child_weight=3, missing=nan,
              monotone_constraints=None, multi_strategy=None, n_estimators=200,
              n_jobs=None, num_parallel_tree=None, ...)",0.6,5.0,0.03,3.0,3.0,200.0,0.0,4.0,0.7,36.0,47.0,122.0,68.33333333333333
mountain_lion,xgb_std,0.9178522155130707,0.05699995430648377,0.9161631024781535,0.06118569553162603,-0.1801866908664727,0.11379930872378129,0.8974094161383139,0.07330559721125349,0.9280651340996169,0.07875893419576618,0.8817277837696507,0.12101550496816132,0.9880303922696342,0.013498202057959648,"XGBClassifier(base_score=None, booster=None, callbacks=None,
              colsample_bylevel=None, colsample_bynode=None,
              colsample_bytree=0.8, device=None, early_stopping_rounds=None,
              enable_categorical=False, eval_metric=None, feature_types=None,
              feature_weights=None, gamma=1, grow_policy=None,
              importance_type=None, interaction_constraints=None,
              learning_rate=0.03, max_bin=None, max_cat_threshold=None,
              max_cat_to_onehot=None, max_delta_step=None, max_depth=3,
              max_leaves=None, min_child_weight=3, missing=nan,
              monotone_constraints=None, multi_strategy=None, n_estimators=100,
              n_jobs=None, num_parallel_tree=None, ...)",,,,pca,8.0,,13,forward,0.9976359338061466,0.9972527472527473,0.8125,0.8095618803965463,0.7920792079207921,0.8333333333333334,0.7547169811320755,0.895107131435881,1.0,0.9948717948717949,0.8514254385964912,0.7490079365079364,0.9687211449676822,0.9487723214285715,0.9587467331981269,28,0,1.0,6,1,0.8571428571428571,34,1,0.9714285714285714,"outlier=None;scale=None;reduce_pre__method=pca;reduce_pre__n_components=8;select__method=forward;select__k=13;reduce_post__method=None;clf=XGBClassifier(base_score=None, booster=None, callbacks=None,
              colsample_bylevel=None, colsample_bynode=None,
              colsample_bytree=0.8, device=None, early_stopping_rounds=None,
              enable_categorical=False, eval_metric=None, feature_types=None,
              feature_weights=None, gamma=0, grow_policy=None,
              importance_type=None, interaction_constraints=None,
              learning_rate=0.1, max_bin=None, max_cat_threshold=None,
              max_cat_to_onehot=None, max_delta_step=None, max_depth=3,
              max_leaves=None, min_child_weight=3, missing=nan,
              monotone_constraints=None, multi_strategy=None, n_estimators=200,
              n_jobs=None, num_parallel_tree=None, ...)",0.8,0.0,0.1,3.0,3.0,200.0,0.5,4.0,1.0,126.0,119.0,138.0,127.66666666666667
mountain_lion,xgb_std,0.9312200415532859,0.05610324569919312,0.9254160297813655,0.06639175526657383,-0.1843485471041296,0.10270310661980066,0.9100051441421171,0.08191953361662788,0.9592194895052037,0.02779349664254635,0.8789628068111253,0.1414765554244556,0.9835262568973846,0.018459561863968216,"XGBClassifier(base_score=None, booster=None, callbacks=None,
              colsample_bylevel=None, colsample_bynode=None,
              colsample_bytree=0.8, device=None, early_stopping_rounds=None,
              enable_categorical=False, eval_metric=None, feature_types=None,
              feature_weights=None, gamma=1, grow_policy=None,
              importance_type=None, interaction_constraints=None,
              learning_rate=0.03, max_bin=None, max_cat_threshold=None,
              max_cat_to_onehot=None, max_delta_step=None, max_depth=3,
              max_leaves=None, min_child_weight=3, missing=nan,
              monotone_constraints=None, multi_strategy=None, n_estimators=100,
              n_jobs=None, num_parallel_tree=None, ...)",,,,pca,12.0,,22,random_forest,0.9952718676122931,0.9951780584560668,0.7053571428571429,0.7001918771985929,0.6597938144329897,0.7272727272727273,0.6037735849056604,0.85513271506236,0.9964912280701754,0.9948717948717949,0.8025402046783626,0.5972222222222222,0.955659433671899,0.9203125,0.9379859668359495,28,0,1.0,6,1,0.8571428571428571,34,1,0.9714285714285714,"outlier=None;scale=None;reduce_pre__method=pca;reduce_pre__n_components=12;select__method=random_forest;select__k=22;reduce_post__method=None;clf=XGBClassifier(base_score=None, booster=None, callbacks=None,
              colsample_bylevel=None, colsample_bynode=None,
              colsample_bytree=0.6, device=None, early_stopping_rounds=None,
              enable_categorical=False, eval_metric=None, feature_types=None,
              feature_weights=None, gamma=1, grow_policy=None,
              importance_type=None, interaction_constraints=None,
              learning_rate=0.01, max_bin=None, max_cat_threshold=None,
              max_cat_to_onehot=None, max_delta_step=None, max_depth=6,
              max_leaves=None, min_child_weight=3, missing=nan,
              monotone_constraints=None, multi_strategy=None, n_estimators=300,
              n_jobs=None, num_parallel_tree=None, ...)",0.6,1.0,0.01,6.0,3.0,300.0,0.0,1.0,0.9,58.0,67.0,127.0,84.0
mountain_lion,xgb_std,0.9316138395656772,0.052762031567440075,0.9272748879298396,0.05666483393210477,-0.18482232913914637,0.10888012678290379,0.9154815509693559,0.06681027298858948,0.967015503875969,0.03697853180149068,0.877302513318299,0.11157644821477791,0.9858946250033469,0.013530457825841153,"XGBClassifier(base_score=None, booster=None, callbacks=None,
              colsample_bylevel=None, colsample_bynode=None,
              colsample_bytree=0.8, device=None, early_stopping_rounds=None,
              enable_categorical=False, eval_metric=None, feature_types=None,
              feature_weights=None, gamma=1, grow_policy=None,
              importance_type=None, interaction_constraints=None,
              learning_rate=0.03, max_bin=None, max_cat_threshold=None,
              max_cat_to_onehot=None, max_delta_step=None, max_depth=3,
              max_leaves=None, min_child_weight=3, missing=nan,
              monotone_constraints=None, multi_strategy=None, n_estimators=100,
              n_jobs=None, num_parallel_tree=None, ...)",,OutlierCleanerTransformer(),,,12.0,FeatureScalerTransformer(),19,forward,0.9952718676122931,0.9951780584560668,0.8303571428571429,0.8274704189318836,0.8118811881188119,0.8541666666666666,0.7735849056603774,0.8810361368724017,0.9955555555555555,0.9948717948717949,0.8680555555555556,0.7648809523809524,0.9687134502923976,0.951748511904762,0.9602309810985798,28,0,1.0,6,1,0.8571428571428571,34,1,0.9714285714285714,"outlier=OutlierCleanerTransformer();scale=FeatureScalerTransformer();reduce_pre__method=None;reduce_pre__n_components=12;select__method=forward;select__k=19;reduce_post__method=None;clf=XGBClassifier(base_score=None, booster=None, callbacks=None,
              colsample_bylevel=None, colsample_bynode=None,
              colsample_bytree=0.6, device=None, early_stopping_rounds=None,
              enable_categorical=False, eval_metric=None, feature_types=None,
              feature_weights=None, gamma=0, grow_policy=None,
              importance_type=None, interaction_constraints=None,
              learning_rate=0.1, max_bin=None, max_cat_threshold=None,
              max_cat_to_onehot=None, max_delta_step=None, max_depth=3,
              max_leaves=None, min_child_weight=5, missing=nan,
              monotone_constraints=None, multi_strategy=None, n_estimators=100,
              n_jobs=None, num_parallel_tree=None, ...)",0.6,0.0,0.1,3.0,5.0,100.0,1.0,1.0,1.0,55.0,58.0,125.0,79.33333333333333
mountain_lion,xgb_std,0.9348184049739299,0.04376683102111516,0.9350932551843973,0.044213423485182875,-0.18581796091363273,0.08013101934537119,0.9214584688787681,0.055843394147247274,0.9253231601170414,0.07713857867702319,0.9235096578095892,0.07192418947073766,0.9825895050934415,0.014924907066327308,"XGBClassifier(base_score=None, booster=None, callbacks=None,
              colsample_bylevel=None, colsample_bynode=None,
              colsample_bytree=0.8, device=None, early_stopping_rounds=None,
              enable_categorical=False, eval_metric=None, feature_types=None,
              feature_weights=None, gamma=1, grow_policy=None,
              importance_type=None, interaction_constraints=None,
              learning_rate=0.03, max_bin=None, max_cat_threshold=None,
              max_cat_to_onehot=None, max_delta_step=None, max_depth=3,
              max_leaves=None, min_child_weight=3, missing=nan,
              monotone_constraints=None, multi_strategy=None, n_estimators=100,
              n_jobs=None, num_parallel_tree=None, ...)",,,,,5.0,FeatureScalerTransformer(),15,lasso,0.9881796690307328,0.9876088641648808,0.6964285714285714,0.6926766869203709,0.66,0.7021276595744681,0.6226415094339622,0.7582347297729453,0.9920467836257311,0.9787545787545788,0.7747624269005848,0.623015873015873,0.9463027085257002,0.9120535714285714,0.9291781399771357,28,0,1.0,6,1,0.8571428571428571,34,1,0.9714285714285714,"outlier=None;scale=FeatureScalerTransformer();reduce_pre__method=None;reduce_pre__n_components=5;select__method=lasso;select__k=15;reduce_post__method=None;clf=XGBClassifier(base_score=None, booster=None, callbacks=None,
              colsample_bylevel=None, colsample_bynode=None,
              colsample_bytree=0.8, device=None, early_stopping_rounds=None,
              enable_categorical=False, eval_metric=None, feature_types=None,
              feature_weights=None, gamma=5, grow_policy=None,
              importance_type=None, interaction_constraints=None,
              learning_rate=0.1, max_bin=None, max_cat_threshold=None,
              max_cat_to_onehot=None, max_delta_step=None, max_depth=4,
              max_leaves=None, min_child_weight=3, missing=nan,
              monotone_constraints=None, multi_strategy=None, n_estimators=300,
              n_jobs=None, num_parallel_tree=None, ...)",0.8,5.0,0.1,4.0,3.0,300.0,1.0,4.0,0.9,37.0,30.0,123.0,63.333333333333336
mountain_lion,xgb_std,0.9043351669025819,0.07362603262179729,0.8950529669033646,0.08083945984859094,-0.2373928178633617,0.12650703385300394,0.8738494271685762,0.10052021326397476,0.9622134387351778,0.03692520496793625,0.8132088113213713,0.1556932720228127,0.9774124018588946,0.018523119807653244,"XGBClassifier(base_score=None, booster=None, callbacks=None,
              colsample_bylevel=None, colsample_bynode=None,
              colsample_bytree=0.8, device=None, early_stopping_rounds=None,
              enable_categorical=False, eval_metric=None, feature_types=None,
              feature_weights=None, gamma=1, grow_policy=None,
              importance_type=None, interaction_constraints=None,
              learning_rate=0.03, max_bin=None, max_cat_threshold=None,
              max_cat_to_onehot=None, max_delta_step=None, max_depth=3,
              max_leaves=None, min_child_weight=3, missing=nan,
              monotone_constraints=None, multi_strategy=None, n_estimators=100,
              n_jobs=None, num_parallel_tree=None, ...)",,,,,12.0,,25,forward,0.9810874704491725,0.980712233824267,0.7857142857142857,0.7822193795970578,0.76,0.8085106382978723,0.7169811320754716,0.8535337384074193,0.9824774056353003,0.9728374189912652,0.8434758771929826,0.7023809523809524,0.9532139259632334,0.9221268315018315,0.9376703787325325,28,0,1.0,6,1,0.8571428571428571,34,1,0.9714285714285714,"outlier=None;scale=None;reduce_pre__method=None;reduce_pre__n_components=12;select__method=forward;select__k=25;reduce_post__method=None;clf=XGBClassifier(base_score=None, booster=None, callbacks=None,
              colsample_bylevel=None, colsample_bynode=None,
              colsample_bytree=0.6, device=None, early_stopping_rounds=None,
              enable_categorical=False, eval_metric=None, feature_types=None,
              feature_weights=None, gamma=5, grow_policy=None,
              importance_type=None, interaction_constraints=None,
              learning_rate=0.1, max_bin=None, max_cat_threshold=None,
              max_cat_to_onehot=None, max_delta_step=None, max_depth=5,
              max_leaves=None, min_child_weight=5, missing=nan,
              monotone_constraints=None, multi_strategy=None, n_estimators=200,
              n_jobs=None, num_parallel_tree=None, ...)",0.6,5.0,0.1,5.0,5.0,200.0,1.0,4.0,1.0,181.0,188.0,45.0,138.0
mountain_lion,xgb_std,0.9323165995794813,0.04128965256758888,0.9283877023213492,0.04777078399196262,-0.1744505822455503,0.10538702328610874,0.916817563388992,0.054024043325769606,0.9471427396133277,0.03570096556836178,0.8963207177174233,0.10440011419591005,0.9818864487622383,0.02038679291724607,"XGBClassifier(base_score=None, booster=None, callbacks=None,
              colsample_bylevel=None, colsample_bynode=None,
              colsample_bytree=0.8, device=None, early_stopping_rounds=None,
              enable_categorical=False, eval_metric=None, feature_types=None,
              feature_weights=None, gamma=1, grow_policy=None,
              importance_type=None, interaction_constraints=None,
              learning_rate=0.03, max_bin=None, max_cat_threshold=None,
              max_cat_to_onehot=None, max_delta_step=None, max_depth=3,
              max_leaves=None, min_child_weight=3, missing=nan,
              monotone_constraints=None, multi_strategy=None, n_estimators=100,
              n_jobs=None, num_parallel_tree=None, ...)",,,,pca,2.0,,18,random_forest,0.9881796690307328,0.988281428115453,0.7410714285714286,0.7379277262551966,0.7128712871287128,0.75,0.6792452830188679,0.8528941477454429,0.985986177565125,0.9897435897435898,0.7764985380116959,0.6706349206349206,0.9418835166065083,0.9299107142857144,0.9358971154461113,28,0,1.0,6,1,0.8571428571428571,34,1,0.9714285714285714,"outlier=None;scale=None;reduce_pre__method=pca;reduce_pre__n_components=2;select__method=random_forest;select__k=18;reduce_post__method=None;clf=XGBClassifier(base_score=None, booster=None, callbacks=None,
              colsample_bylevel=None, colsample_bynode=None,
              colsample_bytree=0.8, device=None, early_stopping_rounds=None,
              enable_categorical=False, eval_metric=None, feature_types=None,
              feature_weights=None, gamma=0, grow_policy=None,
              importance_type=None, interaction_constraints=None,
              learning_rate=0.03, max_bin=None, max_cat_threshold=None,
              max_cat_to_onehot=None, max_delta_step=None, max_depth=4,
              max_leaves=None, min_child_weight=5, missing=nan,
              monotone_constraints=None, multi_strategy=None, n_estimators=300,
              n_jobs=None, num_parallel_tree=None, ...)",0.8,0.0,0.03,4.0,5.0,300.0,0.0,4.0,0.8,52.0,57.0,156.0,88.33333333333333
mountain_lion,xgb_std,0.92661124151153,0.049911736770158456,0.9256317726441672,0.05321696228723165,-0.17153992080648767,0.08090771530758195,0.9110952553791349,0.0635562143800478,0.9212586872586872,0.07148186929411675,0.9075342353825538,0.09180754551554637,0.983931884925098,0.013205886873343661,"XGBClassifier(base_score=None, booster=None, callbacks=None,
              colsample_bylevel=None, colsample_bynode=None,
              colsample_bytree=0.8, device=None, early_stopping_rounds=None,
              enable_categorical=False, eval_metric=None, feature_types=None,
              feature_weights=None, gamma=1, grow_policy=None,
              importance_type=None, interaction_constraints=None,
              learning_rate=0.03, max_bin=None, max_cat_threshold=None,
              max_cat_to_onehot=None, max_delta_step=None, max_depth=3,
              max_leaves=None, min_child_weight=3, missing=nan,
              monotone_constraints=None, multi_strategy=None, n_estimators=100,
              n_jobs=None, num_parallel_tree=None, ...)",,OutlierCleanerTransformer(),,pca,2.0,FeatureScalerTransformer(),24,lasso,0.9952718676122931,0.9945054945054945,0.75,0.7483210745123121,0.7307692307692307,0.7450980392156863,0.7169811320754716,0.791813239526703,1.0,0.9838827838827839,0.7903874269005848,0.7172619047619048,0.9558710372422282,0.933891369047619,0.9448812031449236,28,0,1.0,6,1,0.8571428571428571,34,1,0.9714285714285714,"outlier=OutlierCleanerTransformer();scale=FeatureScalerTransformer();reduce_pre__method=pca;reduce_pre__n_components=2;select__method=lasso;select__k=24;reduce_post__method=None;clf=XGBClassifier(base_score=None, booster=None, callbacks=None,
              colsample_bylevel=None, colsample_bynode=None,
              colsample_bytree=1.0, device=None, early_stopping_rounds=None,
              enable_categorical=False, eval_metric=None, feature_types=None,
              feature_weights=None, gamma=1, grow_policy=None,
              importance_type=None, interaction_constraints=None,
              learning_rate=0.03, max_bin=None, max_cat_threshold=None,
              max_cat_to_onehot=None, max_delta_step=None, max_depth=5,
              max_leaves=None, min_child_weight=3, missing=nan,
              monotone_constraints=None, multi_strategy=None, n_estimators=300,
              n_jobs=None, num_parallel_tree=None, ...)",1.0,1.0,0.03,5.0,3.0,300.0,1.0,4.0,0.7,80.0,64.0,164.0,102.66666666666667
mountain_lion,xgb_std,0.9245896281939123,0.03669583181170983,0.9267852724931128,0.039271601025529214,-0.217626640231235,0.08677329390908081,0.9109749076702606,0.045602684767982966,0.910873707832101,0.07130746127976602,0.9220119619570546,0.09103706936502254,0.9827002225673447,0.015403242158932521,"XGBClassifier(base_score=None, booster=None, callbacks=None,
              colsample_bylevel=None, colsample_bynode=None,
              colsample_bytree=0.8, device=None, early_stopping_rounds=None,
              enable_categorical=False, eval_metric=None, feature_types=None,
              feature_weights=None, gamma=1, grow_policy=None,
              importance_type=None, interaction_constraints=None,
              learning_rate=0.03, max_bin=None, max_cat_threshold=None,
              max_cat_to_onehot=None, max_delta_step=None, max_depth=3,
              max_leaves=None, min_child_weight=3, missing=nan,
              monotone_constraints=None, multi_strategy=None, n_estimators=100,
              n_jobs=None, num_parallel_tree=None, ...)",,,,,3.0,,9,lasso,0.983451536643026,0.9827869226209476,0.75,0.7483210745123121,0.7307692307692307,0.7450980392156863,0.7169811320754716,0.8493763991045731,0.9874269005847953,0.978698224852071,0.7837171052631579,0.7073412698412698,0.9445406278855031,0.9278187957875458,0.9361797118365245,28,0,1.0,6,1,0.8571428571428571,34,1,0.9714285714285714,"outlier=None;scale=None;reduce_pre__method=None;reduce_pre__n_components=3;select__method=lasso;select__k=9;reduce_post__method=None;clf=XGBClassifier(base_score=None, booster=None, callbacks=None,
              colsample_bylevel=None, colsample_bynode=None,
              colsample_bytree=1.0, device=None, early_stopping_rounds=None,
              enable_categorical=False, eval_metric=None, feature_types=None,
              feature_weights=None, gamma=1, grow_policy=None,
              importance_type=None, interaction_constraints=None,
              learning_rate=0.01, max_bin=None, max_cat_threshold=None,
              max_cat_to_onehot=None, max_delta_step=None, max_depth=4,
              max_leaves=None, min_child_weight=3, missing=nan,
              monotone_constraints=None, multi_strategy=None, n_estimators=300,
              n_jobs=None, num_parallel_tree=None, ...)",1.0,1.0,0.01,4.0,3.0,300.0,0.0,1.0,0.9,94.0,59.0,65.0,72.66666666666667
mountain_lion,xgb_std,0.9066599774238053,0.06058815560084639,0.9030534104825557,0.0667238769219081,-0.19257557378221427,0.12052142272599899,0.8814914497267438,0.0800078801213531,0.9367774086378737,0.07142035029564614,0.8470413766055497,0.13459298727160693,0.9868183896132858,0.014511751626237588,"XGBClassifier(base_score=None, booster=None, callbacks=None,
              colsample_bylevel=None, colsample_bynode=None,
              colsample_bytree=0.8, device=None, early_stopping_rounds=None,
              enable_categorical=False, eval_metric=None, feature_types=None,
              feature_weights=None, gamma=1, grow_policy=None,
              importance_type=None, interaction_constraints=None,
              learning_rate=0.03, max_bin=None, max_cat_threshold=None,
              max_cat_to_onehot=None, max_delta_step=None, max_depth=3,
              max_leaves=None, min_child_weight=3, missing=nan,
              monotone_constraints=None, multi_strategy=None, n_estimators=100,
              n_jobs=None, num_parallel_tree=None, ...)",,,,,2.0,FeatureScalerTransformer(),22,forward,0.9976359338061466,0.9979253112033195,0.8214285714285714,0.8170770706747681,0.7959183673469388,0.8666666666666667,0.7358490566037735,0.8960665174288455,0.9955555555555555,1.0,0.8844115497076024,0.7232142857142857,0.972156817482302,0.9481026785714286,0.9601297480268653,28,0,1.0,6,1,0.8571428571428571,34,1,0.9714285714285714,"outlier=None;scale=FeatureScalerTransformer();reduce_pre__method=None;reduce_pre__n_components=2;select__method=forward;select__k=22;reduce_post__method=None;clf=XGBClassifier(base_score=None, booster=None, callbacks=None,
              colsample_bylevel=None, colsample_bynode=None,
              colsample_bytree=0.6, device=None, early_stopping_rounds=None,
              enable_categorical=False, eval_metric=None, feature_types=None,
              feature_weights=None, gamma=1, grow_policy=None,
              importance_type=None, interaction_constraints=None,
              learning_rate=0.1, max_bin=None, max_cat_threshold=None,
              max_cat_to_onehot=None, max_delta_step=None, max_depth=5,
              max_leaves=None, min_child_weight=3, missing=nan,
              monotone_constraints=None, multi_strategy=None, n_estimators=100,
              n_jobs=None, num_parallel_tree=None, ...)",0.6,1.0,0.1,5.0,3.0,100.0,0.5,4.0,0.8,178.0,177.0,114.0,156.33333333333334
mountain_lion,xgb_std,0.9425014782032217,0.03929993817544594,0.9411193213168465,0.04027690334617244,-0.17010693461728327,0.06843422548131282,0.9326246125743033,0.04536490178315651,0.9426626139817629,0.05374853640170609,0.9245228290355264,0.05363547902645479,0.9863504501028796,0.009945203093781779,"XGBClassifier(base_score=None, booster=None, callbacks=None,
              colsample_bylevel=None, colsample_bynode=None,
              colsample_bytree=0.8, device=None, early_stopping_rounds=None,
              enable_categorical=False, eval_metric=None, feature_types=None,
              feature_weights=None, gamma=1, grow_policy=None,
              importance_type=None, interaction_constraints=None,
              learning_rate=0.03, max_bin=None, max_cat_threshold=None,
              max_cat_to_onehot=None, max_delta_step=None, max_depth=3,
              max_leaves=None, min_child_weight=3, missing=nan,
              monotone_constraints=None, multi_strategy=None, n_estimators=100,
              n_jobs=None, num_parallel_tree=None, ...)",,,,,5.0,FeatureScalerTransformer(),12,lasso,0.9929078014184397,0.992430805708814,0.6964285714285714,0.6936360729133355,0.6666666666666666,0.6938775510204082,0.6415094339622641,0.7713463383434602,0.9964912280701754,0.9838827838827839,0.7616045321637427,0.6438492063492064,0.9470413973530318,0.920126488095238,0.9335839427241349,28,0,1.0,6,1,0.8571428571428571,34,1,0.9714285714285714,"outlier=None;scale=FeatureScalerTransformer();reduce_pre__method=None;reduce_pre__n_components=5;select__method=lasso;select__k=12;reduce_post__method=None;clf=XGBClassifier(base_score=None, booster=None, callbacks=None,
              colsample_bylevel=None, colsample_bynode=None,
              colsample_bytree=0.8, device=None, early_stopping_rounds=None,
              enable_categorical=False, eval_metric=None, feature_types=None,
              feature_weights=None, gamma=0, grow_policy=None,
              importance_type=None, interaction_constraints=None,
              learning_rate=0.03, max_bin=None, max_cat_threshold=None,
              max_cat_to_onehot=None, max_delta_step=None, max_depth=8,
              max_leaves=None, min_child_weight=3, missing=nan,
              monotone_constraints=None, multi_strategy=None, n_estimators=100,
              n_jobs=None, num_parallel_tree=None, ...)",0.8,0.0,0.03,8.0,3.0,100.0,0.0,1.0,0.7,13.0,14.0,167.0,64.66666666666667
mountain_lion,xgb_std,0.942741574241637,0.03344732051972965,0.9426067054387737,0.034551342278918,-0.161272365498227,0.07946370237518774,0.9321077994110201,0.04181874207507619,0.9311396011396011,0.059134868349962635,0.9372887864823347,0.061854856710454355,0.985914058537456,0.010861645627438798,"XGBClassifier(base_score=None, booster=None, callbacks=None,
              colsample_bylevel=None, colsample_bynode=None,
              colsample_bytree=0.8, device=None, early_stopping_rounds=None,
              enable_categorical=False, eval_metric=None, feature_types=None,
              feature_weights=None, gamma=1, grow_policy=None,
              importance_type=None, interaction_constraints=None,
              learning_rate=0.03, max_bin=None, max_cat_threshold=None,
              max_cat_to_onehot=None, max_delta_step=None, max_depth=3,
              max_leaves=None, min_child_weight=3, missing=nan,
              monotone_constraints=None, multi_strategy=None, n_estimators=100,
              n_jobs=None, num_parallel_tree=None, ...)",,,,pca,2.0,FeatureScalerTransformer(),13,lasso,0.9929078014184397,0.992430805708814,0.7321428571428571,0.7284937639910457,0.7,0.7446808510638298,0.660377358490566,0.7918132395267029,0.9955555555555555,0.9838827838827839,0.8042763157894737,0.6597222222222222,0.9552862419205909,0.9231026785714285,0.9391944602460096,28,0,1.0,6,1,0.8571428571428571,34,1,0.9714285714285714,"outlier=None;scale=FeatureScalerTransformer();reduce_pre__method=pca;reduce_pre__n_components=2;select__method=lasso;select__k=13;reduce_post__method=None;clf=XGBClassifier(base_score=None, booster=None, callbacks=None,
              colsample_bylevel=None, colsample_bynode=None,
              colsample_bytree=0.8, device=None, early_stopping_rounds=None,
              enable_categorical=False, eval_metric=None, feature_types=None,
              feature_weights=None, gamma=0, grow_policy=None,
              importance_type=None, interaction_constraints=None,
              learning_rate=0.03, max_bin=None, max_cat_threshold=None,
              max_cat_to_onehot=None, max_delta_step=None, max_depth=3,
              max_leaves=None, min_child_weight=5, missing=nan,
              monotone_constraints=None, multi_strategy=None, n_estimators=300,
              n_jobs=None, num_parallel_tree=None, ...)",0.8,0.0,0.03,3.0,5.0,300.0,0.5,1.0,0.7,10.5,7.0,185.0,67.5
mountain_lion,xgb_std,0.9321204016973434,0.043692080733044494,0.9299564726509699,0.045711464926860824,-0.16692961677916346,0.08020599766217322,0.9219509108327028,0.05006883806025699,0.9287545787545788,0.06209615059823541,0.9213133640552996,0.08133132855933504,0.9876306064115712,0.012549731222901385,"XGBClassifier(base_score=None, booster=None, callbacks=None,
              colsample_bylevel=None, colsample_bynode=None,
              colsample_bytree=0.8, device=None, early_stopping_rounds=None,
              enable_categorical=False, eval_metric=None, feature_types=None,
              feature_weights=None, gamma=1, grow_policy=None,
              importance_type=None, interaction_constraints=None,
              learning_rate=0.03, max_bin=None, max_cat_threshold=None,
              max_cat_to_onehot=None, max_delta_step=None, max_depth=3,
              max_leaves=None, min_child_weight=3, missing=nan,
              monotone_constraints=None, multi_strategy=None, n_estimators=100,
              n_jobs=None, num_parallel_tree=None, ...)",,,,pca,3.0,,16,lasso,0.9881796690307328,0.9876088641648808,0.7678571428571429,0.7643108410617205,0.74,0.7872340425531915,0.6981132075471698,0.8461784457946915,0.9904306220095693,0.9838264299802761,0.796875,0.6865079365079364,0.9496820700075548,0.9280792124542125,0.9388806412308837,28,0,1.0,6,1,0.8571428571428571,34,1,0.9714285714285714,"outlier=None;scale=None;reduce_pre__method=pca;reduce_pre__n_components=3;select__method=lasso;select__k=16;reduce_post__method=None;clf=XGBClassifier(base_score=None, booster=None, callbacks=None,
              colsample_bylevel=None, colsample_bynode=None,
              colsample_bytree=0.8, device=None, early_stopping_rounds=None,
              enable_categorical=False, eval_metric=None, feature_types=None,
              feature_weights=None, gamma=0, grow_policy=None,
              importance_type=None, interaction_constraints=None,
              learning_rate=0.1, max_bin=None, max_cat_threshold=None,
              max_cat_to_onehot=None, max_delta_step=None, max_depth=3,
              max_leaves=None, min_child_weight=5, missing=nan,
              monotone_constraints=None, multi_strategy=None, n_estimators=100,
              n_jobs=None, num_parallel_tree=None, ...)",0.8,0.0,0.1,3.0,5.0,100.0,0.5,2.0,0.8,53.0,48.0,175.0,92.0
mountain_lion,xgb_std,0.941601118059164,0.0355518889303485,0.940203945495338,0.037769867419300496,-0.17344924347561755,0.08244502620861176,0.9305464027245636,0.04332618681411756,0.9400837257980115,0.050094101602504576,0.9240162434225578,0.06181638989450464,0.9841218362201893,0.013338955141271945,"XGBClassifier(base_score=None, booster=None, callbacks=None,
              colsample_bylevel=None, colsample_bynode=None,
              colsample_bytree=0.8, device=None, early_stopping_rounds=None,
              enable_categorical=False, eval_metric=None, feature_types=None,
              feature_weights=None, gamma=1, grow_policy=None,
              importance_type=None, interaction_constraints=None,
              learning_rate=0.03, max_bin=None, max_cat_threshold=None,
              max_cat_to_onehot=None, max_delta_step=None, max_depth=3,
              max_leaves=None, min_child_weight=3, missing=nan,
              monotone_constraints=None, multi_strategy=None, n_estimators=100,
              n_jobs=None, num_parallel_tree=None, ...)",,,,,8.0,FeatureScalerTransformer(),12,lasso,0.9905437352245863,0.9903561169121335,0.7232142857142857,0.7219379597057882,0.7047619047619048,0.7115384615384616,0.6981132075471698,0.7830188679245282,0.9920467836257311,0.9838827838827839,0.7616045321637427,0.6964285714285715,0.9435326254232073,0.929985119047619,0.9367588722354132,28,0,1.0,6,1,0.8571428571428571,34,1,0.9714285714285714,"outlier=None;scale=FeatureScalerTransformer();reduce_pre__method=None;reduce_pre__n_components=8;select__method=lasso;select__k=12;reduce_post__method=None;clf=XGBClassifier(base_score=None, booster=None, callbacks=None,
              colsample_bylevel=None, colsample_bynode=None,
              colsample_bytree=0.6, device=None, early_stopping_rounds=None,
              enable_categorical=False, eval_metric=None, feature_types=None,
              feature_weights=None, gamma=5, grow_policy=None,
              importance_type=None, interaction_constraints=None,
              learning_rate=0.1, max_bin=None, max_cat_threshold=None,
              max_cat_to_onehot=None, max_delta_step=None, max_depth=8,
              max_leaves=None, min_child_weight=5, missing=nan,
              monotone_constraints=None, multi_strategy=None, n_estimators=300,
              n_jobs=None, num_parallel_tree=None, ...)",0.6,5.0,0.1,8.0,5.0,300.0,0.5,1.0,0.8,16.0,18.0,162.0,65.33333333333333
mountain_lion,xgb_std,0.9356748669617101,0.03406317303299773,0.9345303417429867,0.03614997936285463,-0.1740163498997693,0.07707767771763091,0.9234153075229006,0.04198349026304359,0.9345808966861598,0.057934903794518565,0.917564630519332,0.06835390324760754,0.9852185698118185,0.009943230097180133,"XGBClassifier(base_score=None, booster=None, callbacks=None,
              colsample_bylevel=None, colsample_bynode=None,
              colsample_bytree=0.8, device=None, early_stopping_rounds=None,
              enable_categorical=False, eval_metric=None, feature_types=None,
              feature_weights=None, gamma=1, grow_policy=None,
              importance_type=None, interaction_constraints=None,
              learning_rate=0.03, max_bin=None, max_cat_threshold=None,
              max_cat_to_onehot=None, max_delta_step=None, max_depth=3,
              max_leaves=None, min_child_weight=3, missing=nan,
              monotone_constraints=None, multi_strategy=None, n_estimators=100,
              n_jobs=None, num_parallel_tree=None, ...)",,,,,,FeatureScalerTransformer(),20,lasso,0.9858156028368794,0.9855341753682003,0.7410714285714286,0.7388871122481612,0.7184466019417476,0.74,0.6981132075471698,0.7937320115126318,0.9850505050505051,0.9787545787545788,0.7903874269005848,0.6964285714285715,0.9440688043873638,0.9258184523809524,0.9349436283841581,28,0,1.0,6,1,0.8571428571428571,34,1,0.9714285714285714,"outlier=None;scale=FeatureScalerTransformer();reduce_pre__method=None;reduce_pre__n_components=None;select__method=lasso;select__k=20;reduce_post__method=None;clf=XGBClassifier(base_score=None, booster=None, callbacks=None,
              colsample_bylevel=None, colsample_bynode=None,
              colsample_bytree=0.8, device=None, early_stopping_rounds=None,
              enable_categorical=False, eval_metric=None, feature_types=None,
              feature_weights=None, gamma=0, grow_policy=None,
              importance_type=None, interaction_constraints=None,
              learning_rate=0.03, max_bin=None, max_cat_threshold=None,
              max_cat_to_onehot=None, max_delta_step=None, max_depth=4,
              max_leaves=None, min_child_weight=5, missing=nan,
              monotone_constraints=None, multi_strategy=None, n_estimators=200,
              n_jobs=None, num_parallel_tree=None, ...)",0.8,0.0,0.03,4.0,5.0,200.0,1.0,4.0,0.7,33.5,32.0,159.0,74.83333333333333
mountain_lion,xgb_std,0.9536059199799324,0.02856429591759472,0.9512970190884115,0.029825237966252232,-0.17358522293534723,0.06714018262699278,0.9458613680964397,0.032440068802218884,0.9603401360544218,0.03510121683365541,0.9335400529463673,0.04956595934170549,0.9875349756175009,0.0076104774739833075,"XGBClassifier(base_score=None, booster=None, callbacks=None,
              colsample_bylevel=None, colsample_bynode=None,
              colsample_bytree=0.8, device=None, early_stopping_rounds=None,
              enable_categorical=False, eval_metric=None, feature_types=None,
              feature_weights=None, gamma=1, grow_policy=None,
              importance_type=None, interaction_constraints=None,
              learning_rate=0.03, max_bin=None, max_cat_threshold=None,
              max_cat_to_onehot=None, max_delta_step=None, max_depth=3,
              max_leaves=None, min_child_weight=3, missing=nan,
              monotone_constraints=None, multi_strategy=None, n_estimators=100,
              n_jobs=None, num_parallel_tree=None, ...)",,,,pca,2.0,FeatureScalerTransformer(),17,lasso,0.9905437352245863,0.9896835529615613,0.6875,0.6842021106491845,0.6534653465346535,0.6875,0.6226415094339622,0.7550367764630637,0.9964912280701754,0.9787545787545788,0.7608735380116959,0.623015873015873,0.9468875038473376,0.9120535714285714,0.9294705376379544,28,0,1.0,6,1,0.8571428571428571,34,1,0.9714285714285714,"outlier=None;scale=FeatureScalerTransformer();reduce_pre__method=pca;reduce_pre__n_components=2;select__method=lasso;select__k=17;reduce_post__method=None;clf=XGBClassifier(base_score=None, booster=None, callbacks=None,
              colsample_bylevel=None, colsample_bynode=None,
              colsample_bytree=0.8, device=None, early_stopping_rounds=None,
              enable_categorical=False, eval_metric=None, feature_types=None,
              feature_weights=None, gamma=1, grow_policy=None,
              importance_type=None, interaction_constraints=None,
              learning_rate=0.03, max_bin=None, max_cat_threshold=None,
              max_cat_to_onehot=None, max_delta_step=None, max_depth=3,
              max_leaves=None, min_child_weight=3, missing=nan,
              monotone_constraints=None, multi_strategy=None, n_estimators=100,
              n_jobs=None, num_parallel_tree=None, ...)",0.8,1.0,0.03,3.0,3.0,100.0,0.0,1.0,0.7,1.0,1.0,161.0,54.333333333333336
mountain_lion,xgb_std,0.9527055598358747,0.02520830659959802,0.9508100061013988,0.026865248118059747,-0.171350324242224,0.06870963315234913,0.9441780479752566,0.029321844428328317,0.9574170591313449,0.036406605346811095,0.9335400529463673,0.04956595934170549,0.9870295606855708,0.008019268121465818,"XGBClassifier(base_score=None, booster=None, callbacks=None,
              colsample_bylevel=None, colsample_bynode=None,
              colsample_bytree=0.8, device=None, early_stopping_rounds=None,
              enable_categorical=False, eval_metric=None, feature_types=None,
              feature_weights=None, gamma=1, grow_policy=None,
              importance_type=None, interaction_constraints=None,
              learning_rate=0.03, max_bin=None, max_cat_threshold=None,
              max_cat_to_onehot=None, max_delta_step=None, max_depth=3,
              max_leaves=None, min_child_weight=3, missing=nan,
              monotone_constraints=None, multi_strategy=None, n_estimators=100,
              n_jobs=None, num_parallel_tree=None, ...)",,,,pca,2.0,FeatureScalerTransformer(),17,lasso,0.9952718676122931,0.9945054945054945,0.6696428571428571,0.6662935721138471,0.6336633663366337,0.6666666666666666,0.6037735849056604,0.7457627118644068,1.0,0.9838827838827839,0.7467105263157895,0.6021825396825397,0.9466759002770083,0.912313988095238,0.9294949441861231,28,0,1.0,6,1,0.8571428571428571,34,1,0.9714285714285714,"outlier=None;scale=FeatureScalerTransformer();reduce_pre__method=pca;reduce_pre__n_components=2;select__method=lasso;select__k=17;reduce_post__method=None;clf=XGBClassifier(base_score=None, booster=None, callbacks=None,
              colsample_bylevel=None, colsample_bynode=None,
              colsample_bytree=0.8, device=None, early_stopping_rounds=None,
              enable_categorical=False, eval_metric=None, feature_types=None,
              feature_weights=None, gamma=0, grow_policy=None,
              importance_type=None, interaction_constraints=None,
              learning_rate=0.03, max_bin=None, max_cat_threshold=None,
              max_cat_to_onehot=None, max_delta_step=None, max_depth=8,
              max_leaves=None, min_child_weight=3, missing=nan,
              monotone_constraints=None, multi_strategy=None, n_estimators=100,
              n_jobs=None, num_parallel_tree=None, ...)",0.8,0.0,0.03,8.0,3.0,100.0,0.0,1.0,1.0,2.0,2.0,165.0,56.333333333333336
mountain_lion,xgb_std,0.9134851864172016,0.06144850316518196,0.9048041976647289,0.06563815427709546,-0.3554628728652097,0.06102397903097086,0.891616143474328,0.07448161478009728,0.9328717948717948,0.09404943655041408,0.8679339477726575,0.1176936281581846,0.9808280397598192,0.019893425802260424,"XGBClassifier(base_score=None, booster=None, callbacks=None,
              colsample_bylevel=None, colsample_bynode=None,
              colsample_bytree=0.8, device=None, early_stopping_rounds=None,
              enable_categorical=False, eval_metric=None, feature_types=None,
              feature_weights=None, gamma=1, grow_policy=None,
              importance_type=None, interaction_constraints=None,
              learning_rate=0.03, max_bin=None, max_cat_threshold=None,
              max_cat_to_onehot=None, max_delta_step=None, max_depth=3,
              max_leaves=None, min_child_weight=3, missing=nan,
              monotone_constraints=None, multi_strategy=None, n_estimators=100,
              n_jobs=None, num_parallel_tree=None, ...)",,,,pca,2.0,,18,lasso,0.950354609929078,0.944325384159409,0.7589285714285714,0.7510393348257116,0.7032967032967034,0.8421052631578947,0.6037735849056604,0.8177166613367446,0.9874269005847953,0.8906005005552516,0.8802083333333334,0.5922619047619048,0.9648545706371191,0.8346620138439991,0.8997582922405591,28,0,1.0,6,1,0.8571428571428571,34,1,0.9714285714285714,"outlier=None;scale=None;reduce_pre__method=pca;reduce_pre__n_components=2;select__method=lasso;select__k=18;reduce_post__method=None;clf=XGBClassifier(base_score=None, booster=None, callbacks=None,
              colsample_bylevel=None, colsample_bynode=None,
              colsample_bytree=1.0, device=None, early_stopping_rounds=None,
              enable_categorical=False, eval_metric=None, feature_types=None,
              feature_weights=None, gamma=1, grow_policy=None,
              importance_type=None, interaction_constraints=None,
              learning_rate=0.01, max_bin=None, max_cat_threshold=None,
              max_cat_to_onehot=None, max_delta_step=None, max_depth=8,
              max_leaves=None, min_child_weight=5, missing=nan,
              monotone_constraints=None, multi_strategy=None, n_estimators=100,
              n_jobs=None, num_parallel_tree=None, ...)",1.0,1.0,0.01,8.0,5.0,100.0,0.5,2.0,0.8,148.0,170.0,6.0,108.0
mountain_lion,xgb_std,0.9434210413561921,0.03810984032903649,0.941296492529889,0.040663401015568396,-0.19339808448187285,0.07586086854630435,0.9329714032381847,0.045056424361656265,0.9464619431262186,0.04262753987358006,0.9243855606758832,0.07876234551189717,0.9853967536454069,0.01439898558267256,"XGBClassifier(base_score=None, booster=None, callbacks=None,
              colsample_bylevel=None, colsample_bynode=None,
              colsample_bytree=0.8, device=None, early_stopping_rounds=None,
              enable_categorical=False, eval_metric=None, feature_types=None,
              feature_weights=None, gamma=1, grow_policy=None,
              importance_type=None, interaction_constraints=None,
              learning_rate=0.03, max_bin=None, max_cat_threshold=None,
              max_cat_to_onehot=None, max_delta_step=None, max_depth=3,
              max_leaves=None, min_child_weight=3, missing=nan,
              monotone_constraints=None, multi_strategy=None, n_estimators=100,
              n_jobs=None, num_parallel_tree=None, ...)",,,,pca,2.0,,21,lasso,0.9858156028368794,0.9855341753682003,0.7589285714285714,0.7558362647905341,0.7326732673267327,0.7708333333333334,0.6981132075471698,0.8541733290693956,0.9885380116959065,0.9787545787545788,0.782986111111111,0.691468253968254,0.9452639273622655,0.9248883928571429,0.9350761601097042,28,0,1.0,6,1,0.8571428571428571,34,1,0.9714285714285714,"outlier=None;scale=None;reduce_pre__method=pca;reduce_pre__n_components=2;select__method=lasso;select__k=21;reduce_post__method=None;clf=XGBClassifier(base_score=None, booster=None, callbacks=None,
              colsample_bylevel=None, colsample_bynode=None,
              colsample_bytree=0.8, device=None, early_stopping_rounds=None,
              enable_categorical=False, eval_metric=None, feature_types=None,
              feature_weights=None, gamma=0, grow_policy=None,
              importance_type=None, interaction_constraints=None,
              learning_rate=0.03, max_bin=None, max_cat_threshold=None,
              max_cat_to_onehot=None, max_delta_step=None, max_depth=3,
              max_leaves=None, min_child_weight=3, missing=nan,
              monotone_constraints=None, multi_strategy=None, n_estimators=100,
              n_jobs=None, num_parallel_tree=None, ...)",0.8,0.0,0.03,3.0,3.0,100.0,0.5,1.0,0.9,7.0,12.0,113.0,44.0
mountain_lion,xgb_std,0.9116858683772016,0.050443744657533644,0.9089052673543367,0.05534118576977208,-0.19847137183964833,0.11597403614594005,0.8903010033444815,0.06535531252813469,0.9342857142857142,0.06585561062845874,0.8630167990325848,0.11765041650278364,0.9847835674743266,0.008969561831082867,"XGBClassifier(base_score=None, booster=None, callbacks=None,
              colsample_bylevel=None, colsample_bynode=None,
              colsample_bytree=0.8, device=None, early_stopping_rounds=None,
              enable_categorical=False, eval_metric=None, feature_types=None,
              feature_weights=None, gamma=1, grow_policy=None,
              importance_type=None, interaction_constraints=None,
              learning_rate=0.03, max_bin=None, max_cat_threshold=None,
              max_cat_to_onehot=None, max_delta_step=None, max_depth=3,
              max_leaves=None, min_child_weight=3, missing=nan,
              monotone_constraints=None, multi_strategy=None, n_estimators=100,
              n_jobs=None, num_parallel_tree=None, ...)",,OutlierCleanerTransformer(),,pca,2.0,FeatureScalerTransformer(),6,lasso,0.9810874704491725,0.980712233824267,0.7053571428571429,0.7030700351774863,0.6796116504854369,0.7,0.660377358490566,0.7556763671250399,0.9815417331206805,0.9728374189912652,0.762609649122807,0.6597222222222222,0.9354507680684965,0.9141283195970695,0.924789543832783,28,0,1.0,5,2,0.7142857142857143,33,2,0.9428571428571428,"outlier=OutlierCleanerTransformer();scale=FeatureScalerTransformer();reduce_pre__method=pca;reduce_pre__n_components=2;select__method=lasso;select__k=6;reduce_post__method=None;clf=XGBClassifier(base_score=None, booster=None, callbacks=None,
              colsample_bylevel=None, colsample_bynode=None,
              colsample_bytree=0.6, device=None, early_stopping_rounds=None,
              enable_categorical=False, eval_metric=None, feature_types=None,
              feature_weights=None, gamma=1, grow_policy=None,
              importance_type=None, interaction_constraints=None,
              learning_rate=0.1, max_bin=None, max_cat_threshold=None,
              max_cat_to_onehot=None, max_delta_step=None, max_depth=3,
              max_leaves=None, min_child_weight=5, missing=nan,
              monotone_constraints=None, multi_strategy=None, n_estimators=100,
              n_jobs=None, num_parallel_tree=None, ...)",0.6,1.0,0.1,3.0,5.0,100.0,0.0,1.0,0.7,157.0,149.0,95.0,133.66666666666666
mountain_lion,xgb_std,0.9196735410582143,0.07411833326038365,0.9146189950991316,0.08029118730531865,-0.21753555159021082,0.14243592072387637,0.8958635611556574,0.1036174765237397,0.9551538461538461,0.041471963232830825,0.8637554335392359,0.16799278991968986,0.9818291020886214,0.017759777737561083,"XGBClassifier(base_score=None, booster=None, callbacks=None,
              colsample_bylevel=None, colsample_bynode=None,
              colsample_bytree=0.8, device=None, early_stopping_rounds=None,
              enable_categorical=False, eval_metric=None, feature_types=None,
              feature_weights=None, gamma=1, grow_policy=None,
              importance_type=None, interaction_constraints=None,
              learning_rate=0.03, max_bin=None, max_cat_threshold=None,
              max_cat_to_onehot=None, max_delta_step=None, max_depth=3,
              max_leaves=None, min_child_weight=3, missing=nan,
              monotone_constraints=None, multi_strategy=None, n_estimators=100,
              n_jobs=None, num_parallel_tree=None, ...)",,,,pca,2.0,FeatureScalerTransformer(),8,lasso,0.9905437352245863,0.9896835529615613,0.6964285714285714,0.6955548448992644,0.6792452830188679,0.6792452830188679,0.6792452830188679,0.7735849056603773,0.9964912280701754,0.9787545787545788,0.7348318713450293,0.6805555555555555,0.9414050477069866,0.9228422619047618,0.9321236548058742,28,0,1.0,5,2,0.7142857142857143,33,2,0.9428571428571428,"outlier=None;scale=FeatureScalerTransformer();reduce_pre__method=pca;reduce_pre__n_components=2;select__method=lasso;select__k=8;reduce_post__method=None;clf=XGBClassifier(base_score=None, booster=None, callbacks=None,
              colsample_bylevel=None, colsample_bynode=None,
              colsample_bytree=0.8, device=None, early_stopping_rounds=None,
              enable_categorical=False, eval_metric=None, feature_types=None,
              feature_weights=None, gamma=1, grow_policy=None,
              importance_type=None, interaction_constraints=None,
              learning_rate=0.03, max_bin=None, max_cat_threshold=None,
              max_cat_to_onehot=None, max_delta_step=None, max_depth=3,
              max_leaves=None, min_child_weight=5, missing=nan,
              monotone_constraints=None, multi_strategy=None, n_estimators=100,
              n_jobs=None, num_parallel_tree=None, ...)",0.8,1.0,0.03,3.0,5.0,100.0,0.0,1.0,0.9,124.0,125.0,66.0,105.0
mountain_lion,xgb_std,0.9394725054200785,0.04640406033751353,0.9364256553061108,0.04932140644875863,-0.15860732134009617,0.09878903338655755,0.9280383197049865,0.05591478244002603,0.9467948717948719,0.05150592160666837,0.9148617511520737,0.08858404067634167,0.9859028904088829,0.010598504664892747,"XGBClassifier(base_score=None, booster=None, callbacks=None,
              colsample_bylevel=None, colsample_bynode=None,
              colsample_bytree=0.8, device=None, early_stopping_rounds=None,
              enable_categorical=False, eval_metric=None, feature_types=None,
              feature_weights=None, gamma=1, grow_policy=None,
              importance_type=None, interaction_constraints=None,
              learning_rate=0.03, max_bin=None, max_cat_threshold=None,
              max_cat_to_onehot=None, max_delta_step=None, max_depth=3,
              max_leaves=None, min_child_weight=3, missing=nan,
              monotone_constraints=None, multi_strategy=None, n_estimators=100,
              n_jobs=None, num_parallel_tree=None, ...)",,,,pca,8.0,FeatureScalerTransformer(),9,lasso,0.9929078014184397,0.992430805708814,0.7232142857142857,0.7209785737128238,0.6990291262135923,0.72,0.6792452830188679,0.7831787655900223,0.9955555555555555,0.9897435897435898,0.7747624269005848,0.6755952380952381,0.9490727916281931,0.9308407738095239,0.9399567827188585,28,0,1.0,6,1,0.8571428571428571,34,1,0.9714285714285714,"outlier=None;scale=FeatureScalerTransformer();reduce_pre__method=pca;reduce_pre__n_components=8;select__method=lasso;select__k=9;reduce_post__method=None;clf=XGBClassifier(base_score=None, booster=None, callbacks=None,
              colsample_bylevel=None, colsample_bynode=None,
              colsample_bytree=0.8, device=None, early_stopping_rounds=None,
              enable_categorical=False, eval_metric=None, feature_types=None,
              feature_weights=None, gamma=0, grow_policy=None,
              importance_type=None, interaction_constraints=None,
              learning_rate=0.1, max_bin=None, max_cat_threshold=None,
              max_cat_to_onehot=None, max_delta_step=None, max_depth=3,
              max_leaves=None, min_child_weight=3, missing=nan,
              monotone_constraints=None, multi_strategy=None, n_estimators=200,
              n_jobs=None, num_parallel_tree=None, ...)",0.8,0.0,0.1,3.0,3.0,200.0,0.5,1.0,0.7,24.0,26.0,188.0,79.33333333333333
mountain_lion,xgb_std,0.8988468846331525,0.09772393382405858,0.8960351801196204,0.10069084218283215,-0.20758822349379363,0.14277132301172207,0.8769005305039788,0.11596021717355355,0.911281179138322,0.11254959902542722,0.8618663594470046,0.1579681073814784,0.9707436291643786,0.05186013357239006,"XGBClassifier(base_score=None, booster=None, callbacks=None,
              colsample_bylevel=None, colsample_bynode=None,
              colsample_bytree=0.8, device=None, early_stopping_rounds=None,
              enable_categorical=False, eval_metric=None, feature_types=None,
              feature_weights=None, gamma=1, grow_policy=None,
              importance_type=None, interaction_constraints=None,
              learning_rate=0.03, max_bin=None, max_cat_threshold=None,
              max_cat_to_onehot=None, max_delta_step=None, max_depth=3,
              max_leaves=None, min_child_weight=3, missing=nan,
              monotone_constraints=None, multi_strategy=None, n_estimators=100,
              n_jobs=None, num_parallel_tree=None, ...)",,OutlierCleanerTransformer(),,,12.0,,2,lasso,0.933806146572104,0.9304751265332178,0.75,0.7473616885193476,0.7254901960784313,0.7551020408163265,0.6981132075471698,0.7876559002238568,0.9573099415204679,0.8956184840800225,0.7733004385964911,0.7113095238095237,0.9185710987996307,0.861060554029304,0.8898158264144673,27,1,0.9642857142857143,7,0,1.0,34,1,0.9714285714285714,"outlier=OutlierCleanerTransformer();scale=None;reduce_pre__method=None;reduce_pre__n_components=12;select__method=lasso;select__k=2;reduce_post__method=None;clf=XGBClassifier(base_score=None, booster=None, callbacks=None,
              colsample_bylevel=None, colsample_bynode=None,
              colsample_bytree=0.8, device=None, early_stopping_rounds=None,
              enable_categorical=False, eval_metric=None, feature_types=None,
              feature_weights=None, gamma=1, grow_policy=None,
              importance_type=None, interaction_constraints=None,
              learning_rate=0.03, max_bin=None, max_cat_threshold=None,
              max_cat_to_onehot=None, max_delta_step=None, max_depth=5,
              max_leaves=None, min_child_weight=5, missing=nan,
              monotone_constraints=None, multi_strategy=None, n_estimators=200,
              n_jobs=None, num_parallel_tree=None, ...)",0.8,1.0,0.03,5.0,5.0,200.0,0.0,1.0,0.7,191.0,185.0,73.0,149.66666666666666
mountain_lion,xgb_std,0.932537492608984,0.04554447168276011,0.9307883610797536,0.049428174796957235,-0.19232538385340076,0.07907903278693806,0.9182016175170332,0.05836942880800752,0.9318216175359032,0.05952475733807287,0.9097305291368436,0.08502077909820176,0.9831155061128047,0.012668148209542629,"XGBClassifier(base_score=None, booster=None, callbacks=None,
              colsample_bylevel=None, colsample_bynode=None,
              colsample_bytree=0.8, device=None, early_stopping_rounds=None,
              enable_categorical=False, eval_metric=None, feature_types=None,
              feature_weights=None, gamma=1, grow_policy=None,
              importance_type=None, interaction_constraints=None,
              learning_rate=0.03, max_bin=None, max_cat_threshold=None,
              max_cat_to_onehot=None, max_delta_step=None, max_depth=3,
              max_leaves=None, min_child_weight=3, missing=nan,
              monotone_constraints=None, multi_strategy=None, n_estimators=100,
              n_jobs=None, num_parallel_tree=None, ...)",,,,pca,2.0,FeatureScalerTransformer(),27,lasso,0.9952718676122931,0.9945054945054945,0.6607142857142857,0.6587783818356252,0.6346153846153846,0.6470588235294118,0.6226415094339622,0.7459226095299009,1.0,0.9838827838827839,0.7196637426900585,0.623015873015873,0.940981840566328,0.916220238095238,0.9286010393307831,28,0,1.0,6,1,0.8571428571428571,34,1,0.9714285714285714,"outlier=None;scale=FeatureScalerTransformer();reduce_pre__method=pca;reduce_pre__n_components=2;select__method=lasso;select__k=27;reduce_post__method=None;clf=XGBClassifier(base_score=None, booster=None, callbacks=None,
              colsample_bylevel=None, colsample_bynode=None,
              colsample_bytree=1.0, device=None, early_stopping_rounds=None,
              enable_categorical=False, eval_metric=None, feature_types=None,
              feature_weights=None, gamma=5, grow_policy=None,
              importance_type=None, interaction_constraints=None,
              learning_rate=0.03, max_bin=None, max_cat_threshold=None,
              max_cat_to_onehot=None, max_delta_step=None, max_depth=3,
              max_leaves=None, min_child_weight=3, missing=nan,
              monotone_constraints=None, multi_strategy=None, n_estimators=200,
              n_jobs=None, num_parallel_tree=None, ...)",1.0,5.0,0.03,3.0,3.0,200.0,0.5,4.0,1.0,49.0,46.0,115.0,70.0
mountain_lion,xgb_std,0.920616397110434,0.04794708602354076,0.9183515614533218,0.05305779908272837,-0.2060362654168839,0.12931981522324368,0.9011837109876326,0.06229056695011178,0.9401838901838901,0.05612739988345161,0.8767959277053305,0.11394651446651075,0.97834881461996,0.025779857704465215,"XGBClassifier(base_score=None, booster=None, callbacks=None,
              colsample_bylevel=None, colsample_bynode=None,
              colsample_bytree=0.8, device=None, early_stopping_rounds=None,
              enable_categorical=False, eval_metric=None, feature_types=None,
              feature_weights=None, gamma=1, grow_policy=None,
              importance_type=None, interaction_constraints=None,
              learning_rate=0.03, max_bin=None, max_cat_threshold=None,
              max_cat_to_onehot=None, max_delta_step=None, max_depth=3,
              max_leaves=None, min_child_weight=3, missing=nan,
              monotone_constraints=None, multi_strategy=None, n_estimators=100,
              n_jobs=None, num_parallel_tree=None, ...)",,OutlierCleanerTransformer(),,pca,2.0,,3,lasso,0.9763593380614657,0.9745451643791894,0.7678571428571429,0.769107771026543,0.7636363636363637,0.7368421052631579,0.7924528301886793,0.8556124080588423,0.985986177565125,0.9501056635672019,0.7298976608187134,0.7906746031746031,0.932072805618512,0.9202123397435897,0.9261425726810508,28,0,1.0,7,0,1.0,35,0,1.0,"outlier=OutlierCleanerTransformer();scale=None;reduce_pre__method=pca;reduce_pre__n_components=2;select__method=lasso;select__k=3;reduce_post__method=None;clf=XGBClassifier(base_score=None, booster=None, callbacks=None,
              colsample_bylevel=None, colsample_bynode=None,
              colsample_bytree=0.8, device=None, early_stopping_rounds=None,
              enable_categorical=False, eval_metric=None, feature_types=None,
              feature_weights=None, gamma=1, grow_policy=None,
              importance_type=None, interaction_constraints=None,
              learning_rate=0.1, max_bin=None, max_cat_threshold=None,
              max_cat_to_onehot=None, max_delta_step=None, max_depth=3,
              max_leaves=None, min_child_weight=3, missing=nan,
              monotone_constraints=None, multi_strategy=None, n_estimators=300,
              n_jobs=None, num_parallel_tree=None, ...)",0.8,1.0,0.1,3.0,3.0,300.0,0.0,1.0,1.0,111.0,111.0,77.0,99.66666666666667
mountain_lion,xgb_std,0.9336779487914569,0.03757025656250323,0.9335308313754155,0.03829681923875173,-0.1812253318247863,0.07880133724076735,0.9212326375423775,0.04673336837301835,0.927106227106227,0.06750419845879264,0.9197609242736217,0.060076464412184706,0.9837972291410273,0.013622259946474072,"XGBClassifier(base_score=None, booster=None, callbacks=None,
              colsample_bylevel=None, colsample_bynode=None,
              colsample_bytree=0.8, device=None, early_stopping_rounds=None,
              enable_categorical=False, eval_metric=None, feature_types=None,
              feature_weights=None, gamma=1, grow_policy=None,
              importance_type=None, interaction_constraints=None,
              learning_rate=0.03, max_bin=None, max_cat_threshold=None,
              max_cat_to_onehot=None, max_delta_step=None, max_depth=3,
              max_leaves=None, min_child_weight=3, missing=nan,
              monotone_constraints=None, multi_strategy=None, n_estimators=100,
              n_jobs=None, num_parallel_tree=None, ...)",,OutlierCleanerTransformer(),,,8.0,FeatureScalerTransformer(),14,lasso,0.9881796690307328,0.9876088641648808,0.7053571428571429,0.7021106491845219,0.6732673267326733,0.7083333333333334,0.6415094339622641,0.766869203709626,0.9920467836257311,0.9787545787545788,0.7764985380116959,0.6438492063492064,0.9466682056017235,0.9159598214285714,0.9313140135151474,28,0,1.0,6,1,0.8571428571428571,34,1,0.9714285714285714,"outlier=OutlierCleanerTransformer();scale=FeatureScalerTransformer();reduce_pre__method=None;reduce_pre__n_components=8;select__method=lasso;select__k=14;reduce_post__method=None;clf=XGBClassifier(base_score=None, booster=None, callbacks=None,
              colsample_bylevel=None, colsample_bynode=None,
              colsample_bytree=1.0, device=None, early_stopping_rounds=None,
              enable_categorical=False, eval_metric=None, feature_types=None,
              feature_weights=None, gamma=5, grow_policy=None,
              importance_type=None, interaction_constraints=None,
              learning_rate=0.03, max_bin=None, max_cat_threshold=None,
              max_cat_to_onehot=None, max_delta_step=None, max_depth=4,
              max_leaves=None, min_child_weight=5, missing=nan,
              monotone_constraints=None, multi_strategy=None, n_estimators=200,
              n_jobs=None, num_parallel_tree=None, ...)",1.0,5.0,0.03,4.0,5.0,200.0,0.5,1.0,0.7,43.0,35.0,136.0,71.33333333333333
mountain_lion,xgb_std,0.9347937098265653,0.03180176373543008,0.9350103807182212,0.03343822437432097,-0.16446711812602383,0.07354899749715438,0.9219920845704819,0.04088236505457786,0.9295496660202544,0.06299310648167118,0.9232024381475309,0.08094235662465658,0.9880467760823677,0.006869354731820717,"XGBClassifier(base_score=None, booster=None, callbacks=None,
              colsample_bylevel=None, colsample_bynode=None,
              colsample_bytree=0.8, device=None, early_stopping_rounds=None,
              enable_categorical=False, eval_metric=None, feature_types=None,
              feature_weights=None, gamma=1, grow_policy=None,
              importance_type=None, interaction_constraints=None,
              learning_rate=0.03, max_bin=None, max_cat_threshold=None,
              max_cat_to_onehot=None, max_delta_step=None, max_depth=3,
              max_leaves=None, min_child_weight=3, missing=nan,
              monotone_constraints=None, multi_strategy=None, n_estimators=100,
              n_jobs=None, num_parallel_tree=None, ...)",,,,pca,3.0,,25,lasso,1.0,1.0,0.7589285714285714,0.7529581068116405,0.7157894736842105,0.8095238095238095,0.6415094339622641,0.8717620722737448,1.0,1.0,0.8288559941520467,0.6339285714285715,0.9639696829793782,0.9313616071428572,0.9476656450611177,28,0,1.0,6,1,0.8571428571428571,34,1,0.9714285714285714,"outlier=None;scale=None;reduce_pre__method=pca;reduce_pre__n_components=3;select__method=lasso;select__k=25;reduce_post__method=None;clf=XGBClassifier(base_score=None, booster=None, callbacks=None,
              colsample_bylevel=None, colsample_bynode=None,
              colsample_bytree=0.6, device=None, early_stopping_rounds=None,
              enable_categorical=False, eval_metric=None, feature_types=None,
              feature_weights=None, gamma=0, grow_policy=None,
              importance_type=None, interaction_constraints=None,
              learning_rate=0.03, max_bin=None, max_cat_threshold=None,
              max_cat_to_onehot=None, max_delta_step=None, max_depth=5,
              max_leaves=None, min_child_weight=3, missing=nan,
              monotone_constraints=None, multi_strategy=None, n_estimators=300,
              n_jobs=None, num_parallel_tree=None, ...)",0.6,0.0,0.03,5.0,3.0,300.0,1.0,1.0,0.9,38.0,31.0,182.0,83.66666666666667
mountain_lion,xgb_std,0.9253390908602247,0.0594219930900745,0.9197745370688363,0.06504468939028447,-0.17396567576051974,0.11785447617308967,0.9071658164323338,0.07614279755261605,0.9553712974551523,0.04402857673170632,0.8701449488511945,0.11809202246663059,0.9859424736388597,0.013703143229942377,"XGBClassifier(base_score=None, booster=None, callbacks=None,
              colsample_bylevel=None, colsample_bynode=None,
              colsample_bytree=0.8, device=None, early_stopping_rounds=None,
              enable_categorical=False, eval_metric=None, feature_types=None,
              feature_weights=None, gamma=1, grow_policy=None,
              importance_type=None, interaction_constraints=None,
              learning_rate=0.03, max_bin=None, max_cat_threshold=None,
              max_cat_to_onehot=None, max_delta_step=None, max_depth=3,
              max_leaves=None, min_child_weight=3, missing=nan,
              monotone_constraints=None, multi_strategy=None, n_estimators=100,
              n_jobs=None, num_parallel_tree=None, ...)",,OutlierCleanerTransformer(),,pca,,FeatureScalerTransformer(),5,lasso,0.9881796690307328,0.988281428115453,0.6696428571428571,0.6672529581068116,0.6407766990291263,0.66,0.6226415094339622,0.7368084425967382,0.9885380116959065,0.9838827838827839,0.733826754385965,0.623015873015873,0.9349145891043399,0.916220238095238,0.9255674135997889,28,0,1.0,5,2,0.7142857142857143,33,2,0.9428571428571428,"outlier=OutlierCleanerTransformer();scale=FeatureScalerTransformer();reduce_pre__method=pca;reduce_pre__n_components=None;select__method=lasso;select__k=5;reduce_post__method=None;clf=XGBClassifier(base_score=None, booster=None, callbacks=None,
              colsample_bylevel=None, colsample_bynode=None,
              colsample_bytree=1.0, device=None, early_stopping_rounds=None,
              enable_categorical=False, eval_metric=None, feature_types=None,
              feature_weights=None, gamma=1, grow_policy=None,
              importance_type=None, interaction_constraints=None,
              learning_rate=0.1, max_bin=None, max_cat_threshold=None,
              max_cat_to_onehot=None, max_delta_step=None, max_depth=4,
              max_leaves=None, min_child_weight=3, missing=nan,
              monotone_constraints=None, multi_strategy=None, n_estimators=200,
              n_jobs=None, num_parallel_tree=None, ...)",1.0,1.0,0.1,4.0,3.0,200.0,1.0,1.0,0.7,92.0,101.0,160.0,117.66666666666667
mountain_lion,xgb_std,0.9031947107201089,0.08104134653818236,0.8959686900903744,0.0889101559937619,-0.36381988463256143,0.059675296650279465,0.8766129032258064,0.10847179182698868,0.9331946169772257,0.04371319039441598,0.8356284929895088,0.1562105286651856,0.9772787540485715,0.018083470400153966,"XGBClassifier(base_score=None, booster=None, callbacks=None,
              colsample_bylevel=None, colsample_bynode=None,
              colsample_bytree=0.8, device=None, early_stopping_rounds=None,
              enable_categorical=False, eval_metric=None, feature_types=None,
              feature_weights=None, gamma=1, grow_policy=None,
              importance_type=None, interaction_constraints=None,
              learning_rate=0.03, max_bin=None, max_cat_threshold=None,
              max_cat_to_onehot=None, max_delta_step=None, max_depth=3,
              max_leaves=None, min_child_weight=3, missing=nan,
              monotone_constraints=None, multi_strategy=None, n_estimators=100,
              n_jobs=None, num_parallel_tree=None, ...)",,,,,12.0,FeatureScalerTransformer(),13,lasso,0.9858156028368794,0.9848616114176281,0.6875,0.685161496642149,0.6601941747572816,0.68,0.6415094339622641,0.767188999040614,0.9904306220095693,0.9736263736263737,0.7209429824561403,0.6438492063492064,0.9336963821035843,0.9117931547619047,0.9227447684327446,28,0,1.0,5,2,0.7142857142857143,33,2,0.9428571428571428,"outlier=None;scale=FeatureScalerTransformer();reduce_pre__method=None;reduce_pre__n_components=12;select__method=lasso;select__k=13;reduce_post__method=None;clf=XGBClassifier(base_score=None, booster=None, callbacks=None,
              colsample_bylevel=None, colsample_bynode=None,
              colsample_bytree=0.6, device=None, early_stopping_rounds=None,
              enable_categorical=False, eval_metric=None, feature_types=None,
              feature_weights=None, gamma=5, grow_policy=None,
              importance_type=None, interaction_constraints=None,
              learning_rate=0.01, max_bin=None, max_cat_threshold=None,
              max_cat_to_onehot=None, max_delta_step=None, max_depth=8,
              max_leaves=None, min_child_weight=5, missing=nan,
              monotone_constraints=None, multi_strategy=None, n_estimators=100,
              n_jobs=None, num_parallel_tree=None, ...)",0.6,5.0,0.01,8.0,5.0,100.0,0.0,4.0,1.0,183.0,186.0,5.0,124.66666666666667
mountain_lion,xgb_std,0.9452656598005846,0.04128237922084567,0.9424532895595513,0.04300258496569497,-0.18957554023641443,0.08557538313731983,0.9362341158206015,0.04889207590696572,0.9506410256410256,0.05166523507592278,0.9260752688172044,0.07510542942399627,0.982209894315248,0.018876017996055153,"XGBClassifier(base_score=None, booster=None, callbacks=None,
              colsample_bylevel=None, colsample_bynode=None,
              colsample_bytree=0.8, device=None, early_stopping_rounds=None,
              enable_categorical=False, eval_metric=None, feature_types=None,
              feature_weights=None, gamma=1, grow_policy=None,
              importance_type=None, interaction_constraints=None,
              learning_rate=0.03, max_bin=None, max_cat_threshold=None,
              max_cat_to_onehot=None, max_delta_step=None, max_depth=3,
              max_leaves=None, min_child_weight=3, missing=nan,
              monotone_constraints=None, multi_strategy=None, n_estimators=100,
              n_jobs=None, num_parallel_tree=None, ...)",,OutlierCleanerTransformer(),,pca,2.0,,17,lasso,0.9787234042553191,0.9786375450275865,0.8125,0.8105212663895107,0.7961165048543689,0.82,0.7735849056603774,0.8634473936680526,0.9769218500797447,0.9736263736263737,0.8392726608187134,0.7698412698412698,0.9479430733932117,0.9354166666666667,0.9416798700299391,28,0,1.0,7,0,1.0,35,0,1.0,"outlier=OutlierCleanerTransformer();scale=None;reduce_pre__method=pca;reduce_pre__n_components=2;select__method=lasso;select__k=17;reduce_post__method=None;clf=XGBClassifier(base_score=None, booster=None, callbacks=None,
              colsample_bylevel=None, colsample_bynode=None,
              colsample_bytree=0.6, device=None, early_stopping_rounds=None,
              enable_categorical=False, eval_metric=None, feature_types=None,
              feature_weights=None, gamma=5, grow_policy=None,
              importance_type=None, interaction_constraints=None,
              learning_rate=0.1, max_bin=None, max_cat_threshold=None,
              max_cat_to_onehot=None, max_delta_step=None, max_depth=4,
              max_leaves=None, min_child_weight=3, missing=nan,
              monotone_constraints=None, multi_strategy=None, n_estimators=100,
              n_jobs=None, num_parallel_tree=None, ...)",0.6,5.0,0.1,4.0,3.0,100.0,0.5,1.0,0.9,5.5,8.0,119.0,44.166666666666664
mountain_lion,xgb_std,0.9327967916563121,0.03163466340897859,0.9335825075161545,0.03119338578855415,-0.1688186828417727,0.0758225387826775,0.9200300830579357,0.040824155503876865,0.9236282311333021,0.0728586940703658,0.9248921462888517,0.07157676989189624,0.988185786159059,0.007275263131203363,"XGBClassifier(base_score=None, booster=None, callbacks=None,
              colsample_bylevel=None, colsample_bynode=None,
              colsample_bytree=0.8, device=None, early_stopping_rounds=None,
              enable_categorical=False, eval_metric=None, feature_types=None,
              feature_weights=None, gamma=1, grow_policy=None,
              importance_type=None, interaction_constraints=None,
              learning_rate=0.03, max_bin=None, max_cat_threshold=None,
              max_cat_to_onehot=None, max_delta_step=None, max_depth=3,
              max_leaves=None, min_child_weight=3, missing=nan,
              monotone_constraints=None, multi_strategy=None, n_estimators=100,
              n_jobs=None, num_parallel_tree=None, ...)",,,,pca,,,26,lasso,0.9952718676122931,0.9945054945054945,0.75,0.7464023025263831,0.72,0.7659574468085106,0.6792452830188679,0.8714422769427567,1.0,0.9838827838827839,0.7879203216374269,0.6706349206349206,0.9553516466605111,0.9251488095238095,0.9402502280921603,28,0,1.0,6,1,0.8571428571428571,34,1,0.9714285714285714,"outlier=None;scale=None;reduce_pre__method=pca;reduce_pre__n_components=None;select__method=lasso;select__k=26;reduce_post__method=None;clf=XGBClassifier(base_score=None, booster=None, callbacks=None,
              colsample_bylevel=None, colsample_bynode=None,
              colsample_bytree=0.8, device=None, early_stopping_rounds=None,
              enable_categorical=False, eval_metric=None, feature_types=None,
              feature_weights=None, gamma=1, grow_policy=None,
              importance_type=None, interaction_constraints=None,
              learning_rate=0.03, max_bin=None, max_cat_threshold=None,
              max_cat_to_onehot=None, max_delta_step=None, max_depth=3,
              max_leaves=None, min_child_weight=3, missing=nan,
              monotone_constraints=None, multi_strategy=None, n_estimators=200,
              n_jobs=None, num_parallel_tree=None, ...)",0.8,1.0,0.03,3.0,3.0,200.0,0.0,1.0,0.7,44.0,34.0,168.0,82.0
mountain_lion,xgb_std,0.9356748669617101,0.036426597538355136,0.9342770489365023,0.03936767515697072,-0.1650834813840802,0.07876461835686636,0.9227552979886159,0.046063000133520784,0.9345463110168992,0.0578148360092804,0.9170580449063633,0.07757282044673904,0.9851261112377397,0.010811040978830707,"XGBClassifier(base_score=None, booster=None, callbacks=None,
              colsample_bylevel=None, colsample_bynode=None,
              colsample_bytree=0.8, device=None, early_stopping_rounds=None,
              enable_categorical=False, eval_metric=None, feature_types=None,
              feature_weights=None, gamma=1, grow_policy=None,
              importance_type=None, interaction_constraints=None,
              learning_rate=0.03, max_bin=None, max_cat_threshold=None,
              max_cat_to_onehot=None, max_delta_step=None, max_depth=3,
              max_leaves=None, min_child_weight=3, missing=nan,
              monotone_constraints=None, multi_strategy=None, n_estimators=100,
              n_jobs=None, num_parallel_tree=None, ...)",,,,,5.0,FeatureScalerTransformer(),17,lasso,0.983451536643026,0.9827869226209476,0.7142857142857143,0.7105852254557083,0.68,0.723404255319149,0.6415094339622641,0.7703869523504958,0.9876023391812866,0.9728374189912652,0.787920321637427,0.6388888888888888,0.9455640196983687,0.9102220695970695,0.9278930446477192,28,0,1.0,6,1,0.8571428571428571,34,1,0.9714285714285714,"outlier=None;scale=FeatureScalerTransformer();reduce_pre__method=None;reduce_pre__n_components=5;select__method=lasso;select__k=17;reduce_post__method=None;clf=XGBClassifier(base_score=None, booster=None, callbacks=None,
              colsample_bylevel=None, colsample_bynode=None,
              colsample_bytree=0.8, device=None, early_stopping_rounds=None,
              enable_categorical=False, eval_metric=None, feature_types=None,
              feature_weights=None, gamma=0, grow_policy=None,
              importance_type=None, interaction_constraints=None,
              learning_rate=0.1, max_bin=None, max_cat_threshold=None,
              max_cat_to_onehot=None, max_delta_step=None, max_depth=4,
              max_leaves=None, min_child_weight=5, missing=nan,
              monotone_constraints=None, multi_strategy=None, n_estimators=100,
              n_jobs=None, num_parallel_tree=None, ...)",0.8,0.0,0.1,4.0,5.0,100.0,0.5,4.0,0.7,33.5,33.0,181.0,82.5
mountain_lion,xgb_std,0.9413363268733841,0.042999647124186455,0.9388306577111131,0.04457159583806596,-0.19648052090894152,0.08688031726096375,0.9319788405474936,0.05036570636054016,0.9435584740462788,0.04544487858388094,0.9243855606758832,0.07876234551189717,0.9823073795979156,0.018138892700475168,"XGBClassifier(base_score=None, booster=None, callbacks=None,
              colsample_bylevel=None, colsample_bynode=None,
              colsample_bytree=0.8, device=None, early_stopping_rounds=None,
              enable_categorical=False, eval_metric=None, feature_types=None,
              feature_weights=None, gamma=1, grow_policy=None,
              importance_type=None, interaction_constraints=None,
              learning_rate=0.03, max_bin=None, max_cat_threshold=None,
              max_cat_to_onehot=None, max_delta_step=None, max_depth=3,
              max_leaves=None, min_child_weight=3, missing=nan,
              monotone_constraints=None, multi_strategy=None, n_estimators=100,
              n_jobs=None, num_parallel_tree=None, ...)",,OutlierCleanerTransformer(),,,2.0,,17,lasso,0.9763593380614657,0.9752177283297615,0.75,0.7464023025263831,0.72,0.7659574468085106,0.6792452830188679,0.8436200831467859,0.9804306220095693,0.9580938292476755,0.7837171052631579,0.6706349206349206,0.9390172500629564,0.9041952838827839,0.9216062669728702,28,0,1.0,6,1,0.8571428571428571,34,1,0.9714285714285714,"outlier=OutlierCleanerTransformer();scale=None;reduce_pre__method=None;reduce_pre__n_components=2;select__method=lasso;select__k=17;reduce_post__method=None;clf=XGBClassifier(base_score=None, booster=None, callbacks=None,
              colsample_bylevel=None, colsample_bynode=None,
              colsample_bytree=0.6, device=None, early_stopping_rounds=None,
              enable_categorical=False, eval_metric=None, feature_types=None,
              feature_weights=None, gamma=5, grow_policy=None,
              importance_type=None, interaction_constraints=None,
              learning_rate=0.03, max_bin=None, max_cat_threshold=None,
              max_cat_to_onehot=None, max_delta_step=None, max_depth=4,
              max_leaves=None, min_child_weight=5, missing=nan,
              monotone_constraints=None, multi_strategy=None, n_estimators=200,
              n_jobs=None, num_parallel_tree=None, ...)",0.6,5.0,0.03,4.0,5.0,200.0,0.5,2.0,0.9,18.0,21.0,103.0,47.333333333333336
mountain_lion,xgb_std,0.9360689376334571,0.0693677329718146,0.9320612034321712,0.07511005233347137,-0.19447077628442977,0.10017589271398251,0.9196439525386892,0.08796583604671132,0.9473809523809524,0.06289681287867281,0.8975038402457758,0.11918754474322717,0.978941688403852,0.02647133537249075,"XGBClassifier(base_score=None, booster=None, callbacks=None,
              colsample_bylevel=None, colsample_bynode=None,
              colsample_bytree=0.8, device=None, early_stopping_rounds=None,
              enable_categorical=False, eval_metric=None, feature_types=None,
              feature_weights=None, gamma=1, grow_policy=None,
              importance_type=None, interaction_constraints=None,
              learning_rate=0.03, max_bin=None, max_cat_threshold=None,
              max_cat_to_onehot=None, max_delta_step=None, max_depth=3,
              max_leaves=None, min_child_weight=3, missing=nan,
              monotone_constraints=None, multi_strategy=None, n_estimators=100,
              n_jobs=None, num_parallel_tree=None, ...)",,OutlierCleanerTransformer(),,pca,2.0,,4,random_forest,0.9716312056737588,0.9717409146869728,0.7142857142857143,0.7096258394627438,0.673469387755102,0.7333333333333333,0.6226415094339622,0.7818995842660698,0.9694736842105264,0.9677092138630601,0.8293128654970761,0.6378968253968255,0.9399661434287473,0.905869391025641,0.9229177672271942,28,0,1.0,6,1,0.8571428571428571,34,1,0.9714285714285714,"outlier=OutlierCleanerTransformer();scale=None;reduce_pre__method=pca;reduce_pre__n_components=2;select__method=random_forest;select__k=4;reduce_post__method=None;clf=XGBClassifier(base_score=None, booster=None, callbacks=None,
              colsample_bylevel=None, colsample_bynode=None,
              colsample_bytree=1.0, device=None, early_stopping_rounds=None,
              enable_categorical=False, eval_metric=None, feature_types=None,
              feature_weights=None, gamma=1, grow_policy=None,
              importance_type=None, interaction_constraints=None,
              learning_rate=0.03, max_bin=None, max_cat_threshold=None,
              max_cat_to_onehot=None, max_delta_step=None, max_depth=3,
              max_leaves=None, min_child_weight=3, missing=nan,
              monotone_constraints=None, multi_strategy=None, n_estimators=100,
              n_jobs=None, num_parallel_tree=None, ...)",1.0,1.0,0.03,3.0,3.0,100.0,0.0,2.0,0.9,32.0,39.0,109.0,60.0
mountain_lion,xgb_std,0.9280387690442822,0.0692467471085601,0.9215695008409692,0.07881396226731419,-0.20790121201827638,0.10018254066017258,0.9058719089794118,0.09873437949710628,0.9565992518120178,0.03540004105454287,0.8699455829002843,0.1475282317971453,0.9791674383819375,0.025137943149704745,"XGBClassifier(base_score=None, booster=None, callbacks=None,
              colsample_bylevel=None, colsample_bynode=None,
              colsample_bytree=0.8, device=None, early_stopping_rounds=None,
              enable_categorical=False, eval_metric=None, feature_types=None,
              feature_weights=None, gamma=1, grow_policy=None,
              importance_type=None, interaction_constraints=None,
              learning_rate=0.03, max_bin=None, max_cat_threshold=None,
              max_cat_to_onehot=None, max_delta_step=None, max_depth=3,
              max_leaves=None, min_child_weight=3, missing=nan,
              monotone_constraints=None, multi_strategy=None, n_estimators=100,
              n_jobs=None, num_parallel_tree=None, ...)",,OutlierCleanerTransformer(),,,5.0,,17,random_forest,0.983451536643026,0.9827869226209476,0.7321428571428571,0.7265749920051168,0.6875,0.7674418604651163,0.6226415094339622,0.8333866325551647,0.985986177565125,0.9728374189912652,0.8598318713450293,0.6180555555555555,0.959427376255631,0.9063158195970695,0.9328715979263502,28,0,1.0,6,1,0.8571428571428571,34,1,0.9714285714285714,"outlier=OutlierCleanerTransformer();scale=None;reduce_pre__method=None;reduce_pre__n_components=5;select__method=random_forest;select__k=17;reduce_post__method=None;clf=XGBClassifier(base_score=None, booster=None, callbacks=None,
              colsample_bylevel=None, colsample_bynode=None,
              colsample_bytree=0.8, device=None, early_stopping_rounds=None,
              enable_categorical=False, eval_metric=None, feature_types=None,
              feature_weights=None, gamma=1, grow_policy=None,
              importance_type=None, interaction_constraints=None,
              learning_rate=0.03, max_bin=None, max_cat_threshold=None,
              max_cat_to_onehot=None, max_delta_step=None, max_depth=3,
              max_leaves=None, min_child_weight=3, missing=nan,
              monotone_constraints=None, multi_strategy=None, n_estimators=100,
              n_jobs=None, num_parallel_tree=None, ...)",0.8,1.0,0.03,3.0,3.0,100.0,0.0,4.0,0.7,71.0,94.0,72.0,79.0
mountain_lion,xgb_std,0.9417534177850244,0.0313968711357469,0.9404668269004738,0.033672906203386935,-0.15859171390738636,0.0806176645181438,0.9308143354902937,0.037981292977423614,0.9423152337858219,0.048811138101694844,0.9248921462888517,0.07157676989189624,0.9870966604336875,0.007862063033364657,"XGBClassifier(base_score=None, booster=None, callbacks=None,
              colsample_bylevel=None, colsample_bynode=None,
              colsample_bytree=0.8, device=None, early_stopping_rounds=None,
              enable_categorical=False, eval_metric=None, feature_types=None,
              feature_weights=None, gamma=1, grow_policy=None,
              importance_type=None, interaction_constraints=None,
              learning_rate=0.03, max_bin=None, max_cat_threshold=None,
              max_cat_to_onehot=None, max_delta_step=None, max_depth=3,
              max_leaves=None, min_child_weight=3, missing=nan,
              monotone_constraints=None, multi_strategy=None, n_estimators=100,
              n_jobs=None, num_parallel_tree=None, ...)",,,,pca,2.0,FeatureScalerTransformer(),17,lasso,0.9976359338061466,0.9972527472527473,0.7232142857142857,0.7209785737128238,0.6990291262135923,0.72,0.6792452830188679,0.7847777422449632,1.0,0.9948717948717949,0.7747624269005848,0.6755952380952381,0.9525815635580177,0.9350074404761906,0.9437945020171041,28,0,1.0,6,1,0.8571428571428571,34,1,0.9714285714285714,"outlier=None;scale=FeatureScalerTransformer();reduce_pre__method=pca;reduce_pre__n_components=2;select__method=lasso;select__k=17;reduce_post__method=None;clf=XGBClassifier(base_score=None, booster=None, callbacks=None,
              colsample_bylevel=None, colsample_bynode=None,
              colsample_bytree=0.6, device=None, early_stopping_rounds=None,
              enable_categorical=False, eval_metric=None, feature_types=None,
              feature_weights=None, gamma=1, grow_policy=None,
              importance_type=None, interaction_constraints=None,
              learning_rate=0.1, max_bin=None, max_cat_threshold=None,
              max_cat_to_onehot=None, max_delta_step=None, max_depth=4,
              max_leaves=None, min_child_weight=5, missing=nan,
              monotone_constraints=None, multi_strategy=None, n_estimators=200,
              n_jobs=None, num_parallel_tree=None, ...)",0.6,1.0,0.1,4.0,5.0,200.0,0.0,4.0,1.0,15.0,16.0,189.0,73.33333333333333
mountain_lion,xgb_std,0.9452656598005846,0.03813579627352332,0.9431546110398707,0.038837506381977034,-0.16589660186378205,0.08472448613495952,0.9374472036557192,0.04370722975367448,0.9437308506892437,0.046012333851079425,0.9330334673333986,0.05800639453921059,0.9843598597172694,0.014703525880812567,"XGBClassifier(base_score=None, booster=None, callbacks=None,
              colsample_bylevel=None, colsample_bynode=None,
              colsample_bytree=0.8, device=None, early_stopping_rounds=None,
              enable_categorical=False, eval_metric=None, feature_types=None,
              feature_weights=None, gamma=1, grow_policy=None,
              importance_type=None, interaction_constraints=None,
              learning_rate=0.03, max_bin=None, max_cat_threshold=None,
              max_cat_to_onehot=None, max_delta_step=None, max_depth=3,
              max_leaves=None, min_child_weight=3, missing=nan,
              monotone_constraints=None, multi_strategy=None, n_estimators=100,
              n_jobs=None, num_parallel_tree=None, ...)",,OutlierCleanerTransformer(),,pca,12.0,,17,lasso,0.9929078014184397,0.992430805708814,0.75,0.7483210745123121,0.7307692307692307,0.7450980392156863,0.7169811320754716,0.8538535337384074,0.9939393939393939,0.9897435897435898,0.7552083333333333,0.7073412698412698,0.9436802232854866,0.9367931547619048,0.9402366890236957,28,0,1.0,6,1,0.8571428571428571,34,1,0.9714285714285714,"outlier=OutlierCleanerTransformer();scale=None;reduce_pre__method=pca;reduce_pre__n_components=12;select__method=lasso;select__k=17;reduce_post__method=None;clf=XGBClassifier(base_score=None, booster=None, callbacks=None,
              colsample_bylevel=None, colsample_bynode=None,
              colsample_bytree=1.0, device=None, early_stopping_rounds=None,
              enable_categorical=False, eval_metric=None, feature_types=None,
              feature_weights=None, gamma=1, grow_policy=None,
              importance_type=None, interaction_constraints=None,
              learning_rate=0.03, max_bin=None, max_cat_threshold=None,
              max_cat_to_onehot=None, max_delta_step=None, max_depth=3,
              max_leaves=None, min_child_weight=3, missing=nan,
              monotone_constraints=None, multi_strategy=None, n_estimators=300,
              n_jobs=None, num_parallel_tree=None, ...)",1.0,1.0,0.03,3.0,3.0,300.0,0.5,2.0,0.7,5.5,6.0,180.0,63.833333333333336
mountain_lion,xgb_std,0.935497872088485,0.03861362745094471,0.9330713843047809,0.040897994829160816,-0.16821527100555939,0.08618466199901213,0.9225726654298082,0.046242564528887545,0.9339474251238956,0.04969272958246628,0.91605222734255,0.07691221383730769,0.9848233832436076,0.012716289684603093,"XGBClassifier(base_score=None, booster=None, callbacks=None,
              colsample_bylevel=None, colsample_bynode=None,
              colsample_bytree=0.8, device=None, early_stopping_rounds=None,
              enable_categorical=False, eval_metric=None, feature_types=None,
              feature_weights=None, gamma=1, grow_policy=None,
              importance_type=None, interaction_constraints=None,
              learning_rate=0.03, max_bin=None, max_cat_threshold=None,
              max_cat_to_onehot=None, max_delta_step=None, max_depth=3,
              max_leaves=None, min_child_weight=3, missing=nan,
              monotone_constraints=None, multi_strategy=None, n_estimators=100,
              n_jobs=None, num_parallel_tree=None, ...)",,OutlierCleanerTransformer(),,,12.0,,30,lasso,1.0,1.0,0.75,0.7464023025263831,0.72,0.7659574468085106,0.6792452830188679,0.8692037096258395,1.0,1.0,0.8139619883040936,0.6706349206349206,0.9608341028008618,0.9382440476190477,0.9495390752099547,28,0,1.0,6,1,0.8571428571428571,34,1,0.9714285714285714,"outlier=OutlierCleanerTransformer();scale=None;reduce_pre__method=None;reduce_pre__n_components=12;select__method=lasso;select__k=30;reduce_post__method=None;clf=XGBClassifier(base_score=None, booster=None, callbacks=None,
              colsample_bylevel=None, colsample_bynode=None,
              colsample_bytree=0.6, device=None, early_stopping_rounds=None,
              enable_categorical=False, eval_metric=None, feature_types=None,
              feature_weights=None, gamma=0, grow_policy=None,
              importance_type=None, interaction_constraints=None,
              learning_rate=0.1, max_bin=None, max_cat_threshold=None,
              max_cat_to_onehot=None, max_delta_step=None, max_depth=4,
              max_leaves=None, min_child_weight=1, missing=nan,
              monotone_constraints=None, multi_strategy=None, n_estimators=300,
              n_jobs=None, num_parallel_tree=None, ...)",0.6,0.0,0.1,4.0,1.0,300.0,1.0,2.0,1.0,35.0,36.0,170.0,80.33333333333333
mountain_lion,xgb_std,0.925666983211195,0.04364253998466189,0.9240166104502574,0.047653020324833366,-0.1702103310485162,0.08444563277808323,0.909483373769088,0.05670856179224858,0.9275350140056021,0.06721682931244163,0.901082622479328,0.09738160741243582,0.984067098064866,0.012945471809709534,"XGBClassifier(base_score=None, booster=None, callbacks=None,
              colsample_bylevel=None, colsample_bynode=None,
              colsample_bytree=0.8, device=None, early_stopping_rounds=None,
              enable_categorical=False, eval_metric=None, feature_types=None,
              feature_weights=None, gamma=1, grow_policy=None,
              importance_type=None, interaction_constraints=None,
              learning_rate=0.03, max_bin=None, max_cat_threshold=None,
              max_cat_to_onehot=None, max_delta_step=None, max_depth=3,
              max_leaves=None, min_child_weight=3, missing=nan,
              monotone_constraints=None, multi_strategy=None, n_estimators=100,
              n_jobs=None, num_parallel_tree=None, ...)",,OutlierCleanerTransformer(),,pca,5.0,FeatureScalerTransformer(),28,lasso,0.9976359338061466,0.9972527472527473,0.7410714285714286,0.7388871122481612,0.7184466019417476,0.74,0.6981132075471698,0.8071634154141349,1.0,0.9948717948717949,0.7903874269005848,0.6964285714285715,0.9558710372422282,0.9389136904761906,0.9473923638592094,28,0,1.0,6,1,0.8571428571428571,34,1,0.9714285714285714,"outlier=OutlierCleanerTransformer();scale=FeatureScalerTransformer();reduce_pre__method=pca;reduce_pre__n_components=5;select__method=lasso;select__k=28;reduce_post__method=None;clf=XGBClassifier(base_score=None, booster=None, callbacks=None,
              colsample_bylevel=None, colsample_bynode=None,
              colsample_bytree=0.8, device=None, early_stopping_rounds=None,
              enable_categorical=False, eval_metric=None, feature_types=None,
              feature_weights=None, gamma=0, grow_policy=None,
              importance_type=None, interaction_constraints=None,
              learning_rate=0.03, max_bin=None, max_cat_threshold=None,
              max_cat_to_onehot=None, max_delta_step=None, max_depth=3,
              max_leaves=None, min_child_weight=5, missing=nan,
              monotone_constraints=None, multi_strategy=None, n_estimators=300,
              n_jobs=None, num_parallel_tree=None, ...)",0.8,0.0,0.03,3.0,5.0,300.0,0.5,1.0,0.8,88.0,74.0,166.0,109.33333333333333
mountain_lion,xgb_std,0.9164263628877898,0.04705868350274919,0.9190471772550177,0.049447240444939644,-0.24626238992250848,0.0990886256860829,0.9021868141195872,0.05615318090475176,0.8980546494089585,0.08113961050136333,0.9172500571951498,0.09484857376180297,0.9759985120168573,0.025652358567403794,"XGBClassifier(base_score=None, booster=None, callbacks=None,
              colsample_bylevel=None, colsample_bynode=None,
              colsample_bytree=0.8, device=None, early_stopping_rounds=None,
              enable_categorical=False, eval_metric=None, feature_types=None,
              feature_weights=None, gamma=1, grow_policy=None,
              importance_type=None, interaction_constraints=None,
              learning_rate=0.03, max_bin=None, max_cat_threshold=None,
              max_cat_to_onehot=None, max_delta_step=None, max_depth=3,
              max_leaves=None, min_child_weight=3, missing=nan,
              monotone_constraints=None, multi_strategy=None, n_estimators=100,
              n_jobs=None, num_parallel_tree=None, ...)",,,,pca,2.0,,12,lasso,0.9763593380614657,0.9752177283297615,0.7410714285714286,0.7388871122481612,0.7184466019417476,0.74,0.6981132075471698,0.8429804924848098,0.9813662945241892,0.9580938292476755,0.7837171052631579,0.6815476190476191,0.9397559388902877,0.9062414148351648,0.9229986768627263,28,0,1.0,6,1,0.8571428571428571,34,1,0.9714285714285714,"outlier=None;scale=None;reduce_pre__method=pca;reduce_pre__n_components=2;select__method=lasso;select__k=12;reduce_post__method=None;clf=XGBClassifier(base_score=None, booster=None, callbacks=None,
              colsample_bylevel=None, colsample_bynode=None,
              colsample_bytree=0.8, device=None, early_stopping_rounds=None,
              enable_categorical=False, eval_metric=None, feature_types=None,
              feature_weights=None, gamma=5, grow_policy=None,
              importance_type=None, interaction_constraints=None,
              learning_rate=0.03, max_bin=None, max_cat_threshold=None,
              max_cat_to_onehot=None, max_delta_step=None, max_depth=6,
              max_leaves=None, min_child_weight=1, missing=nan,
              monotone_constraints=None, multi_strategy=None, n_estimators=100,
              n_jobs=None, num_parallel_tree=None, ...)",0.8,5.0,0.03,6.0,1.0,100.0,0.5,2.0,1.0,132.5,105.0,38.0,91.83333333333333
mountain_lion,xgb_std,0.9205079955408509,0.04524497192523362,0.923817276784191,0.046040388250745676,-0.22838269934254923,0.0976417635820784,0.9073813321181742,0.0527287414660236,0.9032413600891862,0.08489088686763833,0.9225185475700233,0.08597067633042553,0.9804004315792163,0.018175944972725393,"XGBClassifier(base_score=None, booster=None, callbacks=None,
              colsample_bylevel=None, colsample_bynode=None,
              colsample_bytree=0.8, device=None, early_stopping_rounds=None,
              enable_categorical=False, eval_metric=None, feature_types=None,
              feature_weights=None, gamma=1, grow_policy=None,
              importance_type=None, interaction_constraints=None,
              learning_rate=0.03, max_bin=None, max_cat_threshold=None,
              max_cat_to_onehot=None, max_delta_step=None, max_depth=3,
              max_leaves=None, min_child_weight=3, missing=nan,
              monotone_constraints=None, multi_strategy=None, n_estimators=100,
              n_jobs=None, num_parallel_tree=None, ...)",,OutlierCleanerTransformer(),,,2.0,,10,lasso,0.9716312056737588,0.9710683507364005,0.7410714285714286,0.7388871122481612,0.7184466019417476,0.74,0.6981132075471698,0.8516149664214903,0.9734130781499201,0.9580938292476755,0.7837171052631579,0.6865079365079364,0.9334770838579701,0.9071714743589744,0.9203242791084723,28,0,1.0,6,1,0.8571428571428571,34,1,0.9714285714285714,"outlier=OutlierCleanerTransformer();scale=None;reduce_pre__method=None;reduce_pre__n_components=2;select__method=lasso;select__k=10;reduce_post__method=None;clf=XGBClassifier(base_score=None, booster=None, callbacks=None,
              colsample_bylevel=None, colsample_bynode=None,
              colsample_bytree=1.0, device=None, early_stopping_rounds=None,
              enable_categorical=False, eval_metric=None, feature_types=None,
              feature_weights=None, gamma=5, grow_policy=None,
              importance_type=None, interaction_constraints=None,
              learning_rate=0.03, max_bin=None, max_cat_threshold=None,
              max_cat_to_onehot=None, max_delta_step=None, max_depth=5,
              max_leaves=None, min_child_weight=3, missing=nan,
              monotone_constraints=None, multi_strategy=None, n_estimators=100,
              n_jobs=None, num_parallel_tree=None, ...)",1.0,5.0,0.03,5.0,3.0,100.0,0.0,2.0,0.9,116.5,75.0,53.0,81.5
mountain_lion,xgb_std,0.9317894321907868,0.03935393745466024,0.9313345376211256,0.0411777344203517,-0.19153422743559662,0.07653743965833985,0.9180247333168297,0.04958391007453221,0.9277728937728937,0.06741420602085607,0.9153683367650423,0.07951725404408501,0.9832519144593427,0.011182710848046706,"XGBClassifier(base_score=None, booster=None, callbacks=None,
              colsample_bylevel=None, colsample_bynode=None,
              colsample_bytree=0.8, device=None, early_stopping_rounds=None,
              enable_categorical=False, eval_metric=None, feature_types=None,
              feature_weights=None, gamma=1, grow_policy=None,
              importance_type=None, interaction_constraints=None,
              learning_rate=0.03, max_bin=None, max_cat_threshold=None,
              max_cat_to_onehot=None, max_delta_step=None, max_depth=3,
              max_leaves=None, min_child_weight=3, missing=nan,
              monotone_constraints=None, multi_strategy=None, n_estimators=100,
              n_jobs=None, num_parallel_tree=None, ...)",,,,,12.0,FeatureScalerTransformer(),21,lasso,0.9929078014184397,0.992430805708814,0.7053571428571429,0.7021106491845219,0.6732673267326733,0.7083333333333334,0.6415094339622641,0.7511992324912056,0.9964912280701754,0.9838827838827839,0.7764985380116959,0.6438492063492064,0.9501769775315481,0.920126488095238,0.935151732813393,28,0,1.0,6,1,0.8571428571428571,34,1,0.9714285714285714,"outlier=None;scale=FeatureScalerTransformer();reduce_pre__method=None;reduce_pre__n_components=12;select__method=lasso;select__k=21;reduce_post__method=None;clf=XGBClassifier(base_score=None, booster=None, callbacks=None,
              colsample_bylevel=None, colsample_bynode=None,
              colsample_bytree=1.0, device=None, early_stopping_rounds=None,
              enable_categorical=False, eval_metric=None, feature_types=None,
              feature_weights=None, gamma=5, grow_policy=None,
              importance_type=None, interaction_constraints=None,
              learning_rate=0.03, max_bin=None, max_cat_threshold=None,
              max_cat_to_onehot=None, max_delta_step=None, max_depth=4,
              max_leaves=None, min_child_weight=5, missing=nan,
              monotone_constraints=None, multi_strategy=None, n_estimators=100,
              n_jobs=None, num_parallel_tree=None, ...)",1.0,5.0,0.03,4.0,5.0,100.0,0.0,1.0,1.0,54.0,45.0,116.0,71.66666666666667
mountain_lion,xgb_std,0.9142977502487042,0.06371813036460829,0.912990741765117,0.07004980790315234,-0.24814677920233433,0.1478418602846674,0.8943600656931256,0.07954632297289181,0.9250138165927639,0.07399774607019548,0.8767885740432069,0.12731870989581046,0.9647741639656215,0.045956327938474935,"XGBClassifier(base_score=None, booster=None, callbacks=None,
              colsample_bylevel=None, colsample_bynode=None,
              colsample_bytree=0.8, device=None, early_stopping_rounds=None,
              enable_categorical=False, eval_metric=None, feature_types=None,
              feature_weights=None, gamma=1, grow_policy=None,
              importance_type=None, interaction_constraints=None,
              learning_rate=0.03, max_bin=None, max_cat_threshold=None,
              max_cat_to_onehot=None, max_delta_step=None, max_depth=3,
              max_leaves=None, min_child_weight=3, missing=nan,
              monotone_constraints=None, multi_strategy=None, n_estimators=100,
              n_jobs=None, num_parallel_tree=None, ...)",,OutlierCleanerTransformer(),,pca,12.0,,4,lasso,0.966903073286052,0.9649012812913227,0.7232142857142857,0.7219379597057882,0.7047619047619048,0.7115384615384616,0.6981132075471698,0.8247521586184842,0.9800797448165869,0.9457100591715977,0.7333698830409356,0.691468253968254,0.9281408265480287,0.8980397206959707,0.9130902736219997,28,0,1.0,5,2,0.7142857142857143,33,2,0.9428571428571428,"outlier=OutlierCleanerTransformer();scale=None;reduce_pre__method=pca;reduce_pre__n_components=12;select__method=lasso;select__k=4;reduce_post__method=None;clf=XGBClassifier(base_score=None, booster=None, callbacks=None,
              colsample_bylevel=None, colsample_bynode=None,
              colsample_bytree=0.8, device=None, early_stopping_rounds=None,
              enable_categorical=False, eval_metric=None, feature_types=None,
              feature_weights=None, gamma=0, grow_policy=None,
              importance_type=None, interaction_constraints=None,
              learning_rate=0.03, max_bin=None, max_cat_threshold=None,
              max_cat_to_onehot=None, max_delta_step=None, max_depth=4,
              max_leaves=None, min_child_weight=5, missing=nan,
              monotone_constraints=None, multi_strategy=None, n_estimators=200,
              n_jobs=None, num_parallel_tree=None, ...)",0.8,0.0,0.03,4.0,5.0,200.0,0.5,4.0,0.9,144.0,132.0,36.0,104.0
mountain_lion,xgb_std,0.9426976760853595,0.030964557327183884,0.9413116809711344,0.03317780018618981,-0.16097180632141195,0.07866747402957472,0.9319890201694712,0.037580115913275924,0.9419306184012066,0.048953430210390114,0.926581854430173,0.06581856207257457,0.9864279370573961,0.009411886163260828,"XGBClassifier(base_score=None, booster=None, callbacks=None,
              colsample_bylevel=None, colsample_bynode=None,
              colsample_bytree=0.8, device=None, early_stopping_rounds=None,
              enable_categorical=False, eval_metric=None, feature_types=None,
              feature_weights=None, gamma=1, grow_policy=None,
              importance_type=None, interaction_constraints=None,
              learning_rate=0.03, max_bin=None, max_cat_threshold=None,
              max_cat_to_onehot=None, max_delta_step=None, max_depth=3,
              max_leaves=None, min_child_weight=3, missing=nan,
              monotone_constraints=None, multi_strategy=None, n_estimators=100,
              n_jobs=None, num_parallel_tree=None, ...)",,,,,2.0,FeatureScalerTransformer(),17,lasso,0.9929078014184397,0.992430805708814,0.7410714285714286,0.7369683402622322,0.7070707070707071,0.7608695652173914,0.660377358490566,0.7834985609210104,0.9955555555555555,0.9838827838827839,0.8174342105263158,0.6597222222222222,0.958056325023084,0.9231026785714285,0.9405795017972562,28,0,1.0,6,1,0.8571428571428571,34,1,0.9714285714285714,"outlier=None;scale=FeatureScalerTransformer();reduce_pre__method=None;reduce_pre__n_components=2;select__method=lasso;select__k=17;reduce_post__method=None;clf=XGBClassifier(base_score=None, booster=None, callbacks=None,
              colsample_bylevel=None, colsample_bynode=None,
              colsample_bytree=0.8, device=None, early_stopping_rounds=None,
              enable_categorical=False, eval_metric=None, feature_types=None,
              feature_weights=None, gamma=1, grow_policy=None,
              importance_type=None, interaction_constraints=None,
              learning_rate=0.1, max_bin=None, max_cat_threshold=None,
              max_cat_to_onehot=None, max_delta_step=None, max_depth=8,
              max_leaves=None, min_child_weight=5, missing=nan,
              monotone_constraints=None, multi_strategy=None, n_estimators=200,
              n_jobs=None, num_parallel_tree=None, ...)",0.8,1.0,0.1,8.0,5.0,200.0,1.0,2.0,0.8,12.0,11.0,186.0,69.66666666666667
mountain_lion,xgb_std,0.9245704251849993,0.045643699468326894,0.9230149583595424,0.0499689654559192,-0.18458430877408047,0.07957902275427724,0.9083949770122828,0.05983466130696661,0.922829131652661,0.060193790827930076,0.9007133052260027,0.09139424706549915,0.9830333969031967,0.013514365008802083,"XGBClassifier(base_score=None, booster=None, callbacks=None,
              colsample_bylevel=None, colsample_bynode=None,
              colsample_bytree=0.8, device=None, early_stopping_rounds=None,
              enable_categorical=False, eval_metric=None, feature_types=None,
              feature_weights=None, gamma=1, grow_policy=None,
              importance_type=None, interaction_constraints=None,
              learning_rate=0.03, max_bin=None, max_cat_threshold=None,
              max_cat_to_onehot=None, max_delta_step=None, max_depth=3,
              max_leaves=None, min_child_weight=3, missing=nan,
              monotone_constraints=None, multi_strategy=None, n_estimators=100,
              n_jobs=None, num_parallel_tree=None, ...)",,,,pca,2.0,FeatureScalerTransformer(),20,lasso,0.9881796690307328,0.988281428115453,0.7321428571428571,0.7313719219699393,0.7169811320754716,0.7169811320754716,0.7169811320754716,0.7764630636392709,0.9850505050505051,0.9838827838827839,0.762609649122807,0.7172619047619048,0.9382208511709894,0.933891369047619,0.9360561101093042,28,0,1.0,5,2,0.7142857142857143,33,2,0.9428571428571428,"outlier=None;scale=FeatureScalerTransformer();reduce_pre__method=pca;reduce_pre__n_components=2;select__method=lasso;select__k=20;reduce_post__method=None;clf=XGBClassifier(base_score=None, booster=None, callbacks=None,
              colsample_bylevel=None, colsample_bynode=None,
              colsample_bytree=1.0, device=None, early_stopping_rounds=None,
              enable_categorical=False, eval_metric=None, feature_types=None,
              feature_weights=None, gamma=5, grow_policy=None,
              importance_type=None, interaction_constraints=None,
              learning_rate=0.1, max_bin=None, max_cat_threshold=None,
              max_cat_to_onehot=None, max_delta_step=None, max_depth=8,
              max_leaves=None, min_child_weight=5, missing=nan,
              monotone_constraints=None, multi_strategy=None, n_estimators=100,
              n_jobs=None, num_parallel_tree=None, ...)",1.0,5.0,0.1,8.0,5.0,100.0,0.5,4.0,0.7,95.0,83.0,126.0,101.33333333333333
mountain_lion,xgb_std,0.9101091182741754,0.06731356206369703,0.9012153729027643,0.07202640849468715,-0.19598446464930536,0.11774789046800249,0.8859661622992222,0.08693464400899577,0.9652439024390244,0.048917490536906284,0.8245595973461451,0.1244334904004324,0.9787835262117991,0.02674638357641103,"XGBClassifier(base_score=None, booster=None, callbacks=None,
              colsample_bylevel=None, colsample_bynode=None,
              colsample_bytree=0.8, device=None, early_stopping_rounds=None,
              enable_categorical=False, eval_metric=None, feature_types=None,
              feature_weights=None, gamma=1, grow_policy=None,
              importance_type=None, interaction_constraints=None,
              learning_rate=0.03, max_bin=None, max_cat_threshold=None,
              max_cat_to_onehot=None, max_delta_step=None, max_depth=3,
              max_leaves=None, min_child_weight=3, missing=nan,
              monotone_constraints=None, multi_strategy=None, n_estimators=100,
              n_jobs=None, num_parallel_tree=None, ...)",,OutlierCleanerTransformer(),,,5.0,FeatureScalerTransformer(),4,lasso,0.983451536643026,0.9827869226209476,0.6517857142857143,0.6522225775503677,0.6422018348623854,0.625,0.660377358490566,0.7166613367444835,0.9885380116959065,0.9736263736263737,0.6790021929824561,0.6547619047619048,0.9233725761772854,0.9138392857142857,0.9186059309457856,28,0,1.0,5,2,0.7142857142857143,33,2,0.9428571428571428,"outlier=OutlierCleanerTransformer();scale=FeatureScalerTransformer();reduce_pre__method=None;reduce_pre__n_components=5;select__method=lasso;select__k=4;reduce_post__method=None;clf=XGBClassifier(base_score=None, booster=None, callbacks=None,
              colsample_bylevel=None, colsample_bynode=None,
              colsample_bytree=0.8, device=None, early_stopping_rounds=None,
              enable_categorical=False, eval_metric=None, feature_types=None,
              feature_weights=None, gamma=1, grow_policy=None,
              importance_type=None, interaction_constraints=None,
              learning_rate=0.1, max_bin=None, max_cat_threshold=None,
              max_cat_to_onehot=None, max_delta_step=None, max_depth=3,
              max_leaves=None, min_child_weight=5, missing=nan,
              monotone_constraints=None, multi_strategy=None, n_estimators=300,
              n_jobs=None, num_parallel_tree=None, ...)",0.8,1.0,0.1,3.0,5.0,300.0,0.0,4.0,1.0,166.0,179.0,104.0,149.66666666666666
mountain_lion,xgb_std,0.9225488118673816,0.03890486861787796,0.9232724940742019,0.04126084553023256,-0.2271010413708759,0.086620646327751,0.9082997002997002,0.048257761077158734,0.9079445711521184,0.06840806881887355,0.9179339477726576,0.08883540209344816,0.9811200961739077,0.015776571043427452,"XGBClassifier(base_score=None, booster=None, callbacks=None,
              colsample_bylevel=None, colsample_bynode=None,
              colsample_bytree=0.8, device=None, early_stopping_rounds=None,
              enable_categorical=False, eval_metric=None, feature_types=None,
              feature_weights=None, gamma=1, grow_policy=None,
              importance_type=None, interaction_constraints=None,
              learning_rate=0.03, max_bin=None, max_cat_threshold=None,
              max_cat_to_onehot=None, max_delta_step=None, max_depth=3,
              max_leaves=None, min_child_weight=3, missing=nan,
              monotone_constraints=None, multi_strategy=None, n_estimators=100,
              n_jobs=None, num_parallel_tree=None, ...)",,OutlierCleanerTransformer(),,pca,5.0,,13,lasso,0.9692671394799054,0.9683210979891478,0.7410714285714286,0.7379277262551966,0.7128712871287128,0.75,0.6792452830188679,0.8480972177806205,0.9743487506645401,0.9529656241194704,0.7976059941520468,0.6706349206349206,0.9371397492934888,0.9000286172161172,0.918584183254803,28,0,1.0,6,1,0.8571428571428571,34,1,0.9714285714285714,"outlier=OutlierCleanerTransformer();scale=None;reduce_pre__method=pca;reduce_pre__n_components=5;select__method=lasso;select__k=13;reduce_post__method=None;clf=XGBClassifier(base_score=None, booster=None, callbacks=None,
              colsample_bylevel=None, colsample_bynode=None,
              colsample_bytree=1.0, device=None, early_stopping_rounds=None,
              enable_categorical=False, eval_metric=None, feature_types=None,
              feature_weights=None, gamma=5, grow_policy=None,
              importance_type=None, interaction_constraints=None,
              learning_rate=0.1, max_bin=None, max_cat_threshold=None,
              max_cat_to_onehot=None, max_delta_step=None, max_depth=5,
              max_leaves=None, min_child_weight=5, missing=nan,
              monotone_constraints=None, multi_strategy=None, n_estimators=100,
              n_jobs=None, num_parallel_tree=None, ...)",1.0,5.0,0.1,5.0,5.0,100.0,0.5,4.0,0.8,100.0,77.0,55.0,77.33333333333333
mountain_lion,xgb_std,0.9205079955408509,0.04524497192523362,0.9226268005937148,0.047718431815315994,-0.2260382359058793,0.09956083053861003,0.9058661806030226,0.05468943176714436,0.9090384615384617,0.07870385324398266,0.9129947380462138,0.09244190330741096,0.9799870403642832,0.018774792437887804,"XGBClassifier(base_score=None, booster=None, callbacks=None,
              colsample_bylevel=None, colsample_bynode=None,
              colsample_bytree=0.8, device=None, early_stopping_rounds=None,
              enable_categorical=False, eval_metric=None, feature_types=None,
              feature_weights=None, gamma=1, grow_policy=None,
              importance_type=None, interaction_constraints=None,
              learning_rate=0.03, max_bin=None, max_cat_threshold=None,
              max_cat_to_onehot=None, max_delta_step=None, max_depth=3,
              max_leaves=None, min_child_weight=3, missing=nan,
              monotone_constraints=None, multi_strategy=None, n_estimators=100,
              n_jobs=None, num_parallel_tree=None, ...)",,OutlierCleanerTransformer(),,,8.0,,10,lasso,0.9763593380614657,0.9758902922803337,0.7589285714285714,0.7587144227694276,0.7476635514018691,0.7407407407407407,0.7547169811320755,0.8516149664214903,0.9769218500797447,0.9632220343758806,0.7680921052631579,0.7440476190476191,0.9329576932762528,0.9221268315018315,0.9275422623890421,28,0,1.0,6,1,0.8571428571428571,34,1,0.9714285714285714,"outlier=OutlierCleanerTransformer();scale=None;reduce_pre__method=None;reduce_pre__n_components=8;select__method=lasso;select__k=10;reduce_post__method=None;clf=XGBClassifier(base_score=None, booster=None, callbacks=None,
              colsample_bylevel=None, colsample_bynode=None,
              colsample_bytree=0.8, device=None, early_stopping_rounds=None,
              enable_categorical=False, eval_metric=None, feature_types=None,
              feature_weights=None, gamma=5, grow_policy=None,
              importance_type=None, interaction_constraints=None,
              learning_rate=0.1, max_bin=None, max_cat_threshold=None,
              max_cat_to_onehot=None, max_delta_step=None, max_depth=5,
              max_leaves=None, min_child_weight=1, missing=nan,
              monotone_constraints=None, multi_strategy=None, n_estimators=200,
              n_jobs=None, num_parallel_tree=None, ...)",0.8,5.0,0.1,5.0,1.0,200.0,0.5,2.0,1.0,116.5,85.0,60.0,87.16666666666667
mountain_lion,xgb_std,0.9234491720114392,0.04505861121918343,0.924042802197451,0.05031008564671409,-0.20130383592115236,0.08813158751989772,0.9079791173187399,0.05675124649420813,0.9148424775466518,0.06431724748003306,0.9119815668202765,0.10786166885402984,0.9834168851396967,0.01745751777002583,"XGBClassifier(base_score=None, booster=None, callbacks=None,
              colsample_bylevel=None, colsample_bynode=None,
              colsample_bytree=0.8, device=None, early_stopping_rounds=None,
              enable_categorical=False, eval_metric=None, feature_types=None,
              feature_weights=None, gamma=1, grow_policy=None,
              importance_type=None, interaction_constraints=None,
              learning_rate=0.03, max_bin=None, max_cat_threshold=None,
              max_cat_to_onehot=None, max_delta_step=None, max_depth=3,
              max_leaves=None, min_child_weight=3, missing=nan,
              monotone_constraints=None, multi_strategy=None, n_estimators=100,
              n_jobs=None, num_parallel_tree=None, ...)",,,,,,,13,lasso,0.9858156028368794,0.9855341753682003,0.7321428571428571,0.7294531499840102,0.7058823529411765,0.7346938775510204,0.6792452830188679,0.8528941477454428,0.9848750664540138,0.9838264299802761,0.7837171052631579,0.6656746031746031,0.9425260219927808,0.9241729624542125,0.9333494922234966,28,0,1.0,6,1,0.8571428571428571,34,1,0.9714285714285714,"outlier=None;scale=None;reduce_pre__method=None;reduce_pre__n_components=None;select__method=lasso;select__k=13;reduce_post__method=None;clf=XGBClassifier(base_score=None, booster=None, callbacks=None,
              colsample_bylevel=None, colsample_bynode=None,
              colsample_bytree=0.8, device=None, early_stopping_rounds=None,
              enable_categorical=False, eval_metric=None, feature_types=None,
              feature_weights=None, gamma=0, grow_policy=None,
              importance_type=None, interaction_constraints=None,
              learning_rate=0.03, max_bin=None, max_cat_threshold=None,
              max_cat_to_onehot=None, max_delta_step=None, max_depth=3,
              max_leaves=None, min_child_weight=3, missing=nan,
              monotone_constraints=None, multi_strategy=None, n_estimators=200,
              n_jobs=None, num_parallel_tree=None, ...)",0.8,0.0,0.03,3.0,3.0,200.0,1.0,2.0,0.9,99.0,73.0,93.0,88.33333333333333
mountain_lion,xgb_std,0.9433771431999146,0.040582391514688586,0.9412116100920654,0.041807468069784005,-0.1980407694241002,0.08566136214866067,0.9346753408343554,0.04709450040654816,0.9441391941391941,0.044615023726864635,0.9291474654377879,0.0751917769311694,0.9825151754822269,0.01837668350141267,"XGBClassifier(base_score=None, booster=None, callbacks=None,
              colsample_bylevel=None, colsample_bynode=None,
              colsample_bytree=0.8, device=None, early_stopping_rounds=None,
              enable_categorical=False, eval_metric=None, feature_types=None,
              feature_weights=None, gamma=1, grow_policy=None,
              importance_type=None, interaction_constraints=None,
              learning_rate=0.03, max_bin=None, max_cat_threshold=None,
              max_cat_to_onehot=None, max_delta_step=None, max_depth=3,
              max_leaves=None, min_child_weight=3, missing=nan,
              monotone_constraints=None, multi_strategy=None, n_estimators=100,
              n_jobs=None, num_parallel_tree=None, ...)",,OutlierCleanerTransformer(),,pca,12.0,,17,lasso,0.9739952718676123,0.973143039533081,0.7410714285714286,0.7360089542692676,0.7010309278350515,0.7727272727272727,0.6415094339622641,0.8407419251678926,0.9769218500797447,0.9580938292476755,0.8229166666666667,0.628968253968254,0.9444997062033071,0.8963827838827839,0.9204412450430455,28,0,1.0,6,1,0.8571428571428571,34,1,0.9714285714285714,"outlier=OutlierCleanerTransformer();scale=None;reduce_pre__method=pca;reduce_pre__n_components=12;select__method=lasso;select__k=17;reduce_post__method=None;clf=XGBClassifier(base_score=None, booster=None, callbacks=None,
              colsample_bylevel=None, colsample_bynode=None,
              colsample_bytree=0.8, device=None, early_stopping_rounds=None,
              enable_categorical=False, eval_metric=None, feature_types=None,
              feature_weights=None, gamma=5, grow_policy=None,
              importance_type=None, interaction_constraints=None,
              learning_rate=0.03, max_bin=None, max_cat_threshold=None,
              max_cat_to_onehot=None, max_delta_step=None, max_depth=6,
              max_leaves=None, min_child_weight=5, missing=nan,
              monotone_constraints=None, multi_strategy=None, n_estimators=300,
              n_jobs=None, num_parallel_tree=None, ...)",0.8,5.0,0.03,6.0,5.0,300.0,1.0,2.0,0.8,8.0,13.0,98.0,39.666666666666664
mountain_lion,xgb_std,0.9488201250649514,0.026189138978343428,0.9472640619235152,0.02778385428190856,-0.1507277521168809,0.0741413175140355,0.9392112423916934,0.031596671272987924,0.9520520758910852,0.04923982315908024,0.9313437591920778,0.06133076126592947,0.9881389222979806,0.007822997283294482,"XGBClassifier(base_score=None, booster=None, callbacks=None,
              colsample_bylevel=None, colsample_bynode=None,
              colsample_bytree=0.8, device=None, early_stopping_rounds=None,
              enable_categorical=False, eval_metric=None, feature_types=None,
              feature_weights=None, gamma=1, grow_policy=None,
              importance_type=None, interaction_constraints=None,
              learning_rate=0.03, max_bin=None, max_cat_threshold=None,
              max_cat_to_onehot=None, max_delta_step=None, max_depth=3,
              max_leaves=None, min_child_weight=3, missing=nan,
              monotone_constraints=None, multi_strategy=None, n_estimators=100,
              n_jobs=None, num_parallel_tree=None, ...)",,OutlierCleanerTransformer(),,pca,,FeatureScalerTransformer(),20,lasso,0.9976359338061466,0.9972527472527473,0.7410714285714286,0.7388871122481612,0.7184466019417476,0.74,0.6981132075471698,0.7850975375759514,1.0,0.9948717948717949,0.7903874269005848,0.691468253968254,0.9558710372422282,0.937983630952381,0.9469273340973046,28,0,1.0,6,1,0.8571428571428571,34,1,0.9714285714285714,"outlier=OutlierCleanerTransformer();scale=FeatureScalerTransformer();reduce_pre__method=pca;reduce_pre__n_components=None;select__method=lasso;select__k=20;reduce_post__method=None;clf=XGBClassifier(base_score=None, booster=None, callbacks=None,
              colsample_bylevel=None, colsample_bynode=None,
              colsample_bytree=0.8, device=None, early_stopping_rounds=None,
              enable_categorical=False, eval_metric=None, feature_types=None,
              feature_weights=None, gamma=1, grow_policy=None,
              importance_type=None, interaction_constraints=None,
              learning_rate=0.03, max_bin=None, max_cat_threshold=None,
              max_cat_to_onehot=None, max_delta_step=None, max_depth=4,
              max_leaves=None, min_child_weight=3, missing=nan,
              monotone_constraints=None, multi_strategy=None, n_estimators=200,
              n_jobs=None, num_parallel_tree=None, ...)",0.8,1.0,0.03,4.0,3.0,200.0,0.5,1.0,0.9,4.0,4.0,196.0,68.0
mountain_lion,xgb_std,0.9398003977710487,0.03534171767846532,0.9401671029053038,0.03537576121855069,-0.18142252075934445,0.08022759858468947,0.9284304512218465,0.044694475984188395,0.9282857142857143,0.06719086429640536,0.9330334673333986,0.05800639453921059,0.9831902047543505,0.012825227843734754,"XGBClassifier(base_score=None, booster=None, callbacks=None,
              colsample_bylevel=None, colsample_bynode=None,
              colsample_bytree=0.8, device=None, early_stopping_rounds=None,
              enable_categorical=False, eval_metric=None, feature_types=None,
              feature_weights=None, gamma=1, grow_policy=None,
              importance_type=None, interaction_constraints=None,
              learning_rate=0.03, max_bin=None, max_cat_threshold=None,
              max_cat_to_onehot=None, max_delta_step=None, max_depth=3,
              max_leaves=None, min_child_weight=3, missing=nan,
              monotone_constraints=None, multi_strategy=None, n_estimators=100,
              n_jobs=None, num_parallel_tree=None, ...)",,,,,,FeatureScalerTransformer(),15,lasso,0.9905437352245863,0.9903561169121335,0.6607142857142857,0.6597377678285896,0.6415094339622641,0.6415094339622641,0.6415094339622641,0.7617524784138152,0.9920467836257311,0.9838827838827839,0.7060489766081871,0.6438492063492064,0.9318367189904585,0.920126488095238,0.9259816035428483,28,0,1.0,5,2,0.7142857142857143,33,2,0.9428571428571428,"outlier=None;scale=FeatureScalerTransformer();reduce_pre__method=None;reduce_pre__n_components=None;select__method=lasso;select__k=15;reduce_post__method=None;clf=XGBClassifier(base_score=None, booster=None, callbacks=None,
              colsample_bylevel=None, colsample_bynode=None,
              colsample_bytree=1.0, device=None, early_stopping_rounds=None,
              enable_categorical=False, eval_metric=None, feature_types=None,
              feature_weights=None, gamma=5, grow_policy=None,
              importance_type=None, interaction_constraints=None,
              learning_rate=0.1, max_bin=None, max_cat_threshold=None,
              max_cat_to_onehot=None, max_delta_step=None, max_depth=6,
              max_leaves=None, min_child_weight=5, missing=nan,
              monotone_constraints=None, multi_strategy=None, n_estimators=300,
              n_jobs=None, num_parallel_tree=None, ...)",1.0,5.0,0.1,6.0,5.0,300.0,1.0,1.0,0.9,23.0,19.0,134.0,58.666666666666664
mountain_lion,xgb_std,0.9422805851737189,0.046817020031598516,0.9388073150407117,0.04953147206190846,-0.16636228730451805,0.08025959672357098,0.9314566760868687,0.05662906086509978,0.9535444947209653,0.049909773472313214,0.9148617511520737,0.08858404067634167,0.9857047533453596,0.015815174676568053,"XGBClassifier(base_score=None, booster=None, callbacks=None,
              colsample_bylevel=None, colsample_bynode=None,
              colsample_bytree=0.8, device=None, early_stopping_rounds=None,
              enable_categorical=False, eval_metric=None, feature_types=None,
              feature_weights=None, gamma=1, grow_policy=None,
              importance_type=None, interaction_constraints=None,
              learning_rate=0.03, max_bin=None, max_cat_threshold=None,
              max_cat_to_onehot=None, max_delta_step=None, max_depth=3,
              max_leaves=None, min_child_weight=3, missing=nan,
              monotone_constraints=None, multi_strategy=None, n_estimators=100,
              n_jobs=None, num_parallel_tree=None, ...)",,,,,3.0,,17,lasso,0.9905437352245863,0.9896835529615613,0.7767857142857143,0.7737448033258714,0.7524752475247525,0.7916666666666666,0.7169811320754716,0.8532139430764311,0.9939393939393939,0.9846153846153847,0.796875,0.7123015873015873,0.9524521531100479,0.9335565476190476,0.9430043503645478,28,0,1.0,6,1,0.8571428571428571,34,1,0.9714285714285714,"outlier=None;scale=None;reduce_pre__method=None;reduce_pre__n_components=3;select__method=lasso;select__k=17;reduce_post__method=None;clf=XGBClassifier(base_score=None, booster=None, callbacks=None,
              colsample_bylevel=None, colsample_bynode=None,
              colsample_bytree=0.8, device=None, early_stopping_rounds=None,
              enable_categorical=False, eval_metric=None, feature_types=None,
              feature_weights=None, gamma=1, grow_policy=None,
              importance_type=None, interaction_constraints=None,
              learning_rate=0.03, max_bin=None, max_cat_threshold=None,
              max_cat_to_onehot=None, max_delta_step=None, max_depth=3,
              max_leaves=None, min_child_weight=5, missing=nan,
              monotone_constraints=None, multi_strategy=None, n_estimators=200,
              n_jobs=None, num_parallel_tree=None, ...)",0.8,1.0,0.03,3.0,5.0,200.0,1.0,1.0,1.0,14.0,22.0,176.0,70.66666666666667
mountain_lion,xgb_std,0.9267182408329978,0.03698062247209481,0.9291784438378972,0.03463112198667223,-0.17864921492671357,0.0794060158730629,0.9141746863551374,0.04669488843810616,0.9047877612583495,0.08192567121808618,0.9313437591920778,0.06133076126592947,0.9855232936231001,0.009489522754335768,"XGBClassifier(base_score=None, booster=None, callbacks=None,
              colsample_bylevel=None, colsample_bynode=None,
              colsample_bytree=0.8, device=None, early_stopping_rounds=None,
              enable_categorical=False, eval_metric=None, feature_types=None,
              feature_weights=None, gamma=1, grow_policy=None,
              importance_type=None, interaction_constraints=None,
              learning_rate=0.03, max_bin=None, max_cat_threshold=None,
              max_cat_to_onehot=None, max_delta_step=None, max_depth=3,
              max_leaves=None, min_child_weight=3, missing=nan,
              monotone_constraints=None, multi_strategy=None, n_estimators=100,
              n_jobs=None, num_parallel_tree=None, ...)",,,,,8.0,,24,lasso,0.9929078014184397,0.992430805708814,0.7321428571428571,0.7265749920051168,0.6875,0.7674418604651163,0.6226415094339622,0.843620083146786,0.9964912280701754,0.9838827838827839,0.8288559941520468,0.6130952380952381,0.9611995998768851,0.914360119047619,0.9377798594622521,28,0,1.0,6,1,0.8571428571428571,34,1,0.9714285714285714,"outlier=None;scale=None;reduce_pre__method=None;reduce_pre__n_components=8;select__method=lasso;select__k=24;reduce_post__method=None;clf=XGBClassifier(base_score=None, booster=None, callbacks=None,
              colsample_bylevel=None, colsample_bynode=None,
              colsample_bytree=1.0, device=None, early_stopping_rounds=None,
              enable_categorical=False, eval_metric=None, feature_types=None,
              feature_weights=None, gamma=1, grow_policy=None,
              importance_type=None, interaction_constraints=None,
              learning_rate=0.03, max_bin=None, max_cat_threshold=None,
              max_cat_to_onehot=None, max_delta_step=None, max_depth=3,
              max_leaves=None, min_child_weight=3, missing=nan,
              monotone_constraints=None, multi_strategy=None, n_estimators=300,
              n_jobs=None, num_parallel_tree=None, ...)",1.0,1.0,0.03,3.0,3.0,300.0,0.5,4.0,0.9,79.0,53.0,141.0,91.0
mountain_lion,xgb_std,0.9427854723979145,0.032214245343666674,0.9436380073961324,0.030860904841053128,-0.15714671380548986,0.07928680095115151,0.9330999761342877,0.04009648677461676,0.9262087912087912,0.06870320530391227,0.9442469849985293,0.04513178783666851,0.9870723152512602,0.008448442585933134,"XGBClassifier(base_score=None, booster=None, callbacks=None,
              colsample_bylevel=None, colsample_bynode=None,
              colsample_bytree=0.8, device=None, early_stopping_rounds=None,
              enable_categorical=False, eval_metric=None, feature_types=None,
              feature_weights=None, gamma=1, grow_policy=None,
              importance_type=None, interaction_constraints=None,
              learning_rate=0.03, max_bin=None, max_cat_threshold=None,
              max_cat_to_onehot=None, max_delta_step=None, max_depth=3,
              max_leaves=None, min_child_weight=3, missing=nan,
              monotone_constraints=None, multi_strategy=None, n_estimators=100,
              n_jobs=None, num_parallel_tree=None, ...)",,,,,8.0,FeatureScalerTransformer(),21,lasso,0.9976359338061466,0.9972527472527473,0.7321428571428571,0.7304125359769746,0.7115384615384616,0.7254901960784313,0.6981132075471698,0.7988487368084426,1.0,0.9948717948717949,0.7747624269005848,0.691468253968254,0.9525815635580177,0.937983630952381,0.9452825972551994,28,0,1.0,6,1,0.8571428571428571,34,1,0.9714285714285714,"outlier=None;scale=FeatureScalerTransformer();reduce_pre__method=None;reduce_pre__n_components=8;select__method=lasso;select__k=21;reduce_post__method=None;clf=XGBClassifier(base_score=None, booster=None, callbacks=None,
              colsample_bylevel=None, colsample_bynode=None,
              colsample_bytree=1.0, device=None, early_stopping_rounds=None,
              enable_categorical=False, eval_metric=None, feature_types=None,
              feature_weights=None, gamma=0, grow_policy=None,
              importance_type=None, interaction_constraints=None,
              learning_rate=0.1, max_bin=None, max_cat_threshold=None,
              max_cat_to_onehot=None, max_delta_step=None, max_depth=5,
              max_leaves=None, min_child_weight=3, missing=nan,
              monotone_constraints=None, multi_strategy=None, n_estimators=300,
              n_jobs=None, num_parallel_tree=None, ...)",1.0,0.0,0.1,5.0,3.0,300.0,1.0,1.0,0.9,9.0,5.0,192.0,68.66666666666667
mountain_lion,xgb_std,0.93644213038882,0.036183821923933365,0.9356351077413695,0.039173151091064694,-0.19345024812943434,0.0783236361782762,0.9244894349695377,0.044092390898620666,0.9275641025641026,0.05021322058350292,0.9260752688172044,0.07510542942399627,0.9851247436746375,0.014939051120662818,"XGBClassifier(base_score=None, booster=None, callbacks=None,
              colsample_bylevel=None, colsample_bynode=None,
              colsample_bytree=0.8, device=None, early_stopping_rounds=None,
              enable_categorical=False, eval_metric=None, feature_types=None,
              feature_weights=None, gamma=1, grow_policy=None,
              importance_type=None, interaction_constraints=None,
              learning_rate=0.03, max_bin=None, max_cat_threshold=None,
              max_cat_to_onehot=None, max_delta_step=None, max_depth=3,
              max_leaves=None, min_child_weight=3, missing=nan,
              monotone_constraints=None, multi_strategy=None, n_estimators=100,
              n_jobs=None, num_parallel_tree=None, ...)",,OutlierCleanerTransformer(),,,2.0,,20,lasso,0.9763593380614657,0.9758902922803337,0.7857142857142857,0.7850975375759515,0.7735849056603774,0.7735849056603774,0.7735849056603774,0.8621682123440998,0.9769218500797447,0.9677092138630601,0.7976059941520468,0.7698412698412698,0.9391711435686503,0.9306089743589744,0.9348900589638123,28,0,1.0,7,0,1.0,35,0,1.0,"outlier=OutlierCleanerTransformer();scale=None;reduce_pre__method=None;reduce_pre__n_components=2;select__method=lasso;select__k=20;reduce_post__method=None;clf=XGBClassifier(base_score=None, booster=None, callbacks=None,
              colsample_bylevel=None, colsample_bynode=None,
              colsample_bytree=1.0, device=None, early_stopping_rounds=None,
              enable_categorical=False, eval_metric=None, feature_types=None,
              feature_weights=None, gamma=5, grow_policy=None,
              importance_type=None, interaction_constraints=None,
              learning_rate=0.1, max_bin=None, max_cat_threshold=None,
              max_cat_to_onehot=None, max_delta_step=None, max_depth=4,
              max_leaves=None, min_child_weight=3, missing=nan,
              monotone_constraints=None, multi_strategy=None, n_estimators=300,
              n_jobs=None, num_parallel_tree=None, ...)",1.0,5.0,0.1,4.0,3.0,300.0,1.0,1.0,0.9,30.0,28.0,112.0,56.666666666666664
mountain_lion,xgb_std,0.9275322069126158,0.052839457398097124,0.9215676050166743,0.05760014620623866,-0.19709382567567515,0.0944322571840142,0.9094980343836181,0.0672900985186182,0.972450980392157,0.025498490354933217,0.8630167990325848,0.11765041650278364,0.9872361482289719,0.011225670836526666,"XGBClassifier(base_score=None, booster=None, callbacks=None,
              colsample_bylevel=None, colsample_bynode=None,
              colsample_bytree=0.8, device=None, early_stopping_rounds=None,
              enable_categorical=False, eval_metric=None, feature_types=None,
              feature_weights=None, gamma=1, grow_policy=None,
              importance_type=None, interaction_constraints=None,
              learning_rate=0.03, max_bin=None, max_cat_threshold=None,
              max_cat_to_onehot=None, max_delta_step=None, max_depth=3,
              max_leaves=None, min_child_weight=3, missing=nan,
              monotone_constraints=None, multi_strategy=None, n_estimators=100,
              n_jobs=None, num_parallel_tree=None, ...)",,OutlierCleanerTransformer(),,pca,,FeatureScalerTransformer(),5,lasso,0.9881796690307328,0.9876088641648808,0.6607142857142857,0.6568596098496962,0.62,0.6595744680851063,0.5849056603773585,0.7374480332587146,0.992982456140351,0.9787545787545788,0.7477156432748538,0.5863095238095238,0.9413473376423516,0.9051711309523809,0.9232592342973662,28,0,1.0,6,1,0.8571428571428571,34,1,0.9714285714285714,"outlier=OutlierCleanerTransformer();scale=FeatureScalerTransformer();reduce_pre__method=pca;reduce_pre__n_components=None;select__method=lasso;select__k=5;reduce_post__method=None;clf=XGBClassifier(base_score=None, booster=None, callbacks=None,
              colsample_bylevel=None, colsample_bynode=None,
              colsample_bytree=0.8, device=None, early_stopping_rounds=None,
              enable_categorical=False, eval_metric=None, feature_types=None,
              feature_weights=None, gamma=1, grow_policy=None,
              importance_type=None, interaction_constraints=None,
              learning_rate=0.03, max_bin=None, max_cat_threshold=None,
              max_cat_to_onehot=None, max_delta_step=None, max_depth=4,
              max_leaves=None, min_child_weight=5, missing=nan,
              monotone_constraints=None, multi_strategy=None, n_estimators=100,
              n_jobs=None, num_parallel_tree=None, ...)",0.8,1.0,0.03,4.0,5.0,100.0,1.0,1.0,0.9,74.0,95.0,101.0,90.0
mountain_lion,xgb_std,0.9205079955408509,0.03826247646855116,0.921848297703197,0.042229518769256666,-0.19802825821675912,0.08680724777450129,0.9055844155844156,0.04825073174865124,0.9107422402159244,0.07101642861337502,0.9124881524332451,0.09942917975331007,0.9850276954337401,0.014138185733681535,"XGBClassifier(base_score=None, booster=None, callbacks=None,
              colsample_bylevel=None, colsample_bynode=None,
              colsample_bytree=0.8, device=None, early_stopping_rounds=None,
              enable_categorical=False, eval_metric=None, feature_types=None,
              feature_weights=None, gamma=1, grow_policy=None,
              importance_type=None, interaction_constraints=None,
              learning_rate=0.03, max_bin=None, max_cat_threshold=None,
              max_cat_to_onehot=None, max_delta_step=None, max_depth=3,
              max_leaves=None, min_child_weight=3, missing=nan,
              monotone_constraints=None, multi_strategy=None, n_estimators=100,
              n_jobs=None, num_parallel_tree=None, ...)",,,,,12.0,,10,lasso,0.9929078014184397,0.992430805708814,0.7410714285714286,0.7379277262551966,0.7128712871287128,0.75,0.6792452830188679,0.843620083146786,0.9964912280701754,0.9897435897435898,0.796875,0.6656746031746031,0.95446675900277,0.9289806547619048,0.9417237068823374,28,0,1.0,6,1,0.8571428571428571,34,1,0.9714285714285714,"outlier=None;scale=None;reduce_pre__method=None;reduce_pre__n_components=12;select__method=lasso;select__k=10;reduce_post__method=None;clf=XGBClassifier(base_score=None, booster=None, callbacks=None,
              colsample_bylevel=None, colsample_bynode=None,
              colsample_bytree=0.8, device=None, early_stopping_rounds=None,
              enable_categorical=False, eval_metric=None, feature_types=None,
              feature_weights=None, gamma=1, grow_policy=None,
              importance_type=None, interaction_constraints=None,
              learning_rate=0.1, max_bin=None, max_cat_threshold=None,
              max_cat_to_onehot=None, max_delta_step=None, max_depth=5,
              max_leaves=None, min_child_weight=3, missing=nan,
              monotone_constraints=None, multi_strategy=None, n_estimators=300,
              n_jobs=None, num_parallel_tree=None, ...)",0.8,1.0,0.1,5.0,3.0,300.0,0.0,2.0,0.9,116.5,91.0,99.0,102.16666666666667
mountain_lion,xgb_std,0.921605955815162,0.058163915041300925,0.9126313325604778,0.06184293211640914,-0.2046703082369543,0.09918509324652917,0.8994268476621418,0.07550271796192723,0.9786821705426355,0.03228940403047836,0.8398985194626924,0.11883500750481701,0.9876893248096019,0.011604551154811403,"XGBClassifier(base_score=None, booster=None, callbacks=None,
              colsample_bylevel=None, colsample_bynode=None,
              colsample_bytree=0.8, device=None, early_stopping_rounds=None,
              enable_categorical=False, eval_metric=None, feature_types=None,
              feature_weights=None, gamma=1, grow_policy=None,
              importance_type=None, interaction_constraints=None,
              learning_rate=0.03, max_bin=None, max_cat_threshold=None,
              max_cat_to_onehot=None, max_delta_step=None, max_depth=3,
              max_leaves=None, min_child_weight=3, missing=nan,
              monotone_constraints=None, multi_strategy=None, n_estimators=100,
              n_jobs=None, num_parallel_tree=None, ...)",,OutlierCleanerTransformer(),,pca,2.0,,17,forward,0.9787234042553191,0.9766198531758699,0.7946428571428571,0.7897345698752798,0.7628865979381443,0.8409090909090909,0.6981132075471698,0.8602494403581707,0.9911111111111112,0.9558748943364328,0.8680555555555556,0.6865079365079364,0.9652046783625731,0.9053685897435897,0.9352866340530814,28,0,1.0,6,1,0.8571428571428571,34,1,0.9714285714285714,"outlier=OutlierCleanerTransformer();scale=None;reduce_pre__method=pca;reduce_pre__n_components=2;select__method=forward;select__k=17;reduce_post__method=None;clf=XGBClassifier(base_score=None, booster=None, callbacks=None,
              colsample_bylevel=None, colsample_bynode=None,
              colsample_bytree=0.8, device=None, early_stopping_rounds=None,
              enable_categorical=False, eval_metric=None, feature_types=None,
              feature_weights=None, gamma=0, grow_policy=None,
              importance_type=None, interaction_constraints=None,
              learning_rate=0.03, max_bin=None, max_cat_threshold=None,
              max_cat_to_onehot=None, max_delta_step=None, max_depth=3,
              max_leaves=None, min_child_weight=5, missing=nan,
              monotone_constraints=None, multi_strategy=None, n_estimators=100,
              n_jobs=None, num_parallel_tree=None, ...)",0.8,0.0,0.03,3.0,5.0,100.0,1.0,1.0,0.8,107.0,133.0,81.0,107.0
mountain_lion,xgb_std,0.9366191252620452,0.03905728343537857,0.9355502658416583,0.041461825514768895,-0.16615319978666956,0.07713378545651271,0.9240990534144693,0.04892731735513991,0.932991208179178,0.05872172570536557,0.9192543386606531,0.06910583021851152,0.9844531486290986,0.011802601730942287,"XGBClassifier(base_score=None, booster=None, callbacks=None,
              colsample_bylevel=None, colsample_bynode=None,
              colsample_bytree=0.8, device=None, early_stopping_rounds=None,
              enable_categorical=False, eval_metric=None, feature_types=None,
              feature_weights=None, gamma=1, grow_policy=None,
              importance_type=None, interaction_constraints=None,
              learning_rate=0.03, max_bin=None, max_cat_threshold=None,
              max_cat_to_onehot=None, max_delta_step=None, max_depth=3,
              max_leaves=None, min_child_weight=3, missing=nan,
              monotone_constraints=None, multi_strategy=None, n_estimators=100,
              n_jobs=None, num_parallel_tree=None, ...)",,OutlierCleanerTransformer(),,pca,12.0,FeatureScalerTransformer(),17,lasso,0.9952718676122931,0.9945054945054945,0.6875,0.685161496642149,0.6601941747572816,0.68,0.6415094339622641,0.7678285897025904,1.0,0.9838827838827839,0.7491776315789473,0.6388888888888888,0.9471952908587259,0.9191964285714285,0.9331958597150771,28,0,1.0,6,1,0.8571428571428571,34,1,0.9714285714285714,"outlier=OutlierCleanerTransformer();scale=FeatureScalerTransformer();reduce_pre__method=pca;reduce_pre__n_components=12;select__method=lasso;select__k=17;reduce_post__method=None;clf=XGBClassifier(base_score=None, booster=None, callbacks=None,
              colsample_bylevel=None, colsample_bynode=None,
              colsample_bytree=0.8, device=None, early_stopping_rounds=None,
              enable_categorical=False, eval_metric=None, feature_types=None,
              feature_weights=None, gamma=5, grow_policy=None,
              importance_type=None, interaction_constraints=None,
              learning_rate=0.1, max_bin=None, max_cat_threshold=None,
              max_cat_to_onehot=None, max_delta_step=None, max_depth=4,
              max_leaves=None, min_child_weight=3, missing=nan,
              monotone_constraints=None, multi_strategy=None, n_estimators=300,
              n_jobs=None, num_parallel_tree=None, ...)",0.8,5.0,0.1,4.0,3.0,300.0,0.0,1.0,0.9,29.0,29.0,177.0,78.33333333333333
mountain_lion,xgb_std,0.9407007579151063,0.03331548707069344,0.9416695220547819,0.032688740198813813,-0.1539403960245179,0.07306999171643018,0.9310983415017973,0.03974920849146092,0.9234897999603883,0.06463056457112606,0.9425572768572081,0.047770473795232415,0.9873504933264254,0.00809651200739627,"XGBClassifier(base_score=None, booster=None, callbacks=None,
              colsample_bylevel=None, colsample_bynode=None,
              colsample_bytree=0.8, device=None, early_stopping_rounds=None,
              enable_categorical=False, eval_metric=None, feature_types=None,
              feature_weights=None, gamma=1, grow_policy=None,
              importance_type=None, interaction_constraints=None,
              learning_rate=0.03, max_bin=None, max_cat_threshold=None,
              max_cat_to_onehot=None, max_delta_step=None, max_depth=3,
              max_leaves=None, min_child_weight=3, missing=nan,
              monotone_constraints=None, multi_strategy=None, n_estimators=100,
              n_jobs=None, num_parallel_tree=None, ...)",,,,pca,5.0,FeatureScalerTransformer(),16,lasso,0.9952718676122931,0.9945054945054945,0.6875,0.685161496642149,0.6601941747572816,0.68,0.6415094339622641,0.7684681803645665,1.0,0.9838827838827839,0.7459795321637427,0.6388888888888888,0.9465220067713143,0.9191964285714285,0.9328592176713714,28,0,1.0,6,1,0.8571428571428571,34,1,0.9714285714285714,"outlier=None;scale=FeatureScalerTransformer();reduce_pre__method=pca;reduce_pre__n_components=5;select__method=lasso;select__k=16;reduce_post__method=None;clf=XGBClassifier(base_score=None, booster=None, callbacks=None,
              colsample_bylevel=None, colsample_bynode=None,
              colsample_bytree=1.0, device=None, early_stopping_rounds=None,
              enable_categorical=False, eval_metric=None, feature_types=None,
              feature_weights=None, gamma=0, grow_policy=None,
              importance_type=None, interaction_constraints=None,
              learning_rate=0.03, max_bin=None, max_cat_threshold=None,
              max_cat_to_onehot=None, max_delta_step=None, max_depth=5,
              max_leaves=None, min_child_weight=3, missing=nan,
              monotone_constraints=None, multi_strategy=None, n_estimators=200,
              n_jobs=None, num_parallel_tree=None, ...)",1.0,0.0,0.03,5.0,3.0,200.0,1.0,1.0,0.9,20.0,9.5,195.0,74.83333333333333
mountain_lion,xgb_std,0.9386599415885758,0.036069887842076584,0.9373359801273725,0.038656546977479805,-0.17459578698961015,0.0736007170845251,0.9262509521486464,0.045754756449210114,0.9378276235419092,0.056318529069186385,0.9192543386606531,0.06910583021851152,0.9856803136491384,0.010315501586688982,"XGBClassifier(base_score=None, booster=None, callbacks=None,
              colsample_bylevel=None, colsample_bynode=None,
              colsample_bytree=0.8, device=None, early_stopping_rounds=None,
              enable_categorical=False, eval_metric=None, feature_types=None,
              feature_weights=None, gamma=1, grow_policy=None,
              importance_type=None, interaction_constraints=None,
              learning_rate=0.03, max_bin=None, max_cat_threshold=None,
              max_cat_to_onehot=None, max_delta_step=None, max_depth=3,
              max_leaves=None, min_child_weight=3, missing=nan,
              monotone_constraints=None, multi_strategy=None, n_estimators=100,
              n_jobs=None, num_parallel_tree=None, ...)",,,,pca,5.0,FeatureScalerTransformer(),17,lasso,0.9929078014184397,0.992430805708814,0.7321428571428571,0.7304125359769746,0.7115384615384616,0.7254901960784313,0.6981132075471698,0.7748640869843301,0.9955555555555555,0.9838827838827839,0.7764985380116959,0.6964285714285715,0.9494382887042166,0.929985119047619,0.9397117038759178,28,0,1.0,6,1,0.8571428571428571,34,1,0.9714285714285714,"outlier=None;scale=FeatureScalerTransformer();reduce_pre__method=pca;reduce_pre__n_components=5;select__method=lasso;select__k=17;reduce_post__method=None;clf=XGBClassifier(base_score=None, booster=None, callbacks=None,
              colsample_bylevel=None, colsample_bynode=None,
              colsample_bytree=0.6, device=None, early_stopping_rounds=None,
              enable_categorical=False, eval_metric=None, feature_types=None,
              feature_weights=None, gamma=5, grow_policy=None,
              importance_type=None, interaction_constraints=None,
              learning_rate=0.03, max_bin=None, max_cat_threshold=None,
              max_cat_to_onehot=None, max_delta_step=None, max_depth=3,
              max_leaves=None, min_child_weight=3, missing=nan,
              monotone_constraints=None, multi_strategy=None, n_estimators=200,
              n_jobs=None, num_parallel_tree=None, ...)",0.6,5.0,0.03,3.0,3.0,200.0,0.5,1.0,0.8,25.0,25.0,154.0,68.0
mountain_lion,xgb_std,0.9265879486122808,0.05868652157703199,0.9191789516080968,0.06230852454624074,-0.2140130314152291,0.10924221242571654,0.90698565832497,0.07613797008220913,0.9791326209930862,0.03142526709138731,0.8529937575579304,0.12033228581364527,0.9872276885942082,0.009574357498117633,"XGBClassifier(base_score=None, booster=None, callbacks=None,
              colsample_bylevel=None, colsample_bynode=None,
              colsample_bytree=0.8, device=None, early_stopping_rounds=None,
              enable_categorical=False, eval_metric=None, feature_types=None,
              feature_weights=None, gamma=1, grow_policy=None,
              importance_type=None, interaction_constraints=None,
              learning_rate=0.03, max_bin=None, max_cat_threshold=None,
              max_cat_to_onehot=None, max_delta_step=None, max_depth=3,
              max_leaves=None, min_child_weight=3, missing=nan,
              monotone_constraints=None, multi_strategy=None, n_estimators=100,
              n_jobs=None, num_parallel_tree=None, ...)",,OutlierCleanerTransformer(),,,2.0,FeatureScalerTransformer(),17,forward,0.9881796690307328,0.988281428115453,0.7857142857142857,0.7822193795970578,0.76,0.8085106382978723,0.7169811320754716,0.8692037096258395,0.985986177565125,0.9838827838827839,0.8400036549707602,0.7023809523809524,0.9552530149136796,0.9311011904761906,0.9431771026949352,28,0,1.0,6,1,0.8571428571428571,34,1,0.9714285714285714,"outlier=OutlierCleanerTransformer();scale=FeatureScalerTransformer();reduce_pre__method=None;reduce_pre__n_components=2;select__method=forward;select__k=17;reduce_post__method=None;clf=XGBClassifier(base_score=None, booster=None, callbacks=None,
              colsample_bylevel=None, colsample_bynode=None,
              colsample_bytree=1.0, device=None, early_stopping_rounds=None,
              enable_categorical=False, eval_metric=None, feature_types=None,
              feature_weights=None, gamma=0, grow_policy=None,
              importance_type=None, interaction_constraints=None,
              learning_rate=0.03, max_bin=None, max_cat_threshold=None,
              max_cat_to_onehot=None, max_delta_step=None, max_depth=5,
              max_leaves=None, min_child_weight=3, missing=nan,
              monotone_constraints=None, multi_strategy=None, n_estimators=100,
              n_jobs=None, num_parallel_tree=None, ...)",1.0,0.0,0.03,5.0,3.0,100.0,1.0,4.0,0.9,81.0,103.0,68.0,84.0
mountain_lion,xgb_std,0.9414241231859389,0.03778291069213859,0.9404638574230605,0.039817109405912515,-0.197038909155638,0.07363663296525043,0.9308791459167398,0.04426612558731871,0.9346140917905623,0.04947831989728018,0.9308371735791091,0.0696295335930873,0.9866023239540611,0.013217479698013204,"XGBClassifier(base_score=None, booster=None, callbacks=None,
              colsample_bylevel=None, colsample_bynode=None,
              colsample_bytree=0.8, device=None, early_stopping_rounds=None,
              enable_categorical=False, eval_metric=None, feature_types=None,
              feature_weights=None, gamma=1, grow_policy=None,
              importance_type=None, interaction_constraints=None,
              learning_rate=0.03, max_bin=None, max_cat_threshold=None,
              max_cat_to_onehot=None, max_delta_step=None, max_depth=3,
              max_leaves=None, min_child_weight=3, missing=nan,
              monotone_constraints=None, multi_strategy=None, n_estimators=100,
              n_jobs=None, num_parallel_tree=None, ...)",,,,,2.0,,21,lasso,0.9858156028368794,0.9855341753682003,0.7410714285714286,0.7388871122481612,0.7184466019417476,0.74,0.6981132075471698,0.8548129197313719,0.9885380116959065,0.9838264299802761,0.7559393274853801,0.691468253968254,0.9395698676515851,0.9290092719780221,0.9342895698148036,28,0,1.0,6,1,0.8571428571428571,34,1,0.9714285714285714,"outlier=None;scale=None;reduce_pre__method=None;reduce_pre__n_components=2;select__method=lasso;select__k=21;reduce_post__method=None;clf=XGBClassifier(base_score=None, booster=None, callbacks=None,
              colsample_bylevel=None, colsample_bynode=None,
              colsample_bytree=0.8, device=None, early_stopping_rounds=None,
              enable_categorical=False, eval_metric=None, feature_types=None,
              feature_weights=None, gamma=1, grow_policy=None,
              importance_type=None, interaction_constraints=None,
              learning_rate=0.03, max_bin=None, max_cat_threshold=None,
              max_cat_to_onehot=None, max_delta_step=None, max_depth=6,
              max_leaves=None, min_child_weight=3, missing=nan,
              monotone_constraints=None, multi_strategy=None, n_estimators=100,
              n_jobs=None, num_parallel_tree=None, ...)",0.8,1.0,0.03,6.0,3.0,100.0,0.0,2.0,0.8,17.0,17.0,102.0,45.333333333333336
mountain_lion,xgb_std,0.9306928741645912,0.043674167311007636,0.9292032012155957,0.04738195247284881,-0.18323950742861533,0.08360044359975108,0.9153037051572049,0.05709985468156463,0.9311428571428572,0.06622410930364579,0.9075342353825538,0.09180754551554637,0.9824706084051723,0.01378657685515691,"XGBClassifier(base_score=None, booster=None, callbacks=None,
              colsample_bylevel=None, colsample_bynode=None,
              colsample_bytree=0.8, device=None, early_stopping_rounds=None,
              enable_categorical=False, eval_metric=None, feature_types=None,
              feature_weights=None, gamma=1, grow_policy=None,
              importance_type=None, interaction_constraints=None,
              learning_rate=0.03, max_bin=None, max_cat_threshold=None,
              max_cat_to_onehot=None, max_delta_step=None, max_depth=3,
              max_leaves=None, min_child_weight=3, missing=nan,
              monotone_constraints=None, multi_strategy=None, n_estimators=100,
              n_jobs=None, num_parallel_tree=None, ...)",,,,,8.0,FeatureScalerTransformer(),25,lasso,0.9905437352245863,0.9903561169121335,0.7053571428571429,0.7040294211704509,0.6857142857142857,0.6923076923076923,0.6792452830188679,0.7732651103293892,0.9894949494949494,0.9838827838827839,0.7487207602339182,0.685515873015873,0.938805646492627,0.927938988095238,0.9333723172939326,28,0,1.0,5,2,0.7142857142857143,33,2,0.9428571428571428,"outlier=None;scale=FeatureScalerTransformer();reduce_pre__method=None;reduce_pre__n_components=8;select__method=lasso;select__k=25;reduce_post__method=None;clf=XGBClassifier(base_score=None, booster=None, callbacks=None,
              colsample_bylevel=None, colsample_bynode=None,
              colsample_bytree=1.0, device=None, early_stopping_rounds=None,
              enable_categorical=False, eval_metric=None, feature_types=None,
              feature_weights=None, gamma=5, grow_policy=None,
              importance_type=None, interaction_constraints=None,
              learning_rate=0.03, max_bin=None, max_cat_threshold=None,
              max_cat_to_onehot=None, max_delta_step=None, max_depth=8,
              max_leaves=None, min_child_weight=5, missing=nan,
              monotone_constraints=None, multi_strategy=None, n_estimators=300,
              n_jobs=None, num_parallel_tree=None, ...)",1.0,5.0,0.03,8.0,5.0,300.0,0.5,1.0,0.9,62.0,52.0,131.0,81.66666666666667
mountain_lion,xgb_std,0.9382236476680225,0.06344665419194649,0.9328409613049686,0.07139082498117329,-0.19084934321323144,0.09000241713336672,0.9211878967907274,0.08766055840526889,0.9556666666666667,0.04076490865656118,0.8966279373794815,0.13090160650702173,0.9817511888077124,0.01949706079425922,"XGBClassifier(base_score=None, booster=None, callbacks=None,
              colsample_bylevel=None, colsample_bynode=None,
              colsample_bytree=0.8, device=None, early_stopping_rounds=None,
              enable_categorical=False, eval_metric=None, feature_types=None,
              feature_weights=None, gamma=1, grow_policy=None,
              importance_type=None, interaction_constraints=None,
              learning_rate=0.03, max_bin=None, max_cat_threshold=None,
              max_cat_to_onehot=None, max_delta_step=None, max_depth=3,
              max_leaves=None, min_child_weight=3, missing=nan,
              monotone_constraints=None, multi_strategy=None, n_estimators=100,
              n_jobs=None, num_parallel_tree=None, ...)",,,,,8.0,FeatureScalerTransformer(),29,lasso,0.9929078014184397,0.9917582417582418,0.6964285714285714,0.6936360729133355,0.6666666666666666,0.6938775510204082,0.6415094339622641,0.7505596418292293,1.0,0.9787545787545788,0.7616045321637427,0.6388888888888888,0.9498114804555248,0.9150297619047618,0.9324206211801433,28,0,1.0,6,1,0.8571428571428571,34,1,0.9714285714285714,"outlier=None;scale=FeatureScalerTransformer();reduce_pre__method=None;reduce_pre__n_components=8;select__method=lasso;select__k=29;reduce_post__method=None;clf=XGBClassifier(base_score=None, booster=None, callbacks=None,
              colsample_bylevel=None, colsample_bynode=None,
              colsample_bytree=0.6, device=None, early_stopping_rounds=None,
              enable_categorical=False, eval_metric=None, feature_types=None,
              feature_weights=None, gamma=5, grow_policy=None,
              importance_type=None, interaction_constraints=None,
              learning_rate=0.03, max_bin=None, max_cat_threshold=None,
              max_cat_to_onehot=None, max_delta_step=None, max_depth=3,
              max_leaves=None, min_child_weight=1, missing=nan,
              monotone_constraints=None, multi_strategy=None, n_estimators=100,
              n_jobs=None, num_parallel_tree=None, ...)",0.6,5.0,0.03,3.0,1.0,100.0,0.5,1.0,0.9,26.0,37.0,118.0,60.333333333333336
mountain_lion,xgb_std,0.942741574241637,0.030856538995878514,0.9416695220547819,0.032688740198813813,-0.1806669278196248,0.07296779981594158,0.9315693453287033,0.03919511538551762,0.9399517164223047,0.05736274151162498,0.9282715625714939,0.06463909398641629,0.9860973793023792,0.00918870185046949,"XGBClassifier(base_score=None, booster=None, callbacks=None,
              colsample_bylevel=None, colsample_bynode=None,
              colsample_bytree=0.8, device=None, early_stopping_rounds=None,
              enable_categorical=False, eval_metric=None, feature_types=None,
              feature_weights=None, gamma=1, grow_policy=None,
              importance_type=None, interaction_constraints=None,
              learning_rate=0.03, max_bin=None, max_cat_threshold=None,
              max_cat_to_onehot=None, max_delta_step=None, max_depth=3,
              max_leaves=None, min_child_weight=3, missing=nan,
              monotone_constraints=None, multi_strategy=None, n_estimators=100,
              n_jobs=None, num_parallel_tree=None, ...)",,,,,3.0,FeatureScalerTransformer(),29,lasso,0.9952718676122931,0.9945054945054945,0.7142857142857143,0.7105852254557083,0.68,0.723404255319149,0.6415094339622641,0.7854173329069396,1.0,0.9838827838827839,0.7886513157894737,0.6388888888888888,0.9555055401662049,0.9191964285714285,0.9373509843688167,28,0,1.0,6,1,0.8571428571428571,34,1,0.9714285714285714,"outlier=None;scale=FeatureScalerTransformer();reduce_pre__method=None;reduce_pre__n_components=3;select__method=lasso;select__k=29;reduce_post__method=None;clf=XGBClassifier(base_score=None, booster=None, callbacks=None,
              colsample_bylevel=None, colsample_bynode=None,
              colsample_bytree=0.6, device=None, early_stopping_rounds=None,
              enable_categorical=False, eval_metric=None, feature_types=None,
              feature_weights=None, gamma=0, grow_policy=None,
              importance_type=None, interaction_constraints=None,
              learning_rate=0.03, max_bin=None, max_cat_threshold=None,
              max_cat_to_onehot=None, max_delta_step=None, max_depth=5,
              max_leaves=None, min_child_weight=3, missing=nan,
              monotone_constraints=None, multi_strategy=None, n_estimators=100,
              n_jobs=None, num_parallel_tree=None, ...)",0.6,0.0,0.03,5.0,3.0,100.0,0.5,1.0,1.0,10.5,9.5,137.0,52.333333333333336
mountain_lion,xgb_std,0.8999667355585972,0.06349923858769176,0.8940042694836994,0.06937075339019365,-0.2435942773394122,0.08895738271518949,0.8744871794871795,0.08247520086730807,0.915909090909091,0.07047653615750656,0.8418954472660719,0.11318723858033507,0.9735777639194014,0.023405327240941874,"XGBClassifier(base_score=None, booster=None, callbacks=None,
              colsample_bylevel=None, colsample_bynode=None,
              colsample_bytree=0.8, device=None, early_stopping_rounds=None,
              enable_categorical=False, eval_metric=None, feature_types=None,
              feature_weights=None, gamma=1, grow_policy=None,
              importance_type=None, interaction_constraints=None,
              learning_rate=0.03, max_bin=None, max_cat_threshold=None,
              max_cat_to_onehot=None, max_delta_step=None, max_depth=3,
              max_leaves=None, min_child_weight=3, missing=nan,
              monotone_constraints=None, multi_strategy=None, n_estimators=100,
              n_jobs=None, num_parallel_tree=None, ...)",,,,,,,4,forward,0.9858156028368794,0.9841890474670558,0.7857142857142857,0.7812599936040934,0.7551020408163265,0.8222222222222222,0.6981132075471698,0.8333866325551647,0.9964912280701754,0.9675049309664695,0.8531615497076024,0.6865079365079364,0.9663165589412126,0.9148179945054945,0.9405672767233535,28,0,1.0,6,1,0.8571428571428571,34,1,0.9714285714285714,"outlier=None;scale=None;reduce_pre__method=None;reduce_pre__n_components=None;select__method=forward;select__k=4;reduce_post__method=None;clf=XGBClassifier(base_score=None, booster=None, callbacks=None,
              colsample_bylevel=None, colsample_bynode=None,
              colsample_bytree=1.0, device=None, early_stopping_rounds=None,
              enable_categorical=False, eval_metric=None, feature_types=None,
              feature_weights=None, gamma=1, grow_policy=None,
              importance_type=None, interaction_constraints=None,
              learning_rate=0.03, max_bin=None, max_cat_threshold=None,
              max_cat_to_onehot=None, max_delta_step=None, max_depth=4,
              max_leaves=None, min_child_weight=1, missing=nan,
              monotone_constraints=None, multi_strategy=None, n_estimators=100,
              n_jobs=None, num_parallel_tree=None, ...)",1.0,1.0,0.03,4.0,1.0,100.0,0.0,4.0,0.9,188.0,191.0,41.0,140.0
mountain_lion,xgb_std,0.9255146834853345,0.05294038494719981,0.9243489671403596,0.05669161961453151,-0.17650741787776808,0.08482553013332371,0.90960433244916,0.06811284609401624,0.9201814058956916,0.07209261929033167,0.9049686243749389,0.09341895030527997,0.9826713463405786,0.015111291673081352,"XGBClassifier(base_score=None, booster=None, callbacks=None,
              colsample_bylevel=None, colsample_bynode=None,
              colsample_bytree=0.8, device=None, early_stopping_rounds=None,
              enable_categorical=False, eval_metric=None, feature_types=None,
              feature_weights=None, gamma=1, grow_policy=None,
              importance_type=None, interaction_constraints=None,
              learning_rate=0.03, max_bin=None, max_cat_threshold=None,
              max_cat_to_onehot=None, max_delta_step=None, max_depth=3,
              max_leaves=None, min_child_weight=3, missing=nan,
              monotone_constraints=None, multi_strategy=None, n_estimators=100,
              n_jobs=None, num_parallel_tree=None, ...)",,OutlierCleanerTransformer(),,,5.0,FeatureScalerTransformer(),22,lasso,0.9905437352245863,0.9910286808627058,0.7410714285714286,0.7388871122481612,0.7184466019417476,0.74,0.6981132075471698,0.7876559002238568,0.9850505050505051,0.9948717948717949,0.7903874269005848,0.6964285714285715,0.9440688043873638,0.9389136904761906,0.9414912474317771,28,0,1.0,6,1,0.8571428571428571,34,1,0.9714285714285714,"outlier=OutlierCleanerTransformer();scale=FeatureScalerTransformer();reduce_pre__method=None;reduce_pre__n_components=5;select__method=lasso;select__k=22;reduce_post__method=None;clf=XGBClassifier(base_score=None, booster=None, callbacks=None,
              colsample_bylevel=None, colsample_bynode=None,
              colsample_bytree=0.8, device=None, early_stopping_rounds=None,
              enable_categorical=False, eval_metric=None, feature_types=None,
              feature_weights=None, gamma=5, grow_policy=None,
              importance_type=None, interaction_constraints=None,
              learning_rate=0.1, max_bin=None, max_cat_threshold=None,
              max_cat_to_onehot=None, max_delta_step=None, max_depth=6,
              max_leaves=None, min_child_weight=5, missing=nan,
              monotone_constraints=None, multi_strategy=None, n_estimators=300,
              n_jobs=None, num_parallel_tree=None, ...)",0.8,5.0,0.1,6.0,5.0,300.0,0.0,1.0,0.7,90.0,72.0,144.0,102.0
mountain_lion,xgb_std,0.9284558599559227,0.05669697217610468,0.9263684016066026,0.06179000259748344,-0.1936748669450811,0.07754654176144819,0.9121339309081098,0.07371050769467898,0.9257989417989417,0.06515681372542344,0.9044620387619702,0.10472179441973821,0.9823162386665946,0.016188196694184597,"XGBClassifier(base_score=None, booster=None, callbacks=None,
              colsample_bylevel=None, colsample_bynode=None,
              colsample_bytree=0.8, device=None, early_stopping_rounds=None,
              enable_categorical=False, eval_metric=None, feature_types=None,
              feature_weights=None, gamma=1, grow_policy=None,
              importance_type=None, interaction_constraints=None,
              learning_rate=0.03, max_bin=None, max_cat_threshold=None,
              max_cat_to_onehot=None, max_delta_step=None, max_depth=3,
              max_leaves=None, min_child_weight=3, missing=nan,
              monotone_constraints=None, multi_strategy=None, n_estimators=100,
              n_jobs=None, num_parallel_tree=None, ...)",,OutlierCleanerTransformer(),,,8.0,FeatureScalerTransformer(),30,lasso,0.9952718676122931,0.9945054945054945,0.7053571428571429,0.7021106491845219,0.6732673267326733,0.7083333333333334,0.6415094339622641,0.7614326830828271,1.0,0.9838827838827839,0.7772295321637427,0.6388888888888888,0.9531009541397353,0.9191964285714285,0.9361486913555819,28,0,1.0,6,1,0.8571428571428571,34,1,0.9714285714285714,"outlier=OutlierCleanerTransformer();scale=FeatureScalerTransformer();reduce_pre__method=None;reduce_pre__n_components=8;select__method=lasso;select__k=30;reduce_post__method=None;clf=XGBClassifier(base_score=None, booster=None, callbacks=None,
              colsample_bylevel=None, colsample_bynode=None,
              colsample_bytree=0.8, device=None, early_stopping_rounds=None,
              enable_categorical=False, eval_metric=None, feature_types=None,
              feature_weights=None, gamma=1, grow_policy=None,
              importance_type=None, interaction_constraints=None,
              learning_rate=0.03, max_bin=None, max_cat_threshold=None,
              max_cat_to_onehot=None, max_delta_step=None, max_depth=5,
              max_leaves=None, min_child_weight=3, missing=nan,
              monotone_constraints=None, multi_strategy=None, n_estimators=100,
              n_jobs=None, num_parallel_tree=None, ...)",0.8,1.0,0.03,5.0,3.0,100.0,1.0,1.0,0.8,68.0,62.0,110.0,80.0
mountain_lion,xgb_std,0.940283667003466,0.04224235552076201,0.9363340333464277,0.04309766594730755,-0.19458782139628264,0.0832049291533461,0.9295285060242268,0.049216729951123486,0.949603502188868,0.05616805346836099,0.9134866163349347,0.06894440679414031,0.9810877148222072,0.018862091615858282,"XGBClassifier(base_score=None, booster=None, callbacks=None,
              colsample_bylevel=None, colsample_bynode=None,
              colsample_bytree=0.8, device=None, early_stopping_rounds=None,
              enable_categorical=False, eval_metric=None, feature_types=None,
              feature_weights=None, gamma=1, grow_policy=None,
              importance_type=None, interaction_constraints=None,
              learning_rate=0.03, max_bin=None, max_cat_threshold=None,
              max_cat_to_onehot=None, max_delta_step=None, max_depth=3,
              max_leaves=None, min_child_weight=3, missing=nan,
              monotone_constraints=None, multi_strategy=None, n_estimators=100,
              n_jobs=None, num_parallel_tree=None, ...)",,,,,2.0,,30,lasso,0.9929078014184397,0.992430805708814,0.7589285714285714,0.7548768787975695,0.7272727272727273,0.782608695652174,0.6792452830188679,0.8560921010553246,0.9964912280701754,0.9838827838827839,0.8313230994152048,0.6706349206349206,0.9617189904586027,0.9251488095238095,0.9434338999912061,28,0,1.0,6,1,0.8571428571428571,34,1,0.9714285714285714,"outlier=None;scale=None;reduce_pre__method=None;reduce_pre__n_components=2;select__method=lasso;select__k=30;reduce_post__method=None;clf=XGBClassifier(base_score=None, booster=None, callbacks=None,
              colsample_bylevel=None, colsample_bynode=None,
              colsample_bytree=0.8, device=None, early_stopping_rounds=None,
              enable_categorical=False, eval_metric=None, feature_types=None,
              feature_weights=None, gamma=5, grow_policy=None,
              importance_type=None, interaction_constraints=None,
              learning_rate=0.01, max_bin=None, max_cat_threshold=None,
              max_cat_to_onehot=None, max_delta_step=None, max_depth=3,
              max_leaves=None, min_child_weight=1, missing=nan,
              monotone_constraints=None, multi_strategy=None, n_estimators=300,
              n_jobs=None, num_parallel_tree=None, ...)",0.8,5.0,0.01,3.0,1.0,300.0,0.0,2.0,1.0,22.0,27.0,108.0,52.333333333333336
mountain_lion,xgb_std,0.9364229273799072,0.04986193790784821,0.9327154662326652,0.056883377015557623,-0.21535262163243699,0.07587853002188137,0.9202346180636173,0.0682655672892202,0.9476933205043803,0.04573813905110152,0.901896427754355,0.11008684206509983,0.9831645007475756,0.015178450052673927,"XGBClassifier(base_score=None, booster=None, callbacks=None,
              colsample_bylevel=None, colsample_bynode=None,
              colsample_bytree=0.8, device=None, early_stopping_rounds=None,
              enable_categorical=False, eval_metric=None, feature_types=None,
              feature_weights=None, gamma=1, grow_policy=None,
              importance_type=None, interaction_constraints=None,
              learning_rate=0.03, max_bin=None, max_cat_threshold=None,
              max_cat_to_onehot=None, max_delta_step=None, max_depth=3,
              max_leaves=None, min_child_weight=3, missing=nan,
              monotone_constraints=None, multi_strategy=None, n_estimators=100,
              n_jobs=None, num_parallel_tree=None, ...)",,,,pca,12.0,FeatureScalerTransformer(),26,lasso,0.9952718676122931,0.9945054945054945,0.6964285714285714,0.6926766869203709,0.66,0.7021276595744681,0.6226415094339622,0.7700671570195076,1.0,0.9838827838827839,0.7754934210526315,0.623015873015873,0.952735457063712,0.916220238095238,0.934477847579475,28,0,1.0,6,1,0.8571428571428571,34,1,0.9714285714285714,"outlier=None;scale=FeatureScalerTransformer();reduce_pre__method=pca;reduce_pre__n_components=12;select__method=lasso;select__k=26;reduce_post__method=None;clf=XGBClassifier(base_score=None, booster=None, callbacks=None,
              colsample_bylevel=None, colsample_bynode=None,
              colsample_bytree=0.6, device=None, early_stopping_rounds=None,
              enable_categorical=False, eval_metric=None, feature_types=None,
              feature_weights=None, gamma=1, grow_policy=None,
              importance_type=None, interaction_constraints=None,
              learning_rate=0.01, max_bin=None, max_cat_threshold=None,
              max_cat_to_onehot=None, max_delta_step=None, max_depth=3,
              max_leaves=None, min_child_weight=1, missing=nan,
              monotone_constraints=None, multi_strategy=None, n_estimators=200,
              n_jobs=None, num_parallel_tree=None, ...)",0.6,1.0,0.01,3.0,1.0,200.0,0.5,1.0,0.9,31.0,38.0,67.0,45.333333333333336
mountain_lion,xgb_std,0.9152228055401265,0.06292271834666305,0.9094121806706085,0.06759537684352933,-0.208318710575704,0.13449318474449776,0.8947763347763347,0.07981520784517093,0.9397452934662237,0.06378461065129234,0.8571869791155995,0.10443139713426257,0.9715522515447393,0.035596027330163905,"XGBClassifier(base_score=None, booster=None, callbacks=None,
              colsample_bylevel=None, colsample_bynode=None,
              colsample_bytree=0.8, device=None, early_stopping_rounds=None,
              enable_categorical=False, eval_metric=None, feature_types=None,
              feature_weights=None, gamma=1, grow_policy=None,
              importance_type=None, interaction_constraints=None,
              learning_rate=0.03, max_bin=None, max_cat_threshold=None,
              max_cat_to_onehot=None, max_delta_step=None, max_depth=3,
              max_leaves=None, min_child_weight=3, missing=nan,
              monotone_constraints=None, multi_strategy=None, n_estimators=100,
              n_jobs=None, num_parallel_tree=None, ...)",,OutlierCleanerTransformer(),,,5.0,FeatureScalerTransformer(),4,forward,0.9881796690307328,0.9869363002143086,0.8035714285714286,0.8001279181323953,0.78,0.8297872340425532,0.7358490566037735,0.8599296450271826,0.9964912280701754,0.9771203155818541,0.8271198830409356,0.7232142857142857,0.9608341028008618,0.929512934981685,0.9451735188912733,28,0,1.0,6,1,0.8571428571428571,34,1,0.9714285714285714,"outlier=OutlierCleanerTransformer();scale=FeatureScalerTransformer();reduce_pre__method=None;reduce_pre__n_components=5;select__method=forward;select__k=4;reduce_post__method=None;clf=XGBClassifier(base_score=None, booster=None, callbacks=None,
              colsample_bylevel=None, colsample_bynode=None,
              colsample_bytree=0.8, device=None, early_stopping_rounds=None,
              enable_categorical=False, eval_metric=None, feature_types=None,
              feature_weights=None, gamma=0, grow_policy=None,
              importance_type=None, interaction_constraints=None,
              learning_rate=0.1, max_bin=None, max_cat_threshold=None,
              max_cat_to_onehot=None, max_delta_step=None, max_depth=3,
              max_leaves=None, min_child_weight=3, missing=nan,
              monotone_constraints=None, multi_strategy=None, n_estimators=200,
              n_jobs=None, num_parallel_tree=None, ...)",0.8,0.0,0.1,3.0,3.0,200.0,1.0,4.0,0.9,143.0,148.0,70.0,120.33333333333333
mountain_lion,xgb_std,0.9205079955408509,0.041399432148575006,0.9221902429919506,0.04524760686116331,-0.20066347960772363,0.09313918533285064,0.905627064293731,0.05203787507889434,0.9065892597968069,0.07250121916723887,0.9167434715821813,0.10257824828626887,0.9835697735553113,0.014530176388848287,"XGBClassifier(base_score=None, booster=None, callbacks=None,
              colsample_bylevel=None, colsample_bynode=None,
              colsample_bytree=0.8, device=None, early_stopping_rounds=None,
              enable_categorical=False, eval_metric=None, feature_types=None,
              feature_weights=None, gamma=1, grow_policy=None,
              importance_type=None, interaction_constraints=None,
              learning_rate=0.03, max_bin=None, max_cat_threshold=None,
              max_cat_to_onehot=None, max_delta_step=None, max_depth=3,
              max_leaves=None, min_child_weight=3, missing=nan,
              monotone_constraints=None, multi_strategy=None, n_estimators=100,
              n_jobs=None, num_parallel_tree=None, ...)",,OutlierCleanerTransformer(),,,2.0,,14,lasso,0.9858156028368794,0.9855341753682003,0.7321428571428571,0.7304125359769746,0.7115384615384616,0.7254901960784313,0.6981132075471698,0.8388231531819635,0.9848750664540138,0.9838264299802761,0.7420504385964911,0.6865079365079364,0.9337540921682195,0.9280792124542125,0.930916652311216,28,0,1.0,6,1,0.8571428571428571,34,1,0.9714285714285714,"outlier=OutlierCleanerTransformer();scale=None;reduce_pre__method=None;reduce_pre__n_components=2;select__method=lasso;select__k=14;reduce_post__method=None;clf=XGBClassifier(base_score=None, booster=None, callbacks=None,
              colsample_bylevel=None, colsample_bynode=None,
              colsample_bytree=0.8, device=None, early_stopping_rounds=None,
              enable_categorical=False, eval_metric=None, feature_types=None,
              feature_weights=None, gamma=0, grow_policy=None,
              importance_type=None, interaction_constraints=None,
              learning_rate=0.03, max_bin=None, max_cat_threshold=None,
              max_cat_to_onehot=None, max_delta_step=None, max_depth=6,
              max_leaves=None, min_child_weight=5, missing=nan,
              monotone_constraints=None, multi_strategy=None, n_estimators=300,
              n_jobs=None, num_parallel_tree=None, ...)",0.8,0.0,0.03,6.0,5.0,300.0,1.0,1.0,1.0,116.5,87.0,94.0,99.16666666666667
