ind_a,ind_b,same_individual,selected_features,selection_method,center_distance_ab,center_distance_rcv_a,center_distance_rcv_b,comparison_id,k_features,reducer
zanetka,zewe,False,"['ang3_4_3', 'dist2_13', 'dist11_15', 'dist3_12', 'dist8_15', 'dist11_14', 'dist15_17', 'ang4_3_5', 'dist15_16', 'dist7_11', 'dist7_16', 'dist9_15', 'dist10_11', 'dist10_15', 'dist11_16', 'dist11_17', 'dist12_15', 'dist12_16', 'dist12_17', 't1_3_5']",random_forest,11.099440618460834,5.733691499026308,11.150891843995744,0,20,pca
zanetka,zewe,False,"['dist8_15', 'dist1_13', 't2_3_7', 'dist2_3', 'dist2_13', 'ang2_3_4', 't4_5_8', 'dist1_3', 'dist2_14', 'dist3_7', 'dist5_7', 'dist5_8', 'dist5_9', 'dist5_11', 'dist5_16', 'dist6_17', 'dist9_15', 'dist12_14', 'ang1_3_4', 'ang1_4_3']",random_forest,21.7440323476406,7.688735165691185,14.059952533842965,1,20,pca
sam,zanetka,False,"['dist2_11', 'dist5_14', 't4_5_8', 'dist1_4', 'dist3_7', 'dist3_10', 'dist4_11', 'dist4_12', 'dist7_12', 'dist9_11', 'dist9_15', 'dist10_15', 'dist12_15', 't2_3_7', 't3_7_16', 't5_8_9', 't3_4_5', 't13_14_17', 't12_15_17', 't13_14_16']",random_forest,8.611270570240956,0.5578564303725808,9.124142192212641,2,20,pca
sam,zanetka,False,"['dist2_11', 'dist5_14', 'dist1_4', 'dist3_7', 'dist3_10', 'dist4_12', 'dist7_12', 'dist12_15', 'dist14_16', 'ang1_2_5', 'ang2_3_4', 't2_3_7', 't4_7_8', 't4_5_8', 't5_8_9', 't3_4_5', 't13_14_17', 't13_14_16', 'dist1_3', 'dist1_5']",random_forest,16.73731059476972,8.976216092398037,7.962873506903249,3,20,pca
sam,shorfy,False,"['dist5_14', 'ang1_3_4', 'ang1_3_5', 'ang1_4_3', 'dist6_15', 'dist2_11', 'dist2_12', 'dist6_9', 'dist7_10', 'dist12_13', 'ang1_2_4', 'ang3_4_3', 'ang1_2_5', 'dist1_2', 'dist6_10', 'dist8_10', 'ang3_1_4', 'ang3_2_4', 'ang2_3_4', 't6_10_11']",random_forest,42.56838697160997,29.95329552735453,16.34351107634472,4,20,pca
sam,shorfy,False,"['dist5_14', 'dist2_11', 'dist6_11', 'dist7_15', 'dist11_17', 'ang1_2_4', 't3_4_5', 'dist2_12', 'dist6_15', 'dist8_10', 'dist8_15', 'dist10_17', 'dist12_16', 'dist12_17', 'dist14_16', 'ang1_2_5', 'ang2_3_4', 't6_10_11', 'dist3_11', 't4_5_8']",random_forest,14.859768976958396,8.441245654225906,8.23536182555052,5,20,pca
sam,zewe,False,"['t2_4_8', 't3_5_10', 'dist3_10', 'dist4_10', 't3_7_16', 't4_6_10', 'dist1_4', 'dist3_8', 'dist3_9', 'dist3_17', 'dist4_7', 'dist4_9', 'dist8_9', 'dist10_16', 'dist12_13', 't4_7_8', 't3_4_16', 't2_4_5', 't3_4_5', 'dist3_7']",random_forest,8.007739585686672,0.7698085958099535,7.508871826284217,6,20,pca
sam,zewe,False,"['t2_4_7', 'dist8_10', 'ang4_9_5', 'dist10_14', 'dist4_9', 'dist6_17', 'dist8_9', 'ang3_4_3', 't1_6_7', 'dist4_13', 'dist4_16', 'dist5_14', 'dist10_17', 'dist13_14', 'ang7_6_10', 't3_4_16', 't3_5_10', 'dist4_10', 'ang1_4_5', 'dist5_9']",random_forest,14.52677625735255,7.954043569158225,12.50369246364779,7,20,pca
sam,vladimir,False,"['dist1_8', 'dist1_4', 't2_4_5', 't3_4_5', 'dist1_10', 'dist1_17', 'dist2_8', 'dist2_14', 'dist2_16', 'dist4_13', 'dist1_2', 'dist1_16', 'dist2_3', 'dist2_4', 'dist5_14', 'dist8_16', 'dist9_12', 'ang1_2_5', 'ang1_3_5', 'ang4_9_5']",random_forest,22.792259042020145,10.252550136713488,13.066315252594384,8,20,pca
sam,vladimir,False,"['t3_4_5', 't2_4_5', 't2_4_8', 'dist11_17', 'dist15_17', 'dist1_8', 'dist2_8', 'dist5_15', 'dist5_16', 'ang4_9_5', 'dist1_9', 'dist1_10', 'dist2_4', 'dist2_16', 'dist5_14', 'dist8_15', 'dist10_15', 'dist12_13', 'dist12_15', 'ang4_1_5']",random_forest,18.746711065974807,3.069143073967968,15.881916672892153,9,20,pca
rosie,zanetka,False,"['t3_7_16', 'dist4_9', 'dist3_7', 'ang6_10_4', 'ang4_9_5', 'dist4_14', 'dist5_8', 'dist5_15', 'dist6_17', 'ang5_3_4', 'ang3_4_3', 'ang1_2_5', 'ang6_4_10', 'dist7_12', 'ang3_1_4', 'ang6_9_10', 'dist1_6', 'dist12_17', 'dist10_11', 'dist6_9']",random_forest,17.63775451370701,12.740973653291984,6.814478510348696,10,20,pca
rosie,zanetka,False,"['dist1_8', 'dist8_15', 'dist13_16', 'dist4_9', 'ang4_9_5', 'dist8_16', 'dist6_11', 'ang3_1_4', 'dist10_15', 'dist1_15', 'dist3_13', 'dist1_10', 'dist4_16', 'dist7_9', 'ang2_4_5', 'ang1_4_3', 'dist4_12', 'dist4_13', 'dist7_13', 't5_8_9']",random_forest,12.95137818652299,14.057697156634124,1.453819313820374,11,20,pca
rosie,sam,False,"['dist2_11', 'dist5_14', 'dist3_7', 'dist3_8', 'dist4_8', 'dist7_13', 'dist12_16', 't3_7_16', 'dist1_13', 'dist2_9', 'dist2_15', 'dist4_12', 'dist9_14', 'dist12_13', 'dist13_16', 'dist13_17', 'ang1_2_5', 'ang1_3_5', 't2_3_7', 't3_4_5']",random_forest,18.64688391840845,14.411776698546582,5.311226553046462,12,20,pca
rosie,sam,False,"['dist2_13', 'dist7_12', 't6_10_11', 'dist6_11', 'ang4_3_5', 'ang1_4_5', 'ang2_3_4', 'dist8_16', 'dist7_11', 'ang2_4_5', 'dist5_14', 'dist11_14', 'dist11_16', 'ang3_2_5', 'ang1_3_5', 'ang2_1_4', 'ang6_10_4', 't2_4_7', 't12_13_15', 'dist1_4']",random_forest,29.941341516099772,23.0153210009323,8.767812053776913,13,20,pca
rosie,shorfy,False,"['ang4_9_5', 'dist7_13', 'dist7_12', 'dist9_10', 'dist4_9', 'dist1_3', 'dist7_10', 'dist9_11', 'dist4_8', 'dist7_17', 'dist1_15', 'dist6_17', 'dist11_17', 't6_7_9', 't6_9_17', 'dist3_7', 'dist6_9', 't2_4_8', 'dist4_16', 'dist14_17']",random_forest,12.812141203363785,10.90836328140359,3.7204027452132027,14,20,pca
rosie,shorfy,False,"['dist7_10', 'dist2_11', 'dist5_14', 'ang3_4_3', 'dist5_16', 'dist7_15', 'ang5_3_4', 'dist1_13', 'dist2_6', 'dist2_12', 'dist2_15', 'dist7_13', 'dist11_15', 'dist11_16', 'ang2_4_5', 't5_8_9', 't2_5_6', 'dist1_5', 'dist1_11', 'dist1_15']",random_forest,23.888408683778724,16.130782382518294,8.711440367943682,15,20,pca
rosie,zewe,False,"['ang1_4_3', 'ang1_3_5', 'ang1_3_4', 'dist3_7', 'dist3_16', 'dist7_13', 'dist6_13', 'dist3_17', 't2_3_7', 'dist11_15', 'dist3_8', 'dist9_16', 'dist13_17', 'dist14_17', 'dist5_14', 'dist7_8', 'dist12_13', 't3_4_5', 't13_14_17', 't2_4_8']",random_forest,14.46475136267949,8.06717980681779,13.679386775108073,16,20,pca
rosie,zewe,False,"['t4_7_8', 'ang4_9_5', 'dist11_14', 't2_3_7', 'dist1_3', 'ang2_3_4', 't3_4_7', 'ang2_7_5', 'dist5_14', 't3_7_16', 't4_5_8', 'dist1_6', 'dist2_4', 'dist2_13', 'dist3_7', 'dist3_12', 'dist3_16', 'dist5_16', 'ang7_6_10', 'ang6_10_4']",random_forest,15.453468188440503,8.45752790204433,7.350590965594593,17,20,pca
rosie,vladimir,False,"['dist1_8', 'dist2_7', 'dist2_8', 'dist3_8', 'dist8_16', 't1_2_7', 'ang6_10_4', 't3_7_16', 't2_4_5', 'dist3_6', 'dist7_13', 't2_4_8', 'dist2_3', 'dist2_4', 'dist2_16', 'dist3_9', 'dist3_13', 'dist8_15', 't3_6_10', 'dist4_13']",random_forest,8.985128533185609,5.587821112760277,3.4601565854243046,18,20,pca
rosie,vladimir,False,"['dist1_8', 't1_3_5', 'dist1_4', 'dist5_14', 'dist11_14', 'dist12_15', 't2_3_7', 't4_5_8', 't2_4_8', 'dist2_3', 'dist3_10', 'dist4_8', 'dist4_10', 'dist13_16', 't3_4_5', 't3_5_7', 't3_6_10', 't13_14_17', 'dist1_3', 'dist1_5']",random_forest,13.258484926854836,8.827743741708034,4.6880291461419,19,20,pca
otella,zanetka,False,"['dist11_14', 't1_3_5', 'dist4_11', 't5_8_9', 'dist1_3', 'dist1_4', 'dist3_6', 'dist3_13', 'dist4_7', 'dist4_10', 'dist4_13', 'dist5_14', 'dist7_13', 'dist8_15', 'dist10_15', 'dist12_15', 'dist12_16', 'dist13_16', 'dist15_16', 'ang6_4_10']",random_forest,8.793646947006414,3.932071894592898,7.23760588939056,20,20,pca
otella,zanetka,False,"['dist1_4', 't3_7_16', 't4_5_8', 'dist4_10', 'dist5_14', 't2_3_7', 'dist4_9', 'dist3_7', 'dist5_12', 'dist5_11', 'dist2_15', 'dist3_6', 'dist4_11', 'dist6_13', 'dist11_14', 'dist15_17', 't13_14_17', 't4_7_8', 't1_3_5', 'dist1_3']",random_forest,4.404794835850607,4.806085793417112,9.133907823055088,21,20,pca
otella,sam,False,"['dist7_12', 'dist8_15', 'dist9_12', 'dist12_17', 't12_15_17', 'dist7_13', 'dist13_14', 'dist1_7', 'dist1_8', 'dist1_11', 'dist2_4', 'dist2_11', 'dist3_15', 'dist4_12', 'dist5_12', 'dist6_11', 'dist7_15', 'dist8_9', 'dist8_12', 'dist11_13']",random_forest,6.3384690878593295,5.3587769299741135,0.9856027083789787,22,20,pca
otella,sam,False,"['dist2_11', 't2_4_8', 't3_5_10', 'dist1_8', 'dist2_8', 'dist6_10', 'dist7_13', 'dist1_4', 'dist2_16', 'dist3_8', 'dist3_10', 'dist3_11', 'dist3_16', 'dist4_12', 'dist5_12', 'dist11_13', 'dist11_14', 'dist12_14', 'dist14_16', 'dist15_16']",random_forest,4.656992067564508,4.052571125646967,0.7462770692833885,23,20,pca
otella,rosie,False,"['ang2_4_5', 'ang4_9_5', 'dist7_12', 'dist2_14', 'ang3_4_3', 'ang4_3_5', 'ang2_7_5', 'dist1_9', 'dist2_4', 'dist7_10', 'dist9_15', 'ang2_1_4', 't2_4_5', 'dist13_17', 'dist1_8', 'ang5_3_4', 't1_3_5', 'dist3_4', 'ang4_2_5', 'dist9_12']",random_forest,34.213779055235484,18.533878485660384,20.729476902966706,24,20,pca
otella,rosie,False,"['dist4_8', 'ang3_4_3', 'ang6_4_10', 'dist8_14', 'ang4_9_5', 'dist8_16', 't4_5_8', 'ang2_7_5', 'ang1_3_5', 'ang3_2_4', 't8_9_17', 'dist4_5', 'dist5_17', 'ang1_4_5', 't5_8_9', 'ang4_3_5', 't2_3_7', 'dist1_3', 'dist2_4', 't2_5_9']",random_forest,12.502082123226218,7.130681167041051,8.210241917752962,25,20,pca
otella,shorfy,False,"['dist6_13', 'dist5_14', 'dist7_10', 'dist1_13', 'dist1_2', 'dist3_8', 'dist6_16', 'dist6_17', 'ang1_3_5', 'dist7_17', 'ang1_2_5', 'dist2_6', 'dist6_7', 'dist8_16', 'dist3_6', 'dist5_9', 't6_7_17', 't13_14_15', 'dist5_6', 'dist6_8']",random_forest,13.258238358659868,8.083217082227703,16.38511407970869,26,20,pca
otella,shorfy,False,"['ang1_2_5', 'ang1_4_3', 'dist6_13', 'ang5_1_4', 'ang4_9_5', 'dist7_11', 'dist5_8', 'ang1_3_4', 'dist5_14', 'dist6_17', 'dist7_8', 'ang3_1_5', 'dist2_8', 't2_3_5', 'dist4_10', 'dist1_4', 'dist5_16', 't3_5_10', 'dist8_14', 'dist10_16']",random_forest,12.428688285659003,2.8831719951658394,11.588489413909105,27,20,pca
otella,paulinchen,False,"['t2_4_5', 't2_4_8', 'ang2_7_5', 'dist2_4', 'dist1_17', 'dist2_3', 'dist2_8', 't1_3_5', 'dist2_9', 'dist2_14', 'dist3_4', 'dist3_6', 'dist6_9', 'dist7_16', 'dist12_17', 'ang3_4_3', 't3_4_5', 'dist9_12', 'dist11_17', 't3_7_16']",random_forest,23.69990838924904,5.3699426057714685,19.441504562791085,28,20,pca
otella,paulinchen,False,"['dist1_8', 'dist1_9', 'dist1_16', 'dist5_12', 'dist12_15', 'dist14_16', 't2_4_5', 'dist1_5', 't7_8_16', 'dist1_7', 'dist1_17', 'dist2_8', 'dist2_16', 'dist3_6', 'dist7_17', 'dist13_14', 'ang1_2_5', 'ang6_9_10', 't1_2_7', 't3_7_16']",random_forest,9.494492524020314,8.758011327536972,2.8823152222643733,29,20,pca
otella,zewe,False,"['ang6_4_10', 'dist1_4', 'dist4_14', 'ang4_3_5', 'dist5_7', 'ang5_3_4', 'dist1_11', 't4_5_8', 't6_10_11', 'ang2_3_4', 'dist1_2', 'dist5_15', 'dist6_10', 'dist6_11', 'dist11_15', 'ang6_10_4', 'dist1_8', 'dist4_16', 'dist10_12', 'dist5_12']",random_forest,14.999575519513506,6.617273676394684,12.980421712048166,30,20,pca
otella,zewe,False,"['dist4_10', 'dist7_10', 'dist1_17', 'dist2_9', 'ang1_2_5', 'ang4_3_5', 'ang4_2_4', 'dist5_7', 'ang2_1_4', 'ang6_4_10', 'ang1_4_5', 't4_5_8', 't7_8_9', 't2_5_10', 'dist3_7', 'dist1_8', 'dist4_9', 'ang7_6_10', 'dist10_11', 'dist14_15']",random_forest,16.976588421932412,3.69469845131753,13.514748079999224,31,20,pca
otella,vladimir,False,"['dist1_8', 'dist12_15', 't2_4_8', 't3_5_10', 'dist2_4', 'dist2_8', 'dist2_14', 'dist6_10', 'dist13_16', 'ang6_10_4', 'dist1_17', 'dist2_3', 'dist2_9', 'dist3_13', 'dist6_8', 'dist7_12', 'dist7_13', 'dist10_14', 'dist13_14', 't6_7_9']",random_forest,13.496855208378438,9.407913868109222,4.210869109480419,32,20,pca
otella,vladimir,False,"['dist1_8', 'dist12_15', 'dist1_4', 'dist1_10', 'dist2_8', 'dist2_16', 't1_3_5', 'dist1_16', 'dist2_3', 'dist2_4', 'dist2_9', 'dist2_14', 'dist6_9', 'dist7_9', 'dist7_13', 'dist12_17', 'dist13_16', 'dist13_17', 'ang6_10_4', 't2_4_8']",random_forest,10.3342365102907,6.462419710673363,4.048186018665604,33,20,pca
japet,zanetka,False,"['dist2_11', 'dist3_10', 'dist5_14', 'dist2_4', 'dist2_14', 'dist3_7', 'dist4_12', 'dist7_12', 'dist7_13', 'dist11_16', 'dist12_15', 't4_7_8', 't6_7_9', 't8_9_17', 't3_4_5', 't2_4_8', 't13_14_17', 't13_14_16', 'dist1_3', 'dist1_4']",random_forest,11.002258994966297,3.126802913747423,8.062607280350758,34,20,pca
japet,zanetka,False,"['dist2_11', 'dist5_14', 'dist3_10', 'dist6_17', 'dist1_8', 'dist2_4', 'dist2_14', 'dist4_12', 'dist7_12', 'dist11_16', 'dist12_15', 't4_7_8', 't6_7_9', 't8_9_17', 't3_4_5', 't2_4_8', 't13_14_17', 't13_14_16', 'dist1_4', 'dist1_12']",random_forest,14.759537674247742,7.561763505743054,7.480244197883584,35,20,pca
japet,sam,False,"['dist5_14', 'dist1_8', 'dist3_10', 'dist9_12', 't7_8_16', 't3_4_5', 'dist2_3', 'dist2_4', 'dist2_11', 'dist4_7', 'dist4_12', 'dist7_12', 'dist7_15', 'dist12_13', 'dist12_17', 't3_7_16', 't4_7_8', 't1_6_7', 't7_8_17', 't12_15_17']",random_forest,8.687907899154196,7.368793818079176,1.3935552333204047,36,20,pca
japet,sam,False,"['dist2_8', 'dist12_17', 'dist2_3', 'dist6_10', 'dist2_16', 'dist3_5', 'dist4_11', 'dist5_15', 'dist6_9', 'dist9_11', 'dist11_16', 'dist12_16', 't2_3_5', 't3_6_10', 'dist3_10', 'dist7_12', 'dist8_15', 'dist14_15', 't6_7_9', 't2_4_5']",random_forest,7.6398117709107565,6.638124375210366,1.1984542643548068,37,20,pca
japet,rosie,False,"['dist2_11', 'dist3_10', 'dist2_4', 'dist2_8', 'dist3_7', 'dist4_12', 'dist5_14', 'dist7_12', 'dist10_15', 'dist12_15', 'dist13_14', 't3_7_16', 't4_7_8', 't8_9_17', 't2_4_5', 't3_4_5', 't2_4_8', 't3_5_10', 't13_14_17', 't13_14_16']",random_forest,14.246141860562917,7.564301344124488,6.698116685671218,38,20,pca
japet,rosie,False,"['dist2_11', 'dist5_14', 't2_4_8', 'dist1_4', 'dist2_4', 'dist2_8', 'dist3_10', 'dist4_10', 'dist7_12', 'dist7_13', 'dist11_16', 't3_7_16', 't4_7_8', 't4_5_8', 't8_9_17', 't3_4_5', 't13_14_17', 'dist1_3', 'dist1_16', 'dist2_3']",random_forest,10.374956107317246,4.275423562846724,6.163435432090195,39,20,pca
japet,otella,False,"['dist1_8', 'dist2_11', 'dist3_10', 'dist5_14', 'dist2_4', 'dist2_8', 'dist2_14', 'dist6_17', 'dist7_12', 'dist12_15', 'dist12_17', 'ang6_10_4', 't3_7_16', 't3_4_16', 't7_8_16', 't6_7_9', 't8_9_17', 't3_4_5', 't2_4_8', 't3_5_10']",random_forest,11.148851267674896,7.464671222665535,3.7884030956970824,40,20,pca
japet,otella,False,"['dist1_8', 'dist2_11', 't2_4_8', 'dist3_10', 'dist1_3', 'dist2_4', 'dist2_8', 'dist2_14', 'dist11_16', 'dist12_15', 'dist13_14', 't3_4_16', 't1_6_7', 't6_7_9', 't8_9_17', 't3_4_5', 't3_5_10', 't13_14_17', 'dist1_4', 'dist1_5']",random_forest,11.167877323685216,6.406457432128668,4.774566736610335,41,20,pca
japet,nuernberg_2,False,"['dist1_8', 'dist1_4', 'dist5_14', 'dist13_14', 't2_4_8', 't3_5_10', 'dist1_5', 'dist2_4', 'dist2_12', 'dist2_15', 'dist3_5', 'dist5_16', 'dist6_15', 'dist7_9', 'dist7_14', 'dist12_15', 'dist14_16', 't3_7_16', 't4_5_8', 't6_7_9']",random_forest,6.011682161547564,6.223666096631063,0.3732252292727133,42,20,pca
japet,nuernberg_2,False,"['t3_4_5', 'dist1_4', 'dist3_5', 'dist3_10', 'dist5_14', 'dist7_10', 'dist11_14', 't1_3_5', 't2_4_5', 't3_5_10', 't3_6_10', 'dist2_3', 'dist2_4', 'dist2_9', 'dist3_9', 'dist7_9', 'dist8_10', 'dist10_14', 'ang6_10_4', 't3_7_16']",random_forest,12.35354661828112,10.740522293321977,1.8415307041658635,43,20,pca
japet,neznamy,False,"['dist13_14', 'dist12_15', 'dist2_14', 'dist2_16', 'dist4_14', 'dist14_16', 'ang4_3_5', 'ang3_1_4', 't2_5_9', 'dist4_9', 'dist1_5', 'dist2_4', 'dist3_4', 'dist5_16', 'dist7_8', 'dist7_9', 'dist7_12', 'dist10_12', 'ang5_3_4', 't7_8_17']",random_forest,11.382880893210215,4.808235823426501,7.294282726727609,44,20,pca
japet,neznamy,False,"['dist2_11', 'dist7_12', 't2_4_5', 't2_4_8', 'dist1_4', 'dist2_4', 'dist3_5', 'dist4_12', 'dist5_15', 'dist5_16', 'dist7_10', 'dist9_12', 'dist12_15', 'dist12_17', 'dist13_14', 'dist13_16', 'dist14_16', 'dist15_17', 'ang4_3_5', 't4_7_8']",random_forest,7.587942921732407,5.33828772686338,4.057724182374594,45,20,pca
japet,nokia,False,"['t2_4_8', 'dist11_14', 'dist4_10', 'ang1_2_5', 'dist4_9', 'ang2_4_5', 'ang1_3_4', 'dist1_2', 'dist2_3', 'dist2_4', 'dist4_11', 'dist6_17', 'dist9_10', 'dist9_16', 'dist14_15', 'dist16_17', 'ang3_4_3', 't7_8_17', 'dist3_10', 'ang2_3_5']",random_forest,14.651599005065721,5.929193159143509,17.37028039781505,46,20,pca
japet,nokia,False,"['ang3_4_3', 'dist2_14', 'dist5_9', 'dist5_10', 'dist11_14', 'ang2_4_5', 'ang1_3_4', 'dist1_4', 'dist4_8', 'dist4_10', 'dist7_15', 'dist8_9', 'dist9_16', 'dist11_16', 'dist12_14', 'dist14_16', 'ang4_3_5', 't8_9_17', 't3_5_10', 't12_15_17']",random_forest,15.320560837469431,4.8406036376734844,16.843182200692542,47,20,pca
japet,noel,False,"['t7_8_17', 'dist2_14', 'dist5_14', 'dist2_4', 'dist5_16', 'dist8_17', 'ang1_3_5', 't2_4_5', 'dist7_12', 'dist1_2', 'dist1_8', 'dist5_6', 'dist6_8', 'dist7_9', 'dist12_17', 'dist13_17', 'dist14_16', 'dist15_17', 'ang4_9_5', 'ang2_7_5']",random_forest,20.422279181291174,2.794744966727497,19.672389807562926,48,20,pca
japet,noel,False,"['dist4_8', 'ang2_7_5', 'dist1_8', 'dist2_4', 'dist2_8', 'dist2_14', 'dist5_16', 'ang1_3_5', 't2_3_5', 't2_4_5', 'dist5_14', 'dist5_7', 't1_3_5', 'dist1_2', 'dist2_16', 'dist3_14', 'dist8_17', 'dist13_17', 'dist15_17', 'ang3_1_4']",random_forest,25.17156611307126,5.093732279764244,20.89014632700023,49,20,pca
japet,matysek,False,"['dist11_14', 'dist2_11', 'dist11_17', 't3_5_10', 'dist3_10', 'dist3_14', 'dist12_13', 't3_4_16', 'dist3_6', 'dist3_15', 'dist5_16', 'dist7_13', 'dist9_11', 'dist10_14', 'dist11_16', 'dist14_15', 'dist14_16', 'dist14_17', 'dist15_17', 't3_7_16']",random_forest,6.836140867470621,4.424923290277669,2.411274452101402,50,20,pca
japet,matysek,False,"['dist11_14', 't3_5_10', 'dist11_17', 'dist3_10', 'dist5_15', 'dist12_13', 'dist2_11', 'dist3_6', 'dist3_15', 'dist4_14', 'dist6_13', 'dist7_12', 'dist7_13', 'dist12_15', 'dist14_15', 'dist14_16', 'dist15_17', 'ang2_3_4', 'ang3_4_3', 't3_4_16']",random_forest,14.85588647112224,10.773479693598876,5.747458738538608,51,20,pca
japet,lucka,False,"['dist1_8', 'dist2_11', 'dist3_10', 'dist5_14', 't2_4_8', 'dist2_4', 'dist2_8', 'dist2_14', 'dist4_12', 'dist6_17', 'dist10_15', 'dist12_15', 'ang3_4_3', 't7_8_16', 't6_7_9', 't8_9_17', 't3_4_5', 't13_14_17', 'dist1_3', 'dist1_4']",random_forest,15.092323176610867,9.32339878070022,7.018616728929329,52,20,pca
japet,lucka,False,"['dist1_8', 'dist6_17', 't2_4_5', 't2_4_8', 'dist1_4', 'dist2_3', 'dist2_4', 'dist2_8', 'dist2_14', 'dist4_12', 'dist5_16', 'dist7_12', 'dist10_15', 'dist12_15', 'dist13_17', 'dist15_17', 't4_5_8', 't1_6_7', 't6_7_9', 't8_9_17']",random_forest,8.965813638571136,3.739705491774818,5.282968645116684,53,20,pca
japet,nuernberg_1,False,"['dist5_14', 'dist2_11', 'dist3_10', 'dist7_12', 't4_7_8', 't7_8_16', 't3_4_5', 'dist1_8', 'dist7_15', 'dist8_12', 'dist9_10', 'dist10_15', 'dist11_17', 'dist12_13', 'dist12_14', 'dist12_16', 't6_7_9', 't8_9_17', 't2_4_5', 't12_15_17']",random_forest,13.738335691276374,13.09929623081441,0.9620757857725798,54,20,pca
japet,nuernberg_1,False,"['t7_8_17', 'dist7_10', 'dist5_14', 'dist2_7', 'ang2_4_5', 't7_8_16', 't8_9_17', 'dist10_16', 'dist5_16', 'dist7_9', 'dist7_17', 'dist8_12', 'dist8_17', 'dist15_17', 'ang6_4_10', 't7_8_9', 't6_7_9', 'dist5_6', 'ang2_7_5', 't2_3_5']",random_forest,11.383595854497687,4.5650472723540325,8.303227036134398,55,20,pca
japet,leni,False,"['dist11_17', 'dist12_17', 'dist14_16', 'ang3_1_4', 'dist7_15', 'dist8_12', 'dist8_15', 'dist12_14', 'dist15_17', 'ang1_3_4', 'ang3_4_3', 't13_14_15', 'dist2_11', 'dist4_11', 'dist6_11', 'dist7_12', 'dist9_11', 'dist9_12', 'dist10_15', 'dist12_16']",random_forest,19.72964557076577,15.621711418154455,12.896611113456323,56,20,pca
japet,leni,False,"['t2_3_7', 'dist1_16', 'dist7_13', 'dist1_13', 'dist10_15', 'dist2_11', 'ang3_4_3', 'dist3_7', 'dist4_11', 'dist6_8', 'dist6_13', 'dist7_15', 'dist11_17', 'ang2_1_4', 'ang3_1_4', 'dist4_10', 'dist12_13', 'dist6_15', 'dist7_12', 'dist8_15']",random_forest,7.089351557543508,4.390991670522452,5.109817254415447,57,20,pca
japet,shorfy,False,"['dist2_11', 'dist3_10', 'dist5_14', 'dist6_17', 't2_4_5', 'dist2_3', 'dist2_4', 'dist2_9', 'dist2_14', 'dist2_15', 'dist7_15', 'dist8_10', 'dist11_16', 'dist12_13', 'dist12_17', 't4_5_8', 't6_7_9', 't8_9_17', 't3_4_5', 't3_5_10']",random_forest,11.720016030831536,5.527358954875819,6.220404101024527,58,20,pca
japet,shorfy,False,"['dist1_8', 'dist2_11', 'dist5_14', 't2_4_8', 'dist2_8', 'dist3_10', 'dist4_12', 'dist7_12', 'dist11_16', 'dist12_15', 't7_8_16', 't6_7_9', 't8_9_17', 't3_4_5', 't13_14_17', 'dist1_3', 'dist1_4', 'dist1_5', 'dist1_12', 'dist1_16']",random_forest,10.24279929940583,4.1851168359437825,6.062847415555237,59,20,pca
japet,paulinchen,False,"['dist2_11', 't3_5_10', 'dist3_10', 'dist14_16', 't3_4_5', 'dist3_15', 'dist4_12', 'dist7_12', 'dist8_9', 'dist11_14', 'dist11_17', 'dist12_13', 't3_4_16', 't5_8_9', 't7_8_17', 't8_9_17', 't13_14_17', 'dist1_10', 'dist1_11', 'dist1_12']",random_forest,9.23291861206755,7.091768710845807,2.481136356904136,60,20,pca
japet,paulinchen,False,"['dist2_11', 'dist3_10', 't3_4_5', 't3_5_10', 'dist3_6', 'dist3_15', 'dist4_7', 'dist4_12', 'dist7_12', 'dist7_15', 'dist8_10', 'dist9_12', 'dist9_15', 'dist11_14', 'dist11_16', 'dist11_17', 'dist12_13', 'dist12_14', 'ang6_10_4', 't3_7_16']",random_forest,13.258561316579426,10.044527534031195,3.2315630887917615,61,20,pca
japet,mette,False,"['dist2_11', 'dist1_8', 'dist3_10', 'dist5_14', 'dist6_17', 't3_4_5', 'dist4_12', 'dist6_8', 'dist7_12', 'dist7_15', 'dist9_12', 'dist9_15', 'dist11_17', 'dist12_13', 'dist12_14', 't3_7_16', 't7_8_16', 't6_7_9', 't8_9_17', 't3_5_10']",random_forest,8.217701888765633,5.2335000980036,3.0037478281775165,62,20,pca
japet,mette,False,"['dist2_11', 'dist3_10', 'dist5_14', 't3_5_10', 'dist1_8', 'dist2_3', 'dist3_6', 'dist4_12', 'dist6_8', 'dist6_17', 'dist9_12', 'dist11_16', 'dist11_17', 'dist12_17', 'dist14_16', 'ang2_3_4', 't3_7_16', 't8_9_17', 't3_4_5', 't13_14_17']",random_forest,21.86138843228185,8.861609128339623,13.940774091558938,63,20,pca
japet,zewe,False,"['dist2_11', 'dist5_14', 't3_4_5', 't2_4_8', 'dist1_4', 'dist1_8', 'dist2_4', 'dist2_8', 'dist3_10', 'dist4_12', 'dist6_9', 'dist7_12', 'dist11_16', 'dist12_15', 't3_7_16', 't4_7_8', 't6_7_9', 't8_9_17', 't1_3_5', 't3_5_10']",random_forest,9.815843927352315,5.418266367642575,4.400441384962538,64,20,pca
japet,zewe,False,"['dist2_11', 'dist3_10', 'dist5_14', 't3_4_5', 't2_4_8', 'dist1_8', 'dist1_9', 'dist2_3', 'dist2_4', 'dist4_10', 'dist4_12', 'dist6_17', 'dist10_16', 'dist11_16', 'dist12_13', 't4_7_8', 't4_5_8', 't2_4_7', 't13_14_17', 'dist1_4']",random_forest,8.327068291083267,3.9774798611229696,4.4389309752313535,65,20,pca
japet,vladimir,False,"['dist2_11', 'dist7_12', 'dist1_8', 'dist4_11', 'dist12_13', 'dist12_16', 'dist15_16', 'dist2_3', 'dist2_12', 'dist4_12', 'dist5_12', 'dist5_15', 'dist7_11', 'dist7_15', 'dist9_15', 'dist10_15', 'dist11_14', 'dist11_17', 'dist12_14', 'ang1_2_4']",random_forest,10.75150913295107,5.485700655423575,6.117273415223246,66,20,pca
japet,vladimir,False,"['dist2_11', 'dist7_12', 'dist5_9', 'dist11_14', 'dist12_16', 'dist14_16', 'dist15_16', 't12_15_17', 'dist1_8', 'dist2_12', 'dist2_14', 'dist3_14', 'dist3_15', 'dist4_11', 'dist4_12', 'dist5_8', 'dist6_12', 'dist7_11', 'dist7_15', 'dist9_11']",random_forest,7.094543516230426,7.447316959504487,0.5356161810774327,67,20,pca
ducky,zanetka,False,"['dist2_11', 'dist1_8', 't2_4_8', 't3_5_10', 'dist2_4', 'dist2_14', 'dist3_10', 'dist4_12', 'dist7_12', 'dist10_15', 'dist12_15', 'dist14_16', 't6_7_9', 't3_4_5', 't13_14_17', 't12_15_17', 'dist1_3', 'dist1_4', 'dist1_5', 'dist1_11']",random_forest,20.08824092774637,11.819564787780257,8.27692465677526,68,20,pca
ducky,zanetka,False,"['dist2_11', 'dist5_14', 'dist3_10', 't2_4_8', 'dist2_4', 'dist2_14', 'dist3_7', 'dist4_12', 'dist5_9', 'dist7_12', 'dist10_15', 'dist12_15', 't4_7_8', 't3_4_5', 't13_14_17', 't12_15_17', 'dist1_3', 'dist1_4', 'dist1_5', 'dist1_8']",random_forest,14.977977121070781,6.514983164106006,8.477059832068273,69,20,pca
ducky,sam,False,"['dist5_14', 't2_4_8', 'dist2_14', 'dist2_15', 'dist4_8', 't2_4_5', 'dist1_5', 'dist2_3', 'dist2_4', 'dist2_8', 'dist2_11', 'dist3_7', 'dist4_7', 'dist4_11', 'dist5_6', 'dist5_16', 'dist8_14', 'dist11_14', 'dist14_16', 't4_7_8']",random_forest,9.66937446241332,8.765941185847009,0.97242113772218,70,20,pca
ducky,sam,False,"['dist5_14', 'dist2_11', 'dist4_8', 'dist6_17', 'dist12_15', 't2_4_5', 't3_4_5', 't2_4_8', 'dist1_3', 'dist2_4', 'dist2_14', 'dist2_15', 'dist4_12', 'dist5_10', 'dist5_16', 'dist7_14', 'dist11_14', 'dist13_14', 'dist14_16', 't3_4_16']",random_forest,8.815639944823083,8.467833410369295,0.40249756999138997,71,20,pca
ducky,rosie,False,"['dist2_11', 'dist5_14', 't2_4_8', 'dist1_8', 'dist2_4', 'dist2_8', 'dist2_14', 'dist3_10', 'dist4_12', 'dist11_16', 'dist12_15', 't4_7_8', 't8_9_17', 't3_4_5', 't3_5_10', 't13_14_17', 't13_14_16', 'dist1_3', 'dist1_4', 'dist1_12']",random_forest,22.720637172241204,14.67795138844167,8.046675054834353,72,20,pca
ducky,rosie,False,"['dist1_8', 'dist2_11', 'dist5_14', 'dist7_12', 't2_4_8', 'dist1_3', 'dist1_16', 'dist2_8', 'dist3_10', 'dist4_12', 'dist11_16', 'dist12_17', 't4_5_8', 't1_3_5', 't3_4_5', 't13_14_17', 't12_15_17', 'dist1_5', 'dist1_13', 'dist1_15']",random_forest,18.63570642539407,13.807506749500256,5.122632372460689,73,20,pca
ducky,otella,False,"['dist2_11', 'dist5_14', 'dist1_8', 'dist6_17', 't2_4_8', 'dist2_4', 'dist2_8', 'dist2_14', 'dist3_10', 'dist4_12', 'dist7_12', 'dist7_13', 'dist10_15', 'dist12_15', 't3_4_16', 't6_7_9', 't8_9_17', 't3_4_5', 't13_14_17', 't13_14_16']",random_forest,16.482545881455568,11.164356496898497,5.320472346029494,74,20,pca
ducky,otella,False,"['dist2_11', 'dist5_14', 'dist3_10', 'dist6_17', 't2_4_8', 'dist2_4', 'dist2_8', 'dist2_14', 'dist4_12', 'dist6_9', 'dist6_10', 'dist7_12', 'dist11_16', 'dist12_15', 't3_4_16', 't8_9_17', 't2_4_5', 't3_4_5', 't3_5_10', 't13_14_17']",random_forest,18.131538666984987,14.063413509066057,4.07469631025078,75,20,pca
ducky,japet,False,"['dist2_11', 'dist6_8', 'dist5_15', 'dist6_11', 'dist7_9', 'dist7_15', 'dist15_16', 'dist5_6', 'dist8_10', 'dist7_11', 'dist7_12', 'dist1_12', 'dist1_15', 'dist6_16', 'dist8_9', 'dist9_15', 'dist9_16', 'dist12_14', 'dist12_16', 't7_8_16']",random_forest,1.5543360615951463,1.828465060679831,3.377906151030952,76,20,pca
ducky,japet,False,"['dist5_10', 't5_9_10', 'dist2_7', 'ang2_4_5', 't2_3_7', 'dist8_16', 'dist1_13', 'dist2_17', 'ang4_9_5', 'dist10_16', 'dist1_8', 'dist3_8', 'ang1_4_5', 'ang5_3_4', 't13_14_17', 'dist2_16', 'dist9_17', 'dist16_17', 'dist2_8', 'dist1_3']",random_forest,7.174661052657038,4.3689126466788455,2.807854962100586,77,20,pca
ducky,nuernberg_2,False,"['dist5_14', 't2_4_5', 't3_4_5', 't2_4_8', 't3_5_10', 'dist2_4', 'dist2_8', 'dist2_9', 'dist2_11', 'dist2_14', 'dist2_15', 'dist3_5', 'dist5_16', 'dist6_10', 'dist7_10', 'dist8_14', 'dist10_17', 'dist12_15', 'dist13_14', 'dist14_16']",random_forest,10.655846317342947,9.909026038802903,1.7383725493663316,78,20,pca
ducky,nuernberg_2,False,"['dist1_8', 'dist3_10', 'dist6_17', 't2_4_8', 'dist2_3', 'dist2_4', 'dist2_8', 'dist2_9', 'dist2_11', 'dist4_12', 'dist5_14', 'dist5_16', 'dist6_10', 'dist7_13', 'dist12_15', 'ang6_10_4', 't6_7_9', 't8_9_17', 't2_4_5', 't3_4_5']",random_forest,16.002006483078905,11.146312327883924,5.20357942715868,79,20,pca
ducky,neznamy,False,"['t2_4_5', 'dist3_5', 'dist13_14', 'dist13_17', 't3_4_5', 't2_4_8', 't12_15_17', 'dist2_3', 'dist2_4', 'dist2_14', 'dist5_12', 'dist5_16', 'dist9_12', 'dist10_15', 'dist12_15', 'dist12_17', 'dist14_16', 'ang4_3_5', 'ang3_1_4', 't3_4_16']",random_forest,12.127749740132483,10.277367583260654,4.55054930875308,80,20,pca
ducky,neznamy,False,"['dist5_14', 't3_4_5', 'dist2_15', 'dist8_14', 't3_4_16', 't2_4_8', 't3_5_10', 'dist1_8', 'dist2_3', 'dist2_4', 'dist2_8', 'dist2_14', 'dist3_8', 'dist3_10', 'dist5_16', 'dist6_17', 't3_5_7', 't13_14_16', 'dist1_3', 'dist1_5']",random_forest,12.073827916544401,13.497656253942068,1.5057874115126537,81,20,pca
ducky,nokia,False,"['dist5_14', 'dist1_8', 'dist3_10', 'dist6_17', 't2_4_8', 'dist1_4', 'dist1_5', 'dist2_4', 'dist2_11', 'dist4_10', 'dist4_12', 'dist7_13', 'dist12_15', 'dist14_16', 't3_4_5', 't13_14_17', 't12_15_17', 'dist1_3', 'dist2_3', 'dist2_7']",random_forest,15.122492727953787,16.177127182320696,2.0079961498688625,82,20,pca
ducky,nokia,False,"['dist4_10', 'dist3_10', 'dist4_9', 'dist7_10', 'dist5_15', 'dist12_13', 'dist14_15', 't2_4_8', 'dist2_15', 'dist4_8', 'dist6_13', 'dist7_11', 'dist9_15', 'dist9_16', 'dist10_14', 'dist11_14', 'ang2_1_5', 'ang3_4_3', 'ang6_4_10', 't4_7_8']",random_forest,16.74021452137136,9.113592608431588,10.962228872685507,83,20,pca
ducky,noel,False,"['dist7_15', 't2_4_5', 'dist5_13', 'dist6_15', 'dist12_15', 't4_5_8', 't2_4_8', 't2_4_7', 't2_5_9', 'dist5_7', 'dist1_5', 'dist1_15', 'dist2_3', 'dist2_4', 'dist2_5', 'dist2_14', 'dist3_5', 'dist5_8', 'dist5_14', 'dist5_16']",random_forest,9.241165100742009,9.303046489195868,0.8669465173097111,84,20,pca
ducky,noel,False,"['dist13_14', 't3_4_5', 't2_4_8', 'dist1_4', 'dist1_16', 'dist2_8', 'dist5_14', 't2_4_5', 't3_5_10', 'dist3_5', 'dist1_5', 'dist1_8', 'dist2_4', 'dist2_9', 'dist2_14', 'dist2_16', 'dist3_14', 'dist5_7', 'dist5_16', 'dist12_15']",random_forest,9.204392270033527,9.215921076771236,2.101426937597705,85,20,pca
ducky,matysek,False,"['dist1_8', 'dist2_11', 'dist2_14', 'dist3_10', 't2_4_5', 't2_4_8', 'dist2_4', 'dist2_9', 'dist4_12', 'dist5_9', 'dist5_14', 'dist7_12', 'dist7_13', 'dist10_15', 'dist12_15', 'dist12_17', 'dist14_16', 't3_4_16', 't6_7_9', 't3_4_5']",random_forest,10.306169200679937,9.652200893129201,0.6575132465202,86,20,pca
ducky,matysek,False,"['dist3_10', 'dist9_11', 'dist11_17', 't3_4_5', 't3_5_10', 'dist2_3', 'dist2_9', 'dist2_11', 'dist2_15', 'dist3_8', 'dist4_12', 'dist5_14', 'dist7_10', 'dist7_13', 'dist11_14', 'dist12_13', 'dist12_17', 'dist14_16', 'ang3_4_3', 't3_4_16']",random_forest,12.658900973021117,8.855300927415017,4.335177849523397,87,20,pca
ducky,lucka,False,"['dist5_14', 'dist1_8', 'dist7_12', 't2_4_5', 't2_4_8', 'dist1_4', 'dist2_3', 'dist2_4', 'dist2_8', 'dist2_14', 'dist4_12', 'dist5_16', 'dist7_13', 'dist10_15', 'dist12_15', 'dist12_17', 't3_4_16', 't6_7_9', 't3_4_5', 't3_5_10']",random_forest,15.203798066501484,9.781454332388897,5.435214667005603,88,20,pca
ducky,lucka,False,"['dist1_8', 'dist7_12', 'dist2_8', 'dist5_14', 'dist6_17', 't2_4_8', 't3_5_10', 'dist1_3', 'dist1_4', 'dist2_3', 'dist2_4', 'dist2_14', 'dist4_12', 'dist5_16', 'dist9_12', 'dist10_15', 'dist12_15', 'dist13_14', 't3_4_16', 't7_8_16']",random_forest,11.23833197774258,8.079165141321894,3.3284739031257065,89,20,pca
ducky,nuernberg_1,False,"['dist5_14', 'dist8_14', 't4_5_8', 't2_4_5', 't2_4_8', 'dist2_14', 'dist3_14', 'dist7_15', 'ang4_9_5', 't3_4_5', 'dist2_4', 'dist2_15', 'dist5_16', 'dist6_10', 'dist7_10', 'dist10_17', 'dist12_15', 'dist13_16', 't13_14_16', 'dist1_3']",random_forest,14.522646663978804,9.242210387839972,8.704175101797535,90,20,pca
ducky,nuernberg_1,False,"['dist2_8', 'dist2_11', 't2_4_5', 'dist3_5', 'dist3_10', 't7_8_17', 't1_3_5', 't3_4_5', 't2_4_8', 't3_5_10', 'dist2_4', 'dist2_9', 'dist5_16', 'dist9_10', 'dist11_16', 'dist12_15', 'dist13_14', 'dist15_16', 't6_7_9', 't3_6_10']",random_forest,12.153020376136478,13.943108429878718,1.8031126662238552,91,20,pca
ducky,leni,False,"['dist2_15', 'dist5_16', 'dist7_15', 'dist15_16', 'dist2_11', 'dist11_17', 'dist16_17', 'ang4_9_5', 'dist1_13', 'dist3_15', 'ang1_2_5', 'dist1_2', 'dist2_4', 'dist2_14', 'dist3_16', 'dist5_9', 'dist5_11', 'dist10_11', 'dist11_14', 'dist13_14']",random_forest,13.758778197162632,9.847985220713113,5.021630977419406,92,20,pca
ducky,leni,False,"['dist5_16', 'dist3_5', 'dist5_9', 'dist3_4', 'dist2_14', 'dist3_14', 'dist10_15', 'dist13_14', 'dist15_17', 't2_5_9', 'dist5_7', 'ang1_3_4', 't5_8_9', 't2_4_5', 'ang4_2_5', 'ang3_4_3', 'dist2_4', 'dist14_16', 'ang3_1_4', 't13_14_16']",random_forest,11.337687096070677,7.717348835622759,4.5816001596829645,93,20,pca
ducky,innsbruck_1,False,"['dist5_7', 'dist4_7', 'ang6_10_4', 'dist11_15', 't4_7_8', 'dist2_14', 'dist5_6', 'dist9_10', 'dist1_15', 'dist4_8', 'dist7_14', 'dist7_15', 'dist10_15', 'dist13_14', 't3_4_16', 't4_5_8', 'dist10_11', 'dist3_13', 'dist5_11', 'dist6_15']",random_forest,9.745221183845242,4.481383443792989,8.547840745838553,94,20,pca
ducky,innsbruck_1,False,"['t12_15_17', 'dist9_10', 'dist6_9', 'dist6_15', 'dist7_10', 'dist5_6', 'dist5_12', 'dist8_10', 'dist10_15', 'dist11_15', 'dist5_8', 'dist5_14', 'dist6_17', 'dist12_15', 'ang2_1_4', 'ang6_10_4', 'dist9_12', 'dist7_15', 'ang1_3_4', 'ang2_4_5']",random_forest,12.741523062656535,2.561592453375047,10.877025137205557,95,20,pca
ducky,shorfy,False,"['dist2_11', 'dist5_14', 'dist3_10', 'dist6_17', 'dist12_17', 'dist2_4', 'dist2_14', 'dist4_12', 'dist6_10', 'dist7_12', 'dist7_13', 'dist11_16', 'dist12_15', 't5_8_9', 't8_9_17', 't1_3_5', 't2_4_5', 't3_4_5', 't13_14_17', 't13_14_16']",random_forest,17.951140762773377,12.99020104915714,4.985500128407456,96,20,pca
ducky,shorfy,False,"['dist5_14', 'dist2_11', 'dist3_10', 'dist6_17', 'dist2_4', 'dist2_14', 'dist4_12', 'dist6_9', 'dist6_10', 'dist7_12', 'dist7_15', 'dist9_10', 'dist10_15', 'dist11_17', 'dist12_15', 'dist14_16', 't3_4_16', 't5_8_9', 't8_9_17', 't1_3_5']",random_forest,11.472792012305808,6.417722577536371,5.1156329161033405,97,20,pca
ducky,paulinchen,False,"['dist2_11', 'dist5_14', 'dist3_10', 'dist2_4', 'dist2_14', 'dist3_5', 'dist4_12', 'dist6_9', 'dist6_10', 'dist6_17', 'dist7_12', 'dist8_10', 'dist10_15', 'dist11_17', 'dist12_17', 'dist14_16', 'ang1_2_5', 't3_4_16', 't3_4_5', 't2_4_8']",random_forest,13.549713584380319,11.740420227699323,2.2409290321138875,98,20,pca
ducky,paulinchen,False,"['dist2_11', 'dist2_15', 'dist11_17', 't4_5_8', 'dist2_12', 'dist3_6', 'dist3_7', 'dist5_9', 'dist5_14', 'dist5_16', 'dist7_15', 'dist8_14', 'dist9_14', 'dist11_14', 'dist12_13', 'ang1_2_5', 'ang2_7_5', 't3_7_16', 't4_7_8', 't5_8_9']",random_forest,27.08140162992143,11.206650456607598,23.76545909817283,99,20,pca
ducky,mette,False,"['dist1_8', 'dist2_11', 'dist5_14', 'dist6_17', 't2_4_8', 'dist2_4', 'dist2_8', 'dist2_14', 'dist3_6', 'dist3_10', 'dist4_12', 'dist7_12', 'dist9_12', 'dist11_16', 'dist12_15', 't8_9_17', 't3_4_5', 't3_5_10', 't13_14_17', 'dist1_3']",random_forest,12.19955849801519,9.567847065416894,2.762528106557002,100,20,pca
ducky,mette,False,"['dist2_11', 'dist1_8', 'dist3_10', 'dist5_14', 'dist6_17', 't2_4_8', 'dist2_4', 'dist4_12', 'dist7_12', 'dist11_16', 'dist12_15', 'dist14_16', 't3_4_16', 't6_7_9', 't3_4_5', 't13_14_17', 'dist1_3', 'dist1_4', 'dist1_5', 'dist1_12']",random_forest,15.275027245338263,12.402303951442663,3.110615967114829,101,20,pca
ducky,zewe,False,"['dist1_8', 'dist2_11', 'dist5_14', 'dist6_17', 't2_4_8', 'dist2_4', 'dist2_8', 'dist2_14', 'dist3_10', 'dist6_10', 'dist7_12', 'dist10_15', 'dist12_15', 't6_7_9', 't8_9_17', 't3_4_5', 't13_14_17', 'dist1_4', 'dist1_12', 'dist1_16']",random_forest,14.257070340539396,10.069540375141841,4.190076998872324,102,20,pca
ducky,zewe,False,"['dist2_11', 'dist5_14', 'dist3_10', 'dist2_4', 'dist2_8', 'dist2_14', 'dist4_12', 'dist6_17', 'dist7_12', 'dist12_15', 't3_7_16', 't4_7_8', 't3_4_16', 't6_7_9', 't8_9_17', 't3_4_5', 't2_4_8', 't13_14_17', 't13_14_16', 'dist1_3']",random_forest,15.515495144858358,9.708575922970837,5.839426000937427,103,20,pca
ducky,gesa,False,"['dist2_11', 'dist6_17', 't2_4_8', 'dist1_8', 'dist2_4', 'dist2_8', 'dist3_7', 'dist3_10', 'dist4_12', 'dist7_12', 'dist10_15', 'ang6_10_4', 't3_4_16', 't6_7_9', 't8_9_17', 't1_3_5', 't3_4_5', 't2_4_7', 't3_5_10', 't13_14_17']",random_forest,23.649174016552102,15.883869633120723,8.077779018310254,104,20,pca
ducky,gesa,False,"['dist1_8', 'dist2_11', 'dist5_14', 'dist6_17', 't2_4_8', 'dist2_4', 'dist2_8', 'dist3_10', 'dist4_12', 'dist7_12', 'dist10_15', 'dist12_15', 't6_7_9', 't8_9_17', 't3_4_5', 't13_14_17', 'dist1_3', 'dist1_4', 'dist1_12', 'dist1_16']",random_forest,14.804266225763788,9.842859335603709,5.0504396620790875,105,20,pca
ducky,frida,False,"['dist2_11', 't3_5_10', 'dist3_8', 'dist7_12', 't3_4_5', 't2_4_8', 'dist2_14', 'dist3_10', 'dist4_11', 'dist4_12', 'dist5_9', 'dist5_14', 'dist10_15', 'dist10_16', 'dist12_17', 'ang6_10_4', 't2_4_5', 't13_14_17', 't13_14_16', 'dist1_5']",random_forest,19.558239056704664,14.591704116194805,7.245310007032617,106,20,pca
ducky,frida,False,"['dist2_11', 'dist5_14', 'dist7_12', 't2_4_8', 'dist2_4', 'dist2_14', 'dist3_8', 'dist3_10', 'dist4_8', 'dist4_11', 'dist4_12', 'dist9_11', 'dist10_16', 'dist11_16', 'dist12_17', 'dist14_16', 't3_4_16', 't6_7_9', 't1_3_5', 't2_4_5']",random_forest,9.325434645855283,9.754217524705105,0.9422665949316735,107,20,pca
ducky,fousek,False,"['dist11_14', 'dist11_17', 'dist12_17', 't2_4_5', 't3_4_5', 'dist2_4', 'dist2_11', 'dist5_16', 'dist7_12', 'dist12_13', 'dist11_15', 'dist3_4', 'dist2_12', 'dist3_15', 'dist4_11', 'dist5_9', 'dist7_11', 'dist9_11', 'dist14_16', 'dist15_16']",random_forest,4.829496583570385,6.290171746510686,1.6053050521550982,108,20,pca
ducky,fousek,False,"['dist7_12', 'dist8_15', 'dist12_17', 't3_4_16', 't3_4_5', 'dist2_12', 'dist3_5', 'dist11_14', 'dist3_4', 'dist3_14', 'dist3_15', 'dist3_16', 'dist6_11', 'dist7_11', 'dist9_10', 'dist9_15', 'dist10_15', 'dist11_17', 'ang3_1_4', 'ang1_3_4']",random_forest,10.665711496056355,13.058737260456219,2.536564406477835,109,20,pca
ducky,esta,False,"['t3_5_10', 'dist4_10', 'dist7_13', 't3_4_5', 't2_4_8', 'dist1_13', 'dist2_4', 'dist2_8', 'dist3_10', 'dist4_12', 'dist6_17', 'dist7_12', 'dist7_15', 'dist9_10', 'dist11_16', 'dist12_15', 'dist12_17', 'ang6_10_4', 't3_4_16', 't1_3_5']",random_forest,17.001864969872454,10.862664033508636,8.282808670470509,110,20,pca
ducky,esta,False,"['t2_4_5', 'dist1_5', 'dist5_14', 't3_4_5', 't2_4_8', 't3_5_10', 'dist1_3', 'dist1_13', 'dist2_3', 'dist2_8', 'dist2_11', 'dist2_14', 'dist3_10', 'dist4_10', 'dist4_11', 'dist4_12', 'dist7_12', 'dist9_10', 'dist11_16', 'dist12_15']",random_forest,10.452811074159769,9.661658163906248,1.1599357518981048,111,20,pca
ducky,vladimir,False,"['dist2_11', 'dist7_12', 'dist12_13', 'dist15_16', 'dist2_12', 'dist5_9', 'dist7_11', 'dist7_15', 'dist14_16', 'ang1_2_5', 'ang2_4_5', 'dist1_9', 'dist2_15', 'dist3_15', 'dist4_11', 'dist5_15', 'dist8_15', 'dist10_15', 'dist11_17', 'dist12_14']",random_forest,17.102251390626517,10.655208647251728,11.211228890950643,112,20,pca
ducky,vladimir,False,"['dist2_11', 'dist2_12', 'dist5_9', 'dist7_12', 'dist14_16', 'dist11_14', 'dist15_16', 'ang2_4_5', 't13_14_15', 'dist2_14', 'dist3_15', 'dist4_11', 'dist5_10', 'dist7_15', 'dist8_15', 'dist9_11', 'dist10_11', 'dist10_15', 'dist11_17', 'dist12_13']",random_forest,17.48506458485874,17.25507295725345,11.23744010161912,113,20,pca
ducky,ecki,False,"['dist2_11', 'dist3_10', 't3_4_5', 't3_5_10', 'dist2_4', 'dist2_8', 'dist2_14', 'dist3_8', 'dist3_14', 'dist3_15', 'dist4_8', 'dist5_14', 'dist7_10', 'dist10_14', 'ang2_3_4', 'ang6_10_4', 't3_4_16', 't1_3_5', 't2_4_5', 't2_4_8']",random_forest,29.104048002044934,10.436302662643966,25.685088170937252,114,20,pca
ducky,ecki,False,"['dist2_8', 't2_4_5', 't3_4_5', 'dist3_5', 'dist8_14', 'ang1_2_4', 't3_5_10', 'dist3_17', 'dist2_3', 'dist2_14', 'dist3_8', 'dist3_9', 'dist3_14', 'dist5_16', 'dist6_7', 'dist6_13', 'ang3_1_4', 'ang6_10_4', 't3_4_16', 't1_3_5']",random_forest,24.976957755480942,13.729334311027644,12.741048689369547,115,20,pca
nuernberg_2,zanetka,False,"['dist2_11', 'dist3_7', 'dist3_10', 'dist7_13', 't4_7_8', 't3_5_10', 'dist1_4', 'dist3_6', 'dist4_12', 'dist5_9', 'dist5_12', 'dist5_15', 'dist7_15', 'dist11_14', 'dist12_13', 'dist12_14', 'dist12_16', 'dist14_16', 'dist16_17', 't5_8_9']",random_forest,6.674159920663467,1.4583448812607098,5.2458799406093,116,20,pca
nuernberg_2,zanetka,False,"['dist2_11', 't3_4_5', 't2_4_8', 'dist2_4', 'dist2_14', 'dist3_7', 'dist3_10', 'dist4_12', 'dist5_14', 'dist7_13', 'dist10_15', 'dist11_14', 'dist12_15', 'dist14_16', 't2_3_7', 't4_7_8', 't2_4_7', 't13_14_17', 't12_15_17', 't13_14_16']",random_forest,11.634557917707186,1.8945606343979995,10.025413395237596,117,20,pca
nuernberg_2,sam,False,"['dist10_17', 'dist6_13', 'dist6_17', 't6_7_17', 'ang1_2_5', 'dist1_3', 'dist2_17', 'dist6_8', 'dist6_16', 'ang6_10_4', 'dist6_9', 't6_9_10', 'dist1_2', 'dist2_6', 'dist7_16', 'ang1_3_5', 'ang1_3_4', 'ang6_9_10', 'dist7_17', 't7_8_17']",random_forest,24.839019521031137,2.8562457308357,21.991449852998066,118,20,pca
nuernberg_2,sam,False,"['t8_9_17', 'ang6_10_4', 'dist5_14', 'dist1_6', 'dist8_9', 'dist12_15', 'ang6_9_10', 't1_2_7', 't6_7_9', 'dist1_3', 'dist12_13', 'ang3_1_4', 't2_3_7', 'dist7_17', 'dist8_15', 'dist9_13', 'dist10_15', 'ang7_6_10', 't6_7_17', 'dist1_13']",random_forest,20.361696590114693,1.3498850216243956,20.810964964552017,119,20,pca
nuernberg_2,rosie,False,"['dist4_10', 'dist11_14', 't3_5_10', 'dist3_6', 'dist3_10', 'dist5_15', 'dist6_13', 'dist2_6', 'dist3_7', 'dist3_9', 'dist3_15', 'dist3_16', 'dist4_9', 'dist5_11', 'dist7_13', 'dist8_17', 'dist12_13', 'dist12_14', 'dist12_15', 'dist14_15']",random_forest,4.040437050033726,1.0145982951202586,3.306638376203064,120,20,pca
nuernberg_2,rosie,False,"['ang2_4_5', 'dist12_17', 'dist9_12', 'dist3_10', 'dist11_17', 'dist2_13', 'dist6_11', 'dist2_11', 'dist7_13', 'dist9_15', 'dist11_16', 'dist12_13', 'dist12_16', 'ang4_9_5', 'ang4_2_4', 't2_4_8', 'dist8_16', 'dist1_8', 't2_3_7', 'ang4_2_5']",random_forest,22.097642887927623,6.792728737710735,15.553655627434967,121,20,pca
nuernberg_2,otella,False,"['dist14_15', 'dist5_12', 'dist8_14', 'dist8_15', 'dist9_12', 'dist14_16', 'ang4_3_5', 't4_5_8', 't6_7_9', 'dist3_7', 'dist1_13', 'dist2_3', 'dist2_11', 'dist4_12', 'dist10_11', 'dist11_13', 'dist11_16', 'dist11_17', 'dist12_13', 'dist12_17']",random_forest,6.6975611904972085,4.053577801950954,3.3122143316647144,122,20,pca
nuernberg_2,otella,False,"['dist8_12', 'dist2_11', 'dist6_9', 'dist7_10', 'dist7_11', 'dist9_12', 'dist10_11', 't2_3_7', 'dist12_13', 'dist2_3', 'dist2_9', 'dist2_12', 'dist4_11', 'dist6_11', 'dist7_15', 'dist8_15', 'dist9_15', 'dist10_15', 'dist11_13', 'dist11_17']",random_forest,3.4387386859764426,1.2975116154442508,2.202218682748595,123,20,pca
nuernberg_2,shorfy,False,"['t3_5_10', 'dist4_10', 'dist5_10', 't2_5_10', 'dist3_10', 't1_3_5', 't13_14_16', 'dist5_9', 'dist5_16', 'dist10_17', 'dist12_15', 'dist13_14', 'ang1_3_4', 'ang2_3_4', 't4_5_8', 't6_7_9', 't5_9_10', 't13_14_17', 'dist1_4', 'dist3_8']",random_forest,13.422469664536285,5.066025041902508,11.22707033538136,124,20,pca
nuernberg_2,shorfy,False,"['t3_5_10', 'dist8_16', 'dist5_14', 't3_4_5', 'dist2_8', 'dist12_17', 'dist4_10', 'dist1_4', 'dist1_8', 'dist1_9', 'dist2_11', 'dist3_8', 'dist3_9', 'dist3_10', 'dist9_16', 'dist10_14', 'dist11_16', 'dist12_16', 'ang6_9_10', 't1_2_7']",random_forest,7.920510178686661,5.8461808486949005,5.458482114424356,125,20,pca
nuernberg_2,paulinchen,False,"['dist2_11', 't2_4_5', 'dist3_5', 'dist3_12', 'dist11_14', 'dist11_16', 'dist16_17', 'ang2_7_5', 'dist1_8', 'dist1_16', 'dist2_12', 'dist2_15', 'dist3_6', 'dist3_15', 'dist5_15', 'dist8_15', 'dist12_13', 'dist12_16', 'dist15_16', 't3_4_5']",random_forest,27.628110756088905,11.136794075790515,16.551483373480174,126,20,pca
nuernberg_2,paulinchen,False,"['ang2_7_5', 'dist11_14', 'dist1_8', 'dist14_15', 'dist1_6', 'dist1_16', 'dist9_15', 'dist10_15', 't3_5_10', 'dist2_11', 'dist3_12', 'dist1_9', 'dist3_15', 'dist8_17', 'dist9_11', 'dist11_13', 'dist12_13', 'ang3_1_4', 't5_9_10', 't2_4_5']",random_forest,22.267009878415674,10.307215560950024,12.166947141376466,127,20,pca
nuernberg_2,zewe,False,"['t3_5_10', 't2_5_6', 'dist11_14', 'dist7_10', 'dist8_14', 'dist4_7', 'dist4_9', 'dist4_10', 'dist4_11', 'dist9_14', 'dist10_17', 'dist11_15', 'dist14_17', 'ang1_4_5', 'ang7_6_10', 't3_4_5', 't2_4_7', 't2_5_10', 'dist14_16', 'ang2_7_5']",random_forest,15.467027019581668,15.63699687893886,12.816513436497745,128,20,pca
nuernberg_2,zewe,False,"['dist4_10', 't2_4_7', 'dist11_14', 'dist1_13', 'dist3_10', 'dist4_11', 't3_6_10', 't4_6_10', 'dist3_7', 'dist2_6', 'dist3_6', 'dist4_7', 'dist5_6', 'dist8_10', 'dist9_10', 'dist10_14', 'ang4_2_4', 't3_7_16', 't4_5_8', 't3_4_5']",random_forest,8.52654978798296,4.584713860964065,4.259002728118716,129,20,pca
nuernberg_2,vladimir,False,"['dist5_14', 't2_4_5', 'dist11_17', 'dist2_11', 'dist5_13', 'dist5_16', 'dist8_15', 'dist10_15', 'ang4_9_5', 'dist1_8', 'dist2_4', 'dist4_11', 'dist4_13', 'dist7_9', 'dist7_10', 'dist9_15', 'dist10_11', 'dist11_16', 'dist13_14', 'dist15_16']",random_forest,18.60670094382946,3.4035425676854776,15.27044369349449,130,20,pca
nuernberg_2,vladimir,False,"['dist1_8', 'ang2_7_5', 'dist1_5', 'dist2_11', 'dist4_13', 'ang6_9_10', 'dist1_10', 'dist11_15', 'dist3_13', 'dist1_16', 'dist1_17', 'dist2_14', 'dist5_13', 'dist5_15', 'dist7_10', 'dist10_15', 'dist11_13', 'dist12_15', 'dist13_14', 'dist15_16']",random_forest,29.399977022666114,12.525944054554659,18.869543590696903,131,20,pca
neznamy,zanetka,False,"['dist1_8', 'dist2_11', 'dist5_14', 't2_4_5', 'dist1_16', 'dist5_9', 'dist7_12', 'dist7_13', 'dist11_16', 'dist12_15', 'dist12_17', 't2_3_7', 't4_5_8', 't8_9_17', 't3_4_5', 't2_4_8', 't3_5_10', 't13_14_17', 'dist1_3', 'dist1_4']",random_forest,9.784166830477206,2.178951039690593,7.627883682876077,132,20,pca
neznamy,zanetka,False,"['dist1_8', 'dist2_11', 'dist5_14', 'dist7_12', 't2_4_5', 'dist1_4', 'dist1_16', 'dist2_4', 'dist5_16', 'dist10_15', 'dist12_15', 'dist12_17', 'dist14_16', 't4_5_8', 't8_9_17', 't3_4_5', 't2_4_8', 't13_14_17', 'dist1_3', 'dist1_5']",random_forest,8.609718918562024,1.2242403532595976,7.412357796745687,133,20,pca
neznamy,sam,False,"['dist5_14', 't3_4_5', 'ang2_1_5', 't2_4_5', 'dist1_12', 'ang4_3_5', 'ang1_2_4', 'ang5_3_4', 'ang1_2_5', 'dist4_8', 'ang2_4_5', 'ang1_3_4', 't4_5_8', 'dist5_15', 'ang3_1_4', 'ang6_4_10', 't3_7_16', 'dist7_10', 't1_6_7', 'dist1_9']",random_forest,18.73575528801171,10.365848112738684,9.746323573442906,134,20,pca
neznamy,sam,False,"['dist5_14', 'dist4_8', 'dist7_13', 'dist8_16', 'dist3_8', 'dist2_16', 't3_4_5', 't1_2_7', 'ang4_2_4', 'dist4_5', 'dist4_11', 'dist6_17', 'dist9_10', 'dist13_17', 'ang4_1_5', 'ang3_1_4', 'ang4_9_5', 't2_3_7', 't6_7_17', 'dist5_17']",random_forest,11.67011410645563,10.560450169210934,2.9281544112435203,135,20,pca
neznamy,rosie,False,"['dist1_8', 'dist1_3', 'dist2_11', 'dist5_14', 'ang3_4_3', 't4_5_8', 'dist1_4', 'dist1_16', 'dist2_9', 'dist3_16', 'dist4_8', 'dist4_12', 'dist5_9', 'dist7_13', 'dist11_16', 'ang4_3_5', 'ang3_1_4', 't2_3_7', 't2_4_5', 't2_4_8']",random_forest,16.311059555962384,5.501451595639625,10.952765573522779,136,20,pca
neznamy,rosie,False,"['dist5_14', 'ang4_9_5', 't2_4_8', 'dist1_4', 'dist1_15', 'dist2_3', 'dist2_9', 'dist2_11', 'dist3_6', 'dist3_7', 'dist3_10', 'dist4_10', 'dist4_12', 'dist6_10', 'dist8_16', 'dist12_15', 'dist12_16', 't2_3_7', 't3_7_16', 't4_7_8']",random_forest,10.528137790041406,1.559327038702161,11.60074344977847,137,20,pca
neznamy,otella,False,"['dist2_11', 'dist5_14', 't3_5_10', 'dist1_4', 'dist1_9', 'dist2_3', 'dist2_8', 'dist3_6', 'dist3_10', 'dist4_12', 'dist6_17', 'dist7_12', 'dist7_13', 'dist11_14', 'dist11_16', 'dist11_17', 'dist12_14', 'dist12_16', 'dist12_17', 't3_7_16']",random_forest,5.898314966151043,2.763956585059285,3.1821107045894785,138,20,pca
neznamy,otella,False,"['dist2_11', 'dist5_14', 'dist1_9', 't4_5_8', 't2_4_5', 'dist1_3', 'dist3_10', 'dist3_15', 'dist4_12', 'dist6_9', 'dist7_12', 'dist11_14', 'dist11_16', 'dist11_17', 'dist12_14', 'dist12_16', 'dist12_17', 'dist13_17', 't3_4_5', 't13_14_15']",random_forest,9.762952064338132,4.51447213404421,5.255856012209474,139,20,pca
neznamy,nuernberg_2,False,"['t2_4_5', 'dist1_2', 'dist4_13', 't1_3_5', 't2_3_5', 'dist1_3', 'dist1_16', 'dist5_14', 't1_6_7', 't3_4_5', 'ang4_1_5', 'ang1_2_5', 'ang4_2_4', 'ang2_3_4', 'dist3_5', 'ang1_2_4', 'dist6_10', 'ang5_1_4', 't3_4_16', 'dist1_9']",random_forest,8.379440025322351,2.006157281607801,9.303555971136033,140,20,pca
neznamy,nuernberg_2,False,"['dist5_14', 'dist3_13', 'dist1_2', 'dist1_3', 'dist13_17', 'ang3_4_3', 'dist6_10', 'dist9_11', 't2_4_5', 'dist1_5', 'dist3_9', 'dist5_15', 'dist11_14', 'ang4_3_5', 'ang1_4_5', 'ang3_1_4', 'ang3_2_4', 't1_3_5', 't2_3_5', 'dist1_4']",random_forest,15.679481798226508,7.408813228738672,8.27383534722463,141,20,pca
neznamy,nokia,False,"['dist2_16', 'ang2_4_5', 'dist3_4', 'dist10_15', 'ang2_1_4', 'ang4_2_4', 'dist6_11', 'ang3_1_4', 'ang1_2_4', 'dist7_17', 'dist11_12', 'dist1_8', 'dist2_11', 'dist4_10', 'dist5_6', 'dist8_12', 'ang1_3_4', 't4_6_10', 'dist4_9', 'dist1_2']",random_forest,26.28421823362849,9.034482695563117,18.184391786645435,142,20,pca
neznamy,nokia,False,"['ang2_4_5', 'ang3_1_4', 'ang4_2_4', 'dist6_17', 'dist7_17', 'ang2_1_4', 'ang3_4_3', 'dist6_11', 'dist2_4', 'dist2_16', 'dist3_6', 'dist4_10', 'dist4_13', 'dist4_14', 'dist5_6', 'dist5_9', 'dist6_16', 'dist10_14', 'ang1_3_4', 't6_7_9']",random_forest,17.60653448119905,6.369062884177296,12.385899087282716,143,20,pca
neznamy,noel,False,"['t3_4_5', 't2_4_5', 'dist5_15', 'dist5_16', 'ang2_7_5', 'dist5_14', 'ang4_9_5', 'dist2_8', 't2_3_5', 't3_7_16', 'dist11_12', 'dist1_2', 'ang3_1_5', 'ang4_2_4', 'dist1_4', 'dist3_7', 'dist10_15', 't4_7_8', 'ang4_2_5', 'dist1_9']",random_forest,26.08619851510176,5.33420713182629,22.852446680442206,144,20,pca
neznamy,noel,False,"['dist5_15', 'dist1_2', 'dist5_16', 'dist10_15', 'ang4_9_5', 'ang2_7_5', 'dist9_16', 'dist5_14', 'dist1_13', 'dist1_3', 'dist1_8', 'dist2_8', 'dist2_13', 'dist5_9', 'dist9_12', 'dist9_15', 'dist14_17', 'ang4_2_4', 't2_4_5', 't6_10_11']",random_forest,24.94893539248038,2.63079336937139,22.951639164693567,145,20,pca
neznamy,nuernberg_1,False,"['dist6_10', 'dist6_17', 't2_4_5', 'dist1_16', 'dist6_8', 'dist6_9', 't3_4_16', 'dist3_6', 'dist3_7', 'dist4_16', 'dist5_16', 'dist6_7', 'dist6_16', 'dist7_14', 'dist8_16', 'ang3_1_4', 'ang4_9_5', 't3_7_16', 't7_8_16', 't6_7_9']",random_forest,9.428508921160722,2.4784243802745842,6.9587681941074555,146,20,pca
neznamy,nuernberg_1,False,"['ang4_9_5', 'dist3_16', 't7_8_16', 'ang3_1_4', 't3_7_16', 't3_4_16', 'dist3_7', 'dist6_10', 'dist3_14', 'dist12_15', 'dist3_4', 'dist4_16', 'dist7_17', 'dist8_10', 'ang3_2_4', 'ang4_2_4', 't6_7_9', 'dist3_8', 'dist5_6', 'dist5_14']",random_forest,12.554287218912739,3.712547314979426,8.851335859916608,147,20,pca
neznamy,shorfy,False,"['dist2_11', 'dist1_4', 'dist1_8', 'dist5_14', 'ang1_2_5', 'dist1_3', 'dist1_16', 'dist2_7', 'dist2_8', 'dist3_10', 'dist4_12', 'dist7_12', 'dist8_9', 'dist11_16', 'dist12_14', 'dist12_15', 't4_5_8', 't2_4_5', 't3_4_5', 't2_4_8']",random_forest,17.528986807664133,4.804838942436366,12.754592543290688,148,20,pca
neznamy,shorfy,False,"['dist5_14', 't3_4_5', 'dist1_4', 't2_4_5', 'dist1_3', 'dist1_8', 'dist2_7', 'dist2_8', 'dist2_11', 'dist3_10', 'dist7_12', 'dist7_13', 'dist11_16', 'dist11_17', 'dist12_15', 'dist12_16', 'ang1_2_5', 't4_5_8', 't2_4_8', 'dist1_10']",random_forest,12.90762624288531,2.649867285860677,10.264249433784544,149,20,pca
neznamy,paulinchen,False,"['t4_6_10', 't2_4_8', 'dist1_4', 'dist4_9', 'dist6_10', 't6_7_9', 'dist8_15', 'dist2_16', 'dist3_6', 'dist3_15', 'dist4_14', 'dist6_7', 'dist6_16', 't3_5_10', 't3_6_10', 'dist3_7', 'dist5_7', 'dist6_17', 'dist9_11', 'ang2_3_4']",random_forest,8.773025777632855,3.266129356849708,6.221553392305785,150,20,pca
neznamy,paulinchen,False,"['dist5_14', 'dist1_8', 'dist2_3', 'dist2_4', 'dist2_11', 'dist3_7', 'dist4_9', 'dist14_16', 'ang1_2_5', 't2_4_8', 'ang3_1_4', 'dist1_9', 'dist2_8', 'dist2_14', 'dist2_16', 'dist3_6', 'dist4_11', 'dist6_13', 'dist8_9', 'dist12_13']",random_forest,6.491536893566141,5.318340824344378,1.735270613469269,151,20,pca
neznamy,zewe,False,"['dist1_4', 'dist1_8', 't2_4_8', 'dist1_3', 'dist1_15', 'dist5_14', 't2_4_5', 'dist2_8', 'dist4_10', 'dist4_12', 'dist4_13', 'dist5_16', 'dist6_17', 'dist12_15', 'dist12_16', 'dist13_16', 'ang3_1_4', 'ang3_4_3', 't2_3_7', 't4_5_8']",random_forest,9.234994295514632,3.358603963635443,6.088475029536113,152,20,pca
neznamy,zewe,False,"['dist1_4', 'dist5_14', 't2_4_5', 'dist1_3', 'dist1_15', 'dist6_17', 't2_4_8', 'dist2_4', 'dist2_13', 'dist4_8', 'dist4_10', 'dist11_14', 'dist13_16', 'ang5_3_4', 't3_4_16', 't4_5_8', 't1_3_5', 't13_14_17', 't13_14_16', 'dist1_10']",random_forest,12.173460421289656,5.0613417381318895,7.659946072767765,153,20,pca
neznamy,vladimir,False,"['dist1_2', 'dist2_16', 'dist5_6', 'dist6_10', 'dist1_4', 'dist6_8', 'dist6_15', 't2_4_5', 'dist7_15', 'dist3_13', 'dist1_9', 'dist1_13', 'dist2_3', 'dist4_13', 'dist4_16', 'dist8_15', 'dist10_16', 'ang2_1_4', 't2_4_7', 't2_5_6']",random_forest,5.890921891142107,5.67302437965514,1.5466963896344275,154,20,pca
neznamy,vladimir,False,"['dist2_16', 'dist4_13', 'dist5_6', 'dist5_15', 'ang2_1_4', 'dist2_12', 't2_4_8', 'dist2_8', 'dist1_2', 'dist2_4', 'dist2_11', 'dist5_9', 'dist15_16', 'ang1_2_5', 'ang2_3_4', 'dist1_17', 'dist8_16', 'ang1_4_5', 't2_4_5', 'dist10_11']",random_forest,4.89049291783066,4.707573129619979,1.8395011056101254,155,20,pca
nokia,zanetka,False,"['dist2_11', 'dist5_14', 'dist1_8', 'dist2_4', 'dist2_9', 'dist3_6', 'dist4_12', 'dist7_13', 'dist10_15', 'dist12_15', 'dist13_14', 'dist14_16', 'ang4_3_5', 't4_5_8', 't5_8_9', 't3_4_5', 't3_5_10', 't13_14_17', 't12_15_17', 't13_14_16']",random_forest,15.739115873178749,6.9124721034031005,10.172570406338819,156,20,pca
nokia,zanetka,False,"['dist2_11', 'dist5_14', 'ang4_3_5', 'dist2_4', 'dist2_14', 'dist4_12', 'dist5_16', 'dist7_13', 'dist10_15', 'dist12_15', 'dist13_14', 'dist13_17', 'dist14_16', 'ang3_4_3', 't3_4_16', 't5_8_9', 't2_4_5', 't3_4_5', 't3_5_10', 't13_14_17']",random_forest,16.88771582759952,11.12805977257388,8.046518545822368,157,20,pca
nokia,sam,False,"['dist1_15', 't7_8_17', 'dist2_16', 'ang2_4_5', 'dist1_6', 'dist10_15', 'ang1_4_5', 'dist7_15', 'dist2_8', 'dist9_15', 'dist8_14', 'dist12_15', 'ang3_4_3', 'dist1_8', 'dist1_10', 'dist2_11', 'dist5_16', 'dist7_8', 'dist12_13', 'dist2_12']",random_forest,20.844977749636158,12.989270841339422,8.98239124454534,158,20,pca
nokia,sam,False,"['dist5_14', 'dist7_10', 't2_4_5', 'dist2_4', 'dist4_10', 'dist5_7', 'dist7_8', 'dist7_17', 'ang3_1_4', 't7_8_17', 'dist10_17', 'dist3_4', 'dist1_4', 'dist4_9', 'dist4_13', 'dist5_16', 'dist6_17', 'dist7_14', 'dist9_12', 'dist9_15']",random_forest,5.534391704083841,5.316596430909763,1.1378216691570857,159,20,pca
nokia,rosie,False,"['dist5_14', 'dist2_11', 'dist3_7', 't2_4_8', 't3_5_10', 'dist2_15', 'dist3_8', 'dist3_10', 'dist3_17', 'dist4_9', 'dist4_12', 'dist7_13', 'ang1_2_5', 'ang1_3_5', 't2_3_7', 't3_7_16', 't3_4_16', 't1_3_5', 't3_4_5', 't2_4_7']",random_forest,21.040224395452647,7.157584676928341,14.538987723177785,160,20,pca
nokia,rosie,False,"['dist5_14', 'dist5_13', 'dist3_5', 'dist6_12', 'ang6_9_10', 't1_2_7', 't3_4_5', 't2_3_5', 'dist5_16', 'dist10_15', 'dist12_13', 't4_5_8', 't6_7_9', 't6_7_17', 't2_4_5', 't3_5_10', 'dist8_14', 'dist10_14', 't2_4_8', 'dist3_10']",random_forest,12.446866564837027,3.1870392141646846,9.26729626868094,161,20,pca
nokia,otella,False,"['dist2_15', 'ang4_9_5', 't2_5_10', 'dist1_15', 'dist2_9', 'dist2_17', 'dist7_10', 'ang1_2_5', 'dist9_12', 'ang1_2_4', 'dist2_8', 'dist1_10', 'dist2_16', 'dist11_17', 'dist12_15', 'dist13_17', 't2_4_8', 'dist2_14', 'dist5_14', 'dist1_8']",random_forest,14.284906300197385,11.849949025126005,2.522506678208728,162,20,pca
nokia,otella,False,"['dist1_8', 'dist1_4', 'dist2_11', 'dist8_12', 'dist9_12', 'ang3_4_3', 'ang6_10_4', 't1_3_5', 'dist1_3', 'dist1_13', 'dist1_15', 'dist2_16', 'dist3_10', 'dist4_12', 'dist5_12', 'dist12_14', 'dist12_17', 'dist13_14', 'dist15_17', 't13_14_15']",random_forest,18.334646228083955,9.532351465702545,9.186085435773142,163,20,pca
nokia,nuernberg_2,False,"['dist5_14', 'ang2_4_5', 'ang4_9_5', 'dist2_11', 'dist7_12', 'ang1_2_5', 'ang1_2_4', 'dist2_16', 'dist2_15', 'dist3_13', 'dist1_2', 'dist2_7', 'dist5_10', 'dist6_13', 'ang1_3_4', 't5_9_10', 't13_14_15', 'dist1_16', 'dist4_9', 't4_6_10']",random_forest,25.401058796837283,19.228300626703888,7.4408199739555485,164,20,pca
nokia,nuernberg_2,False,"['dist5_14', 'ang1_2_5', 'ang1_3_4', 'dist1_2', 'dist1_8', 'dist4_13', 'dist5_10', 'ang1_2_4', 'dist1_16', 'ang4_9_5', 'dist2_9', 'dist2_16', 'dist7_12', 'dist6_10', 'dist9_15', 't3_4_5', 't3_5_10', 'ang2_4_3', 'dist7_17', 't7_8_16']",random_forest,21.683018732132012,21.108940702320222,6.98603121475433,165,20,pca
nokia,nuernberg_1,False,"['ang1_4_3', 'dist1_8', 'ang1_3_4', 'ang3_4_3', 'dist7_17', 'dist1_3', 'dist1_5', 'dist1_13', 'dist1_16', 'dist2_16', 'dist4_14', 'dist7_10', 'dist7_15', 'dist8_12', 'dist9_12', 'dist9_15', 'dist12_15', 'dist13_14', 'dist15_17', 'ang4_3_5']",random_forest,25.82111298050168,18.532392478072065,8.371774421852336,166,20,pca
nokia,nuernberg_1,False,"['ang4_9_5', 'ang1_4_3', 'dist4_10', 'dist4_14', 'ang3_4_3', 't2_3_7', 't4_5_8', 't1_3_5', 'dist9_12', 'dist1_5', 'dist2_7', 'dist4_8', 'dist5_16', 'dist12_15', 'dist13_14', 'ang4_3_5', 'ang2_4_5', 'ang1_3_4', 'ang6_4_10', 't4_7_8']",random_forest,29.30969802580381,18.87956362494871,12.19141527150878,167,20,pca
nokia,shorfy,False,"['dist1_8', 'dist2_11', 'dist5_14', 'dist6_17', 'dist1_4', 't1_3_5', 'dist1_3', 'dist1_7', 'dist1_16', 'dist2_8', 'dist3_10', 'dist7_15', 'dist12_14', 'dist12_15', 'dist13_17', 'ang2_3_4', 'ang3_4_3', 't3_7_16', 't6_7_9', 't3_4_5']",random_forest,11.77960822728454,11.392346512993942,4.17708125010736,168,20,pca
nokia,shorfy,False,"['dist1_8', 'dist2_11', 'dist5_14', 'dist1_4', 'dist1_3', 'dist1_15', 'dist1_16', 'dist2_4', 'dist2_8', 'dist3_6', 'dist7_12', 'dist7_15', 'dist11_16', 'dist12_17', 'dist13_17', 'ang1_2_4', 'ang3_4_3', 't3_7_16', 't1_3_5', 't3_4_5']",random_forest,25.126336964379608,15.027890832618024,11.01745584472296,169,20,pca
nokia,paulinchen,False,"['dist5_14', 'dist2_11', 'dist2_12', 'dist2_15', 'dist12_13', 'dist9_16', 'dist5_16', 'dist15_17', 'ang3_1_4', 't3_4_5', 'dist3_12', 'dist7_11', 'dist7_15', 'dist8_10', 'dist9_11', 'dist9_15', 'dist11_14', 'ang2_4_5', 'ang3_4_3', 'ang2_7_5']",random_forest,18.378612917995362,10.22644915204324,17.597974662823688,170,20,pca
nokia,paulinchen,False,"['dist5_14', 'ang1_4_3', 'ang1_3_4', 'dist8_15', 'ang3_1_4', 'ang6_10_4', 'dist12_13', 'dist11_17', 'dist1_2', 'dist6_11', 'dist6_12', 'dist15_17', 'ang4_3_5', 'ang4_2_4', 't4_5_8', 'ang2_3_4', 't3_4_5', 't4_6_10', 'ang1_2_4', 'dist9_15']",random_forest,29.16350929042728,19.957005108762022,10.288488035054755,171,20,pca
nokia,zewe,False,"['dist5_14', 't3_4_5', 'dist1_16', 'dist3_13', 't1_3_5', 't2_4_5', 't2_5_10', 'dist1_4', 'dist1_8', 'dist1_10', 'dist2_4', 'dist2_9', 'dist2_11', 'dist2_16', 'dist3_10', 'dist4_13', 'dist5_13', 'dist11_14', 'dist12_15', 'dist13_14']",random_forest,7.363652936422791,3.38619631720386,4.14793820407329,172,20,pca
nokia,zewe,False,"['dist1_8', 'dist5_14', 'dist7_15', 'dist9_12', 't4_5_8', 't3_4_5', 't2_4_8', 'dist1_3', 'dist1_5', 'dist1_16', 'dist2_4', 'dist2_11', 'dist2_14', 'dist3_10', 'dist4_13', 'dist7_12', 'dist8_14', 'dist12_15', 'dist13_16', 'dist14_16']",random_forest,4.90337718788499,1.3824062541482207,3.620857859020165,173,20,pca
nokia,vladimir,False,"['dist6_11', 'dist4_8', 'dist2_3', 'dist2_11', 'dist8_15', 'dist9_15', 'dist15_17', 'dist9_17', 'dist1_2', 'dist2_12', 'dist4_14', 'dist7_13', 'dist8_10', 'ang4_3_5', 'ang1_2_4', 'ang6_9_10', 't4_5_8', 't2_4_5', 'dist3_13', 'dist7_15']",random_forest,21.89294301987878,12.189537565890731,12.547935341873734,174,20,pca
nokia,vladimir,False,"['dist8_15', 'dist1_4', 'dist4_9', 'dist2_11', 'dist11_17', 'ang3_4_3', 't7_8_16', 't4_5_8', 't2_4_5', 't2_4_8', 't6_10_11', 'dist1_6', 'dist2_3', 'dist2_4', 'dist4_7', 'dist5_15', 'dist9_15', 'dist10_15', 'dist15_17', 'ang2_4_5']",random_forest,25.174486190017596,12.110892335092393,13.272957299992632,175,20,pca
noel,zanetka,False,"['dist2_11', 'dist1_4', 'dist3_6', 'dist3_7', 'dist3_10', 'dist4_11', 'dist5_14', 'dist10_11', 'dist10_15', 'dist12_15', 'dist12_16', 'dist14_16', 'ang1_2_4', 't4_7_8', 't4_5_8', 't3_4_5', 't2_4_7', 't13_14_17', 't12_15_17', 't13_14_16']",random_forest,13.871769887474825,3.9478122529017563,10.111428142446062,176,20,pca
noel,zanetka,False,"['dist2_11', 'dist1_4', 'dist3_7', 'dist3_10', 'dist5_14', 'dist10_15', 'dist12_15', 'dist14_16', 'dist16_17', 't4_7_8', 't4_5_8', 't5_8_9', 't2_4_7', 't13_14_17', 't13_14_16', 'dist1_3', 'dist1_5', 'dist1_12', 'dist1_16', 'dist2_3']",random_forest,10.030308162054546,2.451224789097579,7.6296231145967495,177,20,pca
noel,sam,False,"['dist2_11', 'dist3_12', 'dist6_17', 'ang4_9_5', 'dist3_6', 'dist3_7', 'dist4_9', 'dist4_10', 'dist4_11', 'dist11_14', 't2_4_5', 't4_6_10', 'dist9_15', 'dist16_17', 'ang5_3_4', 't4_7_8', 't2_5_6', 'ang6_9_10', 'dist4_6', 'dist11_13']",random_forest,16.80992822776867,13.450301135069983,8.479795952065395,178,20,pca
noel,sam,False,"['dist1_3', 'ang4_9_5', 'dist4_8', 'dist1_2', 'dist4_7', 'dist7_12', 'dist7_13', 'dist12_13', 'ang2_7_5', 't12_13_15', 'dist5_16', 'dist6_8', 'ang4_2_5', 'dist3_8', 'dist11_14', 'ang1_4_5', 't13_14_15', 't2_3_7', 'dist2_11', 't1_3_5']",random_forest,18.27281602214447,24.296883946082197,7.078805023622984,179,20,pca
noel,rosie,False,"['dist2_11', 'dist1_4', 'dist1_8', 'dist5_14', 'dist1_16', 'dist2_9', 'dist3_6', 'dist3_7', 'dist3_10', 'dist5_12', 'dist7_13', 'dist8_14', 'dist11_16', 'dist16_17', 'ang1_3_5', 't3_7_16', 't4_7_8', 't4_5_8', 't3_4_5', 't13_14_17']",random_forest,13.839069853009953,9.18250756109917,5.831836866542997,180,20,pca
noel,rosie,False,"['dist2_11', 'dist5_14', 'dist1_4', 'dist3_7', 'dist3_10', 'dist2_3', 'dist2_8', 'dist4_12', 'dist7_12', 'dist10_11', 'dist11_14', 'dist11_16', 'dist12_16', 'dist12_17', 't4_7_8', 't2_4_8', 't13_14_17', 'dist1_3', 'dist1_13', 'dist2_7']",random_forest,9.03238882874413,2.8781378278228096,6.350690336115985,181,20,pca
noel,otella,False,"['dist1_3', 'dist2_11', 'dist3_12', 'dist8_10', 'dist11_14', 'dist11_17', 'dist12_13', 'dist3_6', 'dist3_7', 'dist3_10', 'dist4_10', 'dist4_11', 'dist4_12', 'dist5_15', 'dist6_17', 'dist7_12', 'dist7_15', 'dist8_12', 'dist9_10', 'dist11_16']",random_forest,4.451142768626158,2.8004656083859154,1.6506812020017825,182,20,pca
noel,otella,False,"['dist2_11', 'dist1_4', 'dist3_10', 't12_15_17', 'dist1_3', 'dist1_13', 'dist2_3', 'dist2_15', 'dist3_6', 'dist3_7', 'dist3_8', 'dist4_11', 'dist4_12', 'dist5_15', 'dist11_16', 'dist12_13', 'dist12_17', 'dist13_17', 'dist14_16', 'dist15_16']",random_forest,6.022519318212935,3.2846607084128907,2.788068309369367,183,20,pca
noel,nuernberg_2,False,"['t2_3_7', 'dist1_2', 'dist3_7', 't3_7_16', 'dist1_3', 'dist3_13', 'dist13_16', 't7_8_17', 'dist11_15', 'dist1_4', 'dist2_12', 'dist5_8', 'dist5_14', 'dist11_12', 'dist12_16', 'ang2_7_5', 't4_7_8', 'dist3_6', 'ang3_1_4', 'dist3_4']",random_forest,13.849818954124204,23.72326973422773,10.152327256657662,184,20,pca
noel,nuernberg_2,False,"['dist4_13', 'dist3_13', 'dist1_2', 'dist11_15', 't2_3_7', 'dist7_12', 'ang2_1_4', 'dist3_14', 'dist13_16', 'dist1_3', 't13_14_16', 'dist1_15', 'dist2_11', 'dist2_12', 'dist5_8', 'dist5_14', 'dist7_15', 't12_15_17', 'dist2_13', 'dist8_16']",random_forest,6.507299093897998,5.239433003395859,2.53573010568462,185,20,pca
noel,nokia,False,"['ang4_9_5', 'dist2_4', 'ang2_7_5', 'dist3_14', 'dist4_8', 'dist5_14', 'ang6_4_10', 't3_6_10', 'dist16_17', 'ang4_2_4', 't1_3_5', 'dist2_5', 'dist2_13', 'dist2_16', 'dist3_6', 'dist4_9', 'dist5_7', 'dist8_17', 'ang4_2_5', 't2_3_7']",random_forest,27.03632940995635,18.88910684071989,8.958076685038003,186,20,pca
noel,nokia,False,"['dist3_6', 'ang4_9_5', 'dist4_9', 'dist3_5', 'dist4_8', 'dist5_14', 'dist5_10', 'ang3_1_4', 'dist3_13', 'dist6_17', 't2_3_5', 'dist2_4', 'dist3_7', 'dist3_9', 'dist5_6', 'dist6_13', 'dist7_13', 'dist8_14', 'ang2_1_4', 'ang4_2_4']",random_forest,23.021009238016592,13.920992891448591,9.179611517360534,187,20,pca
noel,nuernberg_1,False,"['dist7_16', 't2_4_5', 'dist1_3', 'dist16_17', 'ang2_7_5', 'dist5_14', 'dist3_15', 'dist5_15', 'dist1_7', 'dist1_9', 'dist2_13', 'dist3_7', 'dist12_13', 'ang4_3_5', 'ang1_4_3', 't2_3_7', 'dist2_11', 'dist3_5', 'ang4_9_5', 't3_7_16']",random_forest,17.723150005899093,22.390668415018332,4.7451872771485935,188,20,pca
noel,nuernberg_1,False,"['dist1_7', 'dist1_13', 't2_3_7', 'dist7_16', 'dist1_2', 'dist3_4', 'dist3_6', 'dist4_7', 'dist5_8', 'dist5_14', 'dist8_15', 'dist9_15', 'dist15_17', 'ang1_4_3', 'ang2_4_3', 'ang2_7_5', 't6_9_10', 'dist1_8', 'dist2_8', 'dist15_16']",random_forest,22.189386884621584,23.544863350591775,1.4154870374673254,189,20,pca
noel,shorfy,False,"['dist1_4', 'dist5_14', 'dist7_12', 'dist2_11', 'dist1_2', 'dist3_10', 'dist12_17', 'ang1_4_3', 'ang1_2_5', 'dist1_3', 'dist1_13', 'dist1_16', 'dist2_3', 'dist3_6', 'dist3_7', 'dist9_14', 'dist11_16', 'dist12_16', 't1_3_5', 't2_4_8']",random_forest,16.868096086404524,5.015772989516808,14.95837132820121,190,20,pca
noel,shorfy,False,"['dist1_4', 'dist2_11', 'dist4_10', 'dist4_12', 'dist5_14', 'dist7_12', 't2_5_10', 't3_5_10', 'dist1_16', 'dist3_10', 'dist3_15', 'dist4_8', 'dist4_9', 'dist10_14', 'dist11_14', 'dist13_16', 'ang1_3_5', 't2_3_7', 't3_7_16', 't3_4_16']",random_forest,13.537410056272888,6.635904585364628,7.2621966336571875,191,20,pca
noel,paulinchen,False,"['dist2_11', 'dist3_7', 'dist3_10', 'dist12_16', 't2_4_7', 'dist1_8', 'dist3_6', 'dist4_10', 'dist4_12', 'dist5_9', 'dist6_17', 'dist9_15', 'dist11_14', 'dist11_16', 'dist12_13', 'ang1_3_5', 'ang1_4_3', 't3_7_16', 't4_7_8', 't4_5_8']",random_forest,19.6062188461185,11.991401241569308,7.698870515454774,192,20,pca
noel,paulinchen,False,"['dist2_11', 'dist3_7', 'dist3_10', 'dist11_17', 'dist12_13', 't2_4_7', 'dist2_14', 'dist2_15', 'dist3_6', 'dist3_15', 'dist4_7', 'dist4_12', 'dist5_14', 'dist7_15', 'dist9_11', 'dist9_15', 'dist11_16', 'dist12_14', 'dist12_16', 't3_7_16']",random_forest,5.291828511451135,3.462224836383495,1.8381870307584445,193,20,pca
noel,zewe,False,"['dist2_11', 'dist5_14', 'dist6_17', 't2_4_8', 'dist3_7', 'dist3_10', 'dist4_12', 'dist7_12', 'dist12_15', 'dist12_16', 'dist14_16', 't4_7_8', 't4_5_8', 't6_7_9', 't8_9_17', 't13_14_17', 't13_14_16', 'dist1_3', 'dist1_4', 'dist1_12']",random_forest,10.547244689374084,3.609867011068719,6.94548985151941,194,20,pca
noel,zewe,False,"['dist1_4', 'dist5_14', 't3_6_10', 'dist1_3', 'dist1_13', 'dist2_11', 'dist3_6', 'dist3_7', 'dist3_10', 'dist3_13', 'dist3_17', 'dist4_7', 'dist4_9', 'dist7_13', 'dist9_10', 'dist11_14', 'dist14_16', 't3_4_7', 't4_7_8', 't3_4_16']",random_forest,8.975792732479047,4.799227079315756,4.208349215118938,195,20,pca
noel,vladimir,False,"['dist2_11', 'dist2_12', 'dist2_16', 'dist8_15', 'dist1_7', 'dist1_17', 'dist2_8', 'dist5_15', 'dist12_13', 'dist13_14', 'dist4_11', 'dist1_2', 'dist1_8', 'dist6_11', 'dist7_12', 'dist7_15', 'dist10_11', 'dist11_16', 'dist15_17', 'ang1_4_5']",random_forest,6.197517115176549,7.753533275334461,1.9610688828742187,196,20,pca
noel,vladimir,False,"['dist8_15', 'ang2_7_5', 'dist1_8', 'dist2_8', 'dist2_12', 'dist2_11', 't2_4_5', 'dist1_17', 'dist4_9', 'dist1_7', 'dist2_4', 'dist3_15', 'dist5_9', 'dist5_15', 'dist7_16', 'dist10_11', 'dist12_13', 'ang2_1_4', 'ang1_3_4', 'dist11_17']",random_forest,39.20099818420286,22.276673868366544,17.004878734380917,197,20,pca
matysek,zanetka,False,"['dist5_14', 'dist2_11', 'dist11_14', 't2_3_7', 't3_7_16', 't4_5_8', 'dist1_3', 'dist1_5', 'dist2_4', 'dist3_17', 'dist4_12', 'dist5_16', 'dist11_16', 'ang1_2_5', 't3_4_5', 't2_4_8', 't13_14_17', 't13_14_16', 'dist1_4', 'dist1_8']",random_forest,12.560798560022493,11.03309935050233,8.428818706182652,198,20,pca
matysek,zanetka,False,"['t2_4_5', 'dist1_4', 'dist5_14', 'dist3_13', 'dist7_15', 'dist1_16', 'dist2_4', 'dist4_11', 'dist4_12', 'dist7_9', 'dist9_11', 'dist11_16', 'dist11_17', 'dist12_14', 'dist12_17', 'dist13_17', 'dist14_16', 't3_7_16', 't4_5_8', 't1_3_5']",random_forest,6.038652626638369,0.5192057453834577,6.344192987875054,199,20,pca
matysek,sam,False,"['dist6_8', 'dist7_17', 't2_4_5', 'ang3_4_3', 't6_7_9', 'dist1_16', 'dist1_15', 'dist2_13', 'dist3_6', 'dist4_14', 'dist5_6', 'dist10_17', 't6_7_17', 't3_4_5', 't2_4_7', 'ang1_2_5', 'dist5_9', 'dist8_15', 't1_2_7', 't7_8_17']",random_forest,11.761306238829311,7.34306357328383,8.113615968429508,200,20,pca
matysek,sam,False,"['dist2_8', 'dist6_8', 'dist8_16', 'dist2_9', 'ang2_4_5', 't7_8_16', 't6_7_17', 't3_4_5', 'dist1_8', 'ang3_1_4', 't7_8_17', 'ang4_3_5', 'ang4_9_5', 'ang4_2_4', 'dist6_16', 'dist7_16', 'dist9_16', 'dist11_16', 'dist13_17', 'ang2_3_4']",random_forest,12.387264061795014,7.698348281129749,6.565147255673718,201,20,pca
matysek,rosie,False,"['t7_8_16', 't3_4_5', 'ang3_4_3', 'dist1_2', 'dist1_3', 'dist2_8', 'dist7_12', 'dist8_14', 'dist8_16', 'dist7_17', 'ang2_4_5', 'dist1_6', 'dist3_8', 'dist4_8', 'dist12_13', 'ang1_2_5', 'ang4_3_5', 'ang1_4_5', 't4_5_8', 't4_6_10']",random_forest,32.716846983148535,13.49304722806045,19.25177622263058,202,20,pca
matysek,rosie,False,"['t2_4_8', 'dist4_9', 'dist7_13', 'dist8_15', 'dist3_8', 'ang4_3_5', 'ang6_10_4', 't1_2_7', 'dist5_14', 'dist1_8', 'dist2_3', 'dist2_8', 'dist2_9', 'dist2_11', 'dist8_16', 'dist9_15', 'dist9_16', 'dist15_17', 'ang1_3_5', 'ang1_4_5']",random_forest,19.63561439910959,8.637201536474423,11.378236446037736,203,20,pca
matysek,otella,False,"['t6_7_17', 'dist6_8', 'dist6_9', 'dist1_9', 'dist7_10', 'dist6_10', 't3_7_16', 'dist2_8', 'dist6_17', 't6_7_9', 'dist7_17', 'dist5_9', 't1_6_7', 'ang6_4_10', 'dist2_9', 'dist3_7', 'dist7_9', 'dist9_11', 'dist9_16', 'dist13_14']",random_forest,5.762283841672695,1.5788626731509994,4.183891109329902,204,20,pca
matysek,otella,False,"['ang1_2_5', 'dist2_8', 'dist1_4', 'ang2_4_5', 'ang1_4_5', 'dist2_3', 'dist5_14', 'dist11_12', 'dist13_14', 'ang1_3_5', 'ang3_2_5', 'dist1_13', 'dist2_9', 'dist3_8', 'dist8_13', 'dist12_15', 'ang1_3_4', 't4_5_8', 't8_9_17', 't6_10_11']",random_forest,22.556568566358667,20.015770708496838,2.71794432353783,205,20,pca
matysek,nuernberg_2,False,"['dist9_10', 'ang2_7_5', 'dist14_16', 'dist8_10', 'dist8_15', 'dist15_17', 'dist5_10', 'dist2_11', 'dist2_16', 'dist3_7', 'dist4_8', 'ang1_2_5', 't4_5_8', 't6_7_17', 't5_9_10', 't13_14_16', 'dist1_11', 'dist2_17', 't3_7_16', 't5_8_9']",random_forest,34.93995546593976,17.678563081589854,17.806309607968164,206,20,pca
matysek,nuernberg_2,False,"['dist8_15', 'ang2_7_5', 'dist4_13', 'dist3_7', 'dist14_16', 'dist5_15', 'dist6_13', 'dist3_6', 'dist1_11', 'ang4_9_5', 'dist15_17', 'dist3_13', 'dist3_15', 'dist4_14', 'dist5_11', 'dist5_14', 'dist6_8', 'dist12_13', 'dist13_16', 't3_7_16']",random_forest,31.007660729304835,13.102155763946124,17.90971223070549,207,20,pca
matysek,neznamy,False,"['t2_3_7', 'dist1_6', 't4_5_8', 'dist7_13', 'dist8_10', 'dist3_7', 'dist8_9', 'dist5_14', 'dist2_7', 'dist2_8', 'dist2_11', 'dist3_10', 'dist11_13', 't3_7_16', 'dist8_15', 'dist11_17', 't3_5_10', 'dist10_16', 'dist11_14', 'dist1_4']",random_forest,4.849480209660878,1.9358504324156358,2.9136430137504843,208,20,pca
matysek,neznamy,False,"['dist1_8', 't4_5_8', 'dist1_15', 'dist12_13', 'dist1_6', 'dist8_15', 't2_3_7', 'dist2_7', 'dist6_13', 'dist12_15', 't3_5_10', 'dist3_12', 'dist11_13', 't1_3_5', 't3_4_5', 't13_14_17', 'dist3_16', 'dist7_13', 'ang1_2_4', 'dist4_14']",random_forest,7.3856462544699335,2.448199132913132,5.866590253289118,209,20,pca
matysek,nokia,False,"['dist2_11', 'dist13_14', 'ang3_4_3', 't5_8_9', 'dist1_4', 'dist1_8', 'dist3_5', 'dist3_16', 'dist4_14', 'dist5_12', 'dist5_16', 'dist7_13', 'dist10_15', 'dist11_17', 'dist12_15', 'dist14_16', 'ang4_3_5', 'ang3_1_4', 't1_3_5', 't13_14_17']",random_forest,21.879037288443453,9.062282473147404,12.83107173993292,210,20,pca
matysek,nokia,False,"['dist8_15', 'dist14_16', 'dist5_15', 'dist11_17', 'ang3_4_3', 't3_4_5', 'dist12_13', 'dist3_4', 'dist3_5', 'dist3_14', 'dist3_16', 'dist4_14', 'dist6_11', 'dist10_15', 'dist13_17', 'dist15_17', 'ang4_3_5', 'ang3_1_4', 't3_7_16', 't3_4_16']",random_forest,22.442000889866534,7.698670148430123,14.832648349203975,211,20,pca
matysek,noel,False,"['dist1_4', 't12_15_17', 'dist5_15', 't13_14_16', 'dist1_2', 'dist1_8', 'dist2_8', 'dist3_7', 'dist4_7', 'dist4_13', 'dist5_9', 'dist5_10', 'dist12_15', 'dist12_16', 'dist12_17', 'ang2_1_5', 'ang4_9_5', 'ang2_7_5', 't3_7_16', 't5_8_9']",random_forest,40.343905918304074,14.284395864236746,26.31702289778494,212,20,pca
matysek,noel,False,"['dist14_16', 'dist1_4', 'dist1_15', 'dist2_8', 'ang4_9_5', 't12_15_17', 'dist1_2', 'dist2_11', 'dist2_13', 'dist4_7', 'dist4_11', 'dist4_13', 'dist4_16', 'dist5_9', 'dist5_11', 'dist5_15', 'dist8_16', 'dist12_15', 'ang1_2_4', 'ang2_7_5']",random_forest,32.4113671596587,6.529660540943251,25.985986056787933,213,20,pca
matysek,nuernberg_1,False,"['dist6_8', 'dist6_17', 'ang6_10_4', 't7_8_9', 't3_5_10', 'dist4_16', 'dist7_13', 'dist14_16', 'ang3_1_4', 't3_4_16', 't6_7_9', 't2_5_6', 'dist3_7', 'dist2_4', 'dist3_16', 'dist7_8', 'dist7_17', 'dist8_14', 'ang5_3_4', 'ang7_6_10']",random_forest,17.263429377599934,6.599524155372714,13.220070582889235,214,20,pca
matysek,nuernberg_1,False,"['dist3_7', 'dist7_13', 'ang4_9_5', 't2_4_7', 'dist2_7', 'dist6_13', 't2_3_7', 'dist14_16', 'dist1_10', 'dist4_16', 'dist10_11', 'dist13_16', 'dist14_15', 't3_4_16', 't6_7_9', 't3_5_10', 't13_14_16', 'dist3_17', 'dist8_14', 't2_5_9']",random_forest,10.552721853610768,3.596422759138483,8.404307186879226,215,20,pca
matysek,shorfy,False,"['dist5_14', 'dist1_11', 'dist9_15', 'dist1_2', 'dist1_5', 'dist1_10', 'dist2_9', 'dist10_16', 'dist14_16', 'ang4_1_5', 'ang1_2_5', 't3_4_5', 'dist2_8', 'ang5_1_4', 'dist1_6', 'dist3_5', 'dist4_14', 'ang2_3_4', 'dist1_8', 'dist2_4']",random_forest,12.199947929468824,4.37431312706782,9.140569267981462,216,20,pca
matysek,shorfy,False,"['dist1_8', 'dist5_14', 't3_4_5', 'dist1_4', 't1_3_5', 'dist1_3', 'dist2_8', 'dist3_5', 'dist10_16', 't2_4_5', 't2_4_8', 'dist1_13', 'dist1_16', 'dist2_3', 'dist2_4', 'dist2_9', 'dist9_10', 'dist13_16', 'dist14_16', 'ang1_2_5']",random_forest,14.83246692094225,6.7431598817467835,8.864069646099138,217,20,pca
matysek,paulinchen,False,"['dist14_16', 'dist7_12', 't3_6_10', 'dist5_14', 'dist7_10', 'dist8_17', 'dist9_16', 'ang1_4_5', 't8_9_17', 'dist5_15', 'dist1_17', 'dist8_9', 'dist11_12', 'dist7_9', 'dist7_17', 'dist6_9', 'dist8_16', 'dist14_15', 'dist2_12', 't2_4_7']",random_forest,8.386724078059519,7.340895942661077,2.6686443958530788,218,20,pca
matysek,paulinchen,False,"['dist1_8', 'dist4_14', 'dist2_7', 'ang3_4_3', 'dist5_10', 'dist1_15', 't6_7_17', 't13_14_17', 't8_9_17', 'dist7_11', 'dist7_13', 'dist7_15', 't6_7_9', 'dist12_15', 'dist14_16', 't3_5_10', 'dist2_14', 'dist10_12', 't1_2_7', 'dist3_16']",random_forest,6.486279814370236,7.313328195554809,2.630120910808121,219,20,pca
matysek,mette,False,"['ang4_9_5', 'dist3_6', 'dist5_14', 'dist6_8', 'dist6_10', 'dist9_16', 'dist14_16', 't3_6_10', 'dist2_9', 'dist4_10', 'dist4_14', 'dist5_8', 'dist6_9', 'dist6_16', 'dist6_17', 'dist7_9', 'dist11_12', 'ang1_2_5', 'ang2_3_4', 't3_7_16']",random_forest,8.675835548688385,4.083512723375526,12.567578436629931,220,20,pca
matysek,mette,False,"['dist5_14', 'dist7_10', 'dist1_3', 'dist2_8', 'dist3_9', 'dist1_2', 'dist3_8', 'ang1_3_5', 'dist5_17', 'dist1_16', 'dist2_9', 'dist2_17', 'dist3_6', 'dist3_10', 'dist9_16', 'dist13_17', 'ang1_4_5', 't3_4_5', 't2_4_8', 'dist1_4']",random_forest,19.80914680243199,9.390980900930945,10.70433301177318,221,20,pca
matysek,zewe,False,"['dist5_14', 'dist4_9', 'dist1_4', 'dist7_10', 't3_6_10', 'dist6_9', 'dist6_17', 't2_4_5', 'dist1_3', 'dist2_9', 'dist4_13', 'dist4_16', 'dist5_15', 'dist6_7', 'dist8_9', 'dist13_17', 'ang2_4_5', 't8_9_17', 't2_4_8', 'dist1_2']",random_forest,13.139295500793786,7.96104602028039,7.432113512723982,222,20,pca
matysek,zewe,False,"['t3_4_5', 'dist1_4', 't8_9_17', 't3_5_10', 'ang3_4_3', 't4_5_8', 'dist1_3', 'dist2_9', 'dist4_6', 'dist4_9', 'dist6_8', 'dist6_17', 'dist8_16', 'ang2_4_5', 't4_7_8', 't2_4_8', 'dist1_2', 'dist1_16', 'dist2_3', 'dist2_4']",random_forest,24.52728567976658,8.14849269194784,16.560803192266437,223,20,pca
matysek,vladimir,False,"['dist1_8', 'dist1_15', 'dist10_11', 'ang6_9_10', 'dist1_6', 'dist1_4', 'dist13_16', 't2_4_5', 'ang1_2_4', 't13_14_16', 'dist1_9', 'dist3_5', 'dist7_13', 'dist12_15', 'ang3_4_3', 't3_4_16', 't2_4_7', 'dist1_5', 't2_4_8', 'dist15_17']",random_forest,14.902773563232882,4.108725972860024,14.028292439570093,224,20,pca
matysek,vladimir,False,"['dist7_13', 't3_4_5', 'dist2_4', 'dist2_9', 'dist13_17', 'dist1_8', 'dist9_11', 'dist5_8', 'dist1_6', 'dist1_15', 'dist2_7', 'dist5_6', 'dist8_10', 'dist13_14', 'ang1_2_4', 'ang7_6_10', 't2_3_7', 'dist2_14', 'dist3_13', 'dist7_17']",random_forest,8.836119521979231,1.720763093880083,7.117811637192871,225,20,pca
lucka,zanetka,False,"['ang2_1_4', 't6_10_11', 'ang3_1_4', 'ang5_3_4', 'dist2_16', 'ang1_2_4', 'dist4_9', 'dist11_12', 'dist2_15', 'dist1_8', 'dist2_13', 'dist3_14', 'dist10_12', 'dist11_15', 'ang2_1_5', 'dist6_10', 'dist6_8', 'ang1_2_5', 'ang1_3_4', 'dist1_2']",random_forest,10.551881221742814,12.361783701184054,4.735269845795896,226,20,pca
lucka,zanetka,False,"['dist7_12', 'dist2_16', 'dist8_14', 'ang2_7_5', 't6_7_17', 'dist1_8', 'dist2_13', 't4_5_8', 'dist8_12', 'dist10_12', 'dist4_8', 'dist3_13', 'dist4_16', 'dist5_9', 'dist5_10', 'dist5_13', 'dist9_11', 'ang1_2_5', 'ang4_3_5', 'ang2_1_4']",random_forest,20.339730815053674,3.6694888583446614,20.49412495964294,227,20,pca
lucka,sam,False,"['dist1_4', 'dist5_7', 'dist5_9', 'dist12_15', 'dist13_14', 't1_3_5', 't2_4_5', 'dist1_3', 'dist1_5', 'dist1_8', 'dist2_4', 'dist2_8', 'dist3_13', 'dist5_14', 'dist10_11', 'dist10_12', 'dist13_16', 'dist14_16', 't3_4_16', 't2_4_8']",random_forest,6.696314235935246,6.367218880346045,1.0184799269906382,228,20,pca
lucka,sam,False,"['dist2_11', 'dist1_4', 'dist2_4', 'dist3_7', 'dist3_10', 'dist4_11', 'dist4_12', 'dist11_14', 'dist11_16', 'dist12_15', 't5_8_9', 't8_9_17', 't3_4_5', 't3_5_10', 't13_14_17', 't13_14_16', 'dist1_3', 'dist1_5', 'dist1_8', 'dist1_12']",random_forest,8.206648271586038,8.403592483513087,0.6096697365659749,229,20,pca
lucka,rosie,False,"['ang4_9_5', 'dist2_14', 'dist5_16', 'dist6_8', 'dist10_11', 'dist14_16', 'ang3_1_4', 't6_7_9', 'dist2_11', 'dist6_17', 'dist7_12', 'dist7_14', 'dist7_15', 'dist9_12', 'dist10_15', 'dist12_14', 'dist15_17', 'ang3_4_3', 'ang6_10_4', 't3_4_5']",random_forest,23.00391000554637,9.534474665924268,13.688717636905448,230,20,pca
lucka,rosie,False,"['dist11_17', 'dist8_15', 'ang3_1_4', 'dist15_17', 'ang2_4_5', 'dist12_17', 'dist14_16', 'ang3_4_3', 't6_10_11', 'dist2_11', 'dist3_8', 'dist4_8', 'dist5_8', 'dist7_11', 'dist7_14', 'dist9_11', 'dist12_16', 't2_3_5', 'dist3_4', 'dist1_13']",random_forest,22.954031671106573,5.630208576784387,19.949550423604364,231,20,pca
lucka,otella,False,"['dist5_9', 'dist3_14', 't2_4_5', 'dist4_8', 'dist10_15', 'dist5_17', 'dist3_16', 'dist2_14', 'dist4_16', 'dist5_8', 'dist6_13', 'dist8_14', 'dist13_14', 'ang6_4_10', 'dist8_12', 't4_5_8', 't2_3_5', 'dist6_9', 'dist4_11', 'dist3_13']",random_forest,4.768009082951611,5.564631684215698,5.009177836154212,232,20,pca
lucka,otella,False,"['dist14_16', 'dist2_13', 'dist5_7', 'dist5_9', 'dist10_15', 't5_8_9', 'dist1_5', 'dist7_15', 'dist8_15', 'dist7_9', 'dist3_13', 'dist5_8', 'ang6_10_4', 'dist11_14', 'dist12_13', 'dist13_14', 'dist2_4', 'dist3_7', 'dist10_17', 'ang2_4_5']",random_forest,15.800988437548444,8.96632032471397,6.923257274049628,233,20,pca
lucka,nuernberg_2,False,"['dist1_8', 'dist14_16', 'dist6_17', 'dist1_4', 'dist9_12', 'dist15_17', 't2_4_5', 'dist2_4', 'dist2_11', 'dist2_14', 'dist2_16', 'dist4_12', 'dist5_9', 'dist7_12', 'dist10_15', 'dist11_14', 'dist12_15', 'dist12_17', 'dist13_14', 'dist15_16']",random_forest,4.178649117194042,3.901208248290569,1.2552332415620049,234,20,pca
lucka,nuernberg_2,False,"['dist1_8', 'dist2_11', 'dist14_16', 't3_5_10', 'dist1_4', 'dist2_4', 'dist2_14', 'dist3_17', 'dist4_12', 'dist5_9', 'dist6_17', 'dist10_15', 'dist11_14', 'dist12_15', 'ang6_10_4', 't5_8_9', 't6_7_9', 't3_4_5', 't13_14_17', 'dist1_3']",random_forest,12.613090364786805,10.619146886350801,2.0430365915953503,235,20,pca
lucka,neznamy,False,"['dist1_4', 'dist1_8', 'dist5_14', 'dist2_8', 'dist6_17', 't4_5_8', 't2_4_8', 'dist1_3', 'dist2_3', 'dist3_5', 'dist7_12', 'dist10_15', 'dist12_15', 'dist12_16', 't1_3_5', 't3_4_5', 't13_14_17', 't12_15_17', 'dist1_7', 'dist1_12']",random_forest,12.193273594220754,9.9443140084583,2.28376532563684,236,20,pca
lucka,neznamy,False,"['dist1_4', 'dist1_8', 't2_4_5', 'dist1_3', 'dist6_17', 'dist13_14', 't6_7_9', 't1_3_5', 't3_4_5', 't2_4_8', 'dist1_15', 'dist2_3', 'dist2_8', 'dist2_13', 'dist3_5', 'dist5_6', 'dist5_7', 'dist5_14', 'dist5_16', 'dist12_15']",random_forest,8.735608148421452,7.110915204452704,1.6538208705071074,237,20,pca
lucka,nokia,False,"['dist1_8', 'dist13_14', 't2_4_8', 'dist1_4', 'dist2_3', 'dist2_4', 'dist2_8', 'dist2_11', 'dist2_14', 'dist2_16', 'dist3_13', 'dist5_7', 'dist5_12', 'dist7_15', 'dist10_12', 'dist10_15', 'dist12_15', 'dist14_16', 'ang2_4_5', 'ang6_10_4']",random_forest,11.995011900354038,6.006324920986798,7.767068396258755,238,20,pca
lucka,nokia,False,"['dist1_8', 'dist2_11', 'dist5_14', 't2_4_8', 'dist2_4', 'dist2_8', 'dist2_14', 'dist4_12', 'dist7_12', 'dist10_15', 'dist12_15', 'ang3_1_4', 'ang6_10_4', 't4_7_8', 't3_4_16', 't3_4_5', 't13_14_17', 'dist1_3', 'dist1_4', 'dist1_5']",random_forest,14.645921965827283,10.979366377303363,3.844935899335636,239,20,pca
lucka,noel,False,"['dist1_8', 'dist1_4', 'dist4_12', 'dist7_12', 't2_4_8', 'dist1_3', 'dist2_4', 'dist2_11', 'dist3_13', 'dist4_8', 'dist5_14', 'dist7_15', 'dist9_15', 'dist10_11', 'dist10_15', 'dist12_15', 't4_5_8', 't1_3_5', 't2_4_5', 't13_14_17']",random_forest,9.352715007529614,7.691023630709954,2.423844148553897,240,20,pca
lucka,noel,False,"['dist1_8', 'dist1_4', 'dist2_11', 'dist7_12', 'dist10_11', 'dist10_15', 'dist14_16', 't2_4_5', 'dist1_15', 'dist2_4', 'dist2_13', 'dist4_12', 'dist5_6', 'dist6_9', 'dist7_14', 'dist9_12', 'dist12_15', 'dist12_17', 'ang6_10_4', 't4_5_8']",random_forest,13.136603222896685,8.97160304632309,4.963134097201642,241,20,pca
lucka,matysek,False,"['dist1_4', 'dist2_11', 'dist5_14', 'dist6_17', 't2_4_5', 'dist1_3', 'dist1_8', 'dist2_8', 'dist3_6', 'dist4_12', 'dist5_16', 'dist7_12', 'dist10_15', 'dist12_14', 'dist12_15', 'dist12_17', 'dist13_17', 't6_7_9', 't8_9_17', 't1_3_5']",random_forest,6.8428212714892105,6.947361924178353,0.6077608202590993,242,20,pca
lucka,matysek,False,"['dist1_8', 'dist13_14', 't2_4_8', 'dist1_4', 'dist2_4', 'dist2_14', 'dist2_16', 'dist6_9', 'dist6_17', 'ang6_10_4', 't7_8_17', 't1_3_5', 't2_4_5', 'dist1_5', 'dist2_8', 'dist5_14', 'dist5_16', 'dist6_15', 'dist10_15', 'dist12_15']",random_forest,11.357163640772557,12.449486803752995,1.141961052406022,243,20,pca
lucka,nuernberg_1,False,"['dist2_11', 'dist5_14', 't2_4_8', 'dist2_4', 'dist2_9', 'dist2_14', 'dist3_7', 'dist3_10', 'dist4_12', 'dist10_15', 'dist12_15', 'dist13_17', 't4_7_8', 't3_4_16', 't3_4_5', 't3_5_10', 't13_14_17', 't12_15_17', 't13_14_16', 'dist1_3']",random_forest,9.390621774122284,9.765429382579972,2.133256830892868,244,20,pca
lucka,nuernberg_1,False,"['dist1_8', 't3_4_5', 'dist2_8', 't2_4_5', 't2_4_8', 'dist2_11', 'dist7_13', 'dist12_15', 'dist14_16', 't2_4_7', 'dist1_4', 'dist1_5', 'dist2_4', 'dist4_8', 'dist4_13', 'dist13_14', 'dist13_16', 'ang3_4_3', 't3_4_16', 't8_9_17']",random_forest,8.805071568803564,5.750463860746435,8.179948459528454,245,20,pca
lucka,shorfy,False,"['ang6_10_4', 'ang4_2_4', 'dist2_3', 'dist2_4', 'dist5_9', 't5_8_9', 'ang1_2_5', 'dist8_16', 't2_3_7', 'ang4_2_5', 't2_4_7', 'dist11_12', 'dist5_17', 'dist5_7', 'ang5_1_4', 'ang1_3_5', 't2_4_5', 'dist3_5', 'dist3_14', 'dist5_8']",random_forest,17.98273464810566,8.284373183325613,17.04312425432893,246,20,pca
lucka,shorfy,False,"['t12_15_17', 'dist5_9', 'dist11_12', 'dist5_7', 't5_8_9', 'dist5_14', 'dist2_13', 'dist2_14', 'dist7_14', 'dist8_16', 'dist9_11', 'dist9_15', 'dist10_15', 't4_5_8', 'dist4_12', 'dist7_13', 'dist7_15', 'dist1_4', 'dist2_3', 'dist13_14']",random_forest,2.6264701821034575,6.782481206928049,4.156292871256451,247,20,pca
lucka,paulinchen,False,"['dist1_8', 'dist2_11', 'dist6_17', 'dist7_12', 't2_4_8', 't12_15_17', 'dist1_3', 'dist1_16', 'dist2_4', 'dist2_8', 'dist2_14', 'dist4_12', 'dist5_16', 'dist10_15', 'dist11_14', 'dist12_15', 'dist15_17', 't1_6_7', 't1_3_5', 't2_4_5']",random_forest,11.056405070181766,9.59954889371628,1.75302934051885,248,20,pca
lucka,paulinchen,False,"['dist5_16', 't3_4_5', 'dist2_8', 'dist6_17', 'dist9_12', 'dist1_3', 'dist1_13', 'dist2_3', 'dist2_4', 'dist2_9', 'dist3_8', 'dist3_10', 'dist11_12', 'dist12_15', 'dist12_17', 'dist13_14', 'ang4_9_5', 't3_4_16', 't1_3_5', 't3_5_7']",random_forest,14.82827263972151,9.538978607862498,7.003010693967266,249,20,pca
lucka,mette,False,"['dist5_12', 't12_15_17', 'dist2_3', 'dist5_16', 't4_7_8', 't2_4_8', 'dist1_4', 'dist1_8', 'dist1_11', 'dist1_16', 'dist2_4', 'dist2_8', 'dist2_14', 'dist2_16', 'dist5_7', 'dist5_9', 'dist7_14', 'dist10_15', 'ang2_3_4', 't5_8_9']",random_forest,12.161817862277225,8.638964215467018,16.414915704313735,250,20,pca
lucka,mette,False,"['dist14_16', 'ang4_9_5', 't2_4_5', 'dist1_8', 'dist5_7', 'dist5_9', 'dist5_16', 'dist6_10', 'dist2_3', 'dist2_14', 'dist3_14', 'dist7_10', 'dist7_14', 'dist10_12', 'dist10_15', 'dist10_17', 'dist11_12', 'dist12_15', 'dist13_14', 'ang3_4_3']",random_forest,17.53294449925135,9.089433822207024,8.55422690937066,251,20,pca
lucka,zewe,False,"['dist5_7', 'dist10_15', 'dist12_15', 'dist9_12', 'dist7_8', 'dist4_9', 'ang6_10_4', 'ang2_4_5', 'dist4_10', 't13_14_16', 'dist1_5', 'dist1_15', 'dist5_12', 'dist5_13', 'dist9_11', 'dist9_15', 'dist10_11', 'ang4_9_5', 't3_7_16', 't12_15_17']",random_forest,17.31529200761004,11.777824118050443,8.29273743131225,252,20,pca
lucka,zewe,False,"['ang6_10_4', 'dist6_15', 'dist3_14', 'dist14_16', 'ang3_4_3', 'dist10_15', 'dist10_12', 'dist1_5', 'ang1_3_4', 'dist8_16', 'dist2_3', 'dist2_13', 'dist5_7', 'dist12_15', 'ang4_1_5', 'ang4_3_5', 'ang1_4_5', 't1_3_5', 'dist6_10', 'dist9_12']",random_forest,16.597717431483005,6.933940325875813,10.741895098799066,253,20,pca
lucka,vladimir,False,"['dist1_8', 'dist1_3', 'dist1_4', 'dist2_4', 'dist2_8', 't2_4_5', 't2_4_8', 'dist1_10', 'dist1_15', 'dist1_16', 'dist2_9', 'dist2_11', 'dist2_13', 'dist2_14', 'dist5_6', 'dist6_17', 'dist7_8', 'dist10_15', 'dist12_15', 'dist13_14']",random_forest,8.064730031997723,4.612232589533597,3.452607815742185,254,20,pca
lucka,vladimir,False,"['dist1_8', 'dist2_11', 'dist6_17', 'dist2_4', 'dist2_8', 'dist2_14', 'dist3_10', 'dist4_12', 'dist5_14', 'dist7_12', 'dist10_15', 'dist12_15', 't3_7_16', 't6_7_9', 't8_9_17', 't2_4_8', 't3_5_10', 't13_14_17', 'dist1_3', 'dist1_4']",random_forest,11.078324478683067,7.415587936589151,3.691666007514047,255,20,pca
nuernberg_1,zanetka,False,"['dist2_11', 't3_5_10', 'dist3_10', 'dist5_14', 't4_5_8', 't2_4_8', 'dist2_3', 'dist2_4', 'dist2_9', 'dist3_5', 'dist3_7', 'dist4_10', 'dist4_11', 'dist7_10', 'ang2_3_4', 't2_3_7', 't3_7_16', 't4_7_8', 't3_4_16', 't3_4_5']",random_forest,11.679138632126275,4.437125882363734,7.980346449673951,256,20,pca
nuernberg_1,zanetka,False,"['dist2_11', 'dist5_14', 'dist3_10', 't3_4_5', 'dist1_4', 'dist2_4', 'dist3_17', 'dist4_10', 'dist7_13', 'dist8_15', 'dist14_16', 'ang2_3_4', 't4_7_8', 't3_4_16', 't4_5_8', 't2_4_8', 't3_5_10', 't13_14_17', 't12_15_17', 'dist1_8']",random_forest,16.016748147250258,6.2800055742087455,12.343793023264505,257,20,pca
nuernberg_1,sam,False,"['dist7_10', 'dist3_8', 'dist4_8', 'ang1_4_3', 'ang2_4_5', 't8_9_17', 't6_7_9', 'dist4_9', 'dist2_17', 'dist4_10', 'dist8_10', 'ang3_2_5', 'ang3_4_3', 't4_7_8', 't1_6_7', 't2_4_7', 'dist10_11', 'ang1_3_4', 'dist1_15', 'dist2_3']",random_forest,15.80093922055083,11.916028707631757,11.604068992947793,258,20,pca
nuernberg_1,sam,False,"['dist1_6', 'dist6_11', 'ang6_4_10', 'dist2_7', 'dist6_9', 'dist6_10', 'dist10_15', 'dist6_17', 'dist1_3', 'dist5_17', 'dist9_15', 'dist6_15', 'dist8_15', 'ang4_3_5', 'ang7_6_10', 't3_6_10', 't13_14_17', 'dist5_9', 'dist5_12', 'dist15_17']",random_forest,13.476245502970304,9.440305495312636,4.040610159861664,259,20,pca
nuernberg_1,rosie,False,"['ang4_9_5', 'ang2_4_5', 'dist3_8', 'dist4_8', 'dist10_17', 'ang4_3_5', 'ang1_4_5', 'dist6_12', 'dist10_16', 'dist12_13', 'dist12_15', 'ang3_2_5', 'ang1_3_5', 'ang6_10_4', 'dist11_12', 'dist4_12', 'ang3_1_5', 'ang2_3_5', 't8_9_17', 'dist7_8']",random_forest,27.650676483348594,15.466875631380425,12.71294022853853,260,20,pca
nuernberg_1,rosie,False,"['ang4_9_5', 'dist4_8', 'dist5_7', 'dist7_13', 'ang2_4_5', 'ang3_4_3', 'dist3_8', 'dist4_10', 'dist6_9', 'dist6_17', 'dist7_15', 'dist9_11', 'dist9_15', 'ang3_2_5', 'ang1_3_5', 'ang2_3_5', 'ang4_2_4', 'ang5_3_4', 't7_8_9', 't6_7_17']",random_forest,41.4867311094723,15.339326197509424,26.23295932713383,261,20,pca
nuernberg_1,otella,False,"['dist5_6', 'ang1_3_5', 'ang1_2_5', 'dist2_7', 'dist6_8', 'dist7_13', 'dist9_11', 'ang2_3_4', 'ang6_9_10', 'dist2_4', 'dist2_17', 'dist3_4', 'dist3_8', 'dist3_15', 'dist3_16', 'dist6_17', 'dist11_13', 'dist12_13', 'dist13_17', 'ang1_3_4']",random_forest,22.294265250728344,11.036076455653184,11.380577048055487,262,20,pca
nuernberg_1,otella,False,"['dist5_14', 'dist2_11', 'dist1_8', 'dist12_13', 'ang6_10_4', 't1_3_5', 'dist2_4', 'dist2_9', 'dist2_16', 'dist3_10', 'dist3_12', 'dist4_10', 'dist4_13', 'dist9_12', 'dist11_16', 't1_2_7', 't2_3_7', 't3_7_16', 't3_4_16', 't3_4_5']",random_forest,14.832230596450108,7.634685223106645,7.909309915041069,263,20,pca
nuernberg_1,nuernberg_2,False,"['dist1_8', 'dist5_14', 't7_8_17', 't7_8_16', 'dist2_4', 'dist5_15', 't6_7_9', 'dist1_16', 'dist7_16', 'dist12_13', 'dist13_14', 'dist13_16', 'dist15_16', 'ang3_1_4', 't1_2_7', 't7_8_9', 't1_3_5', 't2_4_5', 't2_4_7', 'dist1_4']",random_forest,2.1416691091304885,1.8906819526006837,2.159369255418529,264,20,pca
nuernberg_1,nuernberg_2,False,"['dist5_15', 'dist6_9', 't6_7_17', 'dist5_14', 'dist15_16', 'ang6_10_4', 't2_5_6', 'dist7_8', 'dist3_10', 'dist2_7', 'dist2_11', 'dist3_6', 'dist6_8', 'dist6_17', 'dist8_15', 'ang2_7_5', 't7_8_16', 't6_7_9', 'dist1_4', 't7_8_17']",random_forest,16.085479380435725,6.761329102343567,15.366505400581465,265,20,pca
nuernberg_1,shorfy,False,"['dist2_8', 'dist4_10', 'dist5_14', 'dist7_10', 'dist3_6', 'dist3_8', 'dist3_10', 'dist4_9', 'dist6_13', 't3_4_5', 't2_4_8', 't3_6_10', 'dist1_3', 'dist2_9', 'dist2_11', 'dist3_7', 'dist4_8', 'dist8_16', 'dist13_16', 'ang1_2_5']",random_forest,12.911854676047236,3.3443902727848123,10.58298373698123,266,20,pca
nuernberg_1,shorfy,False,"['dist1_8', 'dist5_14', 'dist1_4', 'dist1_9', 'dist2_8', 'dist3_8', 'dist4_10', 't3_4_16', 't3_4_5', 't2_4_8', 'dist1_2', 'dist1_10', 'dist2_3', 'dist2_4', 'dist3_10', 'dist7_12', 'dist8_16', 'dist9_10', 'dist12_13', 'dist13_16']",random_forest,4.315699057034124,1.2146379295615592,3.1012704604832892,267,20,pca
nuernberg_1,paulinchen,False,"['dist2_11', 'dist2_12', 'dist4_8', 'dist6_9', 'dist6_17', 'dist12_13', 't3_4_16', 't2_4_5', 'dist2_3', 'dist2_4', 'dist3_7', 'dist3_8', 'dist3_10', 'dist3_11', 'dist5_6', 'dist5_14', 'dist5_16', 'dist6_8', 'dist12_15', 'ang2_4_5']",random_forest,9.292637419416062,6.883717566512916,2.416888651600231,268,20,pca
nuernberg_1,paulinchen,False,"['dist1_8', 'ang3_1_4', 'dist2_12', 'dist12_15', 'ang3_4_3', 'dist1_5', 'dist7_12', 'ang1_4_5', 't3_4_5', 'dist1_17', 'dist2_3', 'dist3_12', 'dist3_16', 'dist4_11', 'dist7_10', 'dist11_14', 'dist13_14', 'dist14_15', 'ang3_1_5', 't3_4_7']",random_forest,19.64797911280284,12.379236496948705,8.002076308963916,269,20,pca
nuernberg_1,zewe,False,"['dist1_4', 't3_4_5', 'dist2_8', 'dist3_8', 'dist4_10', 'dist7_13', 't4_5_8', 't2_4_8', 't2_5_10', 'dist2_4', 'dist2_9', 'dist3_5', 'dist3_7', 'dist3_9', 'dist3_17', 'dist4_8', 'dist4_9', 'dist10_14', 'dist14_16', 'ang1_4_5']",random_forest,11.80794655512714,5.512921053022467,6.632743913859336,270,20,pca
nuernberg_1,zewe,False,"['dist5_14', 't3_4_5', 'dist1_4', 'dist2_11', 'dist7_10', 'ang4_3_5', 't4_5_8', 't1_3_5', 't2_4_5', 't2_4_8', 'dist1_8', 'dist2_8', 'dist3_10', 'dist4_7', 'dist4_10', 'dist4_14', 'dist7_13', 'dist11_14', 'dist12_17', 'dist13_16']",random_forest,10.400763366287148,3.208997344932378,7.412274852818399,271,20,pca
nuernberg_1,vladimir,False,"['t3_4_5', 'dist3_5', 't7_8_17', 'dist1_8', 'dist5_15', 'ang4_9_5', 't2_4_5', 'dist5_13', 'dist6_8', 'dist7_17', 't7_8_16', 'dist1_16', 'dist1_17', 'dist2_4', 'dist2_9', 'dist5_16', 'dist7_8', 'dist13_17', 'ang5_3_4', 'ang1_4_3']",random_forest,22.539176330756728,7.631429151530847,16.832669612177654,272,20,pca
nuernberg_1,vladimir,False,"['dist1_8', 'dist12_15', 'dist13_14', 'dist2_3', 'dist2_16', 't6_7_9', 'dist2_14', 'dist4_8', 'dist2_4', 'dist2_8', 'dist3_4', 'dist3_7', 'dist4_13', 'dist5_6', 'dist5_7', 'dist5_16', 'dist6_8', 'dist6_9', 'dist9_14', 'dist11_15']",random_forest,2.208627445460579,1.5961570134283407,0.969469413743385,273,20,pca
leni,zanetka,False,"['dist1_8', 'dist2_11', 'dist6_17', 'dist5_14', 'dist1_4', 'dist1_16', 'dist2_4', 'dist2_14', 'dist4_11', 'dist9_15', 'dist10_15', 'dist12_15', 't3_7_16', 't3_4_16', 't5_8_9', 't6_7_9', 't7_8_17', 't3_4_5', 't2_4_8', 't13_14_17']",random_forest,10.509963753026422,4.107670713005523,6.405933227159617,274,20,pca
leni,zanetka,False,"['dist1_8', 'dist2_11', 'dist5_14', 'dist6_17', 't2_4_8', 'dist2_4', 'dist3_10', 'dist11_16', 'dist12_15', 'dist14_16', 't4_5_8', 't3_4_5', 't13_14_17', 'dist1_3', 'dist1_4', 'dist1_12', 'dist1_16', 'dist2_3', 'dist2_7', 'dist2_9']",random_forest,12.30828470825811,6.053957702202416,6.255006725036413,275,20,pca
leni,sam,False,"['dist2_8', 'dist3_10', 'dist8_16', 'dist12_17', 't7_8_17', 't2_4_8', 't3_5_10', 'dist2_4', 'dist2_9', 'dist2_11', 'dist3_6', 'dist4_10', 'dist4_12', 'dist5_14', 'dist6_17', 'dist11_16', 'dist12_13', 'dist12_15', 'ang2_4_5', 't4_7_8']",random_forest,11.399372676934904,13.849031330322719,3.442453003855254,276,20,pca
leni,sam,False,"['dist4_11', 't2_4_8', 'dist3_10', 't4_7_8', 't2_4_5', 't3_5_10', 'dist1_8', 'dist2_3', 'dist2_4', 'dist2_8', 'dist6_8', 'dist7_10', 't3_7_16', 't7_8_17', 'dist1_4', 'dist1_6', 'dist1_9', 'dist1_10', 'dist1_11', 'dist1_12']",random_forest,6.928942444666171,6.351852936818796,1.2201977666814108,277,20,pca
leni,rosie,False,"['dist1_8', 't3_4_5', 'dist1_3', 'dist5_14', 'dist8_16', 'dist2_11', 'dist1_16', 'dist2_15', 'dist4_12', 'dist5_16', 'dist12_15', 'dist12_16', 'dist13_16', 'dist16_17', 't1_2_7', 't7_8_16', 't1_3_5', 't2_4_8', 't12_15_17', 't13_14_16']",random_forest,11.193458540020162,5.94010425287155,5.290079230711381,278,20,pca
leni,rosie,False,"['dist7_10', 'dist9_12', 'ang5_3_4', 'dist1_4', 'dist1_8', 'dist3_10', 'dist6_10', 'ang2_4_5', 'dist5_14', 'ang1_2_4', 'dist1_9', 'dist1_13', 'dist2_4', 'dist2_13', 'dist6_9', 'dist8_10', 'dist12_17', 'ang1_2_5', 'ang3_1_4', 'dist11_17']",random_forest,33.44616409792648,13.97286067628728,20.930280319073717,279,20,pca
leni,otella,False,"['dist1_8', 't2_4_5', 'dist1_4', 'dist1_16', 'dist4_13', 'dist6_17', 'dist7_10', 't3_4_5', 'dist1_7', 'dist1_10', 'dist2_4', 'dist2_5', 'dist2_11', 'dist7_9', 'dist9_12', 'dist12_15', 'ang3_4_3', 't3_4_16', 't1_6_7', 't6_7_9']",random_forest,9.933605875605217,6.30440859024914,3.649609643319552,280,20,pca
leni,otella,False,"['dist1_8', 'dist2_11', 't3_5_10', 'dist2_4', 'dist2_8', 'dist2_14', 'dist3_10', 'dist6_17', 'dist7_13', 'dist11_16', 'dist11_17', 't3_4_16', 't4_5_8', 't6_7_9', 't8_9_17', 't1_3_5', 't3_4_5', 't2_4_8', 't2_4_7', 't13_14_17']",random_forest,11.489145861430268,8.16305583989056,3.3311118032867304,281,20,pca
leni,nuernberg_2,False,"['dist1_9', 't7_8_9', 'dist10_15', 't2_3_7', 'dist4_9', 'dist2_16', 'dist6_9', 'dist1_16', 'dist1_8', 'dist2_9', 'dist2_17', 'dist5_14', 'dist9_13', 'dist10_14', 'ang1_3_5', 't2_3_5', 't2_4_5', 't2_5_10', 't3_5_10', 'dist12_13']",random_forest,11.726143911151441,9.417269325962996,2.8740937060074128,282,20,pca
leni,nuernberg_2,False,"['dist5_14', 'dist7_10', 'dist1_4', 'dist1_2', 'dist1_8', 'dist1_10', 'dist4_13', 't1_6_7', 't1_3_5', 'dist1_16', 'dist1_7', 'dist2_13', 'dist3_9', 'dist7_9', 'dist8_10', 'dist9_13', 'dist13_16', 'ang2_7_5', 't1_2_7', 't2_4_5']",random_forest,17.2254213492796,4.557981761080605,15.006619083322166,283,20,pca
leni,neznamy,False,"['dist1_4', 'dist4_7', 't2_4_7', 'dist1_8', 'dist13_14', 'dist1_16', 'dist5_7', 't3_4_7', 'dist1_10', 'dist1_17', 'dist2_4', 'dist3_13', 'dist4_13', 'dist7_10', 'dist10_12', 'dist13_16', 'ang1_2_5', 't2_4_5', 't3_7_16', 't13_14_17']",random_forest,10.478382888594698,8.995128823551621,2.404624337798021,284,20,pca
leni,neznamy,False,"['t2_4_8', 'ang4_2_4', 't3_4_16', 'dist2_16', 'dist1_8', 'dist2_4', 'dist12_13', 't2_4_7', 'dist1_4', 'dist1_10', 'dist2_3', 'dist3_4', 'dist5_16', 'dist6_10', 'dist10_12', 'dist11_15', 'dist13_14', 'dist13_17', 't2_3_7', 't2_4_5']",random_forest,7.658776299336593,4.221916888403124,8.427701914031259,285,20,pca
leni,nokia,False,"['dist4_10', 'dist7_13', 't3_5_10', 'dist2_3', 'dist3_9', 'dist3_10', 'dist4_9', 'dist4_11', 'ang3_4_3', 'dist2_4', 'dist3_6', 'dist4_6', 'dist5_6', 'dist6_10', 'dist6_13', 'dist6_17', 'ang4_1_5', 'ang1_4_5', 'ang2_4_5', 'ang1_2_4']",random_forest,35.088611095469126,20.565731396293774,18.147255371614804,286,20,pca
leni,nokia,False,"['dist4_10', 'dist1_4', 't3_7_16', 'dist2_3', 'dist3_10', 'dist5_6', 'dist6_8', 't2_3_7', 't2_4_8', 'dist1_3', 'dist2_4', 'dist3_6', 'dist3_9', 'dist4_12', 'ang1_3_4', 't4_7_8', 't7_8_16', 't2_4_7', 't3_6_10', 't13_14_17']",random_forest,14.846909739592292,9.859763133601824,8.747987520135188,287,20,pca
leni,noel,False,"['dist1_8', 'dist2_16', 't2_4_8', 'dist2_9', 't2_4_5', 'dist2_4', 'dist2_14', 'ang2_4_5', 't7_8_17', 'dist2_11', 'dist1_4', 'dist1_9', 'dist1_16', 'dist2_3', 'dist2_5', 'dist2_8', 'dist4_13', 'dist7_9', 'dist13_16', 'ang1_3_4']",random_forest,12.287586858280026,13.468650857623839,6.9939518402723975,288,20,pca
leni,noel,False,"['dist2_16', 'dist2_4', 'dist4_13', 't2_4_5', 'dist1_4', 'ang6_10_4', 'dist2_3', 'dist6_8', 'dist8_15', 'dist1_17', 't2_4_8', 't1_6_7', 'dist1_5', 'dist1_8', 'dist2_5', 'dist5_13', 'dist7_9', 'dist12_15', 'dist13_16', 'dist2_14']",random_forest,5.352223800048653,5.699116182733747,0.9442819640293454,289,20,pca
leni,matysek,False,"['dist4_10', 'dist6_13', 'dist2_11', 'dist3_10', 'dist11_14', 't3_5_10', 'dist1_8', 'dist2_3', 'dist2_9', 'dist3_6', 'dist3_7', 'dist4_11', 'dist4_12', 'dist7_13', 'dist8_14', 'dist11_16', 'dist12_13', 'dist12_16', 't2_3_7', 't4_5_8']",random_forest,5.823237671926136,4.387612520480283,1.4356481209072969,290,20,pca
leni,matysek,False,"['dist1_11', 'dist8_15', 'dist9_10', 't3_4_5', 'dist1_6', 'dist1_8', 'dist4_16', 'dist11_14', 'dist2_11', 'dist4_7', 'dist8_10', 'dist9_15', 'dist10_17', 'dist11_16', 'dist12_15', 'dist13_14', 'dist15_17', 't3_4_7', 't3_7_16', 't3_4_16']",random_forest,3.349970917987943,1.7762157025819278,1.5997158448561848,291,20,pca
leni,lucka,False,"['dist1_8', 'dist7_12', 't3_4_5', 't2_4_8', 'dist1_3', 'dist2_3', 'dist2_4', 'dist2_8', 'dist2_11', 'dist2_14', 'dist3_6', 'dist3_10', 'dist4_12', 'dist6_17', 'dist9_12', 'dist12_15', 't7_8_16', 't2_4_7', 't13_14_17', 't12_15_17']",random_forest,14.304730369502591,6.652903938748592,7.884832099407869,292,20,pca
leni,lucka,False,"['dist1_8', 'dist2_11', 'dist5_14', 't2_4_8', 'dist2_4', 'dist2_8', 'dist2_14', 'dist3_10', 'dist4_12', 'dist6_17', 'dist7_12', 'dist11_16', 'dist12_15', 't8_9_17', 't3_4_5', 't13_14_17', 'dist1_3', 'dist1_4', 'dist1_5', 'dist1_12']",random_forest,11.541965540275546,5.459801501481769,6.14730091921747,293,20,pca
leni,nuernberg_1,False,"['dist7_10', 't7_8_17', 'dist10_12', 'dist1_8', 'ang4_9_5', 'dist6_8', 'dist6_13', 'dist6_17', 'dist7_8', 'dist7_16', 'dist12_15', 'ang4_1_5', 't1_6_7', 't1_3_5', 't2_4_5', 'dist1_16', 'ang4_2_5', 'dist3_4', 'dist4_6', 'dist7_17']",random_forest,5.394787655970874,4.40502267024307,5.6436665327984645,294,20,pca
leni,nuernberg_1,False,"['dist1_8', 't7_8_16', 't7_8_17', 'dist1_3', 'dist1_16', 'dist7_8', 'dist9_16', 'dist16_17', 't3_4_16', 't2_4_7', 'dist1_10', 'dist6_13', 'dist6_17', 'dist7_9', 't1_2_7', 't2_4_8', 't13_14_17', 'dist6_10', 't2_3_7', 'dist4_8']",random_forest,3.680795283514381,4.860285253397844,1.5710227227121212,295,20,pca
leni,shorfy,False,"['dist1_8', 'dist2_11', 'dist5_14', 'dist1_4', 'dist1_16', 'dist2_4', 'dist2_8', 'dist3_10', 'dist4_12', 'dist6_17', 'dist7_12', 'dist10_15', 'dist12_15', 'dist12_17', 't3_7_16', 't6_7_9', 't8_9_17', 't3_4_5', 't2_4_8', 't13_14_17']",random_forest,11.863663391356177,6.183676809790047,5.730397078964126,296,20,pca
leni,shorfy,False,"['dist1_8', 'dist5_14', 'dist6_17', 't2_4_8', 'dist1_4', 'dist2_3', 'dist2_4', 'dist2_8', 'dist2_11', 'dist3_10', 'dist4_12', 'dist7_12', 'dist9_12', 'dist13_16', 't3_4_16', 't2_4_5', 't3_4_5', 't13_14_17', 'dist1_3', 'dist1_16']",random_forest,11.004461753092677,5.165977450105262,5.846762063554236,297,20,pca
leni,paulinchen,False,"['dist2_11', 'dist2_15', 'dist7_10', 'dist16_17', 't4_5_8', 'dist1_11', 'dist2_3', 'dist3_7', 'dist3_10', 'dist4_7', 'dist4_11', 'dist4_12', 'dist9_15', 'dist12_13', 'dist12_14', 'dist13_15', 't3_7_16', 't4_7_8', 'dist11_13', 'dist1_6']",random_forest,5.188656324686017,3.1614847729743993,2.0336384263248917,298,20,pca
leni,paulinchen,False,"['dist6_8', 'dist4_12', 'dist7_9', 'dist7_10', 't4_7_8', 't6_7_9', 't7_8_17', 't3_5_10', 't12_15_17', 'dist1_10', 'dist1_12', 'dist2_4', 'dist2_11', 'dist6_17', 'dist7_8', 'dist7_15', 'dist8_10', 'dist8_12', 'dist9_10', 'dist9_15']",random_forest,6.903523209400977,3.8608762071701674,3.2156565740267804,299,20,pca
leni,mette,False,"['dist1_8', 'dist3_10', 'dist6_17', 'dist1_4', 'dist2_8', 'dist2_11', 'dist3_6', 'dist5_14', 'dist7_12', 'dist9_12', 'dist11_16', 'dist11_17', 'dist12_16', 'dist12_17', 'ang2_3_4', 't3_7_16', 't6_7_9', 't8_9_17', 't2_4_8', 't13_14_17']",random_forest,26.711393682804072,9.198779938306377,18.272025843863144,300,20,pca
leni,mette,False,"['dist1_8', 'dist2_11', 'dist5_14', 'dist2_4', 'dist2_8', 'dist2_9', 'dist3_10', 'dist4_12', 'dist5_8', 'dist6_17', 'dist8_9', 'dist11_16', 'dist12_17', 't3_7_16', 't6_7_9', 't8_9_17', 't2_4_8', 't13_14_17', 'dist1_3', 'dist1_4']",random_forest,9.153440004940625,6.013440419005694,3.2619192462584277,301,20,pca
leni,zewe,False,"['dist1_8', 'dist1_4', 'dist5_14', 't2_4_8', 'dist12_15', 'dist13_16', 't4_5_8', 'dist1_16', 'dist2_3', 'dist2_4', 'dist2_9', 'dist7_16', 'dist13_14', 'ang1_3_4', 't3_4_16', 't1_3_5', 't3_4_5', 't13_14_17', 'dist1_3', 'dist1_9']",random_forest,17.592202249085155,7.379264292560787,10.5370417333388,302,20,pca
leni,zewe,False,"['dist1_8', 'dist6_17', 'dist12_15', 't2_4_8', 'dist1_4', 'dist1_16', 'dist2_4', 'dist2_9', 'dist2_11', 'dist3_10', 'dist4_9', 'dist4_12', 'dist4_13', 'dist11_14', 't3_7_16', 't3_4_16', 't4_5_8', 't6_7_9', 't7_8_17', 't8_9_17']",random_forest,6.511471183116897,2.8908436856776834,3.8398523270886997,303,20,pca
leni,vladimir,False,"['dist8_15', 't2_4_5', 'dist2_11', 'dist5_12', 'ang4_9_5', 'dist5_15', 'ang6_4_10', 'dist2_4', 'dist10_11', 'dist11_16', 'dist15_16', 'dist13_14', 'dist1_13', 'dist3_15', 'dist4_11', 'dist5_16', 'dist6_17', 'dist9_11', 'dist9_15', 'dist11_13']",random_forest,16.065795086721778,4.075557401675451,12.11542999558284,304,20,pca
leni,vladimir,False,"['dist2_8', 'dist11_15', 'ang6_9_10', 'dist2_15', 'dist1_8', 'ang2_7_5', 'dist1_2', 'dist2_11', 'dist3_15', 'dist4_7', 'dist7_17', 't6_7_9', 'dist6_17', 'dist11_17', 'dist12_13', 't5_8_9', 'dist1_6', 'dist11_14', 'dist10_14', 't2_3_5']",random_forest,27.4964912280547,9.676664538828266,18.98265630743898,305,20,pca
innsbruck_1,zanetka,False,"['dist1_8', 'dist2_11', 'dist5_14', 'dist1_16', 'dist2_4', 'dist2_8', 'dist2_14', 'dist3_10', 'dist4_11', 'dist4_12', 'dist7_12', 'dist7_13', 'dist11_16', 'dist12_15', 'dist16_17', 't3_4_5', 't2_4_8', 't13_14_17', 't12_15_17', 'dist1_3']",random_forest,14.744419141128946,6.736738591319263,8.312592300103672,306,20,pca
innsbruck_1,zanetka,False,"['dist2_11', 'dist1_8', 'dist5_14', 't3_4_5', 'dist1_16', 'dist2_4', 'dist3_10', 'dist4_12', 'dist10_15', 'dist12_15', 'dist13_17', 'dist14_16', 'ang1_2_5', 't2_4_8', 't13_14_17', 'dist1_3', 'dist1_4', 'dist1_5', 'dist1_12', 'dist2_3']",random_forest,17.704942814421404,12.940992542901855,6.788928250005853,307,20,pca
innsbruck_1,sam,False,"['dist2_11', 'dist8_12', 'dist12_17', 't3_4_5', 'dist11_14', 't3_5_10', 'dist1_15', 'dist2_4', 'dist3_15', 'dist3_17', 'dist4_10', 'dist4_12', 'dist5_14', 'dist5_16', 'dist7_12', 'dist11_16', 'dist14_17', 'ang4_3_5', 't5_8_9', 't13_14_17']",random_forest,8.525816993729626,7.991693463571956,3.7808078707048036,308,20,pca
innsbruck_1,sam,False,"['dist5_14', 't2_4_5', 't3_4_5', 'dist8_14', 't2_4_8', 'dist1_15', 'dist2_4', 'dist2_7', 'dist2_11', 'dist2_14', 'dist2_17', 'dist3_5', 'dist3_14', 'dist3_16', 'dist4_12', 'dist5_16', 'dist7_13', 'dist12_13', 'dist12_15', 'dist14_16']",random_forest,7.130916956761969,6.24380761986455,1.0161397411774318,309,20,pca
innsbruck_1,rosie,False,"['dist2_11', 'dist5_14', 't3_4_5', 't2_4_8', 'dist1_4', 'dist1_8', 'dist1_16', 'dist2_4', 'dist2_8', 'dist3_7', 'dist3_10', 'dist4_12', 'dist7_12', 'dist9_12', 'dist11_16', 'dist12_15', 'ang1_2_5', 't13_14_17', 'dist1_3', 'dist1_12']",random_forest,21.96655969660818,11.77941393702635,10.206272740061317,310,20,pca
innsbruck_1,rosie,False,"['dist2_11', 'dist1_8', 'dist5_14', 'dist1_4', 'dist2_4', 'dist2_8', 'dist3_10', 'dist4_10', 'dist7_12', 'dist9_10', 'dist10_15', 't8_9_17', 't3_4_5', 't2_4_8', 't13_14_17', 'dist1_3', 'dist1_12', 'dist1_16', 'dist2_3', 'dist2_7']",random_forest,14.323974837831658,7.829605527349757,6.495056613008824,311,20,pca
innsbruck_1,otella,False,"['t3_5_10', 'dist1_15', 'dist2_11', 'dist3_10', 'ang6_10_4', 't2_4_8', 'dist1_3', 'dist1_4', 'dist2_4', 'dist2_8', 'dist2_14', 'dist4_10', 'dist5_14', 'dist11_14', 'dist11_16', 'dist12_15', 't2_4_7', 't13_14_17', 't13_14_16', 'dist1_5']",random_forest,19.584036965254104,11.79270310839238,8.312950121823238,312,20,pca
innsbruck_1,otella,False,"['dist2_11', 't2_4_8', 't3_5_10', 'dist1_8', 'dist2_4', 'dist2_14', 'dist3_10', 'dist4_12', 'dist7_12', 'dist11_14', 'dist11_16', 'dist12_15', 'dist14_16', 'ang6_10_4', 't8_9_17', 't3_4_5', 't2_4_7', 't13_14_17', 't13_14_16', 'dist1_3']",random_forest,19.28178371387141,13.374254566536637,6.16899802106176,313,20,pca
innsbruck_1,japet,False,"['dist1_11', 'dist12_17', 'dist6_9', 'ang3_1_4', 'dist1_3', 'ang1_3_5', 'dist3_11', 'dist5_9', 'dist1_12', 'dist7_9', 'dist7_15', 'dist12_13', 'dist12_16', 't6_7_9', 't6_7_17', 'dist3_4', 'dist4_8', 'dist4_12', 'dist6_16', 'dist15_16']",random_forest,3.2895788314840746,5.743088737394934,2.6107336197131787,314,20,pca
innsbruck_1,japet,False,"['dist4_10', 'dist2_9', 't2_4_7', 'dist2_16', 't1_2_7', 't3_5_10', 'dist11_17', 't2_5_10', 'dist12_13', 't2_4_8', 'dist2_7', 'dist5_9', 'dist8_14', 'dist1_3', 'dist1_4', 'dist2_17', 'dist8_17', 'dist9_11', 'dist10_15', 'dist10_16']",random_forest,5.922770862036531,11.409411993092943,5.70747935782914,315,20,pca
innsbruck_1,nuernberg_2,False,"['dist1_4', 'dist4_10', 'dist14_16', 't2_4_5', 't3_5_10', 'dist1_3', 'dist1_16', 'dist2_4', 'dist2_9', 'dist2_11', 'dist2_14', 'dist3_10', 'dist4_12', 'dist7_15', 'dist12_15', 'dist12_17', 't2_3_7', 't8_9_17', 't3_4_5', 't2_4_8']",random_forest,10.051267435175639,8.796454143058629,1.8699567642978716,316,20,pca
innsbruck_1,nuernberg_2,False,"['dist2_11', 'dist5_14', 't3_4_5', 't2_4_8', 'dist1_8', 'dist2_4', 'dist2_14', 'dist3_10', 'dist4_12', 'dist7_12', 'dist11_16', 'dist12_13', 'dist12_15', 'dist13_14', 't3_7_16', 't3_4_16', 't8_9_17', 't3_5_10', 't13_14_17', 't13_14_16']",random_forest,13.78942346637291,11.24435090443969,2.922572836542282,317,20,pca
innsbruck_1,neznamy,False,"['dist5_9', 't2_4_8', 'ang6_9_10', 'dist14_16', 'ang2_1_4', 't6_7_17', 't2_3_5', 't2_4_5', 't2_5_9', 'dist6_9', 't3_5_10', 'dist2_3', 'dist2_4', 'dist2_8', 'dist2_14', 'dist2_16', 'dist3_16', 'dist4_14', 'dist6_17', 'dist7_13']",random_forest,24.817554392907436,20.84025419437705,3.977363052722384,318,20,pca
innsbruck_1,neznamy,False,"['t2_4_8', 'dist2_4', 'dist2_14', 'dist3_16', 'dist7_10', 'dist8_14', 'dist14_16', 't1_3_5', 't2_4_5', 'dist1_10', 'dist2_9', 'dist6_9', 'dist9_10', 'dist12_15', 'ang1_2_4', 't3_4_16', 't5_8_9', 't3_4_5', 't2_5_10', 't13_14_16']",random_forest,13.07745246278862,11.753137723355685,5.19877334263002,319,20,pca
innsbruck_1,nokia,False,"['t3_5_10', 'ang2_4_5', 'dist2_3', 'dist3_10', 'dist4_9', 'dist4_11', 'dist8_14', 'dist11_14', 't4_5_8', 't2_4_8', 'dist4_10', 'dist1_3', 'dist1_10', 'dist2_4', 'dist5_8', 'dist5_9', 'dist7_8', 'dist7_10', 'dist8_9', 'dist9_10']",random_forest,11.496354731915952,5.619227797805292,9.5877023729689,320,20,pca
innsbruck_1,nokia,False,"['dist4_9', 'dist8_14', 'ang4_9_5', 'dist2_3', 'dist3_17', 'ang2_4_5', 't4_5_8', 'dist3_8', 'dist3_9', 'dist4_8', 'dist4_10', 'dist4_16', 'dist7_8', 'dist7_15', 'dist7_17', 'dist9_14', 'ang4_3_5', 'ang4_2_4', 't2_3_7', 't2_4_8']",random_forest,16.14088436942582,2.704742326559236,15.202170212896949,321,20,pca
innsbruck_1,noel,False,"['t2_4_5', 'dist2_8', 'dist3_13', 'dist1_8', 'dist2_3', 'dist2_4', 'dist4_9', 't3_7_16', 't3_4_5', 't2_4_8', 't1_3_5', 'ang1_2_5', 'dist1_7', 'dist1_16', 'dist2_9', 'dist2_14', 'dist3_7', 'dist3_9', 'dist4_7', 'dist12_13']",random_forest,14.50668240152094,13.294975497854638,1.5436007613224063,322,20,pca
innsbruck_1,noel,False,"['dist2_8', 't2_4_5', 't2_4_8', 'dist5_14', 't3_4_5', 'dist2_13', 'dist2_14', 'ang2_7_5', 'dist2_3', 'dist2_4', 'dist5_16', 'dist12_15', 'ang1_2_5', 'ang4_9_5', 't4_5_8', 't2_5_9', 'dist1_4', 'dist1_12', 'dist3_5', 'ang6_10_4']",random_forest,28.945332729628063,11.20888032791747,21.8456465964701,323,20,pca
innsbruck_1,matysek,False,"['dist1_13', 't2_4_8', 'dist1_8', 'dist2_4', 'dist2_8', 'dist2_9', 'dist3_10', 'dist3_15', 'dist4_8', 'dist4_9', 'dist4_10', 'dist4_12', 'dist5_14', 'dist7_13', 'dist11_14', 't3_4_16', 't1_3_5', 't2_4_7', 't3_5_10', 't13_14_17']",random_forest,13.50037116260527,11.43562645946689,2.1015373364742334,324,20,pca
innsbruck_1,matysek,False,"['dist2_11', 'dist1_8', 't2_4_8', 't3_5_10', 'dist2_4', 'dist2_8', 'dist2_14', 'dist3_10', 'dist4_10', 'dist4_12', 'dist5_14', 'dist6_10', 'dist6_17', 'dist7_12', 'dist11_16', 'dist12_15', 'ang6_10_4', 't2_3_7', 't2_4_5', 't13_14_17']",random_forest,15.965974886557587,14.923445892985411,3.837689921162024,325,20,pca
innsbruck_1,lucka,False,"['dist1_8', 'dist2_11', 't2_4_8', 't3_5_10', 'dist2_4', 'dist2_8', 'dist2_14', 'dist4_12', 'dist5_14', 'dist5_16', 'dist7_12', 'dist10_15', 'dist12_15', 't3_7_16', 't3_4_16', 't1_6_7', 't3_4_5', 't13_14_17', 'dist1_3', 'dist1_4']",random_forest,16.244325604917865,9.841434153599101,6.476037121692826,326,20,pca
innsbruck_1,lucka,False,"['dist2_11', 'dist1_8', 't2_4_8', 'dist2_4', 'dist2_8', 'dist2_14', 'dist3_10', 'dist4_12', 'dist5_14', 'dist7_12', 'dist10_15', 'dist11_14', 'dist12_15', 'dist16_17', 'ang1_2_5', 't8_9_17', 't3_4_5', 't13_14_17', 't13_14_16', 'dist1_3']",random_forest,20.096657376918355,12.44328700225128,8.492658304899278,327,20,pca
innsbruck_1,nuernberg_1,False,"['dist1_15', 'dist2_11', 'dist12_17', 't1_3_5', 'dist5_9', 'dist7_12', 'dist1_11', 'dist2_12', 'dist2_14', 'dist3_8', 'dist3_17', 'dist6_10', 'dist11_14', 'dist12_13', 'dist12_14', 'dist12_15', 'dist13_14', 'ang3_4_3', 't2_3_7', 't2_4_5']",random_forest,15.085405718566815,7.774441885478465,7.8961576989252205,328,20,pca
innsbruck_1,nuernberg_1,False,"['dist2_11', 't3_4_5', 'dist3_6', 'dist3_10', 'dist2_4', 'dist2_12', 'dist2_14', 'dist4_11', 'dist7_12', 'dist8_15', 'dist9_15', 'dist10_15', 'dist11_14', 'dist12_15', 'dist12_17', 'dist13_14', 'ang2_4_5', 't8_9_17', 't2_4_5', 't2_4_8']",random_forest,9.877880084444426,5.130926027622696,9.096277750363981,329,20,pca
innsbruck_1,leni,False,"['ang1_2_5', 'dist5_9', 'dist8_14', 'dist8_16', 'dist7_17', 'dist2_8', 'dist5_16', 'dist10_11', 'dist14_16', 'ang2_1_4', 'ang2_7_5', 'ang6_10_4', 't4_7_8', 't2_5_10', 'dist3_8', 'dist9_11', 'ang2_1_5', 'ang1_2_4', 'ang1_3_4', 'dist5_8']",random_forest,34.30198255901339,25.566112766446427,10.01522500229025,330,20,pca
innsbruck_1,leni,False,"['t7_8_17', 'dist14_16', 'dist7_9', 'dist13_16', 'ang1_2_4', 'ang6_10_4', 't4_6_10', 'dist1_16', 'dist2_9', 'dist2_11', 'dist2_13', 'dist4_9', 'dist6_8', 'dist7_8', 'dist7_10', 'dist8_17', 'dist9_10', 'dist12_17', 'dist16_17', 'ang2_4_5']",random_forest,26.61509086790386,15.632786422190541,14.463525731627458,331,20,pca
innsbruck_1,shorfy,False,"['dist1_8', 'dist2_11', 'dist2_4', 'dist11_14', 'ang6_10_4', 't2_4_8', 'dist1_3', 'dist1_4', 'dist1_16', 'dist2_8', 'dist3_8', 'dist3_10', 'dist4_10', 'dist4_12', 'dist7_12', 'dist9_10', 'dist9_12', 't3_5_10', 't13_14_17', 'dist1_9']",random_forest,19.825902393025817,11.266725667597257,8.608795313329908,332,20,pca
innsbruck_1,shorfy,False,"['dist2_11', 't2_4_5', 'dist3_6', 'dist3_10', 'dist5_14', 'ang1_2_5', 'dist2_8', 'dist2_9', 'dist2_14', 'dist6_10', 'dist7_14', 'dist10_14', 'dist11_17', 'dist12_15', 't1_3_5', 't3_4_5', 't3_5_10', 't13_14_17', 't13_14_16', 'dist1_8']",random_forest,24.19054386855142,13.031647520386509,11.716588347035412,333,20,pca
innsbruck_1,paulinchen,False,"['dist2_11', 'dist3_7', 'dist3_10', 'dist3_15', 't3_4_5', 't2_4_8', 'dist2_4', 'dist3_6', 'dist3_8', 'dist5_14', 'dist7_13', 'dist9_10', 'dist9_15', 'ang1_2_5', 'ang1_4_3', 't2_3_7', 't3_4_16', 't2_4_5', 't2_4_7', 't13_14_17']",random_forest,18.992904756639206,12.231952703390629,8.198191539536989,334,20,pca
innsbruck_1,paulinchen,False,"['dist2_11', 'dist3_10', 't2_4_8', 'dist2_4', 'dist2_9', 'dist3_7', 'dist4_10', 'dist4_12', 'dist5_14', 'dist6_10', 'dist7_13', 'dist11_14', 'dist11_16', 'dist12_15', 'ang4_3_5', 'ang3_4_3', 't2_3_7', 't1_3_5', 't3_5_10', 't13_14_17']",random_forest,21.178704771334925,15.61589689578676,5.7485259299907545,335,20,pca
innsbruck_1,mette,False,"['dist2_11', 'dist5_14', 't3_4_5', 'dist2_4', 'dist2_8', 'dist3_10', 'dist4_10', 'dist4_12', 'dist7_12', 'dist11_16', 'dist12_15', 't3_7_16', 't4_5_8', 't8_9_17', 't2_4_8', 't13_14_17', 't13_14_16', 'dist1_3', 'dist1_4', 'dist1_5']",random_forest,14.41173970914077,10.439434632107215,3.972468708996321,336,20,pca
innsbruck_1,mette,False,"['dist2_11', 'dist5_14', 't3_4_5', 'dist1_4', 'dist3_10', 'dist3_15', 'dist4_12', 'dist7_12', 'dist11_16', 'dist14_16', 'ang6_10_4', 't4_7_8', 't2_4_8', 't13_14_17', 'dist1_3', 'dist1_8', 'dist1_12', 'dist1_16', 'dist2_4', 'dist2_6']",random_forest,15.522572566512382,10.599167222131644,5.0386267007601235,337,20,pca
innsbruck_1,zewe,False,"['dist2_11', 't3_4_5', 't2_4_8', 'dist1_5', 'dist2_4', 'dist3_7', 'dist3_10', 'dist4_10', 'dist5_14', 'dist7_10', 'dist7_13', 'dist7_14', 'dist12_15', 'dist14_16', 't4_7_8', 't3_4_16', 't4_5_8', 't8_9_17', 't1_3_5', 't3_5_10']",random_forest,11.68711746776653,7.9244721328304255,3.7824213114916896,338,20,pca
innsbruck_1,zewe,False,"['dist1_8', 'dist2_11', 't3_4_5', 'dist2_4', 'dist2_8', 'dist2_14', 'dist3_10', 'dist4_10', 'dist4_12', 'dist7_12', 'dist9_12', 'dist11_14', 'dist11_16', 'dist12_15', 't3_4_16', 't8_9_17', 't2_4_8', 't2_4_7', 't13_14_17', 'dist1_3']",random_forest,15.654625819917294,10.492879841445292,5.16251099074808,339,20,pca
innsbruck_1,vladimir,False,"['dist2_11', 'dist2_7', 'dist3_6', 'dist5_6', 'dist14_16', 'dist1_13', 'dist2_4', 'dist2_9', 'dist2_12', 'dist2_14', 'dist2_15', 'dist3_7', 'dist3_15', 'dist3_17', 'dist5_12', 'dist5_15', 'dist6_13', 'dist7_10', 'dist8_9', 'dist8_15']",random_forest,3.1423780815277187,2.7032600065038976,0.7595565864999947,340,20,pca
innsbruck_1,vladimir,False,"['dist2_11', 'dist2_15', 'dist11_14', 'dist5_9', 'dist11_16', 'dist12_16', 'dist14_16', 't12_15_17', 'dist1_13', 'dist2_12', 'dist3_15', 'dist4_12', 'dist5_8', 'dist5_12', 'dist5_15', 'dist7_10', 'dist8_14', 'dist8_15', 'dist12_13', 'dist12_14']",random_forest,5.033851431851103,5.793614203613467,0.8951700081767409,341,20,pca
shorfy,zanetka,False,"['dist5_6', 'dist14_16', 'ang1_2_4', 'ang1_2_5', 'dist2_3', 'dist5_16', 'dist7_16', 'ang2_1_4', 't4_5_8', 'dist6_17', 'dist1_10', 'dist2_4', 'dist2_8', 'dist7_14', 'dist13_16', 'ang1_4_5', 'dist1_5', 'dist6_10', 'dist7_15', 'dist13_14']",random_forest,17.296683625335838,12.37570708573745,5.597359047491526,342,20,pca
shorfy,zanetka,False,"['ang1_2_5', 'dist2_13', 'dist6_10', 'ang2_1_4', 'ang1_2_4', 'ang6_10_4', 't4_5_8', 'dist5_9', 'dist6_9', 'dist2_3', 'ang4_1_5', 'dist4_9', 'dist4_16', 'dist7_14', 'dist12_17', 't3_7_16', 't5_8_9', 't6_7_9', 'ang6_4_10', 't2_3_7']",random_forest,23.70900941775996,17.733044505884703,6.279157396549675,343,20,pca
shorfy,zewe,False,"['ang5_3_4', 't3_7_16', 'ang1_3_4', 'dist4_7', 'dist1_3', 'ang1_4_3', 'ang4_3_5', 'ang3_4_3', 'ang1_2_4', 'dist3_6', 'dist2_6', 'ang2_3_4', 'dist1_10', 'dist1_2', 'dist1_9', 'dist3_8', 'dist12_13', 't13_14_16', 'ang1_2_5', 'dist3_7']",random_forest,20.666739358837628,13.159685056504324,15.90247228804462,344,20,pca
shorfy,zewe,False,"['ang1_4_3', 'dist6_11', 'dist2_8', 'dist2_11', 'ang3_2_4', 'ang1_2_5', 'ang3_4_3', 'dist9_11', 'dist12_16', 't3_7_16', 'dist1_3', 'dist2_12', 'dist5_8', 'dist5_14', 'dist12_17', 'dist2_13', 'dist4_5', 'ang1_3_5', 'ang6_4_10', 'dist1_4']",random_forest,13.759582490646366,8.69820845096164,8.74688458851553,345,20,pca
shorfy,vladimir,False,"['dist1_8', 'dist5_14', 't1_3_5', 'dist1_3', 'dist1_4', 'dist1_5', 'dist1_13', 'dist1_16', 'dist2_4', 'dist2_8', 'dist2_14', 'dist3_10', 'dist6_17', 'dist8_14', 'dist12_15', 'dist13_16', 'ang4_9_5', 't3_4_5', 't2_4_8', 't2_5_10']",random_forest,18.46284952950713,7.457680766561406,12.87803051338685,346,20,pca
shorfy,vladimir,False,"['dist1_8', 'dist2_11', 'dist5_14', 't3_4_5', 'dist1_4', 'dist1_16', 'dist2_4', 'dist2_6', 'dist2_8', 'dist3_10', 'dist4_12', 'dist7_12', 'dist11_16', 'dist12_15', 'dist13_17', 't3_7_16', 't4_5_8', 't8_9_17', 't2_4_8', 't13_14_17']",random_forest,11.197619266656638,6.189640541347249,5.1303500835317175,347,20,pca
paulinchen,zanetka,False,"['t3_4_5', 't2_4_5', 'dist1_13', 'dist2_3', 'dist4_8', 'dist5_16', 'dist12_15', 't4_5_8', 't2_4_7', 'dist1_3', 'dist1_4', 'dist1_8', 'dist1_9', 'dist1_10', 'dist1_16', 'dist1_17', 'dist2_4', 'dist2_14', 'dist10_12', 'dist13_17']",random_forest,5.941763655016127,1.06245830856397,4.9286858702298,348,20,pca
paulinchen,zanetka,False,"['t4_5_8', 't2_4_5', 'dist5_12', 'dist11_12', 'dist1_3', 'dist1_4', 'dist1_16', 'dist2_3', 'dist5_16', 'dist1_7', 'dist1_8', 'dist1_10', 'dist2_7', 'dist4_9', 'dist5_9', 'dist7_13', 'dist12_15', 'dist12_17', 'dist13_14', 'ang2_3_4']",random_forest,4.676271022526006,8.862527822552128,6.835395176902713,349,20,pca
paulinchen,sam,False,"['dist2_12', 'dist6_8', 'dist5_13', 'dist11_15', 'dist13_14', 'ang1_3_5', 'ang7_6_10', 't2_4_5', 'dist2_9', 'dist3_12', 'ang1_4_3', 'dist1_8', 'dist1_17', 'dist2_16', 'dist5_7', 'dist6_17', 'dist7_11', 'dist12_13', 'dist14_15', 'ang1_4_5']",random_forest,17.90333982241981,11.278263089144058,8.410543064634501,350,20,pca
paulinchen,sam,False,"['ang2_3_4', 'dist12_13', 'dist8_15', 'ang1_3_4', 'dist3_12', 'dist1_8', 'dist2_12', 'dist14_15', 'dist1_5', 'dist1_17', 'dist2_11', 'dist3_7', 'dist3_16', 'dist4_13', 'dist5_16', 'dist7_11', 'dist9_15', 'dist11_14', 'dist13_14', 'ang1_2_4']",random_forest,20.620511787668857,7.639679046692173,13.132605339992,351,20,pca
paulinchen,rosie,False,"['dist1_8', 't3_4_5', 'dist2_8', 't2_4_8', 'dist1_13', 'dist12_15', 't2_3_7', 't1_3_5', 'dist1_3', 'dist1_5', 'dist1_9', 'dist2_3', 'dist2_4', 'dist2_7', 'dist2_9', 'dist2_14', 'dist2_16', 'dist3_9', 'dist4_8', 'dist4_12']",random_forest,6.584780970909504,0.8456277892234388,6.045839681795122,352,20,pca
paulinchen,rosie,False,"['dist1_8', 'dist2_8', 'dist1_4', 'dist7_13', 't1_3_5', 't2_4_8', 't2_4_7', 'dist1_5', 'dist2_3', 'dist2_4', 'dist2_7', 'dist2_9', 'dist3_13', 'dist8_14', 'dist9_12', 'dist12_15', 'dist13_16', 'dist13_17', 'ang3_1_4', 'ang4_9_5']",random_forest,13.110040805916107,1.8202315212749534,11.44522883219749,353,20,pca
paulinchen,shorfy,False,"['dist1_8', 'dist5_14', 't3_4_5', 'dist1_4', 'dist2_8', 'dist4_10', 'dist8_14', 'dist12_15', 't1_3_5', 't2_4_8', 't2_5_10', 't3_5_10', 'dist1_2', 'dist1_3', 'dist1_5', 'dist1_9', 'dist1_16', 'dist2_4', 'dist2_9', 'dist3_10']",random_forest,8.289586138977182,1.5739893467208228,7.870034853357165,354,20,pca
paulinchen,shorfy,False,"['dist5_14', 't2_4_5', 'dist1_8', 'dist2_9', 'dist12_15', 'dist1_11', 'dist1_16', 'dist2_3', 'dist2_5', 'dist3_5', 'dist5_13', 'dist13_14', 'dist13_17', 't2_3_5', 'dist1_10', 'dist4_10', 'dist5_16', 't3_4_5', 'dist6_15', 'dist3_13']",random_forest,2.546625401801118,0.6501826796303409,2.4294565486268818,355,20,pca
paulinchen,zewe,False,"['dist1_8', 'dist4_13', 't2_4_5', 't2_4_8', 'dist1_4', 'dist1_16', 'dist13_14', 'dist13_17', 't1_3_5', 't12_15_17', 'dist1_17', 'dist1_3', 'dist1_5', 'dist1_10', 'dist2_4', 'dist5_16', 'dist12_15', 'dist13_16', 'ang1_3_4', 'ang2_3_4']",random_forest,15.049118895584993,5.378835166544698,9.8442171184734,356,20,pca
paulinchen,zewe,False,"['dist1_8', 'dist1_4', 't2_4_5', 't12_15_17', 'dist2_16', 't2_4_8', 'dist4_12', 'dist12_15', 'dist13_14', 'dist1_9', 'dist1_17', 'dist2_3', 'dist2_4', 'dist2_5', 'dist2_9', 'dist5_13', 'dist6_17', 'dist8_12', 'dist9_12', 'dist13_17']",random_forest,5.374089956100597,1.2548100701265348,4.159660131278526,357,20,pca
paulinchen,vladimir,False,"['dist4_13', 'dist1_12', 'dist1_13', 'ang6_4_10', 'ang7_6_10', 'dist14_16', 'ang6_9_10', 'dist4_8', 'dist15_17', 't2_4_7', 'ang1_2_4', 'dist5_12', 't4_7_8', 'dist5_6', 'dist10_15', 'ang1_4_5', 'dist4_7', 't2_3_5', 'dist1_6', 'dist3_13']",random_forest,12.922510332338003,2.9083273363175093,12.425140036949186,358,20,pca
paulinchen,vladimir,False,"['dist11_14', 'dist5_14', 'dist2_3', 't3_5_10', 't3_4_5', 'dist6_9', 'dist10_16', 'dist1_6', 'dist1_12', 'dist2_4', 'dist2_8', 'dist7_9', 'dist10_14', 't4_7_8', 't8_9_17', 'dist6_15', 'dist4_10', 'dist7_15', 'dist9_13', 't2_4_8']",random_forest,4.475168621312363,2.213655467760907,2.7030722791803488,359,20,pca
mette,zanetka,False,"['dist14_16', 'dist1_15', 'dist2_14', 'dist5_9', 'dist5_16', 'dist12_15', 'dist13_14', 'dist15_17', 't4_5_8', 't5_8_9', 't13_14_15', 'dist1_4', 'dist2_3', 'dist2_15', 'dist4_14', 'dist5_7', 'dist5_13', 'dist6_8', 'dist6_15', 'dist6_17']",random_forest,7.072271376144993,5.800816000899169,12.500977999689184,360,20,pca
mette,zanetka,False,"['dist14_16', 'dist1_3', 'dist5_12', 'dist2_13', 'dist10_15', 't1_3_5', 'dist1_5', 'dist1_16', 'dist2_3', 'dist2_14', 'dist4_11', 'dist5_9', 'dist8_15', 'dist9_12', 'ang1_2_5', 'ang1_2_4', 't5_9_10', 't13_14_17', 'dist4_10', 'dist5_7']",random_forest,15.43297705068036,12.396420187112446,8.90751411507735,361,20,pca
mette,sam,False,"['dist5_14', 'dist11_14', 't13_14_15', 'dist2_11', 'dist3_6', 'dist3_10', 'dist7_10', 'dist12_13', 't2_3_7', 't3_5_10', 'dist1_2', 'dist1_3', 'dist2_3', 'dist2_9', 'dist3_7', 'dist3_8', 'dist6_13', 'dist7_13', 'dist10_14', 'dist11_16']",random_forest,9.2085905910382,6.687786421142678,2.534950575926242,362,20,pca
mette,sam,False,"['dist5_14', 't3_5_10', 'dist3_7', 'dist3_10', 'dist11_14', 'dist2_11', 'dist7_10', 'dist12_13', 't3_7_16', 'dist9_14', 'dist1_2', 'dist1_3', 'dist1_13', 'dist3_6', 'dist3_9', 'dist6_13', 'dist8_9', 'dist10_14', 'ang1_4_3', 't2_3_7']",random_forest,9.221797788555048,5.695212467092592,3.8909339006899115,363,20,pca
mette,rosie,False,"['dist2_13', 'dist7_10', 'dist4_9', 'ang1_3_4', 't6_7_17', 'dist1_16', 'dist9_10', 'ang3_4_3', 'dist1_7', 'dist9_11', 'dist9_14', 'dist13_17', 't2_3_7', 't6_7_9', 't1_3_5', 'ang4_9_5', 'dist1_3', 'dist1_4', 'dist2_8', 'dist4_15']",random_forest,10.174285082924692,6.2196177301153295,8.178223623394285,364,20,pca
mette,rosie,False,"['dist12_15', 'dist14_16', 'dist13_14', 'ang6_4_10', 't2_3_7', 't2_4_8', 't6_7_9', 't1_3_5', 'dist2_3', 'dist2_4', 'dist2_14', 'dist3_5', 'dist4_8', 'dist6_8', 'dist6_17', 'dist7_8', 'dist7_9', 'dist7_13', 'dist9_10', 'dist11_12']",random_forest,7.264037799186582,4.47762500811116,5.62123882118668,365,20,pca
mette,otella,False,"['ang1_3_4', 'ang1_4_3', 'dist3_8', 'dist3_16', 'dist6_13', 'ang1_3_5', 't3_7_16', 'dist7_17', 'dist1_2', 'dist3_17', 'dist5_9', 'dist8_15', 'dist12_14', 't12_13_15', 'dist1_3', 'dist1_8', 'ang3_2_5', 't2_5_9', 'dist6_7', 'dist9_13']",random_forest,18.41595261114945,20.630453624748696,6.820354216885163,366,20,pca
mette,otella,False,"['t3_7_16', 'ang4_9_5', 'dist3_7', 't3_6_10', 'dist3_6', 'dist3_17', 'dist6_10', 'dist7_10', 'dist13_17', 'dist16_17', 't7_8_16', 'dist3_9', 'dist2_6', 'dist2_16', 'dist4_11', 'dist5_14', 'dist6_13', 'dist6_16', 'dist7_9', 'dist7_13']",random_forest,7.342982046489279,7.751855283988117,3.7735920566561814,367,20,pca
mette,nuernberg_2,False,"['dist3_7', 't3_7_16', 'dist3_6', 'dist7_16', 'ang2_7_5', 'dist14_17', 'dist2_6', 'dist6_14', 'dist7_14', 't8_9_17', 'dist5_6', 'dist8_10', 'dist9_14', 'dist11_14', 'dist16_17', 'ang1_3_4', 't3_5_7', 't4_6_10', 't12_15_17', 'dist3_17']",random_forest,26.873199861680053,13.05773088161496,14.181861770410356,368,20,pca
mette,nuernberg_2,False,"['dist11_14', 't3_7_16', 'dist2_11', 'dist2_15', 'dist3_6', 'dist3_7', 'dist3_12', 't2_3_7', 'dist5_14', 'dist2_6', 'dist4_7', 'dist6_8', 'dist6_17', 'dist7_15', 'dist12_13', 'dist12_16', 'dist16_17', 't3_4_7', 't6_7_9', 't6_7_17']",random_forest,4.079757532614753,3.8465848225846253,0.3252276325423062,369,20,pca
mette,neznamy,False,"['dist5_14', 'dist6_17', 't2_3_7', 'dist1_3', 'dist1_15', 'dist2_4', 'dist2_11', 'dist3_6', 'dist3_9', 'dist3_10', 'dist6_10', 'dist6_15', 'dist7_13', 'dist8_10', 'dist9_10', 'dist10_14', 'dist10_17', 'dist13_16', 't2_4_5', 't13_14_17']",random_forest,5.035887692376828,3.0305723915843745,2.007987419559764,370,20,pca
mette,neznamy,False,"['dist5_14', 'dist4_9', 'dist3_8', 'dist7_13', 't2_3_7', 't2_4_8', 't4_6_10', 'dist1_9', 'dist2_9', 'dist3_6', 'dist3_10', 'dist4_12', 'dist6_8', 'dist12_13', 'dist12_17', 'dist13_16', 't3_7_16', 't3_4_5', 't3_5_10', 'dist2_11']",random_forest,8.56643242390349,5.265417485780529,3.3045521062595014,371,20,pca
mette,nokia,False,"['dist5_14', 'dist2_11', 'dist1_4', 'dist1_8', 'dist4_12', 'dist7_12', 't3_7_16', 'dist1_16', 'dist2_12', 'dist2_17', 'dist3_8', 'dist3_10', 'dist5_9', 'dist6_11', 'dist6_17', 'dist7_15', 'dist8_12', 'dist9_15', 'dist11_16', 'dist11_17']",random_forest,3.130539089007908,2.285739156099975,1.0735584935902271,372,20,pca
mette,nokia,False,"['t3_4_5', 't3_5_10', 'dist3_6', 'dist3_7', 'dist2_9', 'dist2_11', 'dist3_9', 'dist3_10', 'dist3_15', 'dist12_13', 'dist14_15', 'dist14_16', 'dist14_17', 'ang4_3_5', 'ang3_1_4', 'ang1_2_4', 'ang1_4_3', 't3_4_16', 't2_5_10', 't3_6_10']",random_forest,24.75048999383243,10.353440303142833,15.387521119811069,373,20,pca
mette,noel,False,"['dist2_11', 'dist5_14', 'dist3_6', 'dist11_17', 'dist1_4', 'dist1_15', 'dist2_14', 'dist3_7', 'dist3_10', 'dist3_15', 'dist4_7', 'dist4_11', 'dist4_12', 'dist7_12', 'dist7_15', 'dist9_10', 'dist9_15', 'dist11_16', 'dist12_14', 'dist12_16']",random_forest,4.078185047179723,2.329142167068471,1.7512327197725868,374,20,pca
mette,noel,False,"['dist2_11', 'dist1_4', 'dist3_6', 'dist3_7', 'dist7_12', 'dist1_16', 'dist3_10', 'dist3_15', 'dist4_12', 'dist5_15', 'dist6_13', 'dist9_15', 'dist11_14', 'dist11_16', 'dist11_17', 'dist12_13', 'dist12_16', 'dist14_17', 'ang2_3_4', 't3_7_16']",random_forest,21.80648861758302,8.722162960556092,13.091429041120465,375,20,pca
mette,nuernberg_1,False,"['dist2_11', 'dist5_14', 'dist11_14', 'dist3_7', 'dist3_10', 'dist6_13', 'dist7_13', 't3_5_10', 'dist1_9', 'dist2_9', 'dist3_6', 'dist3_15', 'dist4_8', 'dist4_9', 'dist11_13', 'dist12_13', 'dist13_17', 'ang1_2_5', 'ang4_3_5', 't2_3_7']",random_forest,10.490607202495912,7.355324780500484,3.1442032802144912,376,20,pca
mette,nuernberg_1,False,"['dist5_14', 't3_4_5', 'dist3_10', 'dist4_10', 'dist6_13', 'dist7_15', 't2_4_8', 't3_5_10', 'dist1_9', 'dist2_8', 'dist2_9', 'dist3_7', 'dist3_8', 'dist3_9', 'dist4_9', 'dist5_16', 'dist6_17', 'dist7_13', 'dist12_13', 'dist13_17']",random_forest,3.007703185844016,2.849329145314698,0.263385344101646,377,20,pca
mette,shorfy,False,"['dist1_15', 'dist12_17', 'dist6_12', 'dist12_15', 'dist13_17', 'ang5_1_4', 'dist5_9', 'dist2_14', 't13_14_16', 'dist5_12', 'dist7_13', 'dist1_8', 't13_14_17', 'dist7_12', 'ang4_1_5', 'ang5_3_4', 'dist11_12', 'dist6_15', 'dist14_15', 'dist1_5']",random_forest,3.388812374249498,2.845678890228237,4.992902660144824,378,20,pca
mette,shorfy,False,"['ang6_10_4', 'dist1_8', 'ang1_4_3', 'dist11_17', 'dist10_17', 't1_3_5', 'dist8_15', 'dist6_15', 'dist1_17', 'dist1_10', 't6_10_11', 'ang1_2_5', 't3_4_16', 't6_7_17', 'dist1_16', 'dist2_8', 'dist1_3', 'dist7_10', 'dist1_5', 'ang2_4_5']",random_forest,3.1034631414445033,8.399155199718011,11.413101793729755,379,20,pca
mette,paulinchen,False,"['dist1_8', 'dist5_14', 't3_4_5', 't2_4_8', 'dist2_8', 'dist6_17', 'ang6_10_4', 't3_7_16', 't2_4_5', 'dist1_15', 'dist1_4', 'dist1_17', 'dist2_4', 'dist2_9', 'dist3_7', 'dist4_7', 'dist4_14', 'dist7_13', 'dist13_16', 't6_7_9']",random_forest,8.255805197193695,4.0449984217869845,4.935613649952719,380,20,pca
mette,paulinchen,False,"['dist1_9', 'dist4_9', 'dist4_10', 'dist1_8', 'dist6_8', 'dist10_15', 'dist8_9', 't8_9_17', 'dist1_16', 'dist3_10', 'dist3_15', 'dist6_10', 'dist10_17', 't3_5_10', 'dist1_3', 'dist7_10', 'dist7_12', 'dist10_12', 'dist1_4', 'dist1_6']",random_forest,3.3327928864627854,3.45611215431865,0.3004205619485125,381,20,pca
mette,zewe,False,"['dist2_4', 'dist2_14', 't2_4_5', 'dist5_7', 'dist1_4', 'dist12_15', 'ang2_7_5', 't2_4_8', 'ang1_3_4', 'ang3_4_3', 'dist13_14', 'ang2_3_4', 't2_5_10', 'dist1_8', 'dist3_14', 'dist4_13', 'dist7_12', 'dist11_15', 't4_5_8', 't2_3_5']",random_forest,26.3311467161808,7.899615990769741,18.489018272966813,382,20,pca
mette,zewe,False,"['ang6_4_10', 'dist1_8', 'dist1_16', 'dist1_4', 'ang2_4_5', 't4_5_8', 'ang1_3_4', 'ang4_2_5', 'ang4_1_5', 'ang2_3_4', 'dist3_7', 'dist5_16', 'ang5_1_4', 'dist3_16', 'dist9_11', 'dist10_12', 'ang2_7_5', 'dist4_13', 't3_7_16', 'ang4_3_5']",random_forest,24.372017048838195,13.20889238975642,13.773565281645725,383,20,pca
mette,vladimir,False,"['dist8_16', 'dist1_8', 'dist1_16', 'dist3_10', 't3_7_16', 't1_3_5', 'dist3_9', 'dist1_5', 'dist2_3', 'dist2_4', 'dist2_8', 'dist3_16', 'dist4_8', 'dist4_9', 'dist7_9', 'dist10_14', 't3_6_10', 't13_14_17', 'dist1_3', 'dist1_6']",random_forest,10.359713535150552,6.783532341802897,4.212084378022335,384,20,pca
mette,vladimir,False,"['dist1_8', 'dist2_8', 'dist3_6', 'dist3_10', 'dist7_13', 't2_3_7', 't3_7_16', 'dist1_9', 'dist2_3', 'dist2_9', 'dist3_7', 'dist3_8', 'dist3_9', 'dist4_10', 'dist5_6', 'dist8_14', 'dist8_16', 'dist9_14', 'dist13_16', 't2_4_8']",random_forest,4.470106471712319,2.2686549156035802,2.487232615418044,385,20,pca
gesa,zanetka,False,"['t4_5_8', 'dist5_6', 'ang6_10_4', 'dist5_14', 'dist12_17', 't2_5_6', 'dist14_17', 'dist5_16', 'dist7_11', 'dist5_9', 'dist1_8', 'dist6_11', 'dist9_11', 't1_6_7', 't3_5_7', 'dist7_17', 'dist15_16', 't5_8_9', 't3_4_5', 'dist1_16']",random_forest,7.738979282294575,6.5260925450295275,7.6279747171885575,386,20,pca
gesa,zanetka,False,"['ang4_9_5', 'dist5_16', 't4_5_8', 'dist5_8', 't5_8_9', 'dist5_15', 't3_5_7', 'dist10_15', 'dist1_10', 'dist1_11', 'dist3_16', 'dist5_6', 'dist9_11', 'dist11_15', 'dist11_17', 'ang3_1_4', 'ang6_10_4', 't7_8_17', 't3_4_5', 'dist8_9']",random_forest,14.207849568183276,11.100416685572476,3.50776763058025,387,20,pca
gesa,sam,False,"['dist1_8', 'dist2_11', 'dist1_4', 'dist7_12', 'dist2_4', 'dist3_6', 'dist3_7', 'dist3_10', 'dist4_11', 'dist4_12', 'dist9_15', 'dist10_15', 'dist12_17', 't3_7_16', 't3_4_16', 't3_5_10', 't13_14_17', 'dist1_3', 'dist1_12', 'dist1_16']",random_forest,6.809195056749663,6.445927204429801,0.6941695409770936,388,20,pca
gesa,sam,False,"['dist2_11', 'dist3_10', 'dist5_15', 'dist11_17', 'dist1_4', 'dist2_3', 'dist4_9', 'dist4_10', 'dist4_11', 'dist4_12', 'dist6_11', 'dist7_9', 'dist7_12', 'dist7_15', 'dist9_10', 'dist10_14', 'dist11_16', 'dist12_16', 'dist14_15', 'ang7_6_10']",random_forest,21.24910730914126,12.53130197449923,8.950612189633576,389,20,pca
gesa,rosie,False,"['dist2_7', 'dist4_16', 'dist5_14', 'dist7_10', 'dist7_12', 'dist9_12', 'dist10_11', 'dist11_17', 't12_15_17', 'dist2_11', 'dist6_9', 'dist3_5', 'dist4_8', 'dist6_8', 'dist6_17', 'dist7_13', 'dist7_15', 'dist8_10', 'dist8_16', 'dist9_10']",random_forest,3.726764922787189,6.576637905568881,2.9898056652539253,390,20,pca
gesa,rosie,False,"['t3_5_10', 'dist2_7', 'dist3_5', 'dist7_13', 'ang7_6_10', 'dist1_12', 't4_5_8', 'dist5_15', 'dist1_9', 'dist2_4', 'dist2_11', 'dist8_10', 'ang1_3_5', 'ang3_1_4', 't3_4_5', 'dist13_16', 'dist7_10', 't3_4_16', 'dist10_16', 'dist1_13']",random_forest,14.404412411632014,11.454367565414486,7.606779363197906,391,20,pca
gesa,otella,False,"['dist2_11', 'dist3_7', 'dist12_13', 't3_7_16', 'dist7_17', 't2_3_7', 't4_7_8', 't4_5_8', 'dist1_3', 'dist2_12', 'dist3_6', 'dist3_12', 'dist3_17', 'dist4_10', 'dist5_15', 'dist6_13', 'dist9_15', 'dist11_16', 'dist12_16', 'dist12_17']",random_forest,3.0254397584453505,4.468402675058417,1.5142913750889015,392,20,pca
gesa,otella,False,"['t3_7_16', 'dist2_11', 'dist5_15', 'dist6_13', 'dist12_13', 't4_7_8', 't7_8_16', 'dist5_10', 'dist11_16', 'ang4_9_5', 't2_3_7', 'dist14_15', 'dist1_6', 'dist3_6', 'dist3_12', 'dist3_15', 'dist4_7', 'dist4_11', 'dist7_16', 'dist11_13']",random_forest,14.574852932635828,12.484801822210109,3.553534618144452,393,20,pca
gesa,japet,False,"['dist2_11', 'dist3_10', 'dist5_14', 't2_4_8', 'dist1_4', 'dist1_8', 'dist2_8', 'dist3_7', 'dist4_12', 'dist5_15', 'dist6_17', 'dist12_15', 'dist12_17', 'ang2_3_4', 'ang6_10_4', 't4_7_8', 't6_7_9', 't8_9_17', 't3_4_5', 't13_14_17']",random_forest,18.82473143598457,5.421522614404944,14.588699438733098,394,20,pca
gesa,japet,False,"['dist2_11', 'dist1_8', 'dist3_10', 'dist5_14', 't2_4_8', 'dist4_12', 'dist11_16', 'dist11_17', 'dist12_15', 'ang6_10_4', 't3_7_16', 't4_5_8', 't6_7_9', 't8_9_17', 't3_4_5', 't13_14_17', 'dist1_3', 'dist1_4', 'dist1_12', 'dist2_3']",random_forest,14.977431733349222,7.942255772742119,7.109075592727436,395,20,pca
gesa,nuernberg_2,False,"['dist1_8', 'dist2_11', 'dist3_10', 'dist7_12', 'dist4_12', 'dist5_9', 'dist7_13', 'dist7_15', 'dist9_15', 'dist11_16', 'dist11_17', 'dist12_13', 'dist12_14', 'dist12_15', 'dist12_16', 'dist12_17', 't3_7_16', 't7_8_16', 't6_7_9', 't8_9_17']",random_forest,4.67866026998085,4.153411898708701,0.5278956309555828,396,20,pca
gesa,nuernberg_2,False,"['dist2_11', 'dist1_8', 'dist3_10', 'dist2_8', 'dist2_14', 'dist4_12', 'dist7_12', 'dist10_15', 'dist11_14', 'dist12_15', 'dist12_16', 'ang1_2_5', 't5_8_9', 't2_4_7', 't13_14_15', 't13_14_17', 't13_14_16', 'dist1_3', 'dist1_4', 'dist1_5']",random_forest,22.014231075417285,15.351154484524754,9.83303898959896,397,20,pca
gesa,neznamy,False,"['dist2_11', 'dist5_14', 't2_4_8', 'dist1_3', 'dist2_3', 'dist2_4', 'dist3_10', 'dist4_12', 'dist6_17', 'dist7_12', 'dist11_16', 'ang2_4_5', 'ang3_4_3', 't4_5_8', 't8_9_17', 't1_3_5', 't13_14_17', 'dist1_4', 'dist1_8', 'dist1_10']",random_forest,13.47422817163052,8.007248728207273,5.75348271915516,398,20,pca
gesa,neznamy,False,"['dist1_8', 'dist2_11', 'dist5_14', 't2_4_8', 'dist2_4', 'dist2_8', 'dist3_10', 'dist4_12', 'dist7_12', 'dist12_15', 'dist12_17', 't3_7_16', 't13_14_17', 't12_15_17', 'dist1_3', 'dist1_4', 'dist1_12', 'dist1_16', 'dist2_3', 'dist2_7']",random_forest,10.138035421000069,9.102270723833255,1.1538895678236714,399,20,pca
gesa,nokia,False,"['dist2_11', 'dist3_10', 'dist5_14', 't7_8_16', 't3_4_5', 'dist1_8', 'dist3_5', 'dist3_7', 'dist4_12', 'dist5_15', 'dist7_12', 'dist9_15', 'dist10_15', 'dist11_17', 'dist12_16', 'dist12_17', 't3_7_16', 't4_7_8', 't13_14_17', 't12_15_17']",random_forest,8.485844347966447,6.622964589747942,2.0514119310721752,400,20,pca
gesa,nokia,False,"['dist2_11', 'dist5_14', 'dist3_10', 'dist1_13', 'dist2_4', 'dist3_15', 'dist4_12', 'dist5_15', 'dist7_12', 'dist8_9', 'dist9_10', 'dist9_15', 'dist10_15', 'dist11_17', 'dist12_13', 't3_7_16', 't3_4_16', 't7_8_17', 't8_9_17', 't3_4_5']",random_forest,4.000612460022106,3.1673895778964716,1.3811948894449873,401,20,pca
gesa,noel,False,"['dist1_8', 'dist2_11', 't2_4_8', 't2_4_7', 'dist2_4', 'dist3_10', 'dist4_12', 'dist7_12', 'dist9_15', 'dist10_11', 'dist10_15', 'dist11_14', 'dist11_17', 't3_7_16', 't4_5_8', 't13_14_17', 'dist1_3', 'dist1_4', 'dist1_5', 'dist1_12']",random_forest,9.764158295175424,6.6394657336737595,3.2266746179365144,402,20,pca
gesa,noel,False,"['dist1_8', 'dist2_11', 'dist1_4', 'dist2_4', 'dist3_10', 'dist4_12', 'dist7_12', 'dist9_15', 'dist10_15', 'dist12_15', 'dist12_17', 't3_7_16', 't5_8_9', 't13_14_17', 'dist1_3', 'dist1_5', 'dist1_12', 'dist1_16', 'dist2_3', 'dist2_6']",random_forest,8.825141675969766,5.6384118269930275,3.195572695334947,403,20,pca
gesa,matysek,False,"['dist2_11', 'dist1_8', 'dist3_10', 'dist5_14', 'dist1_3', 'dist2_12', 'dist3_6', 'dist4_9', 'dist4_12', 'dist6_17', 'dist7_12', 'dist8_16', 'dist11_16', 'dist11_17', 'dist12_13', 'dist12_17', 'dist14_16', 'ang3_4_3', 't4_7_8', 't7_8_16']",random_forest,10.408959160767795,4.499035834527537,7.328577702878552,404,20,pca
gesa,matysek,False,"['dist5_14', 'dist2_11', 'dist3_10', 'dist9_10', 'dist11_17', 'dist12_13', 't2_4_8', 'dist3_6', 'dist3_15', 'dist4_10', 'dist4_12', 'dist7_12', 'dist11_14', 'dist11_16', 'dist14_17', 'ang1_3_5', 'ang4_3_5', 't4_7_8', 't4_5_8', 't8_9_17']",random_forest,13.268171344248426,2.3203383271608886,11.707178281290192,405,20,pca
gesa,lucka,False,"['ang6_10_4', 'dist8_10', 't2_4_5', 'dist3_4', 'dist10_15', 'dist3_14', 'dist5_8', 'dist10_16', 'dist10_17', 'ang4_3_5', 't2_5_6', 'dist5_6', 'dist5_9', 'dist7_9', 'dist9_10', 'dist11_15', 'ang3_1_4', 't1_2_7', 't13_14_16', 'dist2_14']",random_forest,14.34557074122849,5.527334519720721,9.124101143302887,406,20,pca
gesa,lucka,False,"['dist7_10', 'ang6_10_4', 'dist5_8', 'dist10_15', 'dist14_16', 'dist4_10', 'dist7_17', 'dist10_16', 'ang2_4_5', 't4_5_8', 'dist5_16', 'dist2_3', 'dist3_16', 'dist5_6', 'dist5_13', 'dist9_10', 't4_7_8', 't2_3_5', 't2_4_5', 't3_4_5']",random_forest,13.486547058203056,6.75516814732804,7.448909232067989,407,20,pca
gesa,nuernberg_1,False,"['dist2_11', 'dist9_10', 't2_4_8', 'dist3_10', 'dist3_15', 'dist4_12', 'dist7_12', 'dist7_15', 'dist11_16', 'dist11_17', 'dist12_13', 'dist14_16', 'dist15_17', 't4_7_8', 't3_4_16', 't4_5_8', 'dist1_3', 'dist1_4', 'dist1_8', 'dist1_12']",random_forest,4.99230951649134,3.9786937880532425,1.1539245978932895,408,20,pca
gesa,nuernberg_1,False,"['dist2_11', 'dist3_10', 'dist4_10', 'ang6_10_4', 'dist2_9', 'dist3_7', 'dist5_14', 'dist5_15', 'dist6_11', 'dist7_13', 'dist11_14', 'dist11_16', 'dist12_13', 'ang2_3_4', 't2_3_7', 't3_7_16', 't4_7_8', 't2_4_8', 't13_14_17', 'dist1_12']",random_forest,11.949333229614462,5.561323199844021,6.619124231798324,409,20,pca
gesa,leni,False,"['dist2_11', 'dist1_8', 'dist5_14', 'dist6_17', 't3_4_5', 't2_4_8', 'dist3_10', 'dist4_12', 'dist7_12', 'dist11_16', 'dist12_16', 'dist14_16', 't4_5_8', 't6_7_9', 't8_9_17', 't13_14_17', 'dist1_3', 'dist1_4', 'dist1_12', 'dist1_13']",random_forest,10.991686088232195,5.416827150513164,5.644162030259612,410,20,pca
gesa,leni,False,"['dist2_11', 'dist1_8', 'dist3_10', 't2_4_8', 'dist1_4', 'dist2_4', 'dist2_8', 'dist4_12', 'dist6_17', 'dist7_12', 'dist11_16', 'dist11_17', 'ang3_4_3', 't3_7_16', 't4_5_8', 't6_7_9', 't8_9_17', 't2_4_7', 't13_14_17', 'dist1_3']",random_forest,16.22178444309757,6.94275492663622,9.809093859032563,411,20,pca
gesa,innsbruck_1,False,"['dist2_11', 'dist5_14', 't3_4_5', 't2_4_8', 'dist1_8', 'dist3_10', 'dist4_12', 'dist7_12', 'dist12_17', 'ang6_10_4', 't4_7_8', 't13_14_17', 't13_14_16', 'dist1_3', 'dist1_4', 'dist1_5', 'dist1_12', 'dist2_3', 'dist2_4', 'dist2_7']",random_forest,13.081207382360455,6.584283420542597,6.502209630976354,412,20,pca
gesa,innsbruck_1,False,"['dist2_11', 'dist1_8', 't2_4_8', 'dist1_4', 'dist3_10', 'dist4_12', 'dist7_12', 'dist11_16', 'dist12_16', 'dist14_16', 'ang1_2_5', 'ang6_10_4', 't4_5_8', 't2_4_7', 't13_14_17', 'dist1_3', 'dist1_12', 'dist1_16', 'dist2_3', 'dist2_4']",random_forest,15.596834638215185,4.99416459644385,13.486547264525178,413,20,pca
gesa,shorfy,False,"['t4_7_8', 'dist5_14', 'dist5_15', 'dist6_13', 'ang4_9_5', 'dist3_5', 'dist9_11', 'ang1_2_4', 't3_4_5', 'ang1_2_5', 'dist2_3', 'dist2_13', 'dist4_10', 'dist7_11', 'dist11_16', 'ang2_1_5', 'ang3_2_5', 'ang3_4_3', 'ang7_6_10', 'ang6_4_10']",random_forest,21.169105887894876,7.881533619358437,14.930410612957147,414,20,pca
gesa,shorfy,False,"['t3_4_5', 'dist1_2', 'dist3_5', 'ang1_2_4', 'ang1_2_5', 'dist11_16', 't8_9_17', 'dist1_6', 'dist1_12', 'dist9_10', 'dist12_13', 'dist12_16', 'ang2_4_5', 't3_5_10', 'dist3_12', 'dist4_12', 'dist6_10', 'dist1_11', 'dist10_16', 't4_6_10']",random_forest,16.918213281143057,6.793545385235282,12.490229959596617,415,20,pca
gesa,paulinchen,False,"['dist2_11', 'dist1_8', 'dist1_16', 'dist7_12', 't3_7_16', 'dist1_4', 'dist3_6', 'dist3_10', 'dist4_12', 'dist7_10', 'dist7_13', 'dist9_15', 'dist11_16', 'dist12_16', 't7_8_16', 't6_7_9', 't7_8_17', 't3_5_10', 't13_14_17', 'dist1_3']",random_forest,6.861502334956781,6.583002328445039,0.7012769454647004,416,20,pca
gesa,paulinchen,False,"['dist1_8', 'dist2_11', 'dist3_10', 'dist6_17', 'dist7_12', 't3_7_16', 't2_4_8', 't12_15_17', 'dist1_16', 'dist2_4', 'dist2_8', 'dist3_6', 'dist4_12', 'dist11_16', 'dist12_15', 'dist12_17', 't1_3_5', 't2_4_7', 't13_14_17', 'dist1_4']",random_forest,9.57953903268367,8.648020960996774,1.005086447376389,417,20,pca
gesa,mette,False,"['dist2_11', 'dist4_9', 'dist4_10', 'dist4_11', 'dist12_17', 'dist16_17', 't3_5_10', 'dist11_13', 'dist1_6', 'dist1_8', 'dist1_10', 'dist1_11', 'dist2_12', 'dist3_11', 'dist4_17', 'dist6_13', 'dist6_17', 'dist7_11', 'dist8_15', 'dist10_15']",random_forest,2.115120888355365,5.055843598160346,3.0381491298284886,418,20,pca
gesa,mette,False,"['dist1_8', 'dist5_14', 'ang6_10_4', 't6_9_17', 'dist3_5', 'dist12_17', 'dist1_16', 'dist14_15', 'dist7_12', 'dist2_13', 'dist3_12', 'dist4_10', 'dist5_9', 'dist6_12', 'dist9_15', 'dist11_13', 'dist11_14', 'dist12_13', 't1_6_7', 'ang6_9_10']",random_forest,7.113386343469959,8.398482485446742,2.972031615943444,419,20,pca
gesa,zewe,False,"['dist2_11', 'dist11_14', 't7_8_17', 'dist1_8', 'dist2_12', 'dist3_10', 'dist11_17', 'dist3_6', 'dist4_12', 'dist7_12', 'dist8_10', 'dist9_15', 'dist10_11', 'dist12_13', 'dist12_16', 'dist12_17', 'ang7_6_10', 'ang2_7_5', 't3_5_10', 't3_4_5']",random_forest,17.948234734808857,15.280915157489824,7.452153063853112,420,20,pca
gesa,zewe,False,"['dist3_7', 't3_7_16', 'dist2_11', 'dist3_12', 'dist3_17', 'dist11_14', 'dist11_16', 'dist12_13', 'dist16_17', 'ang3_4_3', 't4_5_8', 'dist3_6', 'dist11_17', 'dist12_16', 'dist12_17', 'dist13_17', 'ang4_3_5', 't2_3_7', 'dist4_11', 'dist11_13']",random_forest,7.407505561585729,4.28935533156391,8.912718623785889,421,20,pca
gesa,vladimir,False,"['dist1_8', 'dist2_11', 'dist5_14', 'dist3_10', 'dist6_17', 't3_4_5', 't2_4_8', 'dist2_4', 'dist2_8', 'dist4_12', 'dist7_12', 'dist7_13', 'dist11_17', 't3_7_16', 't1_3_5', 't13_14_17', 'dist1_4', 'dist1_12', 'dist2_3', 'dist2_9']",random_forest,11.0945828976967,6.017269833071942,5.363560062288976,422,20,pca
gesa,vladimir,False,"['dist1_8', 'dist2_11', 't2_4_8', 't3_5_10', 'dist1_4', 'dist1_15', 'dist2_8', 'dist3_10', 'dist4_12', 'dist7_10', 'dist11_16', 'dist12_16', 'ang7_6_10', 't3_7_16', 't4_5_8', 't8_9_17', 't2_4_7', 't13_14_17', 'dist1_3', 'dist1_12']",random_forest,19.42786771249158,12.287330902326492,7.152700303441258,423,20,pca
frida,zanetka,False,"['dist5_14', 'dist2_11', 'dist7_10', 't4_5_8', 't1_3_5', 't3_4_5', 'dist1_4', 'dist2_4', 'dist4_7', 'dist4_11', 'dist4_12', 'dist7_9', 'dist7_14', 'dist8_14', 'dist8_15', 'dist11_16', 'dist12_15', 'dist15_16', 't4_7_8', 't5_8_9']",random_forest,6.119955925071553,1.578489110172766,6.533015883812861,424,20,pca
frida,zanetka,False,"['dist1_4', 'dist2_14', 'dist15_16', 't1_3_5', 't3_4_5', 'dist1_3', 'dist2_4', 'dist3_13', 'dist4_11', 'dist4_12', 'dist4_16', 'dist7_9', 'dist7_14', 'dist8_15', 'dist9_15', 'dist11_14', 'dist12_15', 'dist13_14', 'dist15_17', 't4_7_8']",random_forest,5.304165741745066,1.3751376559909005,6.316651688763087,425,20,pca
frida,sam,False,"['ang1_4_3', 'ang1_3_4', 'dist1_6', 'ang2_3_4', 'ang4_9_5', 'dist1_2', 'dist8_14', 'dist5_9', 'dist3_16', 'dist1_13', 'dist2_6', 'dist4_13', 'ang1_3_5', 't8_9_17', 'dist4_7', 'dist5_7', 'dist3_17', 'dist9_14', 'ang3_2_5', 't7_8_17']",random_forest,31.275209308733412,16.50849324530823,15.650771907051478,426,20,pca
frida,sam,False,"['ang1_4_3', 'dist6_9', 'ang1_3_5', 'dist5_6', 'ang1_3_4', 'ang2_3_4', 't2_4_5', 'dist3_16', 't4_7_8', 't7_8_16', 't2_4_7', 'dist1_3', 'dist1_6', 'dist1_15', 'dist2_4', 'dist5_7', 'dist6_15', 'dist7_8', 'dist7_10', 'dist12_13']",random_forest,36.48529991525829,24.99041257534356,11.581605089195659,427,20,pca
frida,rosie,False,"['dist2_7', 'dist2_4', 'dist2_14', 'dist2_17', 'dist3_9', 't4_7_8', 't2_4_5', 't2_4_8', 't2_5_10', 'dist3_6', 'dist1_5', 'dist2_6', 'dist2_8', 'dist2_9', 'dist2_15', 'dist5_14', 'dist5_16', 'dist12_15', 'dist13_14', 't6_9_10']",random_forest,6.216869179178044,2.7159471371108492,4.754890711367561,428,20,pca
frida,rosie,False,"['ang1_4_3', 'dist5_14', 'dist1_8', 't4_5_8', 't3_4_5', 't2_4_5', 'dist2_3', 'dist5_8', 'dist5_16', 'dist9_10', 'dist9_11', 'dist12_15', 't6_7_9', 'dist3_13', 'dist4_12', 'dist7_10', 't3_5_10', 'ang5_3_4', 'dist2_11', 't8_9_17']",random_forest,10.678872465302067,5.97138886332809,8.911980063227416,429,20,pca
frida,otella,False,"['dist5_6', 'dist6_8', 'dist6_17', 'dist5_7', 'dist9_10', 'dist6_9', 'dist7_10', 'dist12_15', 'dist1_15', 'dist2_3', 'dist2_4', 'dist2_14', 'dist6_10', 'dist6_15', 'dist7_8', 'dist8_10', 'dist8_16', 'dist12_17', 'dist13_14', 'dist15_17']",random_forest,2.5703291190096906,0.8089340478909128,1.8299884460759455,430,20,pca
frida,otella,False,"['t2_4_5', 't2_4_8', 'dist2_3', 'dist2_4', 'dist2_14', 'dist6_8', 't6_7_9', 'dist1_4', 'dist1_5', 'dist1_10', 'dist2_15', 'dist2_16', 'dist6_9', 'dist7_12', 'dist7_14', 'dist7_15', 'dist12_15', 'dist12_17', 'ang3_2_5', 'ang1_3_5']",random_forest,12.17096183417253,9.336771004629975,3.526756839444387,431,20,pca
frida,japet,False,"['dist11_14', 't3_5_10', 'dist3_5', 'dist3_10', 'dist5_15', 'dist12_16', 'dist14_15', 'ang2_3_4', 'dist1_8', 'dist1_13', 'dist3_8', 'dist3_14', 'dist3_15', 'dist4_11', 'dist4_12', 'dist5_11', 'dist8_14', 'dist8_16', 'dist10_14', 'dist12_13']",random_forest,22.338789301599856,11.103915049747513,11.452685156282545,432,20,pca
frida,japet,False,"['dist1_5', 'dist5_9', 'dist5_14', 'dist12_15', 't1_3_5', 't3_4_5', 'dist2_14', 'dist3_5', 'dist3_8', 'dist3_16', 'dist5_16', 'dist6_15', 'dist7_13', 'dist7_15', 'dist10_15', 'dist12_14', 'dist13_14', 'dist14_15', 'dist14_16', 'ang2_4_3']",random_forest,8.910971369561068,1.7018720236611935,8.235069648633864,433,20,pca
frida,nuernberg_2,False,"['dist7_10', 'dist7_13', 'dist10_17', 'dist15_16', 'dist9_10', 'dist14_15', 'dist16_17', 'dist1_13', 'dist4_13', 'dist4_15', 'dist5_12', 'dist5_15', 'dist6_10', 'dist8_12', 'dist9_17', 'dist10_15', 'dist13_15', 'ang4_2_4', 'ang2_3_4', 'ang1_4_3']",random_forest,14.42724458677925,11.018668052817917,3.519962767076313,434,20,pca
frida,nuernberg_2,False,"['t2_4_5', 'ang1_2_5', 'dist2_4', 'dist2_16', 'dist1_4', 'dist4_13', 't2_3_5', 'dist2_13', 'dist3_8', 'ang1_2_4', 'dist9_11', 'dist1_9', 'dist2_5', 'dist3_7', 'dist3_15', 'dist4_14', 'dist7_13', 'ang6_9_10', 't2_5_10', 'ang2_1_5']",random_forest,24.469085400187726,12.031040083139779,14.88898155277335,435,20,pca
frida,neznamy,False,"['dist8_16', 'dist7_13', 'dist5_14', 't3_4_5', 'ang1_2_4', 'dist3_8', 'ang2_1_4', 't3_5_10', 'dist2_4', 'dist3_9', 'dist9_16', 't1_3_5', 'dist4_10', 'dist3_15', 'dist11_14', 'ang3_1_4', 't7_8_16', 'dist4_7', 'dist3_4', 'dist5_7']",random_forest,13.110975673872206,5.289309009016069,7.835535653723863,436,20,pca
frida,neznamy,False,"['dist8_16', 'ang4_3_5', 'ang4_2_4', 'dist1_3', 'dist3_8', 'dist3_14', 'dist5_14', 'ang4_2_5', 'dist5_8', 'ang2_4_5', 'ang2_1_4', 'dist2_13', 'dist3_4', 'dist3_5', 'dist4_9', 'dist8_14', 'dist10_11', 'dist12_15', 'dist13_17', 'ang2_3_5']",random_forest,30.94112514865266,20.24186080665758,11.30208653428671,437,20,pca
frida,nokia,False,"['dist5_6', 't4_6_10', 'dist6_15', 'dist6_8', 'dist6_17', 'dist9_10', 'ang1_3_5', 'ang1_3_4', 'ang3_4_3', 'dist4_10', 'dist1_2', 'dist1_8', 'dist4_9', 'dist5_10', 'dist6_16', 'dist7_13', 't1_3_5', 't3_4_5', 't6_7_9', 't13_14_17']",random_forest,27.573981085427786,17.800443307131335,9.7748814302252,438,20,pca
frida,nokia,False,"['dist1_4', 'ang3_4_3', 'dist1_8', 'dist1_13', 'dist3_5', 'dist4_8', 'dist4_10', 'ang3_1_4', 'ang5_3_4', 't13_14_16', 'dist1_2', 'dist1_16', 'dist3_4', 'dist3_16', 'dist5_6', 'dist5_14', 'dist12_15', 'dist13_14', 'ang1_3_4', 'ang2_3_4']",random_forest,29.757128623122323,14.63107871630985,16.46981543286515,439,20,pca
frida,noel,False,"['dist1_3', 'dist6_9', 'ang1_3_5', 'dist2_4', 'dist3_17', 'dist8_14', 'ang2_3_4', 'ang3_4_3', 'dist14_15', 'dist1_13', 'dist2_13', 'dist3_7', 'dist4_9', 'dist4_11', 'dist5_9', 'dist6_8', 'dist7_9', 'dist8_9', 'dist8_16', 'dist12_13']",random_forest,29.452899475041562,17.002313304962048,12.752663317426109,440,20,pca
frida,noel,False,"['dist6_9', 'dist8_14', 'dist9_10', 'dist1_2', 'dist10_15', 't2_4_5', 'ang1_4_3', 'ang1_3_5', 'dist2_4', 'dist2_13', 'dist4_9', 'dist5_9', 'dist6_8', 'dist6_12', 'dist7_17', 'dist8_16', 'ang2_3_4', 't3_4_5', 'dist1_3', 'dist2_14']",random_forest,27.565882381465855,15.574125344848516,12.701064947767861,441,20,pca
frida,matysek,False,"['t2_4_7', 'dist1_6', 'dist6_13', 'dist9_16', 'dist1_4', 'dist9_10', 'ang1_3_4', 'ang2_7_5', 'dist9_11', 'dist3_6', 'dist5_17', 'dist13_14', 't3_7_16', 'dist8_15', 'dist10_15', 'ang6_9_10', 'dist3_15', 't12_15_17', 'dist3_7', 'dist1_8']",random_forest,26.732815994626876,14.265333863875487,17.384859196273762,442,20,pca
frida,matysek,False,"['t2_4_7', 'dist12_15', 'dist1_6', 'dist7_17', 'dist1_15', 'dist3_5', 'dist5_17', 'dist6_11', 'dist8_10', 'dist8_16', 'ang1_3_5', 't3_7_16', 't8_9_17', 'ang4_9_5', 'dist8_14', 'dist1_5', 'dist4_13', 'dist5_14', 'dist6_13', 'dist7_14']",random_forest,11.698859231532083,11.473554711118984,4.61902956107786,443,20,pca
frida,lucka,False,"['dist6_17', 'dist1_8', 'dist2_4', 'dist12_15', 't7_8_16', 't1_3_5', 'dist2_3', 'dist2_11', 'dist2_14', 'dist2_16', 'dist3_10', 'dist4_13', 'dist5_7', 'dist5_16', 'dist6_9', 'dist10_15', 'dist13_14', 'dist14_16', 'ang6_10_4', 't7_8_17']",random_forest,16.648490762368983,8.551257656484424,8.983373070587069,444,20,pca
frida,lucka,False,"['t2_4_5', 'dist1_8', 'dist13_14', 't1_3_5', 'dist1_15', 'dist5_6', 'dist5_16', 'dist6_17', 't3_4_5', 't12_15_17', 'dist7_12', 'dist1_4', 'dist2_3', 'dist2_4', 'dist2_14', 'dist5_7', 'dist5_14', 'dist12_15', 't5_8_9', 't2_3_5']",random_forest,10.577352231711922,1.4927850981732438,9.802706273614756,445,20,pca
frida,nuernberg_1,False,"['dist5_14', 'dist6_17', 'dist9_12', 'dist2_14', 'dist6_8', 'dist8_14', 'dist9_11', 'dist13_14', 'ang4_9_5', 'ang6_10_4', 't6_7_9', 't2_5_6', 'dist1_9', 'dist2_3', 'dist2_4', 'dist2_15', 'dist3_7', 'dist3_10', 'dist3_16', 'dist4_9']",random_forest,13.959331003851595,5.382735854485372,8.672147004555237,446,20,pca
frida,nuernberg_1,False,"['dist5_14', 'dist4_9', 'dist3_17', 'dist3_8', 'dist8_16', 'ang3_2_5', 'ang1_3_5', 'ang1_4_5', 'dist9_14', 'dist1_6', 'dist3_9', 'dist4_17', 'dist7_10', 'dist13_17', 'ang2_3_5', 'ang2_4_5', 'ang2_1_4', 'ang4_2_4', 'ang1_3_4', 'ang1_4_3']",random_forest,35.87206711016197,23.8086086461301,12.196989259100759,447,20,pca
frida,leni,False,"['t3_4_5', 'dist5_14', 't1_3_5', 'dist1_8', 'dist1_16', 'dist2_13', 'ang1_4_5', 'ang1_2_4', 'dist1_4', 'dist3_13', 'dist5_13', 'dist7_12', 'dist13_16', 't4_5_8', 't1_6_7', 't13_14_17', 'ang4_3_5', 'dist1_2', 'ang4_1_5', 'ang2_1_4']",random_forest,22.799434450424336,8.050756451140893,15.368941068516602,448,20,pca
frida,leni,False,"['dist8_14', 'dist3_16', 'dist1_8', 'dist2_13', 'ang1_4_5', 'ang2_4_3', 't3_4_5', 'dist15_16', 'dist2_3', 'dist7_13', 'dist11_14', 'dist12_16', 'dist13_17', 'ang2_3_4', 't3_6_10', 't13_14_15', 'dist5_14', 'dist8_16', 'ang1_3_5', 'dist1_16']",random_forest,21.99500491143981,15.91260201381486,10.16757215663054,449,20,pca
frida,innsbruck_1,False,"['dist5_14', 'dist11_14', 'dist1_13', 'dist3_8', 'dist6_9', 'dist8_9', 'dist14_16', 'ang1_3_5', 'ang6_10_4', 't3_4_5', 't2_4_8', 'dist1_3', 'dist3_5', 'dist3_17', 'dist7_12', 'dist12_13', 'ang1_4_5', 'ang1_3_4', 't3_4_16', 't13_14_17']",random_forest,23.953379683668913,12.939833452909479,12.10346037259216,450,20,pca
frida,innsbruck_1,False,"['dist1_13', 'dist4_8', 'dist5_9', 'dist14_16', 't1_3_5', 'dist1_2', 'dist1_3', 'dist1_6', 'dist1_9', 'dist2_7', 'dist3_7', 'dist3_11', 'dist3_15', 'dist3_16', 'dist4_9', 'dist5_16', 'dist6_8', 'dist6_9', 'dist7_10', 'dist7_13']",random_forest,5.365803322719833,0.824751108493353,4.868916646301861,451,20,pca
frida,shorfy,False,"['t3_4_5', 'dist1_4', 'dist1_5', 'dist5_14', 'dist1_8', 'dist3_10', 'dist6_17', 't1_3_5', 't2_4_8', 't2_5_10', 't3_5_10', 'dist1_2', 'dist1_3', 'dist1_16', 'dist2_3', 'dist2_4', 'dist4_9', 'dist4_10', 'dist7_10', 'dist10_16']",random_forest,7.552827285528437,0.5738102707056716,8.028369188830762,452,20,pca
frida,shorfy,False,"['t3_4_5', 'dist5_14', 't2_4_5', 'dist1_4', 'dist1_10', 'dist1_16', 'dist1_2', 'dist1_3', 'dist1_8', 'dist1_9', 'dist2_4', 'dist2_11', 'dist3_10', 'dist4_13', 'dist5_16', 'dist7_12', 'dist9_10', 'dist12_15', 'dist13_16', 'ang3_4_3']",random_forest,9.308106341391094,10.278141249550647,4.625366473508008,453,20,pca
frida,paulinchen,False,"['dist1_8', 'dist1_12', 'dist8_16', 'ang2_7_5', 'dist3_14', 'dist2_14', 'dist2_16', 'dist3_13', 'dist8_10', 'ang7_6_10', 'dist5_7', 't3_5_7', 'dist2_12', 'dist4_7', 'dist5_8', 'dist6_12', 'dist12_15', 'ang4_3_5', 'ang2_3_4', 'dist11_16']",random_forest,26.93592108577869,9.458842404130971,22.363323255390867,454,20,pca
frida,paulinchen,False,"['dist2_12', 'dist5_14', 'dist6_11', 'dist8_16', 'dist1_5', 'dist2_11', 'dist4_16', 'dist12_15', 'dist15_17', 'ang2_1_4', 'dist3_8', 'dist1_12', 'dist2_4', 'dist3_14', 'dist4_14', 'dist5_6', 't13_14_17', 'dist11_16', 'dist2_6', 't3_4_16']",random_forest,8.770630088097878,5.847679652254338,3.149831233561837,455,20,pca
frida,mette,False,"['dist5_14', 'dist3_6', 'dist3_10', 'dist6_17', 'dist7_10', 'dist10_15', 't3_6_10', 'dist6_10', 'dist14_15', 'dist2_4', 'dist2_6', 'dist2_9', 'dist2_14', 'dist3_14', 'dist4_7', 'dist5_6', 'dist6_9', 'dist6_14', 'dist7_9', 'dist9_10']",random_forest,8.876975068909308,2.4057951371861677,6.481151127050312,456,20,pca
frida,mette,False,"['t3_7_16', 'dist7_10', 'dist9_10', 'dist3_6', 'dist6_17', 't3_4_7', 't3_6_10', 'dist1_9', 'dist2_3', 'dist2_4', 'dist5_6', 'dist5_14', 'dist6_8', 'dist7_9', 'dist7_16', 'dist8_10', 'dist12_15', 'dist14_15', 't4_7_8', 't6_7_9']",random_forest,8.431491539639037,1.9531401513634046,6.601863881547769,457,20,pca
frida,zewe,False,"['dist2_4', 't2_4_5', 'dist6_8', 'dist6_16', 'dist9_10', 't7_8_17', 't2_4_7', 'ang6_10_4', 'dist2_14', 'dist2_3', 'dist2_6', 'dist2_13', 'dist5_6', 'dist5_16', 'dist7_10', 'dist8_10', 'dist10_16', 'dist10_17', 'dist13_14', 'ang3_2_4']",random_forest,11.412441082900676,8.178428797995766,3.6266969545939336,458,20,pca
frida,zewe,False,"['t2_4_5', 't2_4_8', 'dist1_4', 'dist1_15', 'dist4_12', 'dist2_4', 'dist2_8', 'dist2_9', 'dist6_9', 'dist6_10', 'dist6_17', 'dist7_10', 'dist9_10', 'dist10_17', 'dist11_14', 'dist12_13', 'dist12_15', 'dist13_15', 'dist15_17', 't2_4_7']",random_forest,4.653592533099474,0.2448568450745501,4.410913164466054,459,20,pca
frida,gesa,False,"['dist2_11', 'dist3_10', 't7_8_17', 'dist1_8', 'dist2_4', 'dist2_9', 'dist3_7', 'dist4_12', 'dist6_13', 'dist6_17', 'dist7_15', 'dist11_14', 'dist11_16', 'dist12_13', 't2_3_7', 't3_7_16', 't6_7_9', 't8_9_17', 't3_5_10', 'dist1_9']",random_forest,6.614548684844447,2.457068942913636,5.4840384677113905,460,20,pca
frida,gesa,False,"['dist2_11', 'dist3_10', 't3_7_16', 't13_14_15', 'dist1_8', 'dist1_16', 'dist2_4', 'dist3_15', 'dist4_11', 'dist4_12', 'dist7_12', 'dist7_15', 'dist9_15', 'dist11_14', 'dist11_16', 'dist11_17', 'dist12_13', 't4_5_8', 't6_7_9', 't2_4_7']",random_forest,10.933164155100213,0.27598531416739713,11.07670471347521,461,20,pca
frida,vladimir,False,"['dist1_4', 't2_4_5', 'dist1_8', 'dist3_5', 'dist4_13', 'dist5_6', 't3_4_5', 't2_4_8', 'ang2_7_5', 't2_3_5', 't3_4_16', 'dist2_4', 'dist2_16', 'dist5_14', 'dist7_13', 'dist12_15', 'dist13_14', 'ang1_4_5', 'dist1_17', 't1_2_7']",random_forest,31.00216995802792,11.306046944245569,19.908739664665493,462,20,pca
frida,vladimir,False,"['dist1_8', 'dist3_5', 'dist5_14', 'dist8_16', 't2_3_5', 'dist1_4', 'dist1_16', 'dist2_11', 'dist3_17', 'dist8_15', 'ang3_2_5', 'ang2_3_5', 'ang2_7_5', 't2_4_5', 't3_4_5', 'dist1_7', 'dist1_17', 'dist4_13', 'dist7_13', 'dist9_15']",random_forest,37.509092610129656,19.014849633972833,20.789366390503385,463,20,pca
fousek,zanetka,False,"['t3_4_5', 'dist2_11', 'dist5_14', 'dist11_16', 't2_4_8', 'dist1_3', 'dist1_4', 'dist2_9', 'dist3_10', 'dist4_11', 'dist4_12', 'dist7_13', 'dist12_16', 'dist16_17', 't4_7_8', 't4_5_8', 't6_7_9', 't1_3_5', 't2_4_5', 't13_14_17']",random_forest,12.60546043719571,3.438241147518176,9.16780319163156,464,20,pca
fousek,zanetka,False,"['dist2_11', 'dist5_14', 'dist6_17', 'dist11_16', 't3_4_5', 'dist1_3', 'dist2_7', 'dist3_10', 'dist4_7', 'dist4_12', 'dist9_12', 'dist12_16', 't2_3_7', 't4_7_8', 't4_5_8', 't2_4_8', 't13_14_17', 't12_15_17', 't13_14_16', 'dist1_4']",random_forest,11.460674840119255,2.2204955341432155,9.879956964628942,465,20,pca
fousek,sam,False,"['t6_7_9', 'dist8_12', 'dist5_6', 'dist6_16', 'dist8_16', 'dist6_17', 't4_6_10', 'dist5_16', 'dist6_10', 'dist1_11', 'dist6_9', 'dist6_11', 'dist7_12', 'dist9_15', 'dist10_15', 't6_9_17', 'dist11_12', 't7_8_16', 't4_5_8', 't3_4_5']",random_forest,3.4463885495682125,1.2005280426881815,2.2492973115331187,466,20,pca
fousek,sam,False,"['dist8_15', 't3_4_5', 't3_4_16', 'dist16_17', 'dist9_15', 'ang4_3_5', 'ang6_10_4', 'dist3_5', 'dist4_14', 'dist10_15', 'dist11_15', 'dist15_17', 'ang1_3_4', 'dist2_9', 'dist2_11', 'dist8_16', 't6_7_9', 'dist6_10', 'ang2_7_5', 'dist3_7']",random_forest,11.260726449623526,5.806833372236056,7.593127015685098,467,20,pca
fousek,rosie,False,"['dist8_16', 'dist8_15', 'dist6_9', 'dist3_9', 'dist12_17', 'ang4_9_5', 'dist9_16', 'dist1_2', 'dist6_16', 'dist10_16', 'dist16_17', 'ang4_3_5', 'ang3_1_4', 'dist4_8', 'dist4_9', 'dist5_14', 'dist3_17', 'dist4_10', 'dist2_8', 'ang1_4_3']",random_forest,10.57656254586671,0.8835154430309796,9.952298762491878,468,20,pca
fousek,rosie,False,"['dist5_14', 'dist8_16', 't2_3_7', 'dist12_13', 't2_4_8', 't4_6_10', 'dist1_13', 'dist2_9', 'dist3_6', 'dist3_10', 'dist4_10', 'dist10_15', 'dist11_14', 'ang1_3_5', 'ang4_3_5', 'ang1_4_5', 'ang4_9_5', 't4_7_8', 't8_9_17', 't3_4_5']",random_forest,24.66526934501304,11.588905728252163,14.953034597323004,469,20,pca
fousek,otella,False,"['dist2_11', 'dist1_8', 'dist6_9', 'dist6_17', 'dist8_10', 't6_7_9', 't1_3_5', 't2_4_8', 'dist1_3', 'dist2_3', 'dist3_10', 'dist4_12', 'dist6_8', 'dist7_12', 'dist11_16', 'dist11_17', 'dist12_14', 'dist12_17', 'ang6_10_4', 't1_6_7']",random_forest,13.724550894229658,4.766398570549113,9.075247449840953,470,20,pca
fousek,otella,False,"['dist11_16', 'dist6_10', 'dist7_10', 'dist12_16', 'dist3_15', 'ang3_1_4', 'dist6_11', 'dist6_15', 'dist7_12', 'dist12_14', 'ang6_10_4', 't1_2_7', 't3_7_16', 't8_9_17', 't1_3_5', 't3_6_10', 't4_6_10', 't6_10_11', 'dist6_9', 't3_4_5']",random_forest,11.52532582134185,4.118270079842625,7.636409310344024,471,20,pca
fousek,japet,False,"['dist7_12', 'dist11_17', 'dist12_17', 'dist14_16', 't12_15_17', 'dist1_15', 'dist2_4', 'dist2_11', 'dist3_5', 'dist4_11', 'dist4_12', 'dist5_16', 'dist9_10', 'dist9_12', 'dist10_15', 'dist11_14', 'dist14_17', 'ang3_4_3', 't3_4_16', 't5_8_9']",random_forest,10.073015482035439,5.071563131895182,7.268025120694165,472,20,pca
fousek,japet,False,"['dist7_12', 'dist12_13', 'dist12_17', 'dist15_17', 'dist4_11', 'dist6_11', 'dist8_15', 'dist9_11', 'dist11_14', 'dist11_17', 'dist12_16', 'dist1_11', 'dist1_12', 'dist3_15', 'dist5_16', 'dist7_11', 'dist8_12', 'dist15_16', 'ang7_6_10', 't12_15_17']",random_forest,12.540803804594766,3.389295771473531,9.484292089129854,473,20,pca
fousek,nuernberg_2,False,"['dist8_15', 'dist5_15', 'dist6_11', 'dist11_17', 'dist9_10', 'dist9_12', 'dist5_14', 'dist3_5', 'dist1_2', 'dist1_11', 'dist4_8', 'dist4_13', 'dist4_14', 'dist5_13', 'dist12_17', 'dist15_17', 't1_3_5', 'dist1_4', 'ang2_4_5', 't6_7_9']",random_forest,6.898591956924492,5.237892345574775,3.1162151142402754,474,20,pca
fousek,nuernberg_2,False,"['dist8_15', 'dist11_17', 'dist1_12', 'dist6_10', 'dist3_5', 'dist5_14', 't2_4_5', 'dist1_2', 'ang6_10_4', 'dist1_3', 'dist2_8', 'dist5_15', 'dist7_12', 'dist9_10', 't7_8_16', 't13_14_15', 'dist2_6', 'dist6_9', 't3_4_5', 't12_15_17']",random_forest,7.4226329642981765,3.7696012679399247,3.688109901895061,475,20,pca
fousek,neznamy,False,"['t2_4_8', 'dist7_13', 'dist2_13', 'dist8_10', 'dist5_6', 'dist9_10', 'dist12_15', 't1_3_5', 'dist1_8', 'dist2_4', 'ang6_4_10', 't1_6_7', 'dist2_17', 'dist11_14', 'ang2_3_4', 'ang6_10_4', 'dist8_9', 't7_8_17', 'dist3_13', 'dist6_8']",random_forest,3.576039212445685,5.376470008782421,2.5987201492721126,476,20,pca
fousek,neznamy,False,"['dist6_8', 'dist3_13', 'dist5_14', 'dist2_13', 'dist1_8', 't2_4_8', 'dist8_17', 'dist2_8', 'dist5_6', 'dist7_9', 'dist7_10', 'dist10_12', 'dist1_4', 't4_5_8', 'ang6_4_10', 'dist6_7', 't2_3_5', 'dist3_7', 'dist6_9', 'dist8_12']",random_forest,2.6872518350819274,1.833231755652408,1.5794188082428997,477,20,pca
fousek,nokia,False,"['dist4_9', 'dist8_15', 'dist15_17', 'dist8_12', 'dist9_12', 'dist12_17', 'ang3_1_4', 'ang4_2_4', 'ang6_4_10', 'dist9_15', 'dist9_16', 'dist12_13', 'ang4_3_5', 't1_3_5', 't2_3_5', 't4_6_10', 'dist5_14', 'ang1_2_5', 'ang3_4_3', 'dist2_11']",random_forest,20.674619432718448,8.810032140635112,15.516399185550902,478,20,pca
fousek,nokia,False,"['dist6_11', 'dist6_17', 'ang3_4_3', 't3_4_16', 't4_6_10', 'dist8_15', 'ang2_4_5', 'dist5_6', 'dist5_8', 'dist6_9', 'dist6_16', 'dist7_10', 'dist7_15', 'dist9_15', 'dist9_16', 'dist10_15', 'dist10_16', 'dist12_14', 't12_13_15', 'ang3_1_4']",random_forest,14.545947205132226,6.92015157416962,7.778578669322448,479,20,pca
fousek,noel,False,"['dist8_15', 'ang4_9_5', 'dist5_16', 'dist5_15', 'dist6_9', 'dist9_15', 'dist11_17', 'dist6_15', 'ang2_7_5', 'dist1_3', 'dist5_12', 'dist9_11', 'dist10_15', 'dist13_16', 'ang6_10_4', 't2_4_5', 't2_4_7', 'dist15_17', 'ang2_1_5', 'dist7_11']",random_forest,26.749466327613963,3.3906159921435637,26.517928335890165,480,20,pca
fousek,noel,False,"['dist8_15', 'dist15_17', 'dist5_15', 'dist2_11', 'dist2_12', 'dist9_15', 'dist2_8', 'dist2_13', 'dist5_16', 'dist7_11', 'dist9_11', 'dist12_13', 't4_7_8', 'dist8_16', 't3_4_5', 'dist2_9', 'dist3_16', 'dist9_10', 't3_4_7', 't1_6_7']",random_forest,2.15080128052611,0.8482504970450397,2.415146594143228,481,20,pca
fousek,matysek,False,"['dist2_11', 't3_4_5', 'dist2_7', 'dist1_15', 't4_5_8', 'ang6_10_4', 'dist13_14', 'dist6_10', 'dist2_17', 'dist9_11', 't12_15_17', 'dist9_15', 'dist3_5', 'dist6_15', 'ang5_3_4', 't3_7_16', 'ang2_3_4', 't6_7_9', 't13_14_15', 't5_6_10']",random_forest,6.096797997943447,4.311219112871447,5.836791224093729,482,20,pca
fousek,matysek,False,"['t3_4_5', 'dist1_2', 'dist3_8', 'dist2_11', 'dist2_17', 'dist2_7', 'dist8_15', 'dist6_17', 'dist2_6', 't2_4_8', 'dist3_5', 'dist5_6', 't4_5_8', 't1_3_5', 'dist2_8', 'dist3_7', 'dist5_14', 'dist7_11', 'dist11_17', 'dist6_10']",random_forest,2.609304800163813,1.9090415595153447,0.8131490800210227,483,20,pca
fousek,lucka,False,"['dist1_4', 'dist6_17', 't2_4_5', 't2_4_8', 'dist6_10', 'dist1_8', 't3_4_5', 'dist1_3', 'dist1_16', 'dist2_3', 'dist2_11', 'dist5_16', 'dist7_13', 'dist7_15', 'dist9_12', 'dist10_11', 'dist12_16', 't4_5_8', 't1_3_5', 't2_3_5']",random_forest,10.285963333453093,2.067302862291999,8.221172551993458,484,20,pca
fousek,lucka,False,"['dist2_11', 'dist5_14', 'dist1_8', 'dist6_17', 'dist2_8', 'dist3_10', 'dist4_12', 'dist7_12', 'dist7_13', 'dist12_15', 'dist12_16', 't4_7_8', 't6_7_9', 't8_9_17', 't2_4_5', 't3_4_5', 't3_5_10', 't13_14_17', 'dist1_3', 'dist1_4']",random_forest,10.470293373574043,1.9447949681207304,8.594619162222426,485,20,pca
fousek,nuernberg_1,False,"['dist6_10', 'dist6_8', 'dist5_16', 'dist6_9', 'dist6_17', 't6_7_9', 't6_7_17', 't2_5_6', 'dist8_16', 'ang2_3_4', 'dist2_17', 'dist3_16', 'dist5_6', 'dist6_15', 'dist12_17', 'ang3_1_4', 'ang7_6_10', 't3_4_16', 't5_6_10', 't6_10_11']",random_forest,19.038888939402025,5.600180089470104,13.613567228937475,486,20,pca
fousek,nuernberg_1,False,"['dist1_2', 'dist5_16', 'dist9_16', 't6_7_17', 'dist6_9', 'dist6_10', 'dist6_12', 'dist6_16', 'dist6_17', 't2_5_6', 'dist4_16', 'dist1_11', 'dist1_12', 'dist2_11', 'dist3_5', 'dist3_16', 'dist9_11', 't6_7_9', 't3_4_5', 'dist1_7']",random_forest,4.158727513709441,1.4391071006260692,2.846409504912438,487,20,pca
fousek,leni,False,"['dist7_12', 'dist11_14', 'dist12_17', 'dist8_17', 'dist8_12', 'ang6_10_4', 'dist2_4', 'dist3_5', 'dist3_11', 'dist3_12', 'dist4_11', 'dist4_12', 'dist5_10', 'dist7_11', 'dist12_13', 'dist12_16', 'dist15_17', 't3_7_16', 't3_4_16', 't3_4_5']",random_forest,6.274519772864962,4.534845363209642,3.7822057220667147,488,20,pca
fousek,leni,False,"['dist5_14', 'dist12_17', 'dist5_16', 'dist7_12', 'dist5_9', 't6_7_9', 't3_4_16', 'dist8_15', 'dist12_14', 'ang2_1_5', 't2_3_5', 'dist6_16', 'dist9_12', 'dist10_15', 'dist10_11', 't13_14_15', 'dist9_15', 'dist8_12', 'dist5_15', 'dist11_13']",random_forest,4.846626220500396,4.338037224132953,4.012452932635924,489,20,pca
fousek,innsbruck_1,False,"['dist7_10', 'dist10_14', 't3_4_5', 'dist2_11', 'dist3_10', 'dist5_15', 'dist8_10', 'dist9_10', 't3_4_16', 't3_5_10', 'dist1_12', 'dist2_6', 'dist3_5', 'dist10_17', 't2_4_8', 't2_5_10', 't3_6_10', 'dist4_10', 'dist2_14', 't2_5_9']",random_forest,11.513447388324114,1.7337150088439137,13.232836590247093,490,20,pca
fousek,innsbruck_1,False,"['dist2_7', 'ang1_2_5', 'dist7_12', 'dist11_14', 't1_2_7', 'dist2_8', 'dist2_17', 'dist2_4', 'dist2_11', 'dist3_10', 'dist4_10', 'dist5_15', 'dist7_10', 'dist8_10', 'dist12_13', 'ang1_3_4', 't2_3_7', 't3_4_5', 't2_4_7', 'dist12_17']",random_forest,12.986554324961356,3.1605817270499172,13.90941148169783,491,20,pca
fousek,shorfy,False,"['dist6_8', 'dist5_14', 'dist2_6', 'dist2_7', 't3_5_10', 'dist1_3', 'dist10_14', 'dist9_16', 'dist2_8', 'dist2_11', 'dist4_12', 'dist6_9', 'dist8_9', 'dist10_17', 'dist11_16', 'dist13_16', 'dist16_17', 't6_7_9', 't2_5_6', 't3_6_10']",random_forest,8.24085931362303,2.5642228381781487,5.864359230415326,492,20,pca
fousek,shorfy,False,"['dist5_14', 'dist2_11', 'dist1_3', 'dist7_10', 'dist11_16', 't3_6_10', 'dist6_10', 'dist2_6', 'dist2_17', 'dist4_12', 'dist5_16', 'dist6_16', 'dist7_12', 'dist10_16', 'ang1_2_5', 'ang1_2_4', 't1_3_5', 't4_6_10', 'dist7_11', 'ang1_4_3']",random_forest,24.37509501797421,6.672338124109987,17.70337361149868,493,20,pca
fousek,paulinchen,False,"['dist8_15', 't12_15_17', 'dist8_10', 'dist13_15', 'dist3_16', 'ang2_7_5', 'dist3_6', 'dist11_15', 'dist8_14', 't6_7_17', 'dist1_7', 'dist6_9', 'dist7_12', 't3_7_16', 'dist12_17', 'dist15_17', 'ang6_10_4', 'dist3_5', 'ang1_4_3', 'dist5_11']",random_forest,19.11055024716551,4.8869761311869615,19.783236840062806,494,20,pca
fousek,paulinchen,False,"['t1_2_7', 'ang1_4_3', 'dist1_6', 'dist3_14', 't5_9_10', 'dist2_12', 'dist9_16', 'dist4_14', 'dist3_13', 'ang4_2_5', 'dist3_9', 'dist5_14', 'dist11_16', 'dist14_16', 'ang4_3_5', 't8_9_17', 'dist4_8', 'dist1_7', 'ang2_7_5', 'dist7_17']",random_forest,12.868483576187922,1.5833975177780721,14.399238063189907,495,20,pca
fousek,mette,False,"['dist5_14', 'ang1_4_3', 'dist6_17', 'dist1_2', 'dist3_6', 'dist10_14', 'dist2_11', 'dist2_4', 'dist1_3', 'dist1_13', 'dist3_15', 'dist4_10', 'dist13_16', 'ang2_3_5', 'ang1_4_5', 'ang1_3_4', 't3_6_10', 't3_7_16', 't3_4_5', 'dist7_10']",random_forest,28.960609282596,10.373075116940711,19.97580213254045,496,20,pca
fousek,mette,False,"['dist6_8', 'dist2_11', 'dist6_9', 'dist6_10', 'dist6_17', 'dist9_10', 't6_7_9', 't8_9_17', 't3_4_5', 'dist1_2', 'dist1_13', 'dist2_17', 'dist3_6', 'dist5_14', 'dist6_13', 'dist8_9', 'dist8_10', 'dist10_16', 'dist12_16', 't7_8_16']",random_forest,3.6733427621414743,0.8186388320640813,2.869124874083416,497,20,pca
fousek,zewe,False,"['t3_5_10', 't2_4_5', 'dist5_14', 't3_4_5', 'dist1_2', 'dist1_3', 'dist5_16', 'dist8_15', 'ang4_9_5', 'dist2_7', 'dist2_8', 'dist3_5', 'dist8_16', 'dist9_17', 'dist13_14', 'ang5_3_4', 'ang3_4_3', 'ang2_7_5', 't4_5_8', 't6_7_9']",random_forest,20.478322369307666,8.069939768184318,12.72931773815347,498,20,pca
fousek,zewe,False,"['dist4_9', 'dist5_14', 'dist1_4', 't4_5_8', 'dist4_10', 'dist5_16', 'dist6_17', 't2_4_8', 'dist6_15', 'dist1_2', 'dist2_11', 'dist3_9', 'dist7_10', 'dist9_10', 'dist9_16', 'dist11_16', 'ang3_4_3', 't4_6_10', 'dist6_10', 'dist16_17']",random_forest,11.95264392402745,3.758665528426222,8.346757720840928,499,20,pca
fousek,gesa,False,"['dist2_11', 'dist5_14', 't2_4_8', 'dist1_8', 'dist2_3', 'dist2_7', 'dist2_8', 'dist3_10', 'dist4_12', 'dist6_8', 'dist7_12', 'dist7_13', 'dist11_16', 'dist11_17', 'dist12_16', 'dist12_17', 't4_7_8', 't6_7_9', 't3_4_5', 't13_14_17']",random_forest,8.389788698684725,2.704939563308878,5.751051050068924,500,20,pca
fousek,gesa,False,"['dist2_11', 't3_5_10', 'dist3_10', 'dist6_17', 'dist7_12', 'dist1_8', 'dist3_6', 'dist4_12', 'dist6_11', 'dist7_15', 'dist8_12', 'dist9_16', 'dist10_14', 'dist11_16', 'dist11_17', 't4_7_8', 't6_7_9', 't13_14_17', 'dist1_2', 'dist1_3']",random_forest,7.698916369809183,1.756422801464033,6.16342112054204,501,20,pca
fousek,frida,False,"['t3_4_5', 'dist2_7', 'dist3_5', 'dist1_2', 'dist2_8', 'dist7_14', 'dist8_16', 'dist9_16', 'dist1_13', 'dist5_14', 'dist7_13', 'dist13_17', 'ang1_2_5', 'ang6_9_10', 'dist5_17', 'dist6_9', 'dist16_17', 't1_2_7', 't3_5_10', 'dist3_4']",random_forest,15.7882973121121,8.111566984148864,9.019014576807004,502,20,pca
fousek,frida,False,"['dist8_16', 'dist3_5', 'dist1_5', 'dist9_16', 't3_4_5', 'dist3_9', 'dist9_10', 'dist12_15', 't6_10_11', 'ang4_2_4', 'dist2_9', 'dist3_8', 'dist4_7', 'dist5_7', 'dist13_14', 'dist15_17', 'ang6_10_4', 't2_5_6', 't12_15_17', 'dist1_13']",random_forest,5.351538414074824,3.4706799791598963,2.0407721906381093,503,20,pca
fousek,vladimir,False,"['ang6_9_10', 'dist4_13', 'ang1_2_5', 'ang7_6_10', 'ang4_9_5', 'dist9_16', 'dist3_13', 'dist6_10', 'dist10_15', 'dist13_16', 'ang4_1_5', 't2_4_7', 'dist1_13', 't3_4_5', 'dist5_14', 'dist1_9', 'dist5_7', 'dist11_17', 't3_4_16', 'dist1_4']",random_forest,19.15758556326028,8.370046971709076,14.95091352188889,504,20,pca
fousek,vladimir,False,"['dist1_13', 'dist8_10', 'ang7_6_10', 'ang1_2_5', 'dist15_17', 'dist5_14', 'dist9_12', 'ang2_1_5', 'dist7_12', 'dist10_11', 't3_5_10', 'dist1_2', 'dist1_10', 'dist3_7', 'dist13_14', 'ang6_9_10', 'dist1_12', 'dist3_13', 'dist8_16', 'ang3_4_3']",random_forest,10.85963210399207,1.7185587658675718,9.739562324573074,505,20,pca
esta,zanetka,False,"['dist7_9', 't2_3_7', 't1_3_5', 't2_4_5', 't3_4_5', 'dist2_3', 'dist2_4', 'dist2_11', 'dist2_14', 'dist3_6', 'dist4_12', 'dist5_16', 'dist11_14', 'dist12_15', 'dist12_17', 'dist14_16', 'dist15_16', 'ang6_10_4', 't3_7_16', 't4_5_8']",random_forest,13.749807096858317,7.729708001438102,8.341784611224433,506,20,pca
esta,zanetka,False,"['dist11_14', 'dist15_17', 't4_5_8', 't3_4_5', 'dist1_4', 'dist2_3', 'dist2_4', 'dist2_14', 'dist3_5', 'dist4_11', 'dist4_12', 'dist5_16', 'dist7_10', 'dist7_12', 'dist10_15', 'dist12_15', 'dist13_14', 'dist14_16', 'dist15_16', 'ang6_10_4']",random_forest,10.663818777201845,6.822924177234551,4.788298563065951,507,20,pca
esta,sam,False,"['dist5_14', 'ang1_3_5', 't7_8_17', 'dist3_16', 'dist3_11', 'dist3_12', 'dist7_13', 'dist11_14', 'dist14_15', 'dist2_13', 'dist3_8', 'dist6_17', 'ang2_4_5', 't2_3_7', 't4_5_8', 'dist3_17', 'ang2_3_4', 'dist8_14', 't6_7_9', 'dist2_16']",random_forest,17.577459624956287,8.74137431597567,11.811336171410055,508,20,pca
esta,sam,False,"['dist5_6', 'dist5_9', 'ang2_3_4', 'dist2_6', 'dist5_7', 'dist6_9', 'ang1_4_5', 'ang6_10_4', 't2_5_6', 'dist6_8', 'dist13_14', 'dist12_15', 'dist1_8', 'dist2_9', 'dist3_6', 'dist3_9', 'dist9_15', 'dist12_13', 'ang1_3_5', 'ang2_3_5']",random_forest,25.41437077428617,17.32503594845942,8.092780167130721,509,20,pca
esta,rosie,False,"['t2_3_7', 'dist2_3', 'dist3_5', 'dist12_15', 't3_7_16', 't4_5_8', 'dist1_15', 'dist2_6', 'dist2_11', 'dist2_15', 'dist3_7', 'dist5_12', 'dist9_12', 'dist11_14', 'dist13_14', 'ang1_4_3', 'ang6_10_4', 't5_8_9', 't3_4_5', 't3_5_7']",random_forest,13.598579588206846,10.857246785920374,2.853686395030627,510,20,pca
esta,rosie,False,"['dist1_4', 'dist1_8', 'dist5_14', 'dist7_12', 'dist2_3', 'dist2_4', 'dist3_6', 'dist3_7', 'dist3_10', 'dist4_12', 'dist9_12', 'dist11_16', 'dist12_15', 'ang6_10_4', 't2_3_7', 't3_7_16', 't3_4_5', 't3_5_7', 't13_14_17', 'dist1_3']",random_forest,13.508105180936566,8.36014714179356,8.845360846802047,511,20,pca
esta,otella,False,"['t2_5_6', 'dist6_17', 'ang3_4_3', 't6_7_9', 't1_3_5', 'dist13_14', 'dist2_3', 'dist2_11', 'dist2_14', 'dist3_6', 'dist4_11', 'dist5_12', 'dist5_16', 'dist6_9', 'dist7_10', 'dist7_12', 'dist7_15', 'dist9_12', 'dist10_11', 'dist11_14']",random_forest,18.542680886731855,11.34916375533278,7.576483012033716,512,20,pca
esta,otella,False,"['t2_4_5', 't1_3_5', 'dist7_10', 'dist9_12', 'dist13_14', 'dist2_3', 'dist2_4', 'dist2_14', 'dist2_15', 'dist4_12', 'dist5_12', 'dist6_8', 'dist7_12', 'dist7_15', 'dist8_12', 'dist10_11', 'dist12_15', 'dist13_15', 't1_6_7', 't6_7_9']",random_forest,4.089329191253184,1.1416596312101688,3.0462577876131367,513,20,pca
esta,japet,False,"['dist2_11', 'dist11_14', 'dist3_8', 'dist3_10', 'dist12_13', 'ang6_10_4', 't3_4_5', 't13_14_15', 'dist1_3', 'dist1_13', 'dist2_12', 'dist3_14', 'dist3_15', 'dist4_8', 'dist4_12', 'dist5_14', 'dist5_16', 'dist7_15', 'dist9_11', 'dist9_12']",random_forest,16.67490938586181,8.618749833125365,12.680246404523071,514,20,pca
esta,japet,False,"['dist5_14', 'dist9_10', 't3_5_10', 'dist3_10', 'ang2_3_4', 'ang6_10_4', 't3_4_5', 'dist1_8', 'dist2_11', 'dist4_10', 'dist4_11', 'dist4_12', 'dist7_13', 'dist7_15', 'dist11_16', 'dist12_17', 't4_5_8', 't1_3_5', 't2_4_8', 't13_14_17']",random_forest,21.694075518292177,10.542265473963779,12.900531827434369,515,20,pca
esta,nuernberg_2,False,"['t2_4_5', 'dist5_15', 'ang4_9_5', 'dist2_16', 'dist1_5', 'dist2_4', 'dist3_15', 'dist8_17', 'ang2_3_4', 't2_4_7', 't7_8_17', 'dist2_5', 'dist10_14', 'dist11_13', 'dist12_13', 't2_3_5', 't3_4_5', 'dist8_14', 'dist8_15', 'dist1_3']",random_forest,10.517194103041097,5.058120295124022,5.622038352306303,516,20,pca
esta,nuernberg_2,False,"['dist7_10', 't6_7_17', 'dist7_13', 't4_5_8', 'dist2_17', 'dist6_10', 'ang2_4_5', 'dist6_9', 'dist11_14', 't6_7_9', 'dist3_17', 'dist2_9', 'dist8_10', 'dist13_14', 't7_8_9', 't8_9_17', 'dist3_8', 't2_4_5', 't3_7_16', 'dist3_11']",random_forest,5.573417590992712,3.8072835767104127,1.7739504842717198,517,20,pca
esta,neznamy,False,"['dist5_14', 't3_4_5', 'dist3_10', 'dist4_10', 'ang6_10_4', 'dist1_13', 'dist2_4', 'dist7_13', 'dist12_13', 't4_5_8', 'dist1_3', 'dist1_12', 'dist2_9', 'dist4_8', 'dist4_9', 'dist4_11', 'dist10_14', 'dist11_14', 'ang1_3_5', 'ang1_4_5']",random_forest,17.650284711008258,7.832420982241795,10.738703259455658,518,20,pca
esta,neznamy,False,"['dist7_13', 'ang4_2_4', 'dist10_12', 'dist2_4', 'ang3_1_4', 'ang2_1_4', 'dist5_7', 'dist1_3', 'dist12_15', 't3_4_16', 'dist1_13', 'dist4_9', 'dist4_11', 'dist5_14', 'ang4_1_5', 'ang3_2_5', 'ang4_3_5', 't1_2_7', 'dist9_10', 'dist3_9']",random_forest,20.570177883302144,10.183568239142433,10.619084606132557,519,20,pca
esta,nokia,False,"['dist3_16', 't3_4_16', 'ang1_3_5', 'dist1_13', 'dist5_14', 'dist12_14', 'dist12_17', 't13_14_16', 'ang6_4_10', 't13_14_15', 'dist1_2', 'dist1_6', 'dist3_5', 'dist6_11', 'dist7_12', 'dist7_13', 'dist11_14', 'dist12_13', 'dist1_4', 'dist11_13']",random_forest,8.380942537986234,1.9268846273453597,7.161426310569734,520,20,pca
esta,nokia,False,"['dist7_13', 't13_14_15', 'dist7_12', 'ang6_10_4', 'dist3_15', 'dist5_14', 'dist6_8', 'dist11_14', 'dist12_14', 'dist12_17', 'dist3_16', 'dist3_6', 'dist3_8', 'dist5_6', 'dist12_13', 'dist14_15', 't3_4_16', 't5_8_9', 't2_5_6', 'dist1_4']",random_forest,14.740412894866571,10.391430688028844,7.424219300419282,521,20,pca
esta,noel,False,"['dist4_9', 't2_4_5', 'dist1_2', 'dist2_4', 'dist3_6', 'dist3_9', 'dist4_8', 'dist4_10', 'ang1_3_5', 't3_7_16', 't4_7_8', 'dist2_14', 'dist3_7', 'dist3_8', 'dist3_17', 'dist4_11', 'dist6_13', 'dist7_13', 'dist11_17', 'dist12_13']",random_forest,9.61008912348501,3.398032497079555,6.214690737159198,522,20,pca
esta,noel,False,"['dist4_9', 'dist2_4', 'dist4_8', 'dist5_14', 'dist5_15', 'dist11_16', 'dist1_3', 'dist2_14', 'dist2_16', 'dist4_10', 'dist7_9', 'dist11_14', 'dist12_13', 'dist12_15', 'dist13_14', 'dist14_15', 'dist15_16', 'ang1_3_5', 'ang2_4_5', 'ang1_2_4']",random_forest,20.228888668764558,12.874388973157819,7.427883399829474,523,20,pca
esta,matysek,False,"['dist5_9', 'dist1_15', 'ang6_10_4', 'dist6_17', 'dist10_12', 'dist12_15', 'dist13_14', 'ang1_3_5', 't5_8_9', 't12_15_17', 'dist7_14', 'dist1_13', 'dist5_6', 'dist5_7', 'dist5_8', 'dist11_12', 'ang1_4_5', 't1_6_7', 't2_4_7', 't2_5_6']",random_forest,21.60088630030509,10.437032688573767,14.441674355949282,524,20,pca
esta,matysek,False,"['dist5_14', 'dist14_16', 'dist5_9', 'dist13_14', 'dist1_13', 'dist2_4', 'dist7_14', 'dist12_15', 'ang1_3_5', 't5_8_9', 'dist1_5', 'dist1_6', 'dist1_15', 'dist3_14', 'dist5_7', 'dist5_8', 'dist8_16', 'dist11_12', 'dist15_17', 'ang3_2_5']",random_forest,19.15897977765636,7.9560427642820475,11.825081294373554,525,20,pca
esta,lucka,False,"['dist5_9', 'ang6_10_4', 't1_3_5', 'dist5_7', 'dist2_3', 'dist5_6', 'dist5_13', 'dist5_16', 'dist13_14', 't4_5_8', 'dist1_4', 'dist1_5', 'dist2_14', 'dist5_8', 'dist6_9', 'dist7_14', 'dist10_15', 'dist12_15', 'dist14_16', 't5_8_9']",random_forest,17.565569847690625,9.804885421498813,9.096291305728325,526,20,pca
esta,lucka,False,"['dist3_10', 'dist5_14', 'dist6_17', 'dist2_3', 'dist2_4', 'dist2_8', 'dist2_11', 'dist2_14', 'dist3_6', 'dist4_12', 'dist7_12', 'dist10_15', 'dist12_15', 'ang6_10_4', 't4_7_8', 't7_8_16', 't5_8_9', 't8_9_17', 't3_4_5', 't13_14_17']",random_forest,12.968038218682768,6.346268021144049,8.411859171250228,527,20,pca
esta,nuernberg_1,False,"['dist5_7', 'ang4_9_5', 'dist4_10', 'dist4_8', 'dist7_13', 't7_8_17', 'dist3_17', 'dist5_10', 'dist4_9', 'dist6_8', 't3_4_16', 't2_4_8', 'dist3_10', 'dist3_16', 'dist10_12', 'ang1_2_4', 'ang3_4_3', 'dist6_17', 'dist1_9', 'dist2_3']",random_forest,23.213874041540446,14.51250705847625,9.07136810352757,528,20,pca
esta,nuernberg_1,False,"['dist5_14', 'dist3_17', 't3_4_5', 'dist1_13', 'dist3_5', 'dist3_8', 'dist4_8', 'dist7_13', 'dist8_16', 'ang2_3_5', 'ang2_3_4', 'dist12_13', 'dist9_14', 'dist2_13', 'dist3_9', 'dist5_7', 'dist6_17', 'ang3_1_4', 'ang1_3_4', 't1_2_7']",random_forest,19.12411693802668,9.55406360349262,9.704879885489193,529,20,pca
esta,leni,False,"['dist1_9', 'dist2_3', 'dist4_10', 'ang4_3_5', 't4_5_8', 't2_4_8', 't3_5_10', 'dist1_4', 'dist2_7', 'dist2_9', 'dist3_6', 'dist3_7', 'dist3_8', 'dist3_10', 'dist4_11', 'dist4_12', 'dist5_14', 'dist11_16', 'ang2_4_5', 'ang6_10_4']",random_forest,25.22431814819447,12.828112976090884,13.800978775409082,530,20,pca
esta,leni,False,"['t2_3_7', 'dist2_3', 'dist12_13', 'dist4_11', 'dist5_14', 'dist7_13', 'dist8_14', 'ang1_3_5', 'ang5_3_4', 't2_4_5', 't2_4_8', 't3_5_10', 'dist1_8', 'dist3_15', 'dist4_8', 'dist4_12', 'dist8_10', 'dist8_16', 'dist9_11', 'dist11_16']",random_forest,17.467725923525016,6.101853852371161,11.533165210235218,531,20,pca
esta,innsbruck_1,False,"['t3_4_5', 't3_5_10', 'dist3_15', 'dist5_14', 'dist7_13', 'ang6_10_4', 't4_5_8', 'dist2_11', 'dist3_7', 'dist3_10', 'dist6_9', 'dist6_17', 'dist8_14', 'dist10_14', 'dist11_16', 'dist14_16', 'ang1_3_5', 'ang1_4_5', 't2_3_7', 't3_4_16']",random_forest,20.56419759722318,7.628138313907005,13.129485765887745,532,20,pca
esta,innsbruck_1,False,"['dist12_17', 'dist4_9', 'dist7_12', 't3_4_5', 't3_5_10', 'dist2_11', 'dist3_5', 'ang6_10_4', 't2_4_8', 't3_6_10', 'dist1_2', 'dist1_10', 'dist1_13', 'dist2_4', 'dist2_7', 'dist2_8', 'dist3_8', 'dist3_9', 'dist3_10', 'dist3_15']",random_forest,19.017557714657148,7.055298179502198,12.87872207616302,533,20,pca
esta,shorfy,False,"['dist2_11', 'dist5_14', 't3_4_5', 'dist1_8', 'dist2_4', 'dist2_14', 'dist3_6', 'dist3_10', 'dist4_12', 'dist7_12', 'dist11_14', 'dist11_16', 'dist12_15', 'dist14_16', 't4_7_8', 't5_8_9', 't6_7_9', 't8_9_17', 't3_5_10', 't13_14_17']",random_forest,8.859448162712704,0.7134336877378434,8.680624519610776,534,20,pca
esta,shorfy,False,"['ang1_2_5', 't2_4_5', 'dist2_16', 'dist7_10', 'dist9_10', 'dist12_13', 't2_3_5', 'dist1_13', 'dist2_4', 'dist2_9', 'dist2_17', 'dist6_8', 'dist6_9', 'dist6_13', 'dist8_10', 'dist11_12', 'dist12_17', 'ang1_2_4', 't8_9_17', 't1_3_5']",random_forest,19.240601908079224,6.526214472444331,13.14782669430689,535,20,pca
esta,paulinchen,False,"['dist5_9', 'dist1_17', 'dist1_8', 'dist8_16', 'dist8_9', 't5_8_9', 'dist2_6', 'dist11_17', 't4_7_8', 'dist1_9', 'dist1_10', 'dist5_8', 'dist6_13', 'dist7_14', 'dist11_14', 'ang2_7_5', 'ang6_10_4', 'dist7_13', 'dist15_16', 'ang3_4_3']",random_forest,21.899596579830387,11.510670042823934,11.383451343526872,536,20,pca
esta,paulinchen,False,"['ang6_10_4', 'dist2_7', 'dist5_8', 't7_8_9', 'dist5_7', 'dist5_9', 'dist8_10', 'dist8_17', 'ang2_7_5', 't8_9_17', 'dist1_13', 'dist5_10', 'dist8_9', 'ang4_2_5', 't1_2_7', 'dist8_16', 'dist7_9', 'ang3_4_3', 'dist2_6', 'dist1_5']",random_forest,23.42343626765845,7.644121620088874,20.465579674376457,537,20,pca
esta,mette,False,"['dist6_10', 'dist3_6', 'dist3_7', 'dist6_9', 'dist7_10', 'dist6_8', 'dist6_17', 't3_7_16', 't6_7_9', 'dist7_8', 'dist2_6', 'dist5_6', 'dist5_9', 'dist5_14', 'dist7_9', 'dist10_17', 'dist12_16', 'ang1_4_5', 'ang3_1_4', 'ang2_3_4']",random_forest,6.6569161512225445,3.753404272718357,10.16681795127476,538,20,pca
esta,mette,False,"['dist7_10', 'dist9_10', 't3_5_10', 'dist9_14', 'dist10_17', 'dist14_17', 'dist7_9', 'dist1_15', 'dist2_4', 'dist4_7', 'dist7_14', 'dist10_14', 'dist12_13', 'dist14_15', 't3_7_16', 't6_7_9', 't4_6_10', 'dist3_7', 'dist5_7', 'dist5_15']",random_forest,5.37402519329728,1.39943932091388,6.175146957212559,539,20,pca
esta,zewe,False,"['t2_4_5', 'dist5_14', 't2_3_5', 'dist5_10', 't4_5_8', 'dist1_8', 'dist7_10', 'dist8_10', 'dist5_15', 'ang1_2_4', 'dist14_15', 'dist1_9', 'dist5_16', 'dist7_9', 'ang4_9_5', 'dist1_2', 'dist8_15', 'dist8_16', 'ang6_10_4', 't7_8_16']",random_forest,14.781651158675684,7.227150244258525,8.441669382558867,540,20,pca
esta,zewe,False,"['t4_5_8', 't2_4_5', 'dist9_10', 'dist5_7', 'dist7_10', 'dist8_10', 'dist8_17', 't8_9_17', 't3_4_5', 'dist1_3', 'dist1_13', 'dist2_4', 'dist5_14', 'dist5_16', 'dist6_15', 'dist10_17', 'dist14_17', 'ang1_3_5', 'ang3_1_4', 't5_8_9']",random_forest,4.221429172820685,1.9155291902976739,3.4713608506824705,541,20,pca
esta,gesa,False,"['dist2_11', 't3_7_16', 'dist1_4', 'dist1_8', 'dist2_4', 'dist2_14', 'dist3_10', 'dist4_12', 'dist6_17', 'dist9_10', 'dist11_16', 'dist11_17', 't4_7_8', 't7_8_16', 't8_9_17', 't2_4_8', 't3_5_10', 't13_14_17', 'dist1_3', 'dist1_6']",random_forest,6.960754253019603,1.0598997542320319,7.208717540360415,542,20,pca
esta,gesa,False,"['dist2_11', 't8_9_17', 't3_5_10', 'dist2_3', 'dist2_4', 'dist3_10', 'dist3_12', 'dist4_12', 'dist5_15', 'dist6_13', 'dist6_17', 'dist7_8', 'dist8_9', 'dist8_15', 'dist9_15', 'dist11_14', 'dist11_16', 'dist12_13', 'dist14_17', 'dist15_17']",random_forest,3.838050826256417,1.4077917144130134,5.031454288551982,543,20,pca
esta,frida,False,"['dist4_8', 't2_4_8', 't2_4_7', 'dist7_10', 'dist2_4', 'ang5_3_4', 't4_7_8', 'dist9_10', 't3_7_16', 'ang1_4_3', 'dist6_15', 'dist1_2', 'dist1_4', 'dist1_9', 'dist1_10', 'dist3_7', 'dist4_14', 'dist5_9', 'dist6_10', 'dist7_13']",random_forest,13.429816590880096,6.93959429973224,6.6229069939630785,544,20,pca
esta,frida,False,"['dist1_13', 't8_9_17', 'ang6_10_4', 'ang1_3_4', 'dist1_2', 'dist9_17', 'dist7_17', 'dist6_9', 'dist7_9', 't2_4_7', 't1_3_5', 'dist1_10', 'dist2_8', 'dist2_14', 'dist5_17', 'dist8_10', 'dist12_13', 'dist14_15', 't2_5_6', 't6_7_17']",random_forest,11.679364485495382,6.344092789378586,11.834545709030744,545,20,pca
esta,fousek,False,"['dist5_9', 'dist7_15', 'ang6_10_4', 'dist2_7', 't5_8_9', 'ang3_4_3', 'dist12_14', 'ang1_2_5', 'dist6_8', 'dist6_13', 'dist12_17', 't12_13_15', 't13_14_15', 't12_15_17', 'dist4_14', 't4_5_8', 'dist1_15', 'ang4_2_4', 'dist11_12', 't1_2_7']",random_forest,7.226022719952736,5.11546727971719,2.9216669699219264,546,20,pca
esta,fousek,False,"['t4_5_8', 'dist2_7', 'dist5_14', 'dist9_11', 'dist3_5', 'dist8_16', 'dist15_17', 'dist2_9', 'ang5_1_4', 'dist2_8', 'ang4_3_5', 'dist5_12', 'dist6_8', 'dist6_17', 'dist8_9', 'dist9_10', 'ang3_1_4', 't12_15_17', 'dist5_6', 'dist5_9']",random_forest,9.940132984719138,5.2307404391278665,4.710474732289833,547,20,pca
esta,vladimir,False,"['dist8_15', 'ang6_10_4', 'dist2_3', 'dist7_13', 'dist10_11', 'dist15_16', 'ang2_4_5', 'dist5_9', 'dist13_16', 'dist4_13', 'dist5_14', 'dist5_15', 'dist9_15', 'dist10_15', 'ang3_4_3', 'ang4_9_5', 'ang2_7_5', 't2_3_7', 't1_3_5', 't3_4_5']",random_forest,30.1742033933523,16.77560218504163,16.586259742155544,548,20,pca
esta,vladimir,False,"['dist1_9', 'dist5_6', 'dist7_13', 'ang6_10_4', 't7_8_17', 'dist6_10', 'dist7_15', 't3_4_5', 'dist1_2', 'dist2_9', 'ang1_3_5', 'dist2_16', 'dist3_8', 'dist3_13', 'dist6_8', 't6_7_17', 't1_3_5', 'dist2_11', 'dist8_9', 't2_4_5']",random_forest,9.382682111441524,6.299430700864313,3.366635244036509,549,20,pca
cibak,zanetka,False,"['dist2_11', 'dist5_14', 'dist2_9', 'dist3_7', 'dist3_10', 'dist4_12', 'dist5_9', 'dist11_16', 'dist12_15', 'dist14_16', 't4_7_8', 't4_5_8', 't6_7_9', 't8_9_17', 't3_4_5', 't2_4_8', 't13_14_17', 't13_14_16', 'dist1_3', 'dist1_4']",random_forest,12.072318184260238,4.040102844901649,8.232036589090221,550,20,pca
cibak,zanetka,False,"['t3_4_5', 'dist2_11', 'dist5_14', 't2_4_5', 'dist1_4', 'dist2_9', 'dist3_7', 'dist3_10', 'dist4_12', 'dist5_16', 'dist11_16', 'dist12_15', 'dist14_16', 'dist16_17', 't4_7_8', 't4_5_8', 't5_8_9', 't8_9_17', 't13_14_17', 'dist1_3']",random_forest,8.50167492202432,1.9435400703260182,6.675620435848914,551,20,pca
cibak,sam,False,"['t7_8_17', 'dist11_15', 'dist5_6', 'dist7_16', 'dist8_17', 'dist8_16', 'dist16_17', 'ang1_2_5', 'ang1_2_4', 'dist7_8', 'dist6_17', 'dist7_10', 'dist7_17', 'ang2_1_4', 'ang3_1_4', 't7_8_16', 't4_5_8', 't2_5_6', 'dist9_10', 'dist14_17']",random_forest,14.135646247066502,5.28417835308957,10.169731073628272,552,20,pca
cibak,sam,False,"['t7_8_16', 'dist5_14', 'dist7_9', 't4_7_8', 't2_4_7', 'dist13_17', 'dist2_8', 'dist2_9', 'dist3_7', 'dist4_7', 'dist16_17', 'ang4_1_5', 'ang1_4_5', 't7_8_17', 't8_9_17', 't6_9_10', 't1_3_5', 't4_6_10', 't13_14_17', 'dist1_3']",random_forest,12.236135382124829,10.024516902742194,3.24376261243619,553,20,pca
cibak,rosie,False,"['dist1_8', 't3_4_5', 'dist1_4', 'dist2_8', 'dist5_14', 't2_4_8', 'dist1_3', 'dist1_16', 'dist2_3', 'dist2_9', 'dist3_6', 'dist7_13', 'dist8_14', 'dist9_11', 'dist13_16', 'dist16_17', 'ang4_9_5', 't3_7_16', 't4_7_8', 't7_8_16']",random_forest,13.911532835336539,7.165248434120401,6.897191597245836,554,20,pca
cibak,rosie,False,"['dist4_10', 'dist5_14', 't2_4_8', 'dist1_3', 'dist1_13', 'dist1_15', 'dist2_9', 'dist3_7', 'dist3_17', 'dist4_12', 'dist8_16', 'dist11_14', 'ang4_9_5', 't2_3_7', 't3_7_16', 't4_7_8', 't7_8_16', 't4_5_8', 't8_9_17', 't1_3_5']",random_forest,14.107802981351265,3.1106113481978404,11.071997843026788,555,20,pca
cibak,otella,False,"['dist7_13', 't3_4_5', 'dist1_13', 'dist1_15', 'dist2_7', 'dist2_9', 'dist2_15', 'dist3_6', 'dist4_7', 'dist4_11', 'dist4_12', 'dist5_12', 'dist5_14', 'dist5_16', 'dist12_13', 'dist12_16', 'dist13_17', 'dist15_16', 'dist16_17', 't2_3_7']",random_forest,3.4482136189232735,1.3792649134000807,2.069406632763587,556,20,pca
cibak,otella,False,"['dist5_14', 'dist6_17', 'dist7_13', 't2_4_8', 'dist2_8', 'dist3_9', 'dist3_15', 'dist4_7', 'dist6_9', 'dist7_12', 'dist8_16', 'dist12_13', 'dist12_17', 'dist15_16', 't4_5_8', 't6_7_9', 't3_4_5', 't13_14_17', 'dist1_4', 'dist1_9']",random_forest,7.818653920143284,3.839621086079459,3.996883578508661,557,20,pca
cibak,japet,False,"['dist14_16', 'dist3_5', 'dist3_4', 'dist5_8', 'dist8_15', 'dist5_7', 't3_4_5', 'dist2_14', 'dist5_12', 'dist6_11', 'dist8_16', 'dist11_17', 'ang2_1_4', 't2_4_7', 't1_3_5', 'dist3_12', 'dist6_12', 'ang4_9_5', 'dist15_17', 't13_14_16']",random_forest,9.069594885837018,6.189379602073583,4.687493895247957,558,20,pca
cibak,japet,False,"['dist14_16', 't2_3_5', 'dist3_14', 't3_4_5', 'ang4_9_5', 'dist13_14', 'dist12_15', 'dist2_14', 'dist3_5', 't12_15_17', 'dist1_4', 'dist2_3', 'dist2_7', 'dist5_8', 't2_4_7', 'ang2_7_5', 'dist3_13', 'dist1_12', 'dist4_10', 'dist5_16']",random_forest,19.58339906633219,12.656070420709323,6.990980836462704,559,20,pca
cibak,ducky,False,"['t2_4_5', 'ang2_7_5', 't2_4_8', 't12_15_17', 'dist1_8', 'dist5_12', 'dist7_15', 't1_3_5', 't2_5_9', 'dist1_10', 'dist1_15', 'dist2_3', 'dist2_4', 'dist2_13', 'dist2_14', 'dist2_16', 'dist3_14', 'dist5_8', 'dist5_9', 'dist5_16']",random_forest,19.542034302504064,11.540141980533903,11.358108264037966,560,20,pca
cibak,ducky,False,"['t2_4_5', 't3_4_5', 't2_4_8', 'dist2_14', 'dist5_7', 'dist3_5', 'dist1_10', 'dist2_4', 'dist4_7', 'dist5_9', 'dist5_13', 'dist5_16', 'dist7_15', 'dist10_15', 'dist12_15', 'dist14_16', 'dist15_17', 't3_4_16', 't4_5_8', 't1_6_7']",random_forest,7.220130310372307,0.7916825364116351,8.011746110895167,561,20,pca
cibak,nuernberg_2,False,"['dist7_9', 'dist5_14', 't7_8_16', 't7_8_17', 'dist7_16', 't8_9_17', 'dist7_8', 'dist6_9', 'dist9_15', 't7_8_9', 't2_4_5', 't3_4_5', 'dist4_13', 'dist14_17', 'dist1_5', 'dist4_7', 'dist7_13', 't1_3_5', 'ang2_1_5', 't4_5_8']",random_forest,4.965928580407641,3.301290367147256,2.473327787555896,562,20,pca
cibak,nuernberg_2,False,"['dist5_14', 'dist6_9', 'dist5_6', 'dist6_8', 'dist7_9', 'dist9_12', 't7_8_17', 't4_7_8', 'dist5_17', 'dist3_7', 'dist2_9', 'dist3_13', 'dist6_15', 'dist9_11', 'dist9_14', 'dist9_16', 'dist13_16', 'dist13_17', 'ang4_9_5', 'dist14_17']",random_forest,5.898525086792395,6.843813106237322,0.9648260679068752,563,20,pca
cibak,neznamy,False,"['dist7_9', 'dist3_4', 'ang4_2_4', 'ang4_3_5', 'dist8_14', 'dist14_16', 't2_4_8', 'dist1_11', 'dist1_12', 'dist5_7', 'dist7_14', 'ang5_1_4', 'ang4_9_5', 't7_8_17', 'dist2_8', 'dist5_13', 'dist8_16', 'dist9_10', 'dist13_16', 'ang2_3_4']",random_forest,9.025468572019701,3.060929404241775,6.100589505522905,564,20,pca
cibak,neznamy,False,"['dist6_10', 'dist8_14', 't2_4_5', 'dist6_9', 'dist8_10', 'ang3_4_3', 'dist11_12', 'ang3_1_4', 'dist1_9', 'dist2_3', 'dist2_11', 'dist4_16', 'dist7_9', 'dist13_16', 'ang3_2_4', 'ang4_9_5', 'dist14_15', 'dist10_15', 'dist1_4', 'dist6_13']",random_forest,9.723362995680167,6.13330307731161,3.6471258866397456,565,20,pca
cibak,nokia,False,"['dist4_9', 'dist16_17', 'ang1_3_4', 'ang4_2_5', 'dist4_10', 'dist11_12', 'ang3_1_4', 'dist10_15', 'dist10_17', 'dist3_4', 'dist3_15', 'dist4_8', 'dist8_15', 'dist9_15', 'dist9_16', 'dist15_17', 'ang4_3_5', 'ang5_3_4', 'ang3_4_3', 'dist1_3']",random_forest,17.557215290480993,2.3532412893788273,17.253262226164903,566,20,pca
cibak,nokia,False,"['dist6_8', 'dist4_8', 'dist6_10', 'dist6_17', 't4_5_8', 'dist7_9', 't7_8_17', 't8_9_17', 't3_6_10', 't4_6_10', 'dist3_6', 'dist3_17', 'dist4_6', 'dist4_9', 'dist5_6', 'dist6_9', 'dist6_14', 'dist6_16', 'dist7_13', 'dist8_16']",random_forest,10.051508047333689,6.851827226260547,3.2190490606698368,567,20,pca
cibak,noel,False,"['t3_4_5', 'dist5_14', 't8_9_17', 'ang2_7_5', 't2_4_5', 'dist10_11', 'dist2_11', 'dist8_15', 'dist2_8', 'dist5_16', 'dist6_10', 'dist7_10', 'dist12_17', 'dist13_16', 'ang2_4_3', 'ang6_10_4', 't7_8_16', 'dist8_16', 't7_8_9', 'dist14_15']",random_forest,17.88498000610017,8.484923808643616,22.186462420649313,568,20,pca
cibak,noel,False,"['dist5_14', 'dist2_8', 't7_8_16', 't8_9_17', 't3_4_5', 'dist8_16', 't2_4_5', 'dist10_15', 'dist5_16', 'ang2_7_5', 'dist1_6', 'dist1_9', 'dist7_10', 'dist9_11', 'dist12_13', 'dist13_14', 't7_8_17', 't2_3_5', 't2_3_8', 'dist1_8']",random_forest,17.72666361741216,6.224512536048321,22.89608823103296,569,20,pca
cibak,matysek,False,"['dist7_13', 't8_9_17', 'ang2_7_5', 'dist2_9', 'dist3_7', 'dist11_15', 't2_4_5', 'dist4_8', 't4_5_8', 'dist5_10', 'dist6_10', 'dist2_13', 'dist4_14', 'dist9_13', 'ang1_4_5', 't3_7_16', 't3_6_10', 'dist9_17', 'dist11_14', 'ang2_3_4']",random_forest,20.21165310471155,10.66360479349605,12.925611886292975,570,20,pca
cibak,matysek,False,"['dist6_9', 'dist4_8', 'dist10_17', 'ang4_9_5', 'dist4_14', 't4_5_8', 'dist6_15', 't3_5_10', 'dist13_17', 't8_9_17', 't3_5_7', 'dist2_7', 'dist6_17', 'dist7_10', 'dist7_13', 'dist9_17', 'dist16_17', 't5_9_10', 't3_6_10', 't2_3_7']",random_forest,9.747184276360619,7.171578909986951,2.815882202980183,571,20,pca
cibak,lucka,False,"['dist2_11', 'dist5_14', 'dist6_17', 't3_4_5', 't2_4_8', 'dist2_9', 'dist3_7', 'dist3_10', 'dist4_12', 'dist7_13', 'dist9_15', 'dist10_15', 'dist12_15', 't3_7_16', 't4_7_8', 't4_5_8', 't7_8_17', 't8_9_17', 't13_14_17', 't13_14_16']",random_forest,10.997645793630285,3.505211210114149,7.5136687205399255,572,20,pca
cibak,lucka,False,"['dist1_3', 'dist1_8', 'dist5_14', 'dist12_15', 't4_5_8', 't6_7_9', 't2_4_8', 'dist1_4', 'dist2_3', 'dist2_11', 'dist5_16', 'dist6_15', 'dist7_10', 'dist10_15', 'dist12_16', 'dist13_17', 't4_7_8', 't7_8_16', 't1_3_5', 't2_4_5']",random_forest,10.11892166938051,3.8405623434304075,6.424020667934392,573,20,pca
cibak,nuernberg_1,False,"['dist5_16', 'dist6_8', 'dist7_10', 'ang2_4_5', 't2_5_6', 'dist6_10', 'dist6_17', 't7_8_16', 'dist2_4', 'dist2_11', 'dist4_14', 'dist5_9', 'dist6_9', 'dist6_14', 'dist7_9', 'dist8_10', 'dist9_12', 'ang4_3_5', 'ang3_4_3', 't6_7_17']",random_forest,17.030425025993924,4.434358641515509,12.614416818079592,574,20,pca
cibak,nuernberg_1,False,"['dist8_16', 'dist7_10', 't7_8_17', 'dist7_16', 't7_8_16', 'dist16_17', 'ang4_1_5', 'ang1_3_4', 't3_7_16', 't8_9_17', 'dist5_16', 'dist3_17', 'dist5_9', 'dist8_17', 'ang2_4_5', 'ang2_7_5', 't3_4_16', 't6_7_9', 't3_5_7', 't2_5_6']",random_forest,16.28526553743474,12.225334407499894,4.15515181660226,575,20,pca
cibak,leni,False,"['dist1_8', 'dist1_16', 't2_4_5', 'dist1_4', 'dist6_17', 't2_4_8', 'dist1_10', 'dist2_4', 'dist4_13', 'dist9_12', 'ang3_4_3', 'ang1_3_4', 'dist2_3', 'dist2_14', 'dist2_16', 'dist5_12', 'dist7_12', 'dist10_12', 't1_3_5', 't12_15_17']",random_forest,16.009826852774875,13.9658543510314,6.634631038566234,576,20,pca
cibak,leni,False,"['dist6_8', 'ang2_4_5', 'dist8_16', 't2_3_5', 't3_7_16', 'dist7_10', 't3_6_10', 'dist9_11', 'dist16_17', 'dist3_6', 't6_7_17', 'dist2_14', 'dist3_13', 'dist4_10', 'dist6_17', 'dist4_9', 'dist9_12', 'dist8_10', 'dist2_13', 'dist1_4']",random_forest,8.747825550787537,6.005263337934829,13.037853306596663,577,20,pca
cibak,innsbruck_1,False,"['dist5_9', 't3_4_5', 't2_4_7', 't5_9_10', 't2_5_10', 't12_15_17', 't2_4_5', 'dist12_15', 'dist7_10', 't1_3_5', 'dist1_5', 'dist2_15', 'dist4_16', 'dist5_16', 'dist8_16', 'dist9_10', 'dist14_16', 'ang1_4_5', 't3_4_16', 't4_5_8']",random_forest,11.500679451845604,6.5309430173030965,12.226631524733135,578,20,pca
cibak,innsbruck_1,False,"['t2_3_5', 'dist9_10', 'dist5_16', 't3_4_16', 'dist12_15', 'dist13_14', 't2_4_5', 'dist5_17', 'dist1_14', 'dist2_4', 'dist3_14', 'dist13_16', 't5_8_9', 't12_15_17', 'dist2_14', 't4_5_8', 't3_4_5', 't13_14_16', 'dist1_12', 'dist2_15']",random_forest,9.257626516204864,1.4873146327996334,10.735754551496512,579,20,pca
cibak,shorfy,False,"['dist1_8', 'dist1_3', 'dist1_4', 'dist1_9', 'dist1_16', 'dist5_14', 'dist8_16', 'ang1_2_5', 't1_3_5', 't3_4_5', 'dist1_2', 'dist2_7', 'dist2_8', 'dist2_9', 'dist2_11', 'dist3_10', 'dist4_10', 'dist6_7', 'dist9_16', 'dist10_17']",random_forest,16.339306711358752,3.9823868171307892,12.357746151002228,580,20,pca
cibak,shorfy,False,"['dist1_3', 'dist5_14', 'dist8_16', 't3_4_5', 't1_3_5', 'dist1_9', 't2_4_8', 't3_6_10', 'dist1_10', 'dist1_13', 'dist2_3', 'dist2_8', 'dist2_9', 'dist2_11', 'dist3_8', 'dist3_10', 'dist4_9', 'dist5_6', 'dist6_17', 'dist7_13']",random_forest,8.836251934888068,3.2275412360137854,5.688823483945341,581,20,pca
cibak,paulinchen,False,"['dist1_8', 'ang2_3_4', 'dist3_6', 'dist3_10', 'dist3_17', 'dist5_9', 'dist11_15', 'ang1_4_3', 'ang3_4_3', 't3_7_16', 'dist1_4', 'dist2_4', 'dist3_5', 'dist7_17', 'dist9_11', 'dist11_14', 'ang4_3_5', 't7_8_16', 't4_5_8', 't5_8_9']",random_forest,27.909253898349288,18.55917505522154,9.431007984705085,582,20,pca
cibak,paulinchen,False,"['dist3_6', 'dist6_13', 'dist16_17', 't8_9_17', 't3_5_10', 't13_14_15', 't2_3_7', 'dist3_17', 't1_3_5', 'dist2_11', 'dist6_16', 'dist7_9', 'dist7_12', 'dist7_13', 'dist8_16', 'dist9_13', 'dist11_17', 'dist12_13', 't3_7_16', 't7_8_16']",random_forest,9.609595949302385,5.840282581227801,3.9953645489755667,583,20,pca
cibak,mette,False,"['dist3_7', 'dist4_10', 'dist7_13', 'dist11_14', 'dist2_9', 'dist2_11', 'dist4_7', 'dist5_6', 'dist6_7', 'dist6_9', 'dist6_14', 'dist6_17', 'dist7_9', 'dist7_14', 'dist11_16', 't2_3_7', 't3_7_16', 't4_7_8', 't7_8_16', 't4_5_8']",random_forest,5.426030475909801,3.1533067789418716,2.2839147198552525,584,20,pca
cibak,mette,False,"['dist11_14', 'dist6_17', 'dist1_3', 'dist7_10', 't2_3_7', 'dist1_13', 'dist3_7', 'dist5_11', 'dist6_8', 'dist6_14', 'dist6_15', 'dist8_9', 'dist9_17', 't3_7_16', 't4_7_8', 't7_8_16', 't6_7_9', 't8_9_17', 't3_4_5', 't2_4_8']",random_forest,5.977046069330856,2.7464982477367874,3.239176606627411,585,20,pca
cibak,zewe,False,"['dist5_14', 'dist1_3', 'dist1_4', 'dist1_8', 'dist1_15', 't3_4_5', 't2_4_8', 'dist12_15', 'dist1_16', 'dist2_6', 'dist2_9', 'dist5_16', 'dist7_10', 'dist13_16', 'dist16_17', 't3_7_16', 't4_7_8', 't4_5_8', 't6_7_9', 't8_9_17']",random_forest,4.4750415019341325,1.462145159464538,3.140094180935483,586,20,pca
cibak,zewe,False,"['dist1_8', 'dist1_4', 'dist1_15', 'dist5_14', 'dist6_17', 'dist12_15', 't2_4_5', 't3_4_5', 't2_4_8', 'dist2_4', 'dist5_16', 'dist6_9', 'dist6_15', 'dist13_14', 'dist13_16', 'dist13_17', 't3_7_16', 't4_5_8', 't6_7_9', 't8_9_17']",random_forest,6.314646197992953,2.5206820374620142,4.097752018769796,587,20,pca
cibak,gesa,False,"['dist1_8', 'dist2_11', 'dist5_14', 't2_4_8', 'dist2_4', 'dist2_8', 'dist3_10', 'dist4_12', 'dist7_12', 'dist11_16', 't3_7_16', 't4_5_8', 't6_7_9', 't8_9_17', 't3_4_5', 't13_14_17', 'dist1_3', 'dist1_4', 'dist1_12', 'dist1_16']",random_forest,11.212760772023078,4.952850180000842,6.261104312272713,588,20,pca
cibak,gesa,False,"['dist1_8', 'dist2_11', 'dist5_14', 't2_4_8', 'dist3_10', 'dist4_12', 'dist7_12', 'dist11_16', 'dist12_15', 'dist12_16', 't3_7_16', 't4_5_8', 't6_7_9', 't8_9_17', 't13_14_17', 'dist1_3', 'dist1_4', 'dist1_12', 'dist1_16', 'dist2_3']",random_forest,10.193629703611904,3.9649662702117885,6.229967689593778,589,20,pca
cibak,frida,False,"['dist2_13', 'dist3_8', 'dist4_9', 't1_3_5', 'dist7_13', 'dist10_16', 'dist11_14', 'dist8_16', 'dist11_16', 't7_8_16', 'dist5_6', 'dist5_8', 'dist5_14', 'ang2_1_5', 'ang6_9_10', 'ang6_10_4', 't3_5_10', 't3_6_10', 'dist9_16', 't4_6_10']",random_forest,12.155406180959671,8.857497166863242,4.325835803734676,590,20,pca
cibak,frida,False,"['dist4_9', 'dist5_14', 'dist9_14', 'ang6_10_4', 'dist6_15', 'dist5_6', 'dist12_17', 'dist3_8', 'dist11_14', 'dist8_13', 't4_5_8', 'dist4_10', 'dist16_17', 'dist3_9', 'dist2_3', 'dist6_17', 'dist9_16', 'dist11_16', 'dist13_17', 't3_7_16']",random_forest,10.014429996902724,4.025155429822935,6.302383048746273,591,20,pca
cibak,fousek,False,"['t8_9_17', 't3_4_5', 'dist10_15', 't4_5_8', 'dist5_9', 'dist7_12', 'dist11_15', 'dist9_15', 'ang1_3_4', 'dist7_14', 'dist7_16', 'dist5_7', 'dist9_11', 'dist5_14', 'dist1_8', 'dist3_5', 'dist6_15', 'dist7_11', 'dist2_11', 'dist16_17']",random_forest,4.316689287322004,7.20366715413301,3.005871403127825,592,20,pca
cibak,fousek,False,"['dist7_15', 'dist7_12', 'dist7_14', 'dist10_17', 'dist3_17', 'dist5_9', 'ang4_9_5', 'dist16_17', 't8_9_17', 'dist14_16', 'ang1_4_5', 't6_7_9', 'dist11_14', 'ang4_1_5', 't4_5_8', 'dist5_15', 'dist3_7', 'dist3_10', 'dist3_6', 'dist8_9']",random_forest,7.0581351310838665,7.872172921468631,3.6020939678135897,593,20,pca
cibak,esta,False,"['dist5_14', 'dist4_9', 'dist7_13', 'dist4_8', 'ang6_10_4', 't3_4_5', 'dist8_15', 'dist12_17', 'ang4_2_5', 'dist2_9', 'ang1_4_5', 'ang2_4_5', 'ang2_3_4', 't4_5_8', 'dist5_7', 'dist7_15', 'dist9_16', 't4_7_8', 'dist16_17', 'dist5_10']",random_forest,22.953503418740393,10.741562721119767,14.350848061341551,594,20,pca
cibak,esta,False,"['dist4_9', 'dist5_14', 'dist7_13', 'dist4_8', 'ang4_1_5', 'ang2_1_4', 'ang4_2_4', 'ang6_10_4', 'dist9_12', 'ang4_2_5', 'dist12_15', 'ang5_1_4', 'dist2_9', 'dist4_16', 'dist5_7', 'dist9_16', 'dist13_17', 'dist4_10', 'dist8_16', 'dist10_15']",random_forest,25.179319005586272,11.538633239856155,13.95450696298047,595,20,pca
cibak,vladimir,False,"['t7_8_16', 'dist6_16', 'ang6_9_10', 'dist9_16', 'dist1_2', 'dist1_8', 'dist2_12', 'dist7_9', 'dist16_17', 't5_6_10', 'dist8_16', 'dist1_13', 'dist3_6', 'dist7_15', 'dist10_11', 'ang1_4_5', 'ang2_4_5', 't2_5_6', 't6_10_11', 'dist1_3']",random_forest,13.027783469768373,5.891652250527322,12.382176337193439,596,20,pca
cibak,vladimir,False,"['dist5_6', 'dist1_8', 'dist2_6', 'dist6_10', 'dist6_15', 'ang1_3_4', 't5_6_10', 't7_8_16', 'dist10_11', 'dist8_16', 'dist4_8', 'dist1_13', 'dist2_3', 'dist2_17', 'dist3_6', 'dist6_16', 'dist8_17', 'dist9_16', 'dist11_15', 'ang7_6_10']",random_forest,16.196532542389217,8.17001630989253,8.268392247659746,597,20,pca
cibak,ecki,False,"['dist5_14', 'ang1_2_5', 'dist12_17', 'dist8_16', 'ang2_3_4', 't3_4_5', 'dist1_4', 'dist4_6', 'dist4_14', 'dist5_16', 'ang2_1_5', 'ang4_1_5', 'ang3_2_5', 'ang2_3_5', 'ang5_1_4', 'ang1_3_4', 'ang1_4_3', 'ang2_4_3', 'dist8_14', 'dist4_7']",random_forest,52.046553353847905,9.61736917044789,42.53146532058327,598,20,pca
cibak,ecki,False,"['t4_7_8', 'dist2_11', 'dist5_14', 'dist5_15', 'dist8_15', 'dist9_10', 'dist12_17', 'dist1_8', 'dist2_4', 'dist4_7', 'dist4_11', 'dist4_12', 'dist5_8', 'dist5_12', 'dist7_15', 'dist9_15', 'dist15_17', 'ang4_1_5', 'ang5_1_4', 'ang1_3_4']",random_forest,26.203274771558338,5.161544480108519,21.071632687433727,599,20,pca
anton,zanetka,False,"['dist1_8', 'dist6_17', 'dist5_14', 't2_4_8', 'dist1_4', 'dist2_3', 'dist2_4', 'dist4_11', 'dist7_12', 'dist9_15', 'dist12_15', 'ang6_10_4', 't3_7_16', 't3_4_5', 't13_14_17', 'dist1_3', 'dist1_5', 'dist1_12', 'dist2_8', 'dist2_11']",random_forest,12.867394133624677,6.696414764635003,6.768063355099841,600,20,pca
anton,zanetka,False,"['dist2_11', 'dist1_8', 'dist2_4', 'dist3_6', 'dist5_14', 'dist5_16', 'dist9_15', 'dist11_16', 'dist12_15', 'dist12_17', 'dist15_17', 'dist16_17', 't3_7_16', 't4_7_8', 't7_8_16', 't4_5_8', 't5_8_9', 't7_8_17', 't8_9_17', 't2_4_5']",random_forest,6.96820954569817,2.389161075675198,4.610822474405442,601,20,pca
anton,sam,False,"['t2_3_7', 'ang4_3_5', 'ang4_9_5', 't2_4_5', 'dist3_6', 'dist4_16', 'dist6_8', 'dist8_12', 'dist8_17', 'dist11_14', 'dist12_13', 'ang5_3_4', 't4_5_8', 't2_3_5', 't3_6_10', 't4_6_10', 'dist4_10', 'ang1_2_5', 'dist14_15', 'dist1_4']",random_forest,11.506399381370914,4.3737957628269735,7.140335819186535,602,20,pca
anton,sam,False,"['dist5_14', 't7_8_17', 'dist1_4', 'ang6_10_4', 't4_7_8', 't7_8_16', 'dist7_8', 'dist16_17', 't4_5_8', 't2_4_5', 't2_4_7', 'dist3_13', 'dist4_8', 'dist4_13', 'dist5_6', 'dist5_10', 'dist5_16', 'ang4_3_5', 't2_3_7', 't6_7_17']",random_forest,21.526525217395143,11.004282444802797,11.058355575395773,603,20,pca
anton,rosie,False,"['dist1_4', 'dist1_8', 'dist4_8', 't2_3_7', 't4_5_8', 't2_4_8', 'dist1_16', 'dist1_3', 'dist2_3', 'dist2_4', 'dist3_5', 'dist5_9', 'dist7_12', 'dist7_13', 'dist12_15', 'dist16_17', 'ang1_4_5', 'ang3_4_3', 't3_7_16', 't4_7_8']",random_forest,22.892328653626677,9.725625395139266,13.251671504801367,604,20,pca
anton,rosie,False,"['dist2_11', 'dist5_14', 'dist1_3', 'dist1_4', 'dist3_6', 'dist7_12', 't2_4_8', 'dist3_7', 'dist4_10', 'dist4_11', 'dist4_13', 'dist11_16', 'dist12_16', 't3_7_16', 't13_14_17', 'dist1_8', 'dist1_12', 'dist1_15', 'dist1_16', 'dist2_3']",random_forest,7.06318452445215,2.2080411482180233,5.186448692228066,605,20,pca
anton,otella,False,"['dist2_11', 't4_7_8', 'dist1_8', 'dist6_8', 'dist12_13', 'dist1_4', 'dist2_4', 'dist4_12', 'dist7_11', 'dist7_12', 'dist7_15', 'dist9_15', 'dist11_16', 'dist12_15', 't7_8_16', 't6_7_9', 't7_8_17', 't8_9_17', 't2_4_5', 't2_5_6']",random_forest,6.59911759605949,2.6062718829644225,3.9931008175483833,606,20,pca
anton,otella,False,"['dist1_4', 'dist2_4', 'dist7_12', 'dist11_14', 'dist12_17', 't2_4_8', 't3_5_10', 'dist1_8', 'dist2_3', 'dist2_16', 'dist4_12', 'dist7_10', 'dist7_15', 'dist9_15', 'dist12_15', 'dist15_17', 't8_9_17', 't1_3_5', 't2_4_5', 't2_4_7']",random_forest,9.110790139307666,3.808710537010035,5.441716578430164,607,20,pca
anton,japet,False,"['dist7_9', 'dist5_12', 'dist6_8', 'ang6_10_4', 'dist13_15', 'dist2_11', 'dist3_6', 'dist3_9', 'dist3_15', 'dist4_13', 'dist7_15', 'dist8_15', 'dist8_17', 'dist11_13', 'dist12_13', 'dist12_14', 'ang2_4_5', 't3_7_16', 't3_5_10', 'dist7_16']",random_forest,12.42424768448334,12.951397037070901,4.60637920820342,608,20,pca
anton,japet,False,"['t3_5_10', 'ang3_1_4', 'ang6_10_4', 'ang4_3_5', 'dist2_15', 'ang2_1_5', 't2_5_10', 'dist5_15', 'dist4_13', 'dist5_12', 'dist9_11', 'dist12_13', 'dist12_14', 'dist12_17', 'ang2_1_4', 'ang1_3_4', 'dist1_4', 'dist3_10', 'dist3_13', 'dist9_12']",random_forest,16.968190924616597,6.807162626469898,10.161049825713771,609,20,pca
anton,ducky,False,"['t3_5_10', 'dist3_8', 'ang4_3_5', 'dist2_8', 'dist3_14', 'dist9_14', 'ang2_4_5', 'ang3_1_4', 'ang3_4_3', 'dist8_14', 'dist2_9', 'dist2_14', 'dist3_10', 'dist4_10', 'dist7_13', 'dist14_16', 'ang1_4_5', 'ang1_3_4', 't1_2_7', 't3_4_5']",random_forest,29.12235497012568,17.68480110720243,14.866332085384755,610,20,pca
anton,ducky,False,"['dist14_16', 't3_4_5', 'dist13_14', 't2_4_5', 'dist1_15', 'dist2_14', 'ang4_3_5', 'ang3_4_3', 't13_14_16', 'dist2_11', 'dist3_5', 'dist3_14', 'dist5_16', 'dist12_14', 'dist12_15', 'ang2_4_5', 't1_3_5', 't3_5_10', 't13_14_17', 't12_15_17']",random_forest,20.9569733678629,12.926603766968546,17.519383891719514,611,20,pca
anton,nuernberg_2,False,"['dist7_10', 'dist8_10', 'dist3_14', 'dist10_17', 'dist11_12', 'ang5_3_4', 'dist10_14', 'dist2_3', 'dist3_13', 't2_4_5', 'dist9_10', 'dist4_11', 'dist4_13', 'dist5_14', 'dist6_7', 'dist6_17', 'dist13_16', 'dist16_17', 'ang4_3_5', 't2_3_7']",random_forest,12.424853843068734,9.683945302931141,2.741206685531335,612,20,pca
anton,nuernberg_2,False,"['ang3_4_3', 'dist1_8', 't7_8_17', 'dist5_10', 'ang1_4_5', 'ang2_3_4', 'dist5_15', 'dist2_16', 'dist3_6', 'dist4_14', 'dist6_13', 'dist7_12', 'dist14_16', 'ang3_1_4', 'ang2_4_3', 'ang1_2_5', 'dist14_15', 'dist3_16', 'dist3_17', 'dist11_12']",random_forest,23.112695537241994,11.93689206632073,11.180175287028781,613,20,pca
anton,neznamy,False,"['ang1_4_3', 'dist3_8', 'dist2_7', 'dist3_9', 't2_4_8', 'ang3_4_3', 'dist1_2', 'dist2_4', 'dist4_9', 'dist7_13', 'dist9_14', 'dist5_14', 'dist4_13', 'dist1_17', 'dist2_9', 'dist2_16', 'dist3_4', 'dist3_17', 'ang4_1_5', 'ang4_2_4']",random_forest,13.265104028780916,10.04808400099321,10.933672866714755,614,20,pca
anton,neznamy,False,"['dist14_16', 'dist8_14', 't2_4_8', 'ang3_4_3', 'dist1_13', 'dist7_13', 'dist12_13', 'ang1_3_4', 'dist10_12', 'ang1_4_3', 'dist7_17', 'dist3_9', 'ang3_2_4', 'ang2_3_4', 'dist3_16', 'ang3_1_4', 'dist4_6', 'dist9_11', 'ang4_1_5', 'dist2_16']",random_forest,18.030775936727842,18.028280534958466,2.942041689952227,615,20,pca
anton,nokia,False,"['ang4_3_5', 'ang4_9_5', 'dist2_16', 'dist3_14', 'ang2_4_5', 'ang6_10_4', 'dist3_13', 'ang3_1_4', 'ang5_3_4', 'dist1_8', 'dist2_8', 'ang4_2_5', 'ang1_4_3', 'dist1_4', 'ang1_4_5', 'ang1_3_4', 'ang3_4_3', 'dist3_8', 'dist12_14', 'ang6_4_10']",random_forest,37.70330047273808,21.022714257719212,16.731224384049867,616,20,pca
anton,nokia,False,"['ang2_4_5', 'ang4_3_5', 't5_8_9', 'ang4_2_5', 'dist4_7', 'dist8_17', 'ang6_10_4', 't8_9_17', 'dist4_9', 'ang1_3_4', 'dist3_7', 'dist15_17', 'dist2_11', 'dist1_15', 'dist4_14', 'dist5_8', 'dist7_16', 'ang1_4_5', 'ang5_3_4', 'ang3_4_3']",random_forest,30.215799477255327,9.415114640268616,21.291437334578585,617,20,pca
anton,noel,False,"['dist3_7', 'ang4_9_5', 'dist2_11', 'dist3_12', 'dist11_13', 'ang1_3_5', 't7_8_9', 'dist2_4', 'dist3_8', 'dist5_15', 'dist12_13', 'ang4_2_4', 't2_4_5', 'dist3_16', 'dist4_9', 'dist6_11', 'dist11_15', 't7_8_17', 'ang1_2_4', 'dist5_14']",random_forest,8.488516768083691,0.8273450132545672,9.16722293745099,618,20,pca
anton,noel,False,"['ang4_9_5', 't2_4_5', 't3_4_5', 'dist7_9', 'dist1_2', 'dist7_10', 'dist7_8', 'dist2_4', 'dist2_14', 'dist5_16', 't2_3_5', 'dist5_14', 'dist3_5', 'dist1_9', 'dist2_3', 'dist2_16', 'dist3_7', 'dist6_10', 't3_7_16', 't7_8_9']",random_forest,15.390556132129815,2.625818169494721,13.63489422379805,619,20,pca
anton,matysek,False,"['dist1_8', 'dist1_4', 'dist7_10', 'dist1_10', 'dist2_3', 'dist2_4', 'dist3_6', 'dist5_6', 'dist5_9', 'dist5_14', 'dist6_8', 'dist6_13', 'dist7_12', 'dist8_9', 'dist8_10', 'dist8_17', 'dist10_11', 'dist12_15', 'ang1_3_5', 't3_7_16']",random_forest,6.212409677141104,2.679069519121268,7.924745090262968,620,20,pca
anton,matysek,False,"['dist7_10', 'dist8_10', 'dist2_9', 'dist3_12', 'dist4_6', 'dist4_10', 'dist5_14', 'dist6_13', 'dist6_16', 'dist6_17', 'dist7_14', 'dist8_17', 'dist10_14', 'dist12_13', 'dist12_15', 't2_3_7', 't4_7_8', 't4_5_8', 't5_8_9', 't6_9_10']",random_forest,4.185478407733455,4.08014061608072,0.3243170947762036,621,20,pca
anton,lucka,False,"['dist1_8', 'dist13_14', 'dist6_17', 't2_4_5', 'dist1_4', 'dist1_15', 'dist2_3', 'dist2_4', 'dist2_14', 'dist5_6', 'dist5_14', 'dist5_16', 'dist7_12', 'dist9_12', 'dist10_11', 'dist10_12', 'dist12_15', 'ang6_10_4', 't4_7_8', 't7_8_16']",random_forest,12.761248110881152,3.680567871184984,9.129802957359377,622,20,pca
anton,lucka,False,"['dist2_11', 'dist3_10', 'dist5_14', 'dist6_17', 't2_4_8', 'dist1_8', 'dist2_4', 'dist2_8', 'dist2_14', 'dist4_12', 'dist7_12', 'dist11_16', 'dist12_15', 'dist13_17', 't4_7_8', 't7_8_16', 't6_7_9', 't8_9_17', 't1_3_5', 't3_4_5']",random_forest,9.928482141035307,2.8610287111674344,7.293910628215523,623,20,pca
anton,nuernberg_1,False,"['dist1_8', 't7_8_17', 'dist6_8', 't7_8_16', 'dist2_4', 'dist5_7', 'dist5_16', 'dist7_15', 'dist10_11', 'dist11_15', 'ang6_10_4', 'dist6_16', 'dist6_17', 'dist8_17', 'ang1_3_4', 't1_6_7', 't6_7_9', 't2_4_5', 'dist1_2', 'dist1_3']",random_forest,12.67679676618401,5.445714486838241,8.019696988318266,624,20,pca
anton,nuernberg_1,False,"['dist1_8', 'dist3_6', 'dist6_17', 't5_8_9', 't12_15_17', 'dist2_3', 'dist2_4', 'dist2_14', 'dist4_11', 'dist5_6', 'dist5_16', 'dist6_10', 'dist7_10', 'dist7_12', 'dist12_15', 'dist15_16', 't7_8_16', 't6_7_9', 't7_8_17', 't2_4_5']",random_forest,7.122252601313985,4.372427508351598,2.7547185848076796,625,20,pca
anton,leni,False,"['ang5_3_4', 'dist1_8', 'dist13_14', 't1_3_5', 't3_4_16', 't3_7_16', 'dist4_10', 'dist3_8', 't13_14_17', 'dist9_11', 'dist1_13', 'ang1_2_4', 'dist10_17', 'dist1_16', 'dist3_9', 'dist4_7', 'dist6_13', 'dist7_13', 'dist8_15', 'dist10_15']",random_forest,7.523487181886295,3.964472942272971,10.967185903861322,626,20,pca
anton,leni,False,"['dist6_9', 'dist1_9', 'dist11_12', 'dist7_9', 'dist7_13', 'dist7_14', 'dist12_15', 'dist13_14', 'dist3_10', 't3_6_10', 'dist14_15', 'dist2_16', 'dist5_17', 'dist10_15', 'ang2_1_5', 'ang2_1_4', 'ang6_4_10', 't6_7_9', 'dist4_10', 'ang1_2_5']",random_forest,12.32970275854397,3.6292366189387617,9.21570859453517,627,20,pca
anton,innsbruck_1,False,"['dist14_16', 't3_5_10', 'dist3_9', 'dist2_11', 'dist2_15', 'dist3_8', 'dist3_14', 'dist3_15', 'dist5_9', 'dist12_13', 'ang2_4_5', 'dist4_9', 'dist4_10', 'dist7_13', 'dist8_14', 'dist11_14', 'ang1_2_5', 'ang4_3_5', 'ang6_9_10', 't5_8_9']",random_forest,22.135474740871622,8.454840244718223,15.019417232562908,628,20,pca
anton,innsbruck_1,False,"['dist1_13', 'dist3_8', 'dist5_15', 'dist3_14', 'dist3_15', 'dist11_15', 'dist13_17', 'ang2_4_5', 'ang6_10_4', 't1_2_7', 't7_8_9', 'ang1_2_5', 'dist5_14', 'dist11_12', 'ang3_4_3', 'dist2_7', 'dist2_14', 'dist7_13', 't7_8_16', 't4_7_8']",random_forest,25.028659346619076,17.787584447601397,13.103927846759586,629,20,pca
anton,shorfy,False,"['dist7_12', 'dist2_11', 'dist5_14', 't2_4_5', 't12_15_17', 'dist11_16', 'dist3_6', 'dist3_11', 'dist4_11', 'dist4_12', 'dist5_6', 'dist6_17', 'dist7_11', 'dist11_14', 'dist12_13', 'dist12_14', 'dist12_16', 'ang4_9_5', 't4_5_8', 't13_14_15']",random_forest,16.593483672046627,8.888196376154836,8.9530980072865,630,20,pca
anton,shorfy,False,"['dist2_11', 'dist5_14', 'dist2_12', 'dist3_12', 'dist9_10', 'ang3_4_3', 't8_9_17', 'dist1_4', 'dist2_4', 'dist7_11', 'dist7_12', 'dist7_15', 'dist9_15', 'dist11_16', 'dist12_13', 't2_4_5', 't3_4_5', 't2_5_6', 'dist2_6', 'dist1_12']",random_forest,14.382341151705019,11.606449616173078,5.1549368817071315,631,20,pca
anton,paulinchen,False,"['ang5_3_4', 'dist14_16', 'dist3_14', 'dist13_14', 'ang4_3_5', 'dist4_10', 'dist7_10', 'dist11_12', 'ang4_2_5', 'dist3_16', 'dist4_14', 'dist6_17', 'ang2_4_5', 't8_9_17', 'ang5_1_4', 'dist1_4', 'dist2_14', 'ang4_2_4', 't3_4_16', 'dist11_16']",random_forest,13.894553970216906,9.579521137842061,4.760306465106013,632,20,pca
anton,paulinchen,False,"['dist4_9', 'dist3_10', 'dist9_16', 'dist12_13', 't7_8_16', 't3_7_16', 'dist2_4', 'dist2_11', 'dist3_6', 'dist3_7', 'dist4_11', 'dist6_8', 'dist6_9', 'dist6_13', 'dist6_17', 'dist8_15', 'dist10_11', 'dist11_16', 't7_8_17', 't2_4_8']",random_forest,3.902530475869993,2.1049539590281454,2.0667180307396746,633,20,pca
anton,mette,False,"['dist1_8', 'dist6_17', 'dist3_10', 'dist5_14', 'dist7_10', 'dist8_16', 't2_3_7', 't2_4_8', 'dist1_4', 'dist1_16', 'dist2_3', 'dist2_4', 'dist2_11', 'dist3_6', 'dist4_12', 'dist7_15', 'dist8_9', 'dist9_10', 'dist12_13', 'dist12_17']",random_forest,3.8072569849476383,1.613569182611672,2.2413572947830347,634,20,pca
anton,mette,False,"['dist1_16', 'dist3_10', 'dist6_17', 't2_3_7', 't7_8_16', 't2_4_5', 'dist1_8', 'dist2_3', 'dist3_6', 'dist4_9', 'dist5_14', 'dist6_8', 'dist7_9', 'dist7_10', 'dist7_15', 'dist7_16', 'dist8_16', 'dist12_16', 'dist13_17', 't3_7_16']",random_forest,4.03705397644955,1.9085471968539705,2.280083480231764,635,20,pca
anton,zewe,False,"['dist2_11', 'dist3_10', 'dist6_17', 't3_4_5', 'dist1_3', 'dist1_4', 'dist1_5', 'dist2_4', 'dist4_12', 'dist11_14', 'dist11_16', 'ang1_3_5', 't3_7_16', 't4_7_8', 't4_5_8', 't7_8_17', 't8_9_17', 't2_4_8', 't13_14_17', 't13_14_16']",random_forest,13.473228584914954,6.586493442015067,6.919364842369578,636,20,pca
anton,zewe,False,"['dist1_8', 'ang3_4_3', 't4_5_8', 'dist1_4', 'dist2_8', 'dist7_12', 'dist2_4', 'dist2_11', 'dist4_9', 'dist4_10', 'dist4_11', 'dist4_12', 'dist4_13', 'dist6_17', 'dist10_11', 'dist11_14', 'dist11_16', 'dist12_15', 't3_7_16', 't2_4_5']",random_forest,17.953847771641104,7.88438170006401,10.078957749959834,637,20,pca
anton,gesa,False,"['dist2_11', 'dist1_8', 'dist1_4', 'dist2_4', 'dist3_6', 'dist3_15', 'dist4_12', 'dist7_12', 'dist7_15', 'dist9_10', 'dist10_11', 'dist10_15', 'dist12_13', 'dist12_17', 'ang3_4_3', 't3_7_16', 't7_8_16', 't8_9_17', 'dist1_3', 'dist1_12']",random_forest,10.52776497091704,6.778227185633799,4.227167838740674,638,20,pca
anton,gesa,False,"['dist2_11', 'dist3_10', 'dist5_14', 'dist6_17', 't3_4_5', 't2_4_8', 'dist1_4', 'dist4_12', 'dist7_12', 'dist7_13', 'dist9_15', 'dist10_15', 'dist12_16', 't3_7_16', 't4_7_8', 't4_5_8', 't13_14_17', 't13_14_16', 'dist1_3', 'dist1_16']",random_forest,9.797406131217429,4.231924292374685,5.599309321603926,639,20,pca
anton,frida,False,"['dist1_8', 'dist1_16', 'ang1_4_3', 'dist5_8', 'dist1_3', 'dist1_4', 'dist1_17', 'dist4_13', 'ang1_3_5', 'dist2_13', 'dist5_6', 'dist5_16', 'dist8_13', 'dist12_13', 'dist13_16', 't4_5_8', 't5_8_9', 'dist7_14', 'dist3_5', 'ang6_10_4']",random_forest,12.190498538106244,4.465873962512101,10.498089739200905,640,20,pca
anton,frida,False,"['dist1_3', 'ang1_3_5', 'dist1_2', 'dist12_13', 'dist1_13', 'ang1_4_3', 'dist3_15', 'dist7_15', 'dist1_17', 'dist2_7', 'dist3_8', 'dist7_13', 'dist8_16', 'dist9_16', 'dist9_17', 'dist10_11', 't13_14_15', 'dist2_8', 'dist5_12', 't3_4_5']",random_forest,11.375926434261258,5.8313392700197735,8.663360620799304,641,20,pca
anton,fousek,False,"['dist8_12', 'dist5_8', 'dist8_10', 'ang7_6_10', 'dist2_17', 'dist4_16', 'dist7_12', 'dist12_13', 'dist7_17', 'dist10_11', 'dist1_9', 'dist6_8', 'dist7_16', 'dist8_15', 'ang2_4_5', 'ang6_10_4', 'dist13_14', 'dist7_15', 'ang3_1_4', 'dist8_14']",random_forest,6.872236663860429,8.295510533173198,1.4290596859797595,642,20,pca
anton,fousek,False,"['dist7_12', 'dist2_11', 'dist11_17', 'dist15_16', 'dist6_11', 'dist8_12', 'dist2_12', 'dist4_11', 'dist8_15', 'dist10_11', 'dist12_16', 'dist15_17', 'ang6_10_4', 'dist11_14', 'dist1_11', 'dist5_15', 'dist6_12', 'dist7_11', 'dist9_11', 'dist9_15']",random_forest,9.636303693050206,6.016357602390516,3.7242127922767807,643,20,pca
anton,esta,False,"['t2_4_8', 'dist1_5', 'dist2_3', 'dist11_12', 'dist4_9', 't2_4_5', 'dist4_8', 'dist10_11', 'ang1_4_5', 'dist4_16', 't4_5_8', 'dist3_6', 'dist4_10', 'dist8_10', 't3_7_16', 't1_3_5', 't3_6_10', 'dist1_3', 'dist3_9', 'dist13_15']",random_forest,8.404498143249159,7.36569939425689,1.0429018916675534,644,20,pca
anton,esta,False,"['dist11_12', 'dist4_10', 'dist5_8', 'dist1_12', 'dist4_14', 'dist5_14', 'ang6_4_10', 'dist1_16', 'dist3_10', 'dist3_11', 'dist4_11', 'dist9_16', 'dist10_16', 'dist11_14', 'dist12_13', 'ang4_3_5', 'ang1_4_5', 'ang2_4_5', 't7_8_16', 'dist3_12']",random_forest,22.630353461845218,9.62644422739742,13.050213700534522,645,20,pca
anton,cibak,False,"['dist7_13', 't2_3_7', 'dist4_8', 'dist7_14', 'dist8_16', 't7_8_16', 'dist4_9', 'dist5_6', 'dist13_17', 'dist14_17', 'dist16_17', 'ang4_2_4', 'ang4_9_5', 't8_9_17', 't3_5_7', 't4_6_10', 'dist3_4', 'dist2_7', 'dist5_9', 'dist6_9']",random_forest,8.779237086019378,0.543743900729145,8.7311474367056,646,20,pca
anton,cibak,False,"['dist1_8', 'dist1_4', 'dist1_15', 'dist1_16', 'dist2_4', 'dist4_13', 'ang4_3_5', 'ang1_3_4', 'ang3_4_3', 'dist2_3', 'dist2_9', 'dist3_8', 'dist3_13', 'dist7_8', 'dist9_15', 'dist13_16', 'ang2_3_4', 't2_4_5', 't12_15_17', 'dist5_7']",random_forest,25.98964627947989,9.796452801875507,18.92930164582358,647,20,pca
anton,vladimir,False,"['dist2_11', 'dist8_15', 'dist4_11', 'dist7_15', 'dist9_11', 'dist9_15', 'dist11_16', 'dist12_16', 'dist15_17', 'ang6_10_4', 'dist15_16', 'dist1_8', 'dist2_15', 'dist4_7', 'dist5_9', 'dist5_15', 'dist6_13', 'dist9_17', 'dist10_11', 'dist11_15']",random_forest,10.983484742112768,7.422347524371392,3.5829624945718823,648,20,pca
anton,vladimir,False,"['dist8_15', 'dist7_13', 'dist8_17', 'dist10_11', 'ang2_7_5', 'dist1_7', 'dist1_17', 'dist2_11', 'dist4_11', 'dist5_11', 'dist6_9', 'dist9_13', 'dist12_13', 'dist16_17', 'ang1_2_5', 'ang4_9_5', 't2_3_5', 't2_4_5', 't13_14_16', 'dist7_17']",random_forest,27.658658171322358,8.270999205230334,19.393394506547537,649,20,pca
anton,ecki,False,"['ang4_9_5', 'dist5_10', 'ang1_3_4', 'dist5_8', 'ang1_2_5', 'ang2_3_4', 'ang2_7_5', 'dist3_5', 'ang2_1_5', 'ang3_1_4', 'ang1_4_3', 't3_4_5', 'dist5_14', 'dist2_11', 'dist5_6', 'dist5_9', 'dist5_17', 'dist10_15', 'ang1_3_5', 'ang5_1_4']",random_forest,50.429070388285915,7.782566859638602,45.675302288687284,650,20,pca
anton,ecki,False,"['dist6_13', 'dist5_14', 'ang2_3_4', 'dist3_5', 'ang3_1_4', 'ang1_3_4', 'ang1_4_3', 'ang1_2_5', 't12_15_17', 't3_4_5', 'dist2_3', 'dist2_6', 'dist2_17', 'dist5_12', 'dist12_13', 'ang1_3_5', 'ang4_3_5', 'ang2_1_5', 'dist6_9', 'ang4_2_4']",random_forest,37.069013808051594,3.331438526622704,40.1903905689618,651,20,pca
vladimir,zanetka,False,"['dist1_8', 't2_4_8', 't3_5_10', 'dist1_4', 'dist1_15', 'dist1_16', 'dist2_3', 'dist2_4', 'dist2_9', 'dist2_14', 'dist4_8', 'dist4_10', 'dist6_17', 'dist9_12', 'dist12_15', 'dist13_16', 'dist13_17', 'dist14_16', 't2_4_7', 't13_14_17']",random_forest,10.609136359982982,3.222617498650489,7.4791397322716096,652,20,pca
vladimir,zanetka,False,"['dist1_8', 'dist2_11', 'dist3_10', 't2_4_8', 'dist1_16', 'dist2_4', 'dist2_9', 'dist2_14', 'dist4_10', 'dist5_14', 'dist8_10', 'dist11_16', 'dist12_15', 't2_3_7', 't8_9_17', 't2_4_7', 't3_5_10', 't13_14_17', 'dist1_3', 'dist1_4']",random_forest,11.070824094919082,2.856215369801728,8.355722076330904,653,20,pca
vladimir,zewe,False,"['dist1_4', 't3_5_10', 'dist1_8', 'dist2_8', 'dist2_9', 'dist4_13', 'dist5_14', 'dist12_15', 't2_4_5', 't2_4_8', 't2_5_10', 'dist1_15', 'dist2_4', 'dist2_7', 'dist4_8', 'dist4_10', 'dist13_16', 't1_2_7', 't4_5_8', 't1_3_5']",random_forest,9.861347019611685,3.544147777273026,6.603669395703718,654,20,pca
vladimir,zewe,False,"['dist1_8', 't2_4_5', 'dist1_4', 'dist2_9', 'dist4_9', 'ang3_4_3', 't1_3_5', 'dist1_3', 'dist1_16', 'dist2_3', 'dist2_4', 'dist2_8', 'dist2_14', 'dist4_10', 'dist5_14', 'dist12_15', 'dist13_16', 'ang2_7_5', 't1_2_7', 't2_4_8']",random_forest,37.593857730236735,15.931421741174594,22.743976396378063,655,20,pca
ecki,zanetka,False,"['dist2_11', 'dist1_4', 'dist1_8', 'dist1_16', 'dist2_4', 'dist3_7', 'dist4_11', 'dist4_12', 'dist4_16', 'dist5_9', 'dist5_16', 'dist9_15', 'dist10_15', 'dist12_15', 'ang3_1_4', 'ang1_2_4', 'ang3_4_3', 't3_7_16', 't4_5_8', 't2_4_7']",random_forest,22.959743167179166,20.739076669543678,3.401517878229075,656,20,pca
ecki,zanetka,False,"['dist2_11', 'dist1_8', 't2_4_7', 'dist1_4', 'dist1_16', 'dist2_4', 'dist3_6', 'dist5_16', 'dist9_15', 'dist10_15', 'dist12_15', 'ang1_2_5', 'ang4_3_5', 'ang1_2_4', 't3_7_16', 't4_5_8', 't13_14_17', 'dist1_3', 'dist1_5', 'dist1_12']",random_forest,23.687254276810506,21.39054633815227,2.371661520789617,657,20,pca
ecki,sam,False,"['ang1_4_3', 'dist1_8', 'dist5_14', 'ang3_1_4', 'ang1_3_4', 'ang2_3_4', 'ang3_4_3', 't7_8_17', 't4_7_8', 'dist1_16', 'dist3_6', 'dist6_16', 'dist6_17', 'dist10_15', 'dist11_15', 'dist12_15', 'dist12_17', 'dist14_16', 'ang1_2_5', 'ang1_3_5']",random_forest,55.192451587780106,40.726791581029495,14.770796510770179,658,20,pca
ecki,sam,False,"['dist1_8', 'ang1_3_4', 'ang3_4_3', 'dist1_4', 'dist1_15', 'dist11_15', 'dist12_17', 'dist14_16', 'ang1_3_5', 'dist1_16', 'dist2_4', 'dist4_12', 'dist5_12', 'dist7_12', 'dist11_17', 'dist12_15', 'dist13_14', 'ang1_2_5', 'ang3_1_4', 'ang2_3_4']",random_forest,52.21045561083437,40.16693846210876,12.057280866577118,659,20,pca
ecki,rosie,False,"['dist1_8', 'dist16_17', 'ang3_4_3', 'dist1_16', 'dist12_15', 'dist13_14', 'ang3_1_4', 'ang1_3_4', 't7_8_16', 't2_4_7', 'dist1_3', 'dist2_7', 'dist4_14', 'dist8_16', 'dist11_16', 'dist9_12', 't1_6_7', 'dist1_4', 'dist1_5', 'dist1_7']",random_forest,28.66534619026568,26.437582442820982,7.56785901576053,660,20,pca
ecki,rosie,False,"['dist1_8', 'dist1_16', 'dist2_11', 'dist3_6', 'dist1_3', 'dist2_4', 'dist4_10', 'dist4_12', 'dist5_12', 'dist8_16', 'dist12_15', 'ang3_1_4', 'ang3_4_3', 'ang4_9_5', 't2_3_7', 't3_7_16', 't8_9_17', 't1_3_5', 't3_5_10', 't13_14_17']",random_forest,28.228848006281805,16.77044317781306,12.517369454759775,661,20,pca
ecki,otella,False,"['dist1_8', 'dist2_11', 'dist1_4', 'dist2_4', 'dist6_17', 'dist9_15', 'dist10_11', 'dist11_16', 'dist12_15', 'ang2_3_4', 't3_7_16', 't8_9_17', 't2_4_8', 't2_4_7', 't13_14_17', 'dist1_3', 'dist1_12', 'dist1_16', 'dist2_3', 'dist2_7']",random_forest,25.238228195146455,22.74161321015735,3.6751017969063673,662,20,pca
ecki,otella,False,"['dist1_8', 'dist2_11', 'dist2_4', 'dist2_14', 'dist3_10', 'dist4_12', 'dist6_17', 'dist10_11', 'dist11_16', 'dist12_15', 'ang2_3_4', 't3_7_16', 't8_9_17', 't2_4_8', 't2_4_7', 't3_5_10', 't13_14_17', 'dist1_3', 'dist1_4', 'dist1_9']",random_forest,20.957319646026203,21.248817681595707,4.234701482453013,663,20,pca
ecki,japet,False,"['t3_4_5', 't3_5_10', 'dist2_8', 'dist3_9', 'dist5_14', 'dist2_14', 'dist2_16', 'dist3_5', 'dist3_7', 'dist3_8', 'dist3_14', 'dist5_6', 'dist5_9', 'dist5_16', 'dist7_12', 'dist11_14', 'ang3_1_4', 'ang1_2_4', 'ang1_3_4', 'ang5_3_4']",random_forest,29.438877834466926,27.054069909139514,2.7916422842897,664,20,pca
ecki,japet,False,"['dist5_14', 'ang1_4_3', 't3_4_5', 'dist3_8', 'dist3_14', 'dist3_15', 'dist12_13', 'ang1_2_5', 'ang3_1_4', 'ang2_7_5', 't3_5_10', 'dist1_2', 'dist1_13', 'dist3_5', 'dist3_9', 'dist5_9', 'dist14_16', 'ang1_3_5', 'ang4_3_5', 'ang1_2_4']",random_forest,39.646094682989045,34.19901751526157,7.590272658253441,665,20,pca
ecki,nuernberg_2,False,"['dist1_4', 'dist1_8', 't2_4_5', 'dist1_3', 'dist1_16', 'dist5_14', 'dist6_15', 'dist6_17', 'dist12_15', 'dist13_14', 'ang3_1_4', 'ang2_3_4', 't12_15_17', 'dist1_15', 'dist3_13', 'dist4_16', 'dist5_6', 'dist5_7', 'dist13_16', 'dist15_17']",random_forest,24.38792294069803,22.708284888877657,2.196099768851047,666,20,pca
ecki,nuernberg_2,False,"['t4_7_8', 'ang3_4_3', 't2_4_5', 'dist1_2', 'ang2_3_4', 't7_8_16', 'dist1_16', 'dist2_4', 'dist3_8', 'dist3_14', 'dist4_7', 'dist4_14', 'dist11_12', 'dist11_15', 'dist12_15', 'ang3_2_5', 'ang1_3_4', 'ang1_4_3', 'ang2_4_3', 't3_7_16']",random_forest,38.457682068318405,39.13521731796131,5.289459555432179,667,20,pca
ecki,neznamy,False,"['dist1_8', 'dist5_14', 'ang3_1_4', 'dist10_12', 'ang3_4_3', 'ang4_9_5', 't3_4_5', 'dist1_4', 'dist1_10', 'dist1_16', 'dist6_17', 'dist7_8', 'dist12_15', 'dist13_14', 'dist13_16', 'ang1_2_5', 'ang1_2_4', 'ang4_2_4', 'ang2_3_4', 'dist1_12']",random_forest,33.631966539525045,34.84442155863343,1.2998351004027402,668,20,pca
ecki,neznamy,False,"['ang3_1_4', 'dist5_7', 'dist13_14', 'ang1_3_4', 'ang2_3_4', 'ang2_7_5', 'dist5_14', 'ang1_4_3', 'dist2_4', 'dist3_5', 'dist4_14', 'dist5_6', 'dist5_9', 'dist5_12', 'dist12_15', 'ang2_1_5', 'ang1_2_5', 'ang3_2_5', 'ang4_2_4', 'ang3_4_3']",random_forest,49.24253006739348,45.95239167308519,3.2915468759920614,669,20,pca
ecki,nokia,False,"['dist1_8', 'dist5_14', 'dist1_4', 'dist4_9', 'ang1_2_4', 'ang3_4_3', 't7_8_17', 'dist1_15', 'dist3_6', 'dist4_8', 'dist4_11', 'dist4_12', 'dist5_6', 'dist6_8', 'dist6_17', 'dist8_10', 'dist10_15', 'dist11_15', 'dist12_15', 'ang1_3_5']",random_forest,34.973797281695994,21.985693759610406,12.989458931543483,670,20,pca
ecki,nokia,False,"['dist5_14', 'ang1_3_4', 'dist4_9', 'dist4_10', 'ang1_2_5', 'ang3_1_4', 'ang2_3_4', 'ang1_4_3', 'ang3_4_3', 'ang4_9_5', 't4_7_8', 'dist2_11', 'dist3_5', 'dist6_16', 'dist6_17', 'dist11_15', 'ang3_2_5', 'ang2_3_5', 'ang2_4_5', 'ang1_2_4']",random_forest,61.456689825156765,44.50374994344211,20.432357785387442,671,20,pca
ecki,noel,False,"['dist1_8', 'dist7_10', 'dist5_14', 'dist6_8', 'dist6_10', 'ang1_3_4', 'ang2_3_4', 't7_8_16', 'dist1_16', 'dist4_12', 'dist4_14', 'dist5_6', 'dist6_9', 'dist6_16', 'dist6_17', 'dist7_8', 'dist7_16', 'dist12_15', 'ang3_2_5', 'ang1_3_5']",random_forest,41.1993463614613,33.5453622792018,7.844009302941808,672,20,pca
ecki,noel,False,"['dist1_4', 'dist2_4', 'ang3_4_3', 'dist4_13', 'dist12_15', 'ang1_3_4', 'ang2_3_4', 'dist1_9', 'dist1_15', 'dist2_14', 'dist3_6', 'dist6_9', 'dist7_9', 'dist7_16', 'dist11_13', 'dist13_14', 'ang3_1_5', 'ang3_2_5', 'ang1_3_5', 'ang4_3_5']",random_forest,57.76293177291667,38.31720639610677,19.447113875195154,673,20,pca
ecki,matysek,False,"['dist4_12', 'dist5_15', 'dist15_17', 'ang2_1_4', 'ang3_1_4', 't2_4_7', 'dist5_14', 'dist1_8', 'dist5_9', 'dist7_11', 'dist7_12', 'dist7_14', 'dist9_10', 'dist11_16', 'dist11_17', 'dist12_14', 'dist12_15', 'dist12_16', 'dist12_17', 'ang1_3_5']",random_forest,20.451332356493786,17.49919498955535,4.93062045888399,674,20,pca
ecki,matysek,False,"['dist5_14', 'dist5_9', 'dist8_15', 'dist15_17', 'dist3_13', 'dist5_10', 'ang4_9_5', 'ang2_7_5', 'dist2_14', 'dist4_7', 'dist5_8', 'dist7_10', 'dist10_17', 'dist11_15', 'dist12_16', 'ang4_2_5', 'ang2_1_4', 'ang3_1_4', 'ang1_2_4', 't5_8_9']",random_forest,42.61100490390214,35.18197286467944,8.759154040959336,675,20,pca
ecki,lucka,False,"['dist1_8', 'dist6_17', 'dist1_3', 'dist2_3', 'dist2_4', 'dist2_11', 'dist2_14', 'dist4_8', 'dist4_12', 'dist5_9', 'dist9_12', 'dist10_11', 'dist10_15', 'dist12_15', 'dist13_14', 'dist14_16', 't8_9_17', 't2_4_8', 't2_4_7', 't13_14_17']",random_forest,9.638461679680287,4.3465129401840015,5.336612588022384,676,20,pca
ecki,lucka,False,"['dist1_8', 'dist12_15', 'dist13_14', 't5_8_9', 't2_4_7', 'dist1_3', 'dist2_3', 'dist2_11', 'dist2_14', 'dist5_9', 'dist7_12', 'dist9_12', 'dist10_15', 'dist12_16', 'ang3_1_4', 't4_7_8', 't7_8_17', 't2_4_5', 't13_14_17', 't12_15_17']",random_forest,15.305180056165295,9.809655102477578,8.50296276464659,677,20,pca
ecki,nuernberg_1,False,"['dist1_8', 'dist5_14', 'dist6_17', 'ang1_3_4', 'ang6_10_4', 'dist1_4', 'dist1_16', 'dist2_7', 'dist6_8', 'dist6_9', 'dist7_8', 'dist8_15', 'dist11_16', 'dist12_15', 'dist15_16', 'ang3_1_4', 'ang1_4_3', 't7_8_16', 'dist1_2', 'dist1_3']",random_forest,29.990182717293177,28.339272831333997,9.514083950973978,678,20,pca
ecki,nuernberg_1,False,"['dist1_8', 'dist5_14', 'dist5_15', 'dist6_17', 'dist12_15', 'dist2_14', 'dist3_17', 'dist6_9', 'dist7_8', 'dist7_12', 'dist7_14', 'dist7_15', 'dist9_15', 'dist13_14', 'dist15_17', 'ang1_3_5', 'ang3_1_4', 'ang2_3_4', 'ang1_4_3', 'ang3_4_3']",random_forest,38.46077503135964,35.47023684523517,10.797214783097656,679,20,pca
ecki,leni,False,"['dist5_14', 'dist8_14', 'ang2_3_4', 'dist2_8', 'dist13_17', 'ang1_3_5', 'ang3_1_4', 'ang1_4_3', 'dist1_13', 'dist3_5', 'dist3_8', 'dist3_17', 'dist5_6', 'ang2_1_5', 'ang2_3_5', 'ang1_3_4', 'ang2_7_5', 't2_3_7', 't3_7_16', 't3_5_10']",random_forest,44.13501129087673,45.37014104587465,7.684724960759742,680,20,pca
ecki,leni,False,"['dist5_14', 'dist9_12', 'dist12_17', 'dist5_12', 'dist8_12', 'dist3_10', 't3_4_5', 'dist1_4', 'dist5_17', 'dist1_8', 'dist1_15', 'dist2_13', 'dist3_8', 'dist6_15', 'dist6_17', 'dist9_11', 'dist10_15', 'ang3_1_5', 'ang3_2_5', 'ang1_3_5']",random_forest,20.809084865721893,18.490409748802836,2.712043110021115,681,20,pca
ecki,innsbruck_1,False,"['dist7_10', 't3_5_10', 'dist2_14', 'dist3_10', 'ang1_2_5', 'ang6_10_4', 't2_3_7', 'dist1_4', 'dist2_8', 'dist2_9', 'dist3_9', 'dist3_15', 'dist4_10', 'dist5_9', 'dist5_14', 'dist6_9', 'dist7_13', 'ang2_1_5', 'ang2_4_5', 'ang1_2_4']",random_forest,39.52297754528242,18.858833784152853,20.971702043040594,682,20,pca
ecki,innsbruck_1,False,"['t3_5_10', 'dist2_11', 'dist3_10', 'dist7_8', 'ang2_3_4', 'ang6_10_4', 't2_3_7', 't13_14_15', 'dist2_3', 'dist2_9', 'dist2_14', 'dist2_15', 'dist3_8', 'dist3_9', 'dist5_14', 'dist8_14', 'dist14_16', 'ang2_1_5', 'ang4_3_5', 'ang1_4_3']",random_forest,34.951575149635104,29.39492094536777,15.932598792911,683,20,pca
ecki,shorfy,False,"['dist1_8', 'dist2_11', 'dist1_16', 'dist2_4', 'dist2_8', 'dist4_12', 'dist10_15', 'dist12_15', 'ang4_3_5', 't3_7_16', 't7_8_16', 't4_5_8', 't5_8_9', 't6_7_9', 't8_9_17', 't2_4_8', 't3_5_10', 't13_14_17', 'dist1_3', 'dist1_4']",random_forest,12.881633674507272,8.157067325854948,8.255965849171226,684,20,pca
ecki,shorfy,False,"['dist1_8', 'dist1_16', 'dist2_11', 'ang1_3_4', 'dist1_4', 'dist2_4', 'dist3_6', 'dist3_7', 'dist4_9', 'dist4_10', 'dist4_12', 'dist5_6', 'dist5_12', 'dist6_8', 'dist12_15', 'ang4_3_5', 'ang3_1_4', 'ang3_4_3', 't2_3_7', 't7_8_16']",random_forest,25.192576030971484,30.792827689051567,5.602975876848815,685,20,pca
ecki,paulinchen,False,"['dist2_6', 'dist2_11', 'dist7_15', 'ang2_3_4', 'ang1_4_3', 'ang3_4_3', 't4_7_8', 'dist1_12', 'dist3_6', 'dist3_7', 'dist4_12', 'dist5_7', 'dist5_9', 'dist5_15', 'dist7_10', 'dist11_16', 'dist12_17', 'ang3_1_4', 'ang2_7_5', 't3_7_16']",random_forest,40.5915143631064,35.22335774484138,13.129609368121004,686,20,pca
ecki,paulinchen,False,"['dist5_9', 'dist11_15', 'ang3_1_4', 'ang1_3_4', 'ang6_10_4', 'dist3_7', 'dist8_15', 'dist15_17', 'ang2_3_4', 't5_8_9', 'ang6_4_10', 'dist1_13', 'dist3_13', 'dist3_14', 'dist4_7', 'dist4_14', 'dist5_6', 'dist5_7', 'dist5_8', 'dist7_16']",random_forest,27.620567168474576,31.79871606957551,8.452653863916964,687,20,pca
ecki,mette,False,"['dist3_7', 'dist4_9', 't7_8_16', 'dist1_8', 'dist1_16', 'dist4_10', 'dist7_15', 'dist2_3', 'dist2_11', 'dist4_7', 'dist5_6', 'dist5_12', 'dist6_9', 'dist6_17', 'dist8_10', 'dist8_15', 'ang4_3_5', 'ang3_4_3', 't4_7_8', 't8_9_17']",random_forest,14.284651813121775,19.456637976642313,5.665491959379568,688,20,pca
ecki,mette,False,"['dist4_9', 'dist3_7', 'dist7_9', 'ang1_3_4', 'dist1_8', 'dist2_6', 'dist2_11', 'dist3_6', 'dist3_10', 'dist4_10', 'dist4_12', 'dist5_6', 'dist5_10', 'dist8_10', 'dist9_16', 'dist10_14', 'ang3_1_4', 't3_7_16', 't4_7_8', 't8_9_17']",random_forest,14.551790711000805,24.052569300101858,10.126860812333822,689,20,pca
ecki,zewe,False,"['dist1_4', 'dist6_17', 'ang3_1_4', 'ang3_4_3', 'dist1_3', 'dist1_16', 'dist2_4', 'dist4_12', 'dist4_16', 'dist5_10', 'dist6_8', 'dist11_16', 'dist12_15', 'dist12_17', 'ang2_4_5', 'ang1_3_4', 'ang2_3_4', 't4_7_8', 't6_7_9', 't8_9_17']",random_forest,46.160260521512434,34.24442707373764,17.99359983051072,690,20,pca
ecki,zewe,False,"['dist1_4', 'dist1_8', 'ang4_3_5', 't7_8_16', 'dist1_16', 'dist2_3', 'dist5_9', 'dist5_10', 'dist5_16', 'dist6_15', 'dist7_8', 'dist7_12', 'dist9_16', 'dist12_15', 'ang3_1_4', 'ang2_3_4', 'ang3_4_3', 'ang4_9_5', 't4_5_8', 't7_8_17']",random_forest,45.179154126419505,27.893331764513714,17.37212930803725,691,20,pca
ecki,gesa,False,"['dist1_8', 'dist2_11', 'dist2_4', 'dist2_14', 'dist3_10', 'dist4_12', 'dist9_15', 'dist10_15', 'dist12_15', 'ang1_2_4', 'ang3_4_3', 't3_7_16', 't8_9_17', 't13_14_17', 'dist1_3', 'dist1_4', 'dist1_9', 'dist1_12', 'dist1_16', 'dist2_3']",random_forest,20.276575881603268,17.488966676548113,2.8213250612320855,692,20,pca
ecki,gesa,False,"['dist1_8', 'dist2_11', 'dist2_8', 'dist3_10', 'dist4_12', 'dist10_11', 'dist10_15', 'dist12_15', 'dist12_17', 'ang1_2_4', 'ang3_4_3', 't3_7_16', 't8_9_17', 't2_4_7', 't13_14_17', 'dist1_3', 'dist1_4', 'dist1_12', 'dist1_16', 'dist2_3']",random_forest,25.3291459251805,21.55378619309586,3.8606845112478623,693,20,pca
ecki,frida,False,"['dist1_4', 'dist16_17', 'dist1_8', 'dist1_16', 'dist4_9', 'dist10_15', 'ang4_9_5', 'dist1_15', 'dist2_13', 'dist4_13', 'dist5_8', 'dist5_9', 'dist6_8', 'dist6_15', 'dist8_12', 'dist8_16', 'dist11_14', 'ang1_2_5', 'ang1_3_5', 'ang5_3_4']",random_forest,23.896204694189063,22.952798331139952,5.827289392870431,694,20,pca
ecki,frida,False,"['dist13_14', 'dist16_17', 'dist12_15', 'ang1_3_4', 'dist1_5', 'dist2_13', 'ang3_1_4', 'dist5_9', 'dist8_16', 't7_8_17', 'dist1_3', 'dist1_8', 'dist4_8', 'dist5_14', 'dist11_15', 'ang2_1_5', 'ang2_4_3', 'ang4_2_4', 'dist4_11', 'ang1_2_5']",random_forest,26.02814143837656,31.89319450519394,9.893423679701844,695,20,pca
ecki,fousek,False,"['dist6_9', 'ang3_1_4', 'ang1_4_3', 'dist5_14', 'dist12_17', 'dist15_17', 'ang1_3_4', 'ang3_4_3', 'ang4_9_5', 't3_4_5', 'dist2_8', 'dist2_7', 'dist2_9', 'dist2_11', 'dist3_5', 'dist5_7', 'dist6_17', 'dist8_12', 'dist8_15', 'ang2_1_5']",random_forest,38.029526100756975,34.381038368667824,3.697135992043388,696,20,pca
ecki,fousek,False,"['dist5_14', 'dist5_15', 'dist8_15', 'ang3_1_4', 'ang1_3_4', 'ang2_3_4', 'ang1_4_3', 'ang3_4_3', 'dist9_12', 'dist1_13', 'dist5_12', 'dist12_15', 'dist12_16', 'dist15_17', 'ang1_2_4', 'ang3_2_4', 't3_4_5', 'dist2_8', 't4_7_8', 'dist1_8']",random_forest,44.05896823275843,42.935218428827454,1.3296191505730226,697,20,pca
ecki,esta,False,"['ang1_4_3', 'dist4_9', 'ang1_3_4', 'dist1_4', 'dist4_10', 'ang3_1_4', 'dist2_3', 'dist4_8', 'dist4_14', 'dist9_12', 'dist11_15', 'dist12_17', 'ang3_2_5', 'ang4_3_5', 'ang1_2_4', 'ang2_3_4', 't4_7_8', 't4_5_8', 't1_6_7', 't12_15_17']",random_forest,42.52386740871962,39.25775384475746,7.053384729947025,698,20,pca
ecki,esta,False,"['dist1_3', 'dist1_4', 'dist1_8', 'dist1_12', 'dist1_13', 'dist4_8', 'dist4_12', 'dist5_12', 'dist6_8', 'dist6_9', 'dist11_15', 'dist11_16', 'dist12_13', 'dist12_15', 'ang1_2_5', 'ang1_3_5', 'ang3_1_4', 'ang1_2_4', 'ang2_3_4', 't13_14_15']",random_forest,27.77727048060419,27.816324682326208,6.647733961830799,699,20,pca
ecki,vladimir,False,"['dist5_15', 'dist15_17', 'ang2_3_4', 'dist3_8', 'dist8_15', 'dist9_15', 'ang3_1_4', 'ang1_3_4', 'ang2_4_3', 'ang2_7_5', 'dist5_9', 'dist2_7', 'dist5_12', 'dist10_15', 'dist12_16', 'dist12_17', 'ang2_1_5', 't12_15_17', 'dist1_4', 'dist4_14']",random_forest,45.68856093587269,40.21392017435798,12.161561077360568,700,20,pca
ecki,vladimir,False,"['dist2_11', 'dist5_14', 'dist6_17', 'dist11_17', 'dist12_17', 't6_7_9', 'dist2_3', 'dist4_12', 'dist6_8', 'dist6_9', 'dist7_15', 'dist9_15', 'dist10_11', 'dist11_16', 'dist12_14', 'dist12_16', 'ang3_1_4', 'ang1_3_4', 't8_9_17', 'dist1_2']",random_forest,17.47192538705083,23.593826222171383,6.222372565117921,701,20,pca
sam,sam,True,"['dist1_8', 'dist2_8', 'dist2_16', 'dist1_17', 'dist8_16', 'dist1_16', 'dist3_8', 'dist8_13', 'dist10_16', 'dist11_14', 'dist12_16', 'ang1_3_4', 't7_8_16', 't2_3_8', 'dist1_7', 'dist3_10', 'dist7_17', 'dist15_16', 'ang2_7_5', 'dist4_16']",random_forest,10.904439056594649,10.208262275083447,7.5165032604397135,702,20,pca
sam,sam,True,"['dist5_14', 'dist7_12', 'dist12_17', 't2_4_7', 'dist2_3', 't2_3_7', 't3_7_16', 'dist3_7', 'dist3_6', 'dist6_14', 'dist6_16', 't2_5_6', 't4_6_10', 'dist2_8', 't2_4_8', 'dist6_10', 'dist1_9', 'dist3_17', 'dist1_13', 'dist8_12']",random_forest,2.785742872014263,0.9872003354014223,1.9314349464940652,703,20,pca
rosie,rosie,True,"['dist6_9', 'ang1_3_5', 'dist2_17', 'dist6_8', 'dist3_17', 'ang3_2_5', 'dist8_16', 't7_8_16', 'dist3_9', 'dist7_12', 'dist11_14', 'dist2_7', 'ang4_9_5', 'dist6_17', 't1_3_5', 'dist3_8', 'ang4_2_5', 'dist9_10', 't2_3_5', 'dist1_2']",random_forest,14.094947908077712,9.182636445304363,15.322203256047798,704,20,pca
rosie,rosie,True,"['dist6_8', 'dist2_7', 't6_7_9', 'ang3_4_3', 'ang1_4_3', 'dist11_14', 't7_8_17', 'dist13_14', 'dist5_8', 't7_8_9', 't6_9_17', 'ang1_4_5', 'dist9_16', 'dist3_15', 'dist7_11', 'ang2_7_5', 't2_4_5', 'dist8_9', 'ang5_3_4', 'ang4_3_5']",random_forest,10.046549767105091,15.577953334182562,5.746765866985959,705,20,pca
otella,otella,True,"['dist1_8', 't3_7_16', 'dist12_16', 't7_8_17', 'dist1_16', 'dist2_13', 'dist7_8', 'dist8_17', 't2_3_7', 'dist3_13', 'dist1_2', 'dist3_7', 'dist5_7', 'dist5_12', 'dist7_16', 'dist8_12', 'dist13_16', 'ang2_7_5', 't1_2_7', 'dist1_3']",random_forest,12.762661398875986,15.40975887433193,3.2260530356291386,706,20,pca
otella,otella,True,"['ang3_4_3', 'dist2_16', 'dist3_8', 'dist4_9', 'dist12_17', 't3_4_5', 'dist1_3', 'dist2_9', 'dist3_9', 'dist7_14', 'dist9_10', 'dist11_15', 'ang1_3_4', 'ang7_6_10', 'ang6_10_4', 'dist2_14', 'dist4_10', 'dist13_16', 'ang6_4_10', 't13_14_16']",random_forest,8.0504690154585,5.596369502549339,6.81517691158265,707,20,pca
japet,japet,True,"['ang6_9_10', 'dist11_17', 'dist3_14', 'dist10_11', 't3_7_16', 'dist2_16', 'dist9_12', 'dist11_12', 'dist4_9', 'dist3_7', 'dist3_8', 'dist4_14', 'dist9_11', 't1_6_7', 'dist6_17', 'dist7_12', 'dist14_17', 't12_15_17', 'ang2_4_3', 't7_8_17']",random_forest,6.7458898181791636,4.319473058491497,4.941716540506851,708,20,pca
japet,japet,True,"['ang2_7_5', 't1_3_5', 'dist2_14', 'dist9_10', 'dist2_16', 'dist1_4', 'dist1_14', 'dist2_4', 'dist12_17', 'dist13_14', 'dist14_17', 'dist5_12', 'ang1_3_5', 'dist9_12', 'dist1_3', 'ang4_9_5', 't2_4_5', 'ang1_3_4', 't3_7_16', 'dist4_11']",random_forest,9.984652536452277,8.392309843325144,14.486265345994719,709,20,pca
ducky,ducky,True,"['ang4_3_5', 'ang3_1_4', 'ang2_3_4', 'dist1_8', 'ang3_2_5', 'dist8_9', 'dist3_16', 'dist11_13', 'ang1_4_3', 'ang1_3_4', 'dist4_14', 'dist6_13', 'dist13_14', 'dist14_15', 'ang1_4_5', 'ang3_2_4', 'dist4_9', 'dist7_10', 'dist8_14', 't6_10_11']",random_forest,34.38865568290502,20.0915366629203,14.34795799285721,710,20,pca
ducky,ducky,True,"['ang1_3_4', 't8_9_17', 'ang3_1_4', 'dist3_5', 'ang2_3_4', 'dist8_17', 't7_8_17', 'dist2_7', 'dist12_17', 'ang1_3_5', 'ang6_10_4', 't7_8_9', 't3_6_10', 'dist3_14', 'dist5_13', 'dist7_8', 't6_7_9', 'ang4_9_5', 'dist13_14', 'dist9_11']",random_forest,20.802347425395265,19.746670303657435,5.603559610840182,711,20,pca
nuernberg_2,nuernberg_2,True,"['dist3_7', 'dist7_8', 'ang2_3_4', 'dist10_16', 'dist11_15', 'dist3_15', 'dist7_13', 'dist9_16', 'ang3_2_4', 't7_8_9', 't2_4_7', 't5_6_10', 'dist6_10', 'dist1_5', 'dist3_16', 'dist5_15', 't3_4_7', 'dist1_13', 'dist5_7', 'ang3_1_4']",random_forest,5.282585506178154,3.7218838511144265,8.813300242169404,712,20,pca
nuernberg_2,nuernberg_2,True,"['dist1_9', 'dist13_14', 't13_14_16', 't1_3_5', 'ang2_1_5', 't12_15_17', 't2_4_5', 'dist8_16', 'dist7_9', 'ang1_2_4', 'dist2_13', 'dist2_14', 'dist5_6', 'dist6_15', 'ang1_2_5', 't2_3_5', 'dist5_13', 't3_7_16', 'dist3_6', 'dist10_15']",random_forest,16.216859507885758,2.4325559851098024,15.118951638624125,713,20,pca
nuernberg_1,nuernberg_1,True,"['dist2_3', 't1_2_7', 'dist6_10', 'dist7_10', 'dist3_13', 'ang2_4_3', 'dist3_7', 'dist14_16', 'ang4_1_5', 'dist11_13', 'ang3_1_4', 't3_7_16', 't1_3_5', 'dist2_16', 't2_4_7', 'dist5_7', 'dist7_16', 'dist4_10', 'dist2_7', 'ang4_2_5']",random_forest,2.569497726592804,1.6820268072872466,3.012328998983675,714,20,pca
nuernberg_1,nuernberg_1,True,"['t3_5_10', 'dist10_14', 'dist1_8', 'dist16_17', 'dist5_8', 'dist1_13', 'ang2_3_4', 'dist1_12', 'dist2_9', 'dist4_14', 'dist8_17', 'ang4_3_5', 't1_6_7', 'dist4_10', 'dist2_16', 'dist3_9', 't4_6_10', 't13_14_15', 'dist1_6', 'dist1_16']",random_forest,2.933002782675616,1.6985014683466777,4.0308435035867305,715,20,pca
leni,leni,True,"['dist11_15', 'dist7_12', 'ang1_4_3', 'dist5_6', 'dist2_8', 'dist1_17', 'dist5_10', 'dist1_8', 'dist6_13', 't7_8_16', 'dist2_9', 'dist3_9', 'dist8_16', 'dist13_14', 'ang4_3_5', 'dist3_13', 't2_5_10', 'dist4_12', 'dist7_13', 'ang6_10_4']",random_forest,3.5386597292106585,1.7339222277191602,5.26749806432418,716,20,pca
leni,leni,True,"['dist5_8', 'ang6_4_10', 't4_5_8', 'dist7_11', 'dist6_11', 't6_10_11', 'dist7_12', 'dist6_9', 'dist11_17', 'dist2_16', 'dist11_16', 'dist1_8', 'dist6_8', 'dist9_11', 'dist12_17', 'dist11_12', 'dist1_13', 'dist8_16', 'ang2_7_5', 't5_8_9']",random_forest,14.430127547068558,3.010598105642385,12.470647907757591,717,20,pca
innsbruck_1,innsbruck_1,True,"['dist14_16', 'dist6_13', 'dist1_6', 'dist5_8', 'dist8_10', 'dist10_16', 'dist4_9', 't4_5_8', 'dist1_10', 'dist1_13', 'dist1_8', 'ang3_4_3', 'dist8_9', 'dist1_15', 'dist2_13', 'dist4_10', 'dist7_15', 'dist2_7', 'ang4_9_5', 'dist11_12']",random_forest,5.906072736677667,3.5579263932374454,7.444859371148261,718,20,pca
innsbruck_1,innsbruck_1,True,"['dist9_13', 't6_7_9', 'dist4_10', 'dist5_14', 'dist9_10', 'ang6_10_4', 't2_3_5', 'dist1_2', 'dist14_16', 't6_7_17', 't2_4_5', 't6_10_11', 'ang3_4_3', 't12_15_17', 'ang2_4_5', 'ang4_9_5', 'dist3_15', 'ang4_2_5', 'dist10_14', 'dist4_9']",random_forest,4.070580310619461,3.133567072959773,1.7226509858919064,719,20,pca
shorfy,shorfy,True,"['dist11_17', 'dist15_17', 'dist5_7', 'dist10_17', 'dist8_15', 'dist8_10', 'dist9_11', 'dist10_11', 'dist9_10', 'dist5_16', 'dist2_11', 'dist1_4', 'dist1_6', 'dist1_8', 'dist6_9', 'dist7_9', 'dist8_12', 'dist10_15', 'dist15_16', 't4_7_8']",random_forest,1.8107940173395276,0.28146226318045414,1.9744465285974298,720,20,pca
shorfy,shorfy,True,"['dist2_16', 'ang2_7_5', 't4_5_8', 'dist5_8', 't2_3_5', 'ang3_4_3', 't3_4_5', 'dist4_7', 't2_4_7', 'dist1_12', 'dist4_10', 'ang1_3_4', 'ang2_3_4', 'dist7_17', 'dist10_14', 't6_7_9', 'dist4_8', 'dist8_14', 'ang1_4_5', 'dist13_15']",random_forest,9.486100426415721,14.523862755434461,7.839893817734504,721,20,pca
paulinchen,paulinchen,True,"['dist2_11', 'dist3_12', 'dist11_13', 'ang4_2_4', 'dist8_15', 'dist7_17', 'dist3_11', 'dist7_12', 'dist12_14', 't12_13_15', 'ang4_2_5', 'dist9_17', 't8_9_17', 'dist6_11', 'dist12_13', 'dist7_8', 'dist11_12', 'dist1_13', 'dist15_16', 't7_8_16']",random_forest,5.028632618142911,0.7264061883079779,4.497546457109999,722,20,pca
paulinchen,paulinchen,True,"['dist1_8', 'dist8_17', 't2_5_10', 'dist1_16', 't1_6_7', 'ang2_3_4', 'dist1_17', 'dist2_9', 'dist7_13', 'dist6_14', 'dist6_16', 'dist1_9', 'dist2_6', 'dist2_17', 'dist6_7', 'dist6_8', 'dist13_16', 't7_8_17', 't2_5_6', 't6_7_17']",random_forest,3.1729357168457586,2.774057416053273,3.358605398650277,723,20,pca
mette,mette,True,"['dist4_8', 'ang2_7_5', 'dist5_6', 'dist8_17', 'dist5_10', 't2_3_7', 't4_7_8', 't3_5_10', 'dist4_6', 'dist9_14', 'dist1_10', 'dist2_3', 'dist3_7', 'dist3_14', 'dist7_13', 'dist10_17', 't2_5_10', 'dist2_8', 'ang2_4_5', 'dist6_15']",random_forest,19.086039905648924,6.7566306141336785,25.439646590416377,724,20,pca
mette,mette,True,"['dist15_17', 'dist7_15', 'dist2_17', 'dist11_17', 'dist2_8', 'dist9_10', 'dist12_17', 'dist1_17', 'dist7_12', 'dist9_11', 'dist9_15', 'dist13_16', 'dist15_16', 't12_15_17', 'dist8_17', 'dist1_3', 't2_4_8', 'dist3_10', 'ang4_2_4', 'dist8_15']",random_forest,5.843480489148183,4.873710559981495,1.8926520521584504,725,20,pca
zewe,zewe,True,"['dist7_12', 'dist3_13', 'dist2_3', 'dist9_11', 'dist11_17', 'dist11_16', 'dist14_16', 'dist8_12', 'dist5_11', 'dist1_17', 'dist12_16', 'dist2_12', 'dist11_14', 't4_5_8', 'dist2_11', 'dist5_7', 'dist5_14', 't4_7_8', 'dist10_12', 'dist4_16']",random_forest,0.900229544824438,2.231297519916437,2.350519974691749,726,20,pca
zewe,zewe,True,"['dist1_17', 'ang1_3_5', 't1_6_7', 't7_8_17', 'ang5_1_4', 'dist7_8', 'ang3_2_5', 'dist2_4', 'dist2_6', 't13_14_16', 'dist6_10', 'dist6_17', 'ang7_6_10', 'ang6_9_10', 'dist1_16', 'dist2_7', 'dist8_9', 'dist8_17', 'dist2_8', 'dist15_17']",random_forest,9.449435757395083,3.790871186981859,13.049293510576382,727,20,pca
frida,frida,True,"['ang1_3_4', 'dist5_6', 'ang2_3_4', 'ang3_1_4', 'ang2_7_5', 'dist5_7', 'dist5_9', 'dist10_16', 'dist12_13', 'dist11_15', 'dist1_6', 't2_4_5', 'dist11_14', 'dist4_10', 'dist5_15', 'dist7_12', 'dist8_16', 'ang1_2_5', 'dist1_8', 'dist13_15']",random_forest,24.28443127619388,3.708946763746623,23.703731060451556,728,20,pca
frida,frida,True,"['dist1_5', 'dist6_15', 'ang1_3_5', 'dist3_16', 'dist6_17', 'dist4_8', 'dist9_11', 'ang3_4_3', 'dist12_15', 'dist11_12', 'dist10_11', 'dist4_14', 'dist9_14', 't2_4_8', 'dist15_17', 'dist8_10', 'ang5_3_4', 'dist3_17', 't2_4_7', 't2_5_6']",random_forest,3.1116091048514685,6.309229439545822,7.802842066849944,729,20,pca
anton,anton,True,"['ang7_6_10', 'ang6_10_4', 'dist11_12', 'dist5_14', 'dist7_9', 'ang1_2_5', 'dist4_16', 'dist3_13', 'dist1_12', 'dist1_9', 'ang1_4_5', 'dist2_14', 'dist6_11', 'dist6_15', 'dist7_10', 'dist1_11', 'dist3_14', 'dist4_13', 'dist11_15', 'dist5_7']",random_forest,7.2434544925508995,5.507793902025085,9.694424121492846,730,20,pca
anton,anton,True,"['dist8_10', 'dist1_10', 'dist1_15', 'dist1_8', 'dist1_16', 'dist9_14', 't1_6_7', 't7_8_16', 'dist8_14', 'ang4_9_5', 'dist14_16', 'dist3_8', 'dist4_9', 'dist7_15', 'dist10_17', 't8_9_17', 'ang1_2_5', 't13_14_16', 'dist5_17', 'dist8_11']",random_forest,8.90334729681273,4.4044726355314605,4.533883789710326,731,20,pca
zanetka,zewe,False,"['dist2_13', 'ang3_4_3', 'dist6_13', 'ang4_2_4', 't13_14_15', 'dist5_9', 'dist4_14', 't4_5_8', 'ang2_7_5', 'dist12_14', 'dist1_3', 'dist7_16', 't3_7_16', 'dist15_16', 'dist5_17', 'dist10_11', 'ang2_1_4', 'dist9_15', 'dist15_17', 'ang2_4_3']",random_forest,22.58473735859594,13.822304553150248,8.764409676870846,732,20,pca
zanetka,zewe,False,"['dist2_13', 'dist2_8', 'dist11_12', 'ang4_3_5', 'ang5_3_4', 'dist1_6', 'ang2_3_4', 'dist4_14', 'ang1_4_5', 'dist5_9', 'ang3_4_3', 'dist1_3', 't3_4_7', 't4_5_8', 'dist3_12', 'ang2_7_5', 'dist6_11', 'dist6_13', 't1_3_5', 'dist3_17']",random_forest,30.75666868405785,12.434616011927822,20.15902767659786,733,20,pca
sam,shorfy,False,"['dist11_14', 'dist11_17', 't3_5_10', 'dist2_11', 'dist6_10', 't3_4_5', 'ang3_4_3', 't5_8_9', 'dist2_12', 'dist5_16', 'dist6_9', 'dist7_14', 'dist8_10', 'dist11_16', 't2_4_5', 't3_6_10', 't6_10_11', 'dist7_15', 'dist1_8', 'dist8_9']",random_forest,13.547534750167909,8.525200324603142,7.1488274185395415,734,20,pca
sam,shorfy,False,"['dist5_14', 'ang6_10_4', 'dist13_17', 'dist3_16', 'ang2_4_5', 'dist7_17', 'dist10_14', 't3_4_5', 'dist3_12', 'dist6_11', 'ang1_4_5', 'ang2_3_4', 'dist13_16', 't1_2_7', 'dist2_16', 't6_7_17', 'dist2_12', 'dist8_14', 'ang4_9_5', 'ang2_1_5']",random_forest,7.568490054885581,5.997303008894097,5.7160063079036245,735,20,pca
sam,zewe,False,"['dist8_14', 't2_4_8', 't3_5_10', 'dist4_8', 'dist4_9', 'dist1_3', 'dist10_14', 'dist11_15', 't2_5_10', 'dist3_10', 't4_5_8', 'dist9_14', 'dist2_4', 'dist4_10', 'dist1_4', 'dist4_13', 'dist9_10', 't2_4_5', 'dist3_17', 'ang6_9_10']",random_forest,8.189734582964746,9.411561584428997,5.837398354534805,736,20,pca
sam,zewe,False,"['dist1_4', 'dist1_3', 't3_4_5', 't4_5_8', 'dist11_14', 'ang4_3_5', 't3_4_16', 'dist10_17', 'dist2_4', 'dist3_10', 'dist4_5', 'dist4_7', 'dist4_13', 'dist7_14', 'ang5_3_4', 'ang3_4_3', 't3_4_7', 't3_7_16', 't5_8_9', 't1_3_5']",random_forest,16.800153349471053,3.3217288832986576,19.713947867263123,737,20,pca
sam,vladimir,False,"['dist15_17', 'dist1_4', 'dist9_15', 't2_4_5', 't3_4_5', 'ang4_9_5', 'dist5_15', 'dist1_6', 'dist2_12', 'dist3_13', 'dist1_10', 'dist1_9', 'dist2_11', 'dist5_11', 'dist6_11', 'dist8_15', 'ang1_3_5', 'ang6_9_10', 'dist10_15', 'ang1_4_3']",random_forest,24.85502018332701,11.62410033211634,14.851438929675844,738,20,pca
sam,vladimir,False,"['dist1_8', 'dist2_16', 'dist1_4', 'dist5_14', 'dist1_17', 'dist4_13', 'dist8_15', 't2_4_5', 'dist11_16', 'dist1_5', 'dist1_9', 'dist2_3', 'dist2_8', 'dist2_9', 'dist5_15', 'dist7_8', 'ang1_2_5', 'ang6_9_10', 't4_5_8', 'dist13_16']",random_forest,19.033723129426107,8.15938587955337,11.03188694850197,739,20,pca
rosie,sam,False,"['dist2_11', 'dist5_14', 'dist3_7', 'dist3_8', 'dist1_13', 'dist3_10', 'dist12_13', 'dist4_10', 'dist4_11', 'dist4_12', 'dist7_13', 'dist11_16', 'dist12_16', 'dist16_17', 'ang2_3_4', 'ang6_9_10', 'ang4_9_5', 't2_3_7', 't3_7_16', 't2_4_8']",random_forest,27.51456099703996,13.198803817285144,14.560016296804045,740,20,pca
rosie,sam,False,"['t2_3_7', 'dist2_11', 'dist4_8', 't3_7_16', 'dist3_8', 'dist5_14', 'dist12_17', 't2_4_8', 't13_14_15', 'dist1_4', 'dist1_13', 'dist3_10', 'dist4_11', 'dist4_12', 'dist11_16', 'dist11_17', 'dist12_13', 'dist12_16', 'ang6_10_4', 't1_3_5']",random_forest,20.857543774446,11.946631665088258,12.426239946591346,741,20,pca
rosie,shorfy,False,"['ang4_9_5', 'ang2_3_4', 'dist2_3', 'dist4_14', 't6_7_17', 'ang4_2_4', 'dist9_10', 't2_3_7', 'dist6_15', 'dist1_9', 'dist5_16', 'dist7_9', 'dist7_10', 'dist2_15', 'dist7_12', 'ang2_4_5', 'ang3_4_3', 't3_4_5', 'dist5_14', 'dist7_17']",random_forest,12.565008998878495,11.1575728548169,3.640642139230875,742,20,pca
rosie,shorfy,False,"['dist10_17', 'dist7_10', 'dist1_3', 'dist2_3', 'ang2_4_3', 'dist5_14', 'dist8_10', 'dist2_13', 'dist11_12', 'ang2_1_4', 'ang1_2_4', 'dist1_12', 'ang1_2_5', 'ang2_4_5', 'ang3_4_3', 'dist9_10', 'dist5_15', 'ang3_1_4', 'dist11_16', 'dist6_8']",random_forest,20.279820185597664,11.480529718222824,15.027863680927911,743,20,pca
rosie,zewe,False,"['dist8_14', 'dist3_17', 'dist9_14', 'dist16_17', 'dist3_7', 'dist3_16', 'ang1_3_4', 't2_3_7', 't3_7_16', 'dist3_6', 'dist7_13', 'ang2_3_4', 'dist2_13', 'dist3_9', 'dist3_10', 'dist10_14', 'ang4_9_5', 't3_5_10', 'ang7_6_10', 'dist7_16']",random_forest,16.624016661027134,12.459971283266214,11.5411971083789,744,20,pca
rosie,zewe,False,"['dist7_13', 'ang4_9_5', 'ang6_9_10', 'dist1_8', 'dist9_10', 'dist11_14', 'dist12_13', 'dist13_17', 'dist1_2', 'dist3_10', 'dist3_16', 'dist8_13', 'dist10_12', 't2_4_5', 'ang6_4_10', 'dist14_15', 'dist3_9', 'dist2_8', 'dist1_10', 't2_3_7']",random_forest,18.887766934627244,11.259462083090567,8.339116329368677,745,20,pca
rosie,vladimir,False,"['dist5_14', 'dist1_5', 'dist2_11', 'dist4_10', 'dist12_15', 't1_3_5', 't2_4_8', 't13_14_16', 'dist1_6', 'dist1_8', 'dist2_4', 'dist2_8', 'dist2_9', 'dist3_10', 'dist3_13', 'dist7_13', 'dist10_14', 'dist11_14', 'dist13_14', 'dist13_16']",random_forest,11.070991142036243,6.985333586512558,4.086849496913795,746,20,pca
rosie,vladimir,False,"['dist5_14', 'dist3_10', 'dist6_17', 't7_8_17', 'dist1_8', 'dist1_9', 'dist2_4', 'dist2_9', 'dist6_9', 'dist11_14', 'dist12_15', 't2_3_7', 't3_7_16', 't4_7_8', 't7_8_16', 't4_5_8', 't8_9_17', 't2_4_8', 't3_5_7', 't13_14_17']",random_forest,10.51385782009153,7.093141392028412,3.4823485024781213,747,20,pca
otella,sam,False,"['dist2_11', 'dist3_10', 'dist7_10', 'dist7_11', 'dist11_13', 'ang1_2_4', 't2_3_7', 'dist1_8', 'dist1_10', 'dist2_3', 'dist5_15', 'dist6_17', 'dist7_15', 'dist8_10', 'dist9_10', 'dist11_14', 'dist11_16', 'dist12_15', 'dist12_17', 'dist15_16']",random_forest,7.275380576098066,2.112514621355172,6.768314920632902,748,20,pca
otella,sam,False,"['dist2_11', 'dist3_10', 'dist4_12', 'dist5_14', 'dist7_15', 'dist8_12', 't3_7_16', 't13_14_15', 'dist1_16', 'dist2_12', 'dist2_13', 'dist3_17', 'dist7_12', 'dist9_11', 'dist11_16', 'dist12_13', 'dist12_14', 'dist12_17', 'ang2_3_4', 'ang3_4_3']",random_forest,19.228870265043064,10.232267841010982,9.943075790210685,749,20,pca
otella,rosie,False,"['dist4_10', 'dist4_9', 'dist9_14', 'dist4_8', 'dist9_16', 'ang3_4_3', 't4_5_8', 'dist16_17', 'ang6_4_10', 't2_4_8', 'dist3_8', 'ang4_9_5', 'ang2_4_5', 'dist8_16', 'dist12_16', 'ang3_4_5', 'ang5_3_4', 't3_6_10', 't4_6_10', 'dist4_16']",random_forest,24.701555922842438,5.957830924620487,18.744165863202007,750,20,pca
otella,rosie,False,"['t2_4_7', 'ang5_3_4', 'ang6_4_10', 'ang3_4_3', 'dist3_7', 'dist4_9', 't4_7_8', 'dist3_6', 't2_4_8', 'dist1_11', 'dist2_7', 'dist2_11', 'dist3_9', 'dist3_17', 'dist7_11', 'dist9_11', 'dist8_14', 'dist9_14', 'ang2_4_5', 't2_3_7']",random_forest,14.826694359342461,5.540537326414348,9.450451376753493,751,20,pca
otella,shorfy,False,"['dist2_6', 'dist5_6', 'dist5_17', 'dist8_16', 'dist3_8', 'ang5_3_4', 'dist16_17', 'dist11_15', 'ang4_2_4', 'dist2_4', 'dist5_14', 'dist13_17', 'ang3_1_5', 'ang4_3_5', 'dist2_7', 'dist2_8', 'ang1_2_5', 'dist2_17', 'ang3_1_4', 't5_9_10']",random_forest,12.653707169123253,4.354122653068357,9.589972410207134,752,20,pca
otella,shorfy,False,"['dist1_2', 'dist1_3', 'ang1_3_5', 'ang1_4_3', 'ang1_2_5', 'dist3_6', 'dist1_8', 'dist3_8', 'ang3_4_3', 'dist2_3', 'dist2_17', 'dist3_10', 'dist8_16', 'ang1_4_5', 'ang1_2_4', 'dist9_16', 'dist5_9', 'ang3_2_5', 't2_3_7', 'ang5_3_4']",random_forest,17.836279163141175,0.35790111306081585,17.568227618221318,753,20,pca
otella,paulinchen,False,"['dist1_8', 'dist1_17', 'dist7_12', 'dist1_10', 'dist2_16', 'ang2_7_5', 'dist1_7', 'dist2_4', 'dist2_8', 'dist1_15', 'dist1_4', 'dist2_9', 'dist2_11', 'dist4_13', 'dist7_9', 'dist9_12', 'dist9_13', 'dist12_15', 'dist13_14', 't1_2_7']",random_forest,18.091681941954914,7.417858361930938,10.757245176082098,754,20,pca
otella,paulinchen,False,"['dist1_8', 'dist2_16', 'dist7_12', 't12_15_17', 'dist8_12', 'dist11_12', 'dist1_9', 'dist2_4', 'dist12_17', 't1_6_7', 't2_4_8', 'dist7_11', 'dist9_12', 'dist1_10', 'dist1_16', 'dist1_17', 'dist2_14', 'dist3_15', 'dist13_15', 'ang2_7_5']",random_forest,19.067899271996893,9.557392928954492,10.059638114226232,755,20,pca
otella,zewe,False,"['t6_10_11', 't3_7_16', 'dist1_3', 'dist11_13', 'ang6_9_10', 'dist6_11', 'ang2_3_4', 'dist8_15', 'dist12_13', 'dist3_7', 'dist14_16', 'ang2_4_3', 'dist1_4', 'dist9_15', 'ang3_2_4', 'dist9_11', 'dist5_10', 'dist8_16', 'dist13_17', 'dist1_11']",random_forest,15.605178915155275,9.047969204148862,12.799234536610435,756,20,pca
otella,zewe,False,"['t4_5_8', 'ang6_4_10', 'dist6_10', 'dist8_14', 'ang5_1_4', 'dist6_9', 'dist4_8', 'dist4_10', 'dist4_16', 'dist1_4', 'dist1_2', 'dist4_5', 'dist6_17', 'dist15_16', 'ang4_1_5', 't2_4_5', 't3_4_5', 'dist4_9', 'dist5_16', 't2_3_7']",random_forest,8.577121596358765,5.124763291534169,3.9794782874405064,757,20,pca
otella,vladimir,False,"['dist1_8', 'dist2_8', 'dist2_9', 'dist8_16', 'ang6_10_4', 't6_7_9', 't2_4_8', 'dist1_7', 'dist1_17', 'dist2_4', 'dist3_8', 'dist4_8', 'dist6_9', 'dist6_17', 'dist7_9', 'dist8_13', 'dist10_17', 't2_4_5', 't1_2_7', 'dist6_7']",random_forest,13.817659050060106,9.37470690591292,4.743072365569201,758,20,pca
otella,vladimir,False,"['dist1_8', 'dist1_6', 'dist2_9', 'dist2_16', 'dist7_13', 'dist2_8', 'dist1_9', 't2_3_5', 'dist13_17', 'ang4_9_5', 'dist1_5', 'dist1_7', 'dist1_10', 'dist1_17', 'dist5_9', 'dist7_9', 'dist12_15', 't1_6_7', 't1_3_5', 't2_4_5']",random_forest,16.873295520808007,5.864636046247991,11.008704066109184,759,20,pca
japet,sam,False,"['dist1_8', 'dist2_8', 'dist1_16', 'dist2_11', 'dist13_14', 'ang2_7_5', 't2_4_5', 't12_15_17', 'dist1_5', 'dist1_15', 'dist4_11', 'dist5_6', 'dist5_16', 'dist6_8', 'dist6_15', 'dist6_17', 'dist7_12', 'dist7_15', 'dist10_15', 'dist12_14']",random_forest,22.196840064512728,15.800247937265576,7.510675092522496,760,20,pca
japet,sam,False,"['t12_15_17', 'dist2_12', 'dist7_12', 'dist12_17', 'dist8_12', 'dist14_15', 'dist3_15', 'dist3_12', 'dist4_11', 'dist4_12', 'dist5_14', 'dist7_11', 'dist7_15', 'dist9_12', 'dist9_15', 'dist11_16', 'dist11_17', 'dist12_13', 'dist12_14', 'dist12_16']",random_forest,9.464957186532747,9.84300696609566,0.38364609450408266,761,20,pca
japet,rosie,False,"['dist5_14', 'dist2_3', 'dist3_10', 'dist4_10', 'dist7_10', 'dist12_13', 'dist12_17', 'dist11_17', 'dist2_4', 'dist2_11', 'dist2_13', 'dist3_12', 'dist4_8', 'dist4_11', 'dist6_10', 'dist7_15', 'dist8_12', 'dist10_16', 'dist10_17', 'dist11_16']",random_forest,3.973521517064034,3.0237671953802145,1.0749164938696327,762,20,pca
japet,rosie,False,"['dist2_11', 't3_5_10', 'dist2_8', 't3_4_5', 't2_4_8', 't13_14_16', 'dist1_3', 'dist3_7', 'dist3_10', 'dist4_12', 'dist5_14', 'dist7_12', 'dist12_13', 'dist12_15', 'dist13_17', 't4_7_8', 't2_4_5', 't13_14_17', 'dist1_9', 'dist1_13']",random_forest,11.436461950839682,3.891927661589253,7.664396436758374,763,20,pca
japet,otella,False,"['dist2_11', 'dist5_14', 'dist3_10', 't2_4_8', 'dist2_4', 'dist2_8', 'dist2_14', 'dist4_11', 'dist4_12', 'dist7_12', 'dist7_13', 'dist11_16', 'dist12_13', 'dist12_15', 'dist13_17', 't3_7_16', 't3_4_16', 't3_4_5', 't3_5_10', 't13_14_17']",random_forest,9.361351676744153,6.536952219950112,2.824602072133482,764,20,pca
japet,otella,False,"['dist2_11', 'dist3_10', 'dist11_14', 't2_4_8', 'dist2_8', 'dist2_14', 'dist4_11', 'dist5_14', 'dist6_9', 'dist10_15', 'dist12_15', 'dist12_17', 'dist13_14', 'dist14_16', 't8_9_17', 't3_4_5', 't13_14_17', 't13_14_16', 'dist1_4', 'dist1_8']",random_forest,9.086335598442142,5.510724029138175,3.5758790726261607,765,20,pca
japet,nuernberg_2,False,"['t2_4_5', 'dist5_14', 't3_5_10', 'dist14_16', 'dist7_12', 'dist11_14', 'dist1_10', 'dist2_11', 'dist2_14', 'dist3_10', 'dist6_15', 'dist6_17', 'dist7_15', 'dist13_16', 't4_5_8', 't1_3_5', 't3_4_5', 't2_4_8', 't13_14_17', 't13_14_16']",random_forest,11.733530030866241,10.76290289946946,1.2175163729853706,766,20,pca
japet,nuernberg_2,False,"['dist5_14', 't2_4_5', 't3_4_5', 'dist3_5', 't3_5_10', 'dist3_4', 'dist3_9', 'dist10_14', 'dist3_10', 'dist1_9', 'dist1_16', 'dist2_3', 'dist2_4', 'dist2_11', 'dist4_9', 'dist9_14', 'dist9_16', 'ang2_4_5', 'ang2_7_5', 't2_3_5']",random_forest,26.13637686704828,11.92669615585726,14.209811762165664,767,20,pca
japet,nokia,False,"['dist4_10', 'dist4_9', 'dist7_12', 'dist7_15', 'dist14_15', 'dist3_15', 'dist4_11', 'dist5_10', 'dist7_9', 'dist9_16', 'dist12_13', 't5_9_10', 'dist1_15', 'dist9_15', 'dist11_13', 'dist11_15', 'dist12_17', 'ang4_2_5', 'ang2_4_5', 't12_15_17']",random_forest,10.40124439929768,9.65389803352292,10.77190589921429,768,20,pca
japet,nokia,False,"['t7_8_9', 'dist4_10', 'dist4_9', 'dist7_9', 'dist9_16', 'dist1_11', 'dist6_8', 'dist1_12', 'dist1_15', 'dist3_9', 'dist3_15', 'dist7_11', 'dist10_16', 'dist11_13', 'dist12_13', 'dist16_17', 'ang2_4_5', 't6_7_9', 'dist2_14', 'dist3_10']",random_forest,6.2877406210986475,3.1949884444363303,7.61201382999482,769,20,pca
japet,noel,False,"['t6_7_9', 't2_4_5', 'dist5_14', 't3_4_5', 'dist2_3', 'dist2_4', 'dist2_14', 'dist5_13', 'dist5_16', 'dist6_8', 'dist6_9', 'ang4_9_5', 't7_8_9', 'dist6_15', 'dist13_14', 't1_3_5', 't6_10_11', 'dist2_5', 'dist7_9', 'dist8_17']",random_forest,12.689052286050481,6.8569931731067335,9.934657611394675,770,20,pca
japet,noel,False,"['t2_4_5', 'ang2_7_5', 'dist2_4', 'dist3_13', 'dist5_16', 't2_3_5', 'dist2_14', 'dist7_10', 'ang2_1_4', 'dist2_16', 'dist1_8', 'dist2_5', 'dist3_14', 'dist6_17', 'dist7_15', 'ang4_9_5', 't12_15_17', 't8_9_17', 'dist5_7', 'dist4_5']",random_forest,36.358800623777206,13.6847920392887,23.261714816690617,771,20,pca
japet,matysek,False,"['dist2_11', 'dist14_16', 'dist4_12', 'dist7_12', 'dist12_17', 't4_5_8', 't3_5_10', 'dist1_8', 'dist3_14', 'dist3_15', 'dist5_9', 'dist5_16', 'dist7_15', 'dist11_14', 'dist12_13', 'dist12_14', 'dist12_15', 't5_8_9', 't3_4_5', 'dist1_4']",random_forest,6.57159233551332,5.153102511566438,1.447044696125826,772,20,pca
japet,matysek,False,"['dist7_15', 'dist14_16', 't3_5_10', 'dist2_11', 'dist3_14', 'dist5_9', 'dist5_15', 't8_9_17', 'dist1_8', 'dist1_15', 'dist3_6', 'dist4_12', 'dist5_16', 'dist6_12', 'dist7_12', 'dist8_14', 'dist11_14', 'dist12_14', 'dist12_15', 'dist15_17']",random_forest,5.572950928640554,4.13394858696177,1.4399256730795706,773,20,pca
japet,lucka,False,"['dist1_8', 'dist5_14', 't2_4_8', 'dist1_4', 'dist2_3', 'dist2_4', 'dist2_14', 'dist4_12', 'dist5_9', 'dist5_16', 'dist7_12', 'dist10_15', 'dist12_15', 'dist14_16', 't3_4_16', 't1_6_7', 't8_9_17', 't3_4_5', 't13_14_17', 'dist1_3']",random_forest,11.754472074459526,5.529617869270688,6.259926208667192,774,20,pca
japet,lucka,False,"['dist1_8', 'dist2_11', 'dist5_14', 'dist6_17', 't7_8_16', 't2_4_8', 'dist1_3', 'dist2_4', 'dist2_8', 'dist2_14', 'dist3_10', 'dist4_12', 'dist7_12', 'dist10_15', 'dist12_15', 'dist15_17', 't6_7_9', 't8_9_17', 't3_4_5', 't13_14_17']",random_forest,12.046627116198,6.1516376054110635,6.037866450353244,775,20,pca
japet,nuernberg_1,False,"['t3_4_5', 't3_5_10', 'dist5_16', 'dist7_10', 'dist7_15', 't1_3_5', 't2_4_5', 'dist2_7', 'dist2_11', 'dist3_15', 'dist5_7', 'dist6_17', 'dist7_11', 'dist7_14', 'dist9_15', 'dist12_15', 'dist13_14', 't3_7_16', 't4_7_8', 't7_8_17']",random_forest,8.67443134016186,8.849983204352911,1.051448567225151,776,20,pca
japet,nuernberg_1,False,"['dist1_8', 'dist11_14', 'dist12_17', 'dist13_14', 'ang4_3_5', 't2_4_5', 't2_4_8', 'dist1_4', 'dist1_5', 'dist2_4', 'dist2_11', 'dist2_14', 'dist6_16', 'dist6_17', 'dist7_11', 'dist7_12', 'dist10_16', 'dist11_16', 'dist11_17', 'dist12_15']",random_forest,5.86823522101726,4.72280062617685,2.202594613078897,777,20,pca
japet,leni,False,"['dist15_17', 'dist5_9', 'dist5_7', 'dist14_16', 'dist2_11', 'dist5_16', 'dist6_11', 'dist6_12', 'dist9_15', 'dist5_17', 'dist6_15', 'dist7_11', 'dist8_15', 'dist15_16', 'ang4_3_5', 'ang2_4_5', 't2_5_9', 'dist7_12', 'ang3_4_3', 'dist3_15']",random_forest,15.790897903588949,4.416086436065604,12.654855103503513,778,20,pca
japet,leni,False,"['dist6_8', 'dist1_13', 'dist7_15', 'dist15_17', 'ang3_1_4', 'dist6_11', 't1_6_7', 'dist3_7', 'dist5_16', 'dist15_16', 'ang4_9_5', 'dist6_12', 'ang4_3_5', 'ang2_4_5', 'dist3_14', 'dist5_9', 'dist5_8', 'dist8_15', 'dist3_5', 'dist6_7']",random_forest,13.175057519214251,3.5266249637484175,10.9978716881533,779,20,pca
japet,shorfy,False,"['dist1_8', 'dist2_11', 'dist3_10', 'dist5_14', 't2_4_8', 'dist1_3', 'dist1_4', 'dist1_16', 'dist2_4', 'dist2_8', 'dist4_10', 'dist4_11', 'dist4_12', 'dist7_12', 'dist12_15', 't3_4_16', 't4_5_8', 't3_4_5', 't3_5_10', 't13_14_17']",random_forest,12.684531042821202,6.067339249623946,6.621962235603672,780,20,pca
japet,shorfy,False,"['dist1_8', 'dist2_11', 'dist5_14', 'dist3_10', 'dist2_4', 'dist2_8', 'dist3_6', 'dist4_12', 'dist7_12', 'dist10_15', 'dist12_15', 'ang1_2_5', 't6_7_9', 't8_9_17', 't1_3_5', 't3_4_5', 't13_14_17', 'dist1_10', 'dist1_12', 'dist2_7']",random_forest,16.273022322438866,6.953656194210567,9.329908750195225,781,20,pca
japet,paulinchen,False,"['t3_5_10', 'dist2_11', 'dist3_10', 'dist4_10', 'dist12_13', 'dist15_16', 'dist3_12', 'dist4_11', 'dist6_13', 'dist7_10', 'dist9_11', 'dist9_15', 'dist10_14', 'dist10_16', 'dist11_16', 'ang2_1_5', 'ang1_3_4', 'ang2_3_4', 't3_4_16', 't3_6_10']",random_forest,17.348032295246096,10.251030385309676,7.153438433028983,782,20,pca
japet,paulinchen,False,"['dist2_11', 'dist8_9', 'dist11_17', 'dist14_17', 't8_9_17', 'dist1_12', 'dist2_12', 'dist3_6', 'dist3_8', 'dist3_10', 'dist3_12', 'dist4_12', 'dist7_9', 'dist7_11', 'dist7_15', 'dist8_15', 'dist11_14', 'dist11_16', 'dist12_13', 'dist12_16']",random_forest,4.554810622667783,2.889652306442375,1.6736766064287274,783,20,pca
japet,mette,False,"['dist1_8', 'dist2_11', 'dist3_10', 'dist6_17', 'dist1_4', 'dist2_14', 'dist4_12', 'dist5_14', 'dist7_12', 'dist11_16', 'dist14_16', 't3_4_16', 't6_7_9', 't8_9_17', 't3_4_5', 't2_4_8', 't3_5_10', 't13_14_17', 'dist1_3', 'dist1_12']",random_forest,12.148413725697546,7.707737197051366,4.459828863690758,784,20,pca
japet,mette,False,"['dist1_8', 'dist2_11', 'dist3_6', 'dist3_10', 'dist5_14', 'dist11_17', 'dist2_8', 'dist4_12', 'dist7_15', 'dist11_16', 'dist12_16', 'dist12_17', 't3_7_16', 't7_8_16', 't3_4_5', 't2_4_8', 't3_5_10', 't13_14_17', 'dist1_3', 'dist1_9']",random_forest,9.075409508321338,4.887379357990932,4.192165756076239,785,20,pca
japet,zewe,False,"['dist1_8', 'dist3_10', 'dist5_14', 't7_8_17', 't3_4_5', 'dist1_4', 'dist1_10', 'dist2_4', 'dist2_8', 'dist2_11', 'dist2_14', 'dist4_10', 'dist4_12', 'dist7_10', 'dist11_16', 'dist12_15', 't8_9_17', 't2_4_8', 't3_5_10', 't13_14_17']",random_forest,10.798271390754293,7.13012830004313,3.6824950246310957,786,20,pca
japet,zewe,False,"['dist5_14', 'dist2_8', 'dist3_10', 't7_8_17', 't3_4_5', 'dist1_4', 'dist1_8', 'dist2_4', 'dist2_11', 'dist4_8', 'dist4_12', 'dist6_17', 'dist10_16', 'dist12_15', 't4_7_8', 't4_5_8', 't8_9_17', 't2_4_8', 'dist2_7', 'dist2_9']",random_forest,7.021799031884897,3.627469390120186,3.3977337769479408,787,20,pca
japet,vladimir,False,"['dist2_11', 'dist7_12', 'dist11_14', 'dist2_12', 'dist10_15', 'dist12_13', 'dist15_16', 'dist2_15', 'dist6_11', 'dist6_15', 'dist10_11', 'dist11_17', 'dist5_9', 'dist4_11', 'dist7_11', 'dist8_15', 'dist9_15', 'dist9_16', 'dist15_17', 'ang4_9_5']",random_forest,8.76233174838881,4.129400033645308,9.82150405339736,788,20,pca
japet,vladimir,False,"['dist2_11', 'dist6_17', 't12_15_17', 'dist2_12', 'dist7_12', 'dist12_14', 'dist12_17', 't13_14_15', 'dist12_13', 'dist3_15', 'dist4_11', 'dist4_12', 'dist5_9', 'dist7_11', 'dist7_15', 'dist8_12', 'dist9_15', 'dist10_11', 'dist11_14', 'dist11_16']",random_forest,18.60256677723948,19.899850210726772,1.3880740836221286,789,20,pca
ducky,sam,False,"['dist1_8', 't1_3_5', 't2_4_5', 't2_4_8', 'dist2_8', 'dist6_8', 'dist6_17', 'dist12_15', 't3_4_5', 'dist2_15', 'dist3_5', 'dist4_12', 'dist4_14', 'dist5_14', 'dist5_16', 't1_6_7', 't6_7_9', 't13_14_17', 'dist2_11', 'dist1_5']",random_forest,12.097104817053456,11.748003929914084,0.3505949641677578,790,20,pca
ducky,sam,False,"['dist5_14', 'dist2_14', 'dist3_5', 't3_4_5', 'dist3_17', 't4_7_8', 't1_3_5', 't2_4_8', 'dist2_16', 'dist2_3', 'dist2_4', 'dist3_16', 'dist5_16', 'dist7_15', 'dist15_16', 't3_7_16', 't3_4_16', 't7_8_17', 't6_9_10', 't2_4_5']",random_forest,11.19776406375451,10.133736970424485,1.122866644768993,791,20,pca
ducky,rosie,False,"['dist2_11', 'dist5_14', 'dist7_12', 't2_4_8', 'dist1_8', 'dist1_16', 'dist2_4', 'dist2_8', 'dist3_10', 'dist4_8', 'dist4_11', 'dist4_12', 'dist7_13', 'dist11_16', 'dist12_15', 'dist12_17', 'dist13_14', 't2_4_5', 't3_4_5', 't13_14_17']",random_forest,15.289686699390415,10.316386523659407,4.975070526115968,792,20,pca
ducky,rosie,False,"['dist2_11', 'dist5_14', 't2_4_8', 'dist1_8', 'dist2_4', 'dist3_7', 'dist3_10', 'dist4_11', 'dist4_12', 'dist7_12', 'dist7_13', 'dist10_15', 'dist12_15', 'dist12_17', 't4_7_8', 't8_9_17', 't3_4_5', 't13_14_17', 'dist1_4', 'dist1_5']",random_forest,16.992254720556446,10.02071808353193,6.981094823227119,793,20,pca
ducky,otella,False,"['dist2_11', 'dist6_17', 't2_4_8', 'dist2_4', 'dist2_8', 'dist2_14', 'dist3_7', 'dist3_10', 'dist4_12', 'dist5_14', 'dist7_12', 'dist10_15', 'dist12_15', 't3_4_16', 't6_7_9', 't8_9_17', 't2_4_5', 't3_4_5', 't3_5_10', 't13_14_17']",random_forest,18.414923355646053,13.85531690058272,4.568687368978492,794,20,pca
ducky,otella,False,"['dist2_11', 'dist1_8', 'dist5_14', 'dist6_17', 'dist1_3', 'dist2_4', 'dist2_8', 'dist2_14', 'dist3_10', 'dist4_12', 'dist6_10', 'dist7_12', 'dist7_13', 'dist10_15', 'dist12_15', 't3_4_16', 't6_7_9', 't2_4_5', 't3_4_5', 't2_4_8']",random_forest,12.041017944815497,8.301469699364892,3.742188420524856,795,20,pca
ducky,japet,False,"['dist1_3', 'dist2_17', 'dist2_13', 'dist1_10', 'dist12_16', 'ang6_10_4', 'dist2_8', 'dist8_16', 'ang1_2_5', 'ang2_4_5', 'dist1_8', 'dist11_17', 'dist9_10', 'dist6_11', 't2_3_7', 'dist1_6', 'ang5_1_4', 'dist3_8', 't6_7_17', 't2_4_8']",random_forest,7.5554666839580085,9.527024140557279,4.06792456959609,796,20,pca
ducky,japet,False,"['ang2_4_5', 'dist9_12', 'dist11_16', 't4_5_8', 'dist9_11', 'dist9_15', 'dist5_9', 't2_5_9', 'dist8_14', 'dist2_4', 'dist3_6', 'dist5_10', 't2_4_7', 'dist7_14', 'dist8_15', 'dist8_17', 'dist9_16', 'dist12_15', 't3_4_16', 'dist2_9']",random_forest,6.493029836765323,7.496746022576659,4.555500506365891,797,20,pca
ducky,nuernberg_2,False,"['dist5_14', 't2_4_5', 'dist7_15', 't2_4_8', 't3_5_10', 'dist3_10', 'dist11_14', 'ang1_2_5', 't2_3_7', 'dist1_5', 'dist2_3', 'dist2_4', 'dist2_8', 'dist2_9', 'dist2_11', 'dist3_5', 'dist6_15', 'dist8_14', 'dist10_16', 'dist15_17']",random_forest,19.846911452605177,13.713537292638525,6.694528886392496,798,20,pca
ducky,nuernberg_2,False,"['dist1_8', 'dist2_11', 'dist1_4', 'dist5_14', 'dist12_17', 't2_3_7', 't2_4_5', 't2_4_8', 'dist1_3', 'dist1_16', 'dist2_4', 'dist2_7', 'dist2_9', 'dist3_6', 'dist3_10', 'dist4_12', 'dist12_13', 'dist13_14', 'dist13_17', 't3_4_5']",random_forest,9.036272012420667,8.494738368385695,0.7163812069642008,799,20,pca
ducky,nokia,False,"['t2_4_8', 't3_5_10', 'dist11_14', 'dist4_10', 'dist7_10', 'dist8_14', 'dist2_4', 't2_4_5', 't2_5_10', 'dist3_9', 'dist3_10', 'dist4_8', 'dist4_9', 'dist4_11', 'dist9_14', 'dist10_16', 'dist14_16', 'ang4_3_5', 't4_5_8', 'dist7_14']",random_forest,12.64394489532437,11.30412807594221,6.48906551652964,800,20,pca
ducky,nokia,False,"['t3_5_10', 'dist1_15', 'dist3_10', 'dist5_12', 'dist7_10', 't2_4_8', 't12_15_17', 'dist2_4', 'dist4_8', 'dist4_9', 'dist4_10', 'dist4_11', 'dist4_12', 'dist5_9', 'dist5_14', 'dist7_15', 'dist8_14', 'dist10_16', 'dist11_14', 'dist14_17']",random_forest,11.636692693097201,13.665452897676978,2.780612080226708,801,20,pca
ducky,noel,False,"['dist5_14', 't2_4_5', 't3_4_5', 't2_4_8', 'dist2_14', 'dist3_5', 'dist3_14', 'dist5_16', 't2_3_5', 't2_5_6', 'dist2_13', 'dist1_5', 'dist2_3', 'dist2_4', 'dist2_5', 'dist3_4', 'dist5_8', 'dist7_15', 'dist14_16', 't13_14_16']",random_forest,10.596649672135284,10.248662530509433,2.030292383342041,802,20,pca
ducky,noel,False,"['t2_4_5', 'dist5_14', 'ang2_7_5', 't2_4_8', 'ang4_9_5', 't2_3_5', 't3_4_5', 'dist5_16', 'dist2_14', 'dist3_14', 'dist7_15', 'dist13_14', 'ang3_1_4', 'dist14_16', 'dist2_4', 'dist2_5', 'dist3_4', 'dist3_5', 'dist5_7', 'dist13_16']",random_forest,30.904873377669926,8.301938529882085,22.769759821247636,803,20,pca
ducky,matysek,False,"['dist2_11', 'dist3_10', 'dist4_12', 'dist7_12', 'dist7_15', 'dist11_14', 'dist14_16', 'dist1_8', 'dist2_4', 'dist3_15', 'dist4_8', 'dist5_12', 'dist5_15', 'dist7_13', 'dist8_10', 'dist8_14', 'dist12_13', 'dist14_17', 't3_4_16', 't5_8_9']",random_forest,5.314838629463316,4.408619117294333,0.9144523595762021,804,20,pca
ducky,matysek,False,"['dist1_13', 'dist3_10', 'dist5_14', 't3_4_5', 'dist2_4', 'dist4_12', 'dist7_15', 'dist10_15', 'dist11_17', 'dist12_13', 'dist12_17', 'dist14_16', 't3_4_16', 't5_8_9', 't1_6_7', 't13_14_17', 't13_14_16', 'dist5_10', 'dist1_3', 'dist1_4']",random_forest,12.466931499279804,10.610052510921154,2.0168531034372745,805,20,pca
ducky,lucka,False,"['dist2_14', 'dist7_12', 't2_4_8', 't3_5_10', 'dist1_4', 'dist1_15', 'dist2_4', 'dist2_8', 'dist4_12', 'dist5_16', 'dist9_12', 'dist10_15', 'dist12_15', 'dist13_14', 'dist14_16', 't4_7_8', 't3_4_16', 't2_4_5', 't3_4_5', 't2_4_7']",random_forest,14.979336262717577,8.794907482432215,6.201286630777325,806,20,pca
ducky,lucka,False,"['dist7_12', 'dist11_14', 't2_4_8', 'dist1_8', 'dist2_3', 'dist2_4', 'dist2_8', 'dist2_11', 'dist2_14', 'dist3_10', 'dist4_12', 'dist5_14', 'dist6_17', 'dist9_12', 'dist10_15', 'dist12_15', 'dist15_17', 't4_7_8', 't3_4_16', 't6_7_9']",random_forest,8.704140045820944,5.203843486156905,3.524150387116602,807,20,pca
ducky,nuernberg_1,False,"['t3_4_5', 'dist1_8', 'dist3_5', 'dist5_16', 'dist7_10', 'dist10_12', 't1_3_5', 't2_4_5', 'dist2_3', 'dist2_4', 'dist2_9', 'dist2_14', 'dist5_14', 'dist7_12', 'ang1_2_5', 'ang4_3_5', 'ang4_9_5', 't2_4_8', 't2_5_10', 't13_14_17']",random_forest,14.88943762466142,11.380987611541606,7.538298522841039,808,20,pca
ducky,nuernberg_1,False,"['dist5_14', 'dist2_11', 't2_4_5', 't2_4_8', 'dist2_4', 'dist2_14', 'dist3_6', 'dist5_16', 'dist6_9', 'dist6_17', 'dist7_12', 'dist10_15', 'dist12_15', 'dist14_16', 'ang3_4_3', 't3_7_16', 't7_8_16', 't6_7_9', 't3_4_5', 't13_14_17']",random_forest,15.369122348670379,11.200389552468229,5.645404793243487,809,20,pca
ducky,leni,False,"['dist7_12', 'dist14_16', 't2_5_9', 'dist7_11', 'dist5_16', 'dist6_12', 'dist11_17', 'dist9_15', 'dist5_14', 'dist2_11', 'dist4_8', 'dist4_11', 'dist7_15', 'dist15_16', 'ang2_1_5', 'ang7_6_10', 't3_4_16', 't3_4_5', 'dist2_14', 'dist5_17']",random_forest,8.807861614612332,6.339772894613658,3.2124850401228957,810,20,pca
ducky,leni,False,"['t2_4_5', 'dist8_14', 't5_8_9', 'dist14_16', 't3_4_5', 'dist5_16', 'dist2_4', 'dist2_14', 'dist3_5', 'ang2_1_4', 't4_5_8', 't2_3_5', 't3_5_10', 'ang1_2_5', 't8_9_17', 't1_3_5', 't2_5_9', 'dist5_17', 'ang2_7_5', 'ang4_9_5']",random_forest,23.635222509747614,16.89087766261742,7.998855702359802,811,20,pca
ducky,innsbruck_1,False,"['dist6_9', 't4_5_8', 'dist2_8', 'ang7_6_10', 'ang1_2_5', 'dist2_17', 'dist5_16', 'dist7_13', 't3_6_10', 't6_7_9', 'dist5_8', 'dist9_11', 'ang6_10_4', 'ang1_4_3', 'ang6_4_10', 'dist2_4', 't3_4_16', 'dist5_7', 'dist11_15', 'dist7_9']",random_forest,13.173738951426152,6.518037751353123,16.631715494303194,812,20,pca
ducky,innsbruck_1,False,"['dist11_15', 'dist7_10', 'dist5_7', 'ang1_2_5', 't4_7_8', 'dist13_14', 'ang2_1_5', 'ang2_7_5', 'dist5_14', 'ang1_3_4', 'dist14_16', 'dist1_9', 'dist9_10', 'ang1_4_3', 'dist4_7', 'dist8_10', 'dist10_16', 'dist5_16', 't2_4_7', 't3_4_16']",random_forest,18.82979795616784,3.7061754174661177,20.734170500747897,813,20,pca
ducky,shorfy,False,"['dist2_11', 'dist3_10', 'dist2_4', 'dist2_14', 'dist3_7', 'dist4_12', 'dist5_14', 'dist6_9', 'dist6_17', 'dist7_12', 'dist10_15', 'dist12_15', 'dist14_16', 'ang6_10_4', 't3_4_16', 't5_8_9', 't6_7_9', 't8_9_17', 't2_4_5', 't3_4_5']",random_forest,14.885302510305127,6.836294917957107,9.568423653557453,814,20,pca
ducky,shorfy,False,"['dist1_8', 'dist2_11', 't3_5_10', 'dist1_3', 'dist2_4', 'dist2_8', 'dist2_14', 'dist3_6', 'dist3_10', 'dist4_12', 'dist6_17', 'dist7_12', 'dist11_16', 'ang1_2_5', 't1_3_5', 't3_4_5', 't2_4_8', 't13_14_17', 'dist1_4', 'dist1_10']",random_forest,25.14487934897269,13.972792756164978,13.15294079923055,815,20,pca
ducky,paulinchen,False,"['dist2_11', 'dist3_10', 't3_4_5', 't2_4_8', 't2_4_7', 'dist2_4', 'dist2_14', 'dist4_12', 'dist5_9', 'dist7_12', 'dist10_15', 'dist12_15', 'dist14_16', 'ang4_3_5', 't3_7_16', 't4_7_8', 't3_4_16', 't7_8_16', 't2_4_5', 't3_5_10']",random_forest,15.783564358622103,13.762020614521097,2.435787110573103,816,20,pca
ducky,paulinchen,False,"['dist2_11', 'dist5_14', 'dist5_9', 'dist2_15', 'dist8_15', 'dist11_17', 'dist8_14', 'dist2_12', 'dist3_10', 'dist4_11', 'dist6_15', 'dist7_10', 'dist7_15', 'dist9_14', 'dist9_15', 'dist10_14', 'dist11_14', 'dist11_16', 'dist12_13', 'dist12_14']",random_forest,4.116569650276032,3.226788082767267,0.8898539893889222,817,20,pca
ducky,mette,False,"['dist3_10', 'dist6_17', 't2_4_8', 't3_5_10', 'dist1_8', 'dist2_3', 'dist2_4', 'dist2_8', 'dist2_9', 'dist2_11', 'dist2_14', 'dist3_6', 'dist3_7', 'dist4_12', 'dist6_8', 'dist7_13', 'dist11_14', 'dist11_16', 't3_7_16', 't6_7_9']",random_forest,10.024479290117686,6.429131025137757,3.73015712150553,818,20,pca
ducky,mette,False,"['dist2_11', 'dist3_7', 'dist6_17', 't2_4_8', 'dist2_4', 'dist2_8', 'dist2_14', 'dist3_10', 'dist4_12', 'dist5_14', 'dist6_9', 'dist6_10', 'dist7_12', 'dist11_16', 't3_7_16', 't3_4_16', 't6_7_9', 't8_9_17', 't1_3_5', 't3_4_5']",random_forest,10.123571154596094,7.3391185125007405,2.9308148738610873,819,20,pca
ducky,zewe,False,"['dist2_11', 'dist5_14', 't3_4_5', 't2_4_8', 'dist1_8', 'dist2_4', 'dist2_8', 'dist2_14', 'dist3_9', 'dist3_10', 'dist4_12', 'dist6_10', 'dist6_17', 'dist10_16', 'dist12_15', 't6_7_9', 't13_14_17', 'dist1_4', 'dist2_3', 'dist2_7']",random_forest,10.912837450364536,7.606611916814895,3.307238574184136,820,20,pca
ducky,zewe,False,"['dist2_11', 'dist5_14', 'dist3_10', 't3_4_5', 't2_4_8', 'dist2_4', 'dist2_8', 'dist2_9', 'dist2_14', 'dist4_10', 'dist4_12', 'dist7_10', 'dist10_16', 'dist11_14', 'dist15_17', 't4_7_8', 't3_4_16', 't3_5_10', 't13_14_17', 't12_15_17']",random_forest,17.556414049962846,12.183029341300825,5.387907373173459,821,20,pca
ducky,gesa,False,"['dist2_11', 'dist5_14', 'dist3_10', 't2_4_8', 'dist2_4', 'dist2_8', 'dist2_14', 'dist4_12', 'dist6_17', 'dist7_12', 'dist10_15', 't4_7_8', 't3_4_16', 't6_7_9', 't3_4_5', 't13_14_17', 't12_15_17', 't13_14_16', 'dist1_3', 'dist1_4']",random_forest,17.050194997142633,9.022688555632424,8.114537996537411,822,20,pca
ducky,gesa,False,"['dist2_11', 'dist6_17', 't2_4_8', 'dist1_8', 'dist2_4', 'dist2_8', 'dist3_10', 'dist4_12', 'dist5_14', 'dist7_12', 'dist10_15', 'dist12_15', 't4_7_8', 't6_7_9', 't8_9_17', 't3_4_5', 't13_14_17', 't13_14_16', 'dist1_3', 'dist1_4']",random_forest,16.63065791449253,10.835750675283926,5.912987631098313,823,20,pca
ducky,frida,False,"['t2_4_8', 'dist1_5', 'dist3_16', 'dist14_16', 't2_4_5', 't3_4_5', 'dist1_2', 'dist2_3', 'dist2_4', 'dist2_14', 'dist2_15', 'dist3_5', 'dist3_14', 'dist3_17', 'dist4_8', 'dist5_9', 'dist5_13', 'dist5_16', 'dist9_14', 'dist12_15']",random_forest,7.763992362030691,7.947098758773648,0.188510196502281,824,20,pca
ducky,frida,False,"['dist11_14', 'dist3_10', 't2_4_5', 't3_4_5', 't2_4_8', 't3_5_10', 'dist1_15', 'dist3_8', 'dist3_14', 'dist3_15', 'dist3_16', 'dist4_8', 'dist4_10', 'dist4_11', 'dist4_12', 'dist5_13', 'dist5_14', 'dist8_16', 'dist11_16', 'dist12_13']",random_forest,9.658737747286509,8.906438684297896,1.3014597943648507,825,20,pca
ducky,esta,False,"['dist5_14', 't2_4_5', 'dist3_10', 'dist7_10', 'dist11_14', 't1_3_5', 't3_4_5', 't2_4_8', 't13_14_16', 'dist2_4', 'dist2_11', 'dist2_14', 'dist3_8', 'dist3_17', 'dist4_8', 'dist4_11', 'dist4_12', 'dist11_16', 't4_7_8', 't3_4_16']",random_forest,11.40750091863443,10.69068758833323,0.9368155425982294,826,20,pca
ducky,esta,False,"['t3_5_10', 'dist3_10', 'dist5_14', 'dist7_13', 'dist14_16', 't2_4_5', 't3_4_5', 't2_4_8', 't2_5_10', 'dist2_4', 'dist2_9', 'dist2_11', 'dist2_14', 'dist3_15', 'dist4_8', 'dist5_11', 'dist8_14', 'dist10_16', 'dist11_16', 'dist12_13']",random_forest,11.437657860786112,11.409180230454146,0.24283517850085728,827,20,pca
ducky,vladimir,False,"['dist14_16', 'dist2_11', 't13_14_15', 'dist2_15', 'dist11_14', 'dist12_13', 't12_15_17', 'dist2_12', 'dist2_14', 'dist3_17', 'dist4_11', 'dist5_12', 'dist6_8', 'dist6_15', 'dist7_15', 'dist8_15', 'dist9_11', 'dist10_15', 'dist11_17', 'dist12_14']",random_forest,14.778857098517864,16.064876389188186,1.3700681524968599,828,20,pca
ducky,vladimir,False,"['dist2_11', 'dist15_16', 't12_15_17', 'dist5_9', 'dist5_16', 'dist14_16', 'dist2_12', 'dist2_14', 'dist2_15', 'dist4_11', 'dist5_12', 'dist5_17', 'dist6_10', 'dist7_11', 'dist7_15', 'dist8_14', 'dist8_15', 'dist10_15', 'dist11_14', 'dist12_15']",random_forest,7.053693144876883,7.071484010146262,0.5366395062130894,829,20,pca
ducky,ecki,False,"['ang1_2_5', 'dist8_14', 't4_5_8', 't2_4_5', 't3_4_5', 't3_5_10', 'dist14_16', 'ang3_1_4', 'ang1_3_4', 'dist6_8', 'dist5_14', 'dist2_3', 'dist2_14', 'dist3_5', 'dist3_17', 'dist5_16', 'dist6_9', 'ang1_2_4', 't2_5_9', 'dist6_13']",random_forest,30.67549466495858,4.002194810130475,29.194837021473006,830,20,pca
ducky,ecki,False,"['t3_4_5', 'dist2_14', 'dist3_5', 'dist14_16', 'ang3_1_4', 'dist1_13', 'dist2_4', 'dist2_8', 'dist3_17', 'dist4_14', 'dist5_14', 'dist5_16', 'dist6_9', 'ang2_1_5', 'ang2_4_5', 'ang5_1_4', 'ang1_2_4', 'ang3_4_3', 'ang7_6_10', 't3_4_16']",random_forest,33.848304905330856,10.97053925216045,22.878145315765085,831,20,pca
nuernberg_2,sam,False,"['ang6_10_4', 'dist6_17', 'dist6_13', 'dist4_14', 'dist2_14', 't2_5_6', 'ang6_9_10', 'dist9_10', 'dist6_12', 'dist11_12', 'dist3_13', 'dist2_16', 'dist3_6', 'dist8_10', 'dist3_7', 't12_13_15', 'dist8_16', 'dist9_12', 'dist1_13', 'dist12_13']",random_forest,15.099101705980122,5.191772805449677,12.316021804664219,832,20,pca
nuernberg_2,sam,False,"['ang4_9_5', 't6_10_11', 'dist1_3', 'dist10_15', 'ang1_4_3', 'dist6_9', 'dist5_14', 'dist1_6', 'dist3_10', 'dist1_15', 't7_8_17', 'dist1_13', 'dist3_16', 'dist8_12', 'dist12_16', 'dist12_17', 't6_7_17', 't12_15_17', 'dist3_17', 'dist8_14']",random_forest,12.067272606649263,5.444640499345162,7.052067041097417,833,20,pca
nuernberg_2,rosie,False,"['dist2_13', 'dist12_17', 't6_10_11', 'dist11_12', 'dist12_13', 'dist13_17', 'dist5_12', 'dist6_9', 'ang3_1_4', 'dist3_15', 'dist4_12', 'dist6_11', 'dist7_13', 'dist9_12', 'dist11_15', 'dist1_9', 'ang6_10_4', 'dist2_8', 'dist2_11', 't2_3_7']",random_forest,5.7452846190327715,2.92405861671012,2.823109691464633,834,20,pca
nuernberg_2,rosie,False,"['ang3_1_4', 'dist11_13', 'dist12_13', 't4_5_8', 'dist5_15', 'dist11_14', 'dist4_5', 'dist3_15', 'dist4_10', 'dist9_15', 'ang4_3_5', 't3_4_5', 'dist3_7', 'dist1_2', 'dist3_9', 'dist5_16', 't3_5_10', 'dist11_17', 'ang2_7_5', 'dist8_14']",random_forest,15.595634116723112,16.621362039063527,9.826334238793239,835,20,pca
nuernberg_2,otella,False,"['dist7_15', 't2_5_6', 'dist2_15', 'dist8_15', 'dist15_17', 'dist3_15', 'dist5_8', 'dist8_10', 't3_6_10', 'dist3_10', 'dist2_11', 'dist15_16', 'dist2_14', 'dist3_5', 'dist5_7', 'dist5_12', 'dist5_15', 'dist11_14', 'ang4_3_5', 't5_8_9']",random_forest,6.287581692687109,5.267549902458588,5.3546216890279075,836,20,pca
nuernberg_2,otella,False,"['t3_5_10', 'dist5_12', 'dist8_15', 't2_5_6', 'dist6_9', 'dist6_17', 'dist7_10', 'dist9_12', 'dist15_16', 'dist2_11', 'dist3_15', 'dist5_6', 'dist6_10', 'dist6_11', 'dist6_13', 'dist8_10', 'dist11_13', 'dist11_16', 't2_5_9', 't3_6_10']",random_forest,8.63767260392188,2.5704323924369006,6.634617991177813,837,20,pca
nuernberg_2,shorfy,False,"['dist1_8', 'dist2_11', 'dist7_12', 'dist12_13', 'dist3_6', 'dist8_16', 'dist1_9', 'dist1_17', 'dist2_8', 'dist3_7', 'dist3_10', 'dist6_17', 'dist7_13', 'dist10_16', 'dist11_14', 'dist11_16', 't3_4_5', 't3_6_10', 't12_15_17', 'dist1_2']",random_forest,7.02282315376929,1.0353391838452903,6.905093764848078,838,20,pca
nuernberg_2,shorfy,False,"['dist2_11', 'dist5_14', 'ang1_3_4', 'dist8_10', 'ang1_2_5', 'ang3_2_5', 'dist2_4', 'dist3_9', 'ang1_4_3', 'ang3_2_4', 'ang2_3_5', 'dist3_17', 'dist9_16', 'dist11_14', 'dist12_17', 'ang2_3_4', 't3_4_5', 'dist1_6', 'dist3_5', 'dist7_12']",random_forest,20.551459383171462,9.767939044693584,13.62195047542452,839,20,pca
nuernberg_2,paulinchen,False,"['dist2_11', 'dist8_15', 'dist2_12', 'dist12_13', 'dist12_14', 't2_4_5', 'dist1_11', 'dist11_13', 'dist11_16', 't3_7_16', 't13_14_15', 'dist3_11', 'dist3_12', 'dist1_6', 'dist5_11', 'dist9_15', 'dist11_17', 'dist15_17', 't12_13_15', 'dist3_7']",random_forest,6.994887858593374,3.8130140334685927,3.3499523551622,840,20,pca
nuernberg_2,paulinchen,False,"['dist2_16', 'dist7_16', 'dist8_15', 'ang2_7_5', 'dist3_7', 'dist7_14', 'dist6_9', 't2_4_5', 't3_4_5', 'dist12_13', 'dist2_5', 'dist5_9', 'dist3_11', 'dist1_4', 'dist2_4', 'dist4_13', 't5_9_10', 'ang1_2_4', 'dist1_16', 'dist2_6']",random_forest,34.475217558948785,11.64171294720625,23.652551003349828,841,20,pca
nuernberg_2,zewe,False,"['t3_5_10', 'dist7_12', 'dist11_14', 'dist12_13', 'dist4_10', 'dist1_4', 'dist2_11', 'dist3_10', 't2_4_8', 't2_4_7', 'dist1_3', 'dist3_6', 'dist3_15', 'dist4_9', 'dist4_12', 'dist6_17', 'dist8_10', 'dist12_14', 'dist16_17', 't3_4_7']",random_forest,5.390060658839874,0.7407614493232624,4.654763149723094,842,20,pca
nuernberg_2,zewe,False,"['t4_5_8', 'dist4_7', 'dist4_10', 't3_7_16', 't6_7_17', 'dist14_17', 'dist6_14', 'dist11_14', 't4_7_8', 'dist3_15', 'dist3_9', 'dist9_14', 'dist4_11', 'dist7_14', 't7_8_9', 'dist8_14', 'dist4_9', 't13_14_17', 'dist3_17', 't5_8_9']",random_forest,3.5202123732970807,0.4549449768245173,3.191944740590802,843,20,pca
nuernberg_2,vladimir,False,"['dist1_8', 'dist1_17', 'dist2_8', 'dist4_13', 'dist1_4', 'dist8_15', 'dist1_5', 'dist2_4', 'dist2_9', 'dist5_13', 't2_4_5', 'ang2_7_5', 'dist8_13', 'dist3_13', 'dist5_15', 'dist9_15', 'dist13_14', 'dist13_16', 'ang6_9_10', 't6_7_9']",random_forest,30.561018961731737,13.415008618271484,20.00029236637318,844,20,pca
nuernberg_2,vladimir,False,"['dist1_4', 'dist4_13', 'dist2_8', 'dist1_8', 'dist3_13', 'dist2_4', 'dist2_16', 'dist8_15', 'ang6_9_10', 't2_4_5', 'ang2_7_5', 'dist13_16', 'dist1_15', 'dist6_9', 'dist8_13', 'dist9_13', 'dist9_15', 'dist1_10', 'dist6_17', 'dist11_14']",random_forest,32.87142121431687,14.568471674121675,19.93951889979354,845,20,pca
neznamy,sam,False,"['dist6_11', 'ang1_3_4', 'ang3_1_4', 'dist4_9', 'ang5_3_4', 'dist3_13', 'dist1_16', 'ang1_2_4', 'ang3_4_3', 'ang6_9_10', 'dist1_8', 'dist6_17', 'ang4_3_5', 'ang3_2_4', 'ang4_2_4', 't1_6_7', 't6_7_17', 'dist4_13', 'dist6_7', 'dist7_16']",random_forest,23.34054329124916,6.179864572212182,17.226041864404234,846,20,pca
neznamy,sam,False,"['ang5_3_4', 'ang3_1_4', 'dist3_4', 'ang4_3_5', 'dist4_10', 'dist8_16', 't3_4_16', 'ang4_2_5', 'ang2_4_5', 'ang4_1_5', 'dist4_9', 'dist11_12', 'dist1_4', 'dist4_13', 'ang3_2_4', 'dist4_14', 'dist11_15', 'ang2_3_4', 'dist3_8', 'dist5_9']",random_forest,18.177319731462084,10.640276347132108,9.548029036906279,847,20,pca
neznamy,rosie,False,"['dist1_8', 'dist2_8', 'dist5_14', 'dist1_3', 'dist2_7', 'dist2_11', 'dist3_5', 'dist4_9', 'ang3_4_3', 't3_4_5', 'dist1_13', 'dist1_16', 'dist2_9', 'dist4_8', 'dist7_12', 'dist7_13', 'dist8_16', 'dist11_16', 'ang4_2_5', 'ang2_3_4']",random_forest,14.003060072944415,6.472973576845586,7.54916672381972,848,20,pca
neznamy,rosie,False,"['dist1_4', 't4_5_8', 't2_4_5', 't2_4_7', 't3_5_10', 'dist2_8', 'dist2_9', 'dist2_11', 'dist3_6', 'dist3_7', 'dist3_10', 'dist4_8', 'dist7_13', 'dist12_16', 'dist13_16', 'dist13_17', 'ang4_3_5', 't2_3_7', 't3_7_16', 't4_7_8']",random_forest,12.917271114218238,5.515935374849344,7.702205832951465,849,20,pca
neznamy,otella,False,"['dist7_12', 't2_4_5', 't6_7_9', 'dist1_8', 'dist4_12', 'dist7_13', 'dist8_16', 'dist9_13', 'dist12_17', 'dist1_3', 'dist2_3', 'dist2_9', 'dist2_11', 'dist5_16', 'dist6_10', 'dist11_16', 'dist12_14', 'dist12_16', 't1_6_7', 't1_3_5']",random_forest,5.476385483732697,1.5449240886313158,3.9315292214275686,850,20,pca
neznamy,otella,False,"['t6_7_17', 'dist6_10', 'dist6_9', 'dist2_8', 'dist2_16', 'dist6_17', 't6_7_9', 't2_4_5', 't2_4_8', 't4_6_10', 'dist4_9', 'dist6_8', 't2_3_7', 'dist14_15', 'dist1_8', 'dist1_16', 'dist5_14', 'dist7_13', 't2_5_6', 'dist8_10']",random_forest,6.546563888251464,2.948123904993874,3.658275037320889,851,20,pca
neznamy,nuernberg_2,False,"['t2_4_5', 'dist1_16', 'dist1_8', 'dist5_6', 'dist4_13', 'dist10_15', 'dist6_17', 't3_7_16', 't1_3_5', 'dist6_10', 'dist8_16', 't6_7_17', 'dist3_13', 'dist6_16', 'dist2_16', 'dist5_14', 't2_3_5', 'dist1_4', 'dist1_3', 'dist6_8']",random_forest,4.164083173464305,2.030680428909955,2.245437641928982,852,20,pca
neznamy,nuernberg_2,False,"['dist5_14', 'dist4_9', 'dist2_14', 'dist3_13', 'ang4_2_4', 'ang4_2_5', 'dist4_10', 'dist9_16', 'dist4_14', 'dist9_14', 'dist14_16', 'ang4_1_5', 'ang5_1_4', 'dist2_12', 'dist10_14', 'ang4_3_5', 'ang5_3_4', 'ang6_10_4', 't7_8_9', 'dist9_10']",random_forest,24.286930020245578,15.648453300390498,8.652006641937367,853,20,pca
neznamy,nokia,False,"['ang2_4_5', 'ang4_3_5', 'dist6_11', 'ang4_2_4', 'dist3_4', 'ang4_2_5', 'ang2_1_4', 'ang3_1_4', 'ang1_2_4', 'ang3_4_3', 'dist10_15', 'dist2_14', 'dist2_16', 'dist3_16', 'dist4_14', 'dist5_7', 'dist6_17', 'dist9_11', 'ang1_3_4', 't3_4_16']",random_forest,27.681142486444006,8.509305094770369,19.837261513284602,854,20,pca
neznamy,nokia,False,"['dist4_9', 'ang2_4_5', 'ang1_3_4', 'dist6_8', 'ang4_2_4', 'ang3_1_4', 'ang3_4_3', 't3_4_16', 't6_7_17', 'dist4_10', 'ang5_3_4', 'dist2_16', 'dist3_4', 'dist3_10', 'dist5_10', 'ang4_3_5', 'ang2_1_4', 'ang1_2_4', 't4_6_10', 'dist4_8']",random_forest,30.790449566096928,10.672765534903402,20.256285749351363,855,20,pca
neznamy,noel,False,"['dist3_16', 't2_4_5', 'ang2_7_5', 'ang4_9_5', 'dist5_14', 't2_3_5', 'dist1_16', 'dist2_5', 'dist6_8', 'dist1_2', 'dist5_15', 'dist8_17', 'ang4_2_4', 't4_7_8', 't3_4_5', 'dist1_8', 'dist10_12', 'dist10_15', 'dist13_14', 'dist5_16']",random_forest,21.185490508881745,5.687364253925315,22.732649919091415,856,20,pca
neznamy,noel,False,"['t2_4_5', 'ang2_7_5', 'ang4_2_4', 'ang4_9_5', 'dist14_16', 'dist3_16', 'dist4_8', 'dist5_15', 'dist6_8', 'dist5_16', 'dist2_5', 'dist3_12', 'dist10_12', 't2_3_5', 't3_4_5', 'dist3_5', 't4_7_8', 'dist3_13', 'dist5_14', 'dist8_9']",random_forest,23.61822434517158,2.3006126265680833,22.699393683318185,857,20,pca
neznamy,nuernberg_1,False,"['dist14_16', 'dist3_16', 'dist4_9', 'dist5_14', 'ang4_9_5', 'dist3_4', 'dist4_16', 'ang3_1_4', 't3_4_16', 'dist6_10', 't2_4_5', 'ang4_1_5', 'dist1_16', 'dist3_9', 'dist6_9', 'dist8_9', 't6_7_9', 't6_7_17', 'ang4_2_5', 'dist9_16']",random_forest,10.070332117410944,8.74359382359927,6.924519214468449,858,20,pca
neznamy,nuernberg_1,False,"['t2_4_5', 'dist6_10', 'ang4_9_5', 'dist3_4', 'dist4_16', 'dist5_16', 'dist6_8', 'dist6_9', 'dist6_17', 'ang3_1_4', 'dist2_6', 'dist3_5', 'dist3_6', 'dist4_5', 'dist5_6', 'dist5_14', 'dist6_13', 'dist12_16', 't6_7_9', 't2_3_5']",random_forest,10.444266563800996,1.8877045826549508,8.6459443720484,859,20,pca
neznamy,shorfy,False,"['dist5_14', 'dist5_16', 't3_4_5', 'dist2_11', 'dist3_14', 't6_7_9', 't2_4_5', 'dist6_7', 'dist6_9', 'dist6_15', 'dist11_16', 't2_3_7', 't6_9_17', 't2_5_6', 't8_9_17', 't2_4_8', 't13_14_17', 'dist8_9', 't3_5_10', 'ang4_2_5']",random_forest,11.824454210266818,6.932996966689531,6.839330246418137,860,20,pca
neznamy,shorfy,False,"['dist5_14', 't2_4_5', 'dist1_3', 'dist1_4', 'dist1_8', 'ang5_3_4', 't1_3_5', 't2_4_8', 'dist2_8', 'dist2_11', 'dist2_13', 'dist3_6', 'dist3_15', 'dist6_7', 'dist6_8', 'dist6_10', 'dist6_17', 'dist7_10', 'dist11_17', 'dist12_13']",random_forest,7.85303169747433,4.082648791417761,5.420513729101086,861,20,pca
neznamy,paulinchen,False,"['dist11_12', 'dist2_11', 'dist4_14', 'dist1_7', 'dist3_7', 'dist2_6', 'dist3_6', 'dist3_14', 'dist6_15', 'dist8_9', 'ang1_3_5', 't4_5_8', 'dist4_9', 'dist9_14', 'dist1_12', 'dist2_14', 'dist11_16', 'dist6_10', 'dist2_12', 'dist5_9']",random_forest,8.472769879286188,4.993504903079857,3.4794487861455528,862,20,pca
neznamy,paulinchen,False,"['dist6_8', 'dist11_14', 't6_7_9', 't7_8_16', 'dist11_12', 'dist5_6', 'dist6_9', 't4_6_10', 'dist7_12', 't8_9_17', 'dist6_10', 'dist2_16', 'dist4_11', 'dist7_15', 'dist8_10', 'dist10_17', 'dist12_16', 't6_7_17', 'ang1_4_3', 'dist9_11']",random_forest,6.310060974860967,3.9055611022823915,2.4254199263218057,863,20,pca
neznamy,zewe,False,"['dist5_14', 't2_4_8', 't2_4_5', 'dist1_3', 'dist1_4', 'dist13_16', 'ang2_4_5', 't3_4_5', 't2_4_7', 't1_3_5', 'dist1_2', 'dist4_10', 'dist4_13', 'dist7_10', 'dist8_10', 'ang4_3_5', 't4_5_8', 't5_8_9', 't3_5_10', 't13_14_17']",random_forest,15.807037574994643,7.549931623675477,8.656715489894475,864,20,pca
neznamy,zewe,False,"['t3_4_5', 'dist5_14', 'dist1_4', 'dist3_5', 'ang5_3_4', 't4_5_8', 't2_4_8', 'dist6_10', 'dist1_3', 'dist1_8', 'dist2_3', 'dist3_10', 'dist4_9', 'dist4_13', 'dist5_16', 'dist7_10', 'dist13_16', 'ang4_3_5', 'ang2_4_5', 't1_3_5']",random_forest,15.897006785325,8.432983351596475,7.746764332431482,865,20,pca
neznamy,vladimir,False,"['dist2_16', 'dist4_13', 'dist2_4', 't2_4_5', 'dist4_9', 'dist5_15', 'dist1_5', 'dist11_12', 't2_4_8', 'dist1_8', 'dist2_3', 'dist2_11', 'dist11_16', 't2_3_5', 't3_4_5', 'dist1_4', 'dist2_12', 'ang2_1_4', 'dist2_8', 'dist2_14']",random_forest,5.739668873115962,4.488733124863979,4.832172367021049,866,20,pca
neznamy,vladimir,False,"['dist2_16', 'dist4_13', 't2_4_5', 'dist1_4', 't2_4_8', 'dist4_9', 'dist11_12', 'dist2_12', 'dist5_15', 'dist2_11', 'dist2_8', 'dist2_3', 'dist11_16', 'ang4_2_4', 'ang4_9_5', 't2_4_7', 't3_4_16', 'dist3_5', 't3_4_5', 'dist12_13']",random_forest,7.815066273077321,5.1773314229530065,10.200915014723373,867,20,pca
nokia,sam,False,"['dist4_10', 'dist4_8', 'dist4_9', 'ang4_2_4', 'dist8_14', 'dist7_8', 'ang4_9_5', 'dist2_16', 'dist9_14', 'dist9_15', 'ang2_4_3', 'ang5_3_4', 't7_8_17', 'dist1_9', 'dist9_12', 't12_15_17', 'dist3_6', 'dist6_8', 'ang4_3_5', 'dist3_9']",random_forest,11.706220906721784,11.000449721881576,6.188020440632371,868,20,pca
nokia,sam,False,"['dist10_15', 'dist3_7', 'dist4_9', 'dist4_10', 'dist4_8', 'dist4_13', 'dist8_10', 'dist10_17', 'dist4_7', 't3_7_16', 'dist10_16', 'dist1_8', 'dist1_16', 'dist5_13', 'dist13_14', 't2_3_7', 't5_8_9', 't1_6_7', 't3_6_10', 'dist7_8']",random_forest,3.501625055864232,1.5776138813038896,2.008152813729743,869,20,pca
nokia,rosie,False,"['dist2_11', 'dist5_14', 't3_4_5', 't2_4_8', 'dist2_8', 'dist3_8', 'dist12_13', 't3_7_16', 'dist1_8', 'dist1_15', 'dist2_12', 'dist2_15', 'dist3_15', 'dist4_12', 'dist5_16', 'dist8_14', 'dist10_15', 'dist12_16', 'dist13_17', 't2_3_7']",random_forest,4.992861925776225,1.013435193279279,4.197122825824973,870,20,pca
nokia,rosie,False,"['dist1_8', 'dist5_14', 't12_15_17', 'dist12_17', 't3_4_5', 'dist3_5', 'dist1_9', 'dist10_15', 'dist12_15', 'ang1_3_4', 't1_3_5', 'dist1_2', 'dist1_13', 'dist2_12', 'dist4_14', 'dist5_13', 'dist6_12', 'dist7_12', 'dist8_14', 'dist9_12']",random_forest,15.639252572647624,10.838087812383263,5.071375148174027,871,20,pca
nokia,otella,False,"['dist1_8', 'dist11_17', 'dist12_17', 'dist7_10', 'dist7_11', 'dist7_15', 'dist7_12', 'dist9_12', 'dist10_11', 't6_10_11', 't12_15_17', 'dist2_11', 'dist2_16', 'dist4_14', 'dist5_12', 'dist9_11', 'dist9_13', 'dist10_15', 'dist11_16', 'dist14_16']",random_forest,8.308307152172022,4.047835447635888,4.283771718032188,872,20,pca
nokia,otella,False,"['dist5_14', 't2_4_5', 'dist1_8', 'dist7_12', 'dist7_15', 'dist10_15', 'dist12_14', 'dist13_14', 't3_4_5', 'dist1_15', 'dist2_11', 'dist2_14', 'dist3_5', 'dist5_12', 'dist7_10', 'dist7_11', 'dist9_12', 'dist9_15', 'dist11_17', 'dist12_15']",random_forest,5.004137789619325,1.2923685139520864,3.7399398436877473,873,20,pca
nokia,nuernberg_2,False,"['dist1_8', 'dist7_12', 'dist1_15', 'dist1_17', 't12_15_17', 'dist12_15', 'dist8_12', 't1_3_5', 'dist1_7', 'dist1_9', 'dist1_10', 'dist1_16', 'dist2_11', 'dist2_12', 'dist3_7', 'dist3_13', 'dist4_6', 'dist9_12', 'dist11_15', 'dist12_16']",random_forest,6.383551645430001,5.398350948363741,0.9859791367852114,874,20,pca
nokia,nuernberg_2,False,"['dist5_14', 'dist16_17', 'dist1_6', 'ang1_3_4', 'dist7_16', 'ang2_7_5', 'dist6_16', 'dist4_10', 'dist7_10', 'dist5_10', 'ang4_3_5', 'dist4_6', 'dist4_9', 'dist4_13', 'dist5_6', 'dist13_16', 't4_7_8', 't6_9_10', 'dist2_16', 'dist3_6']",random_forest,26.150569586371663,14.32616785369125,13.993069183420332,875,20,pca
nokia,nuernberg_1,False,"['t2_4_5', 'dist13_14', 'ang1_3_4', 'ang4_9_5', 't1_3_5', 'dist12_15', 'dist5_16', 'dist7_10', 't2_3_5', 'dist1_3', 'dist1_8', 'dist1_15', 'dist3_5', 'dist4_9', 'dist4_10', 'dist6_8', 'dist6_10', 'dist9_15', 'ang4_3_5', 'ang3_4_3']",random_forest,26.06837804232307,17.302470236162456,10.138414892006178,876,20,pca
nokia,nuernberg_1,False,"['dist1_8', 'dist2_14', 'dist5_7', 'dist6_17', 'dist13_14', 'ang4_9_5', 't1_3_5', 't2_4_5', 'dist2_11', 'dist2_16', 'dist4_8', 'dist4_9', 'dist4_10', 'dist4_14', 'dist5_16', 'dist6_8', 'dist7_12', 'dist7_15', 'dist9_15', 'dist10_15']",random_forest,14.762581812750351,8.168805091793617,6.646279269956769,877,20,pca
nokia,shorfy,False,"['dist2_11', 'dist5_14', 'dist2_12', 't3_4_5', 'dist8_10', 'dist9_10', 't2_4_5', 't2_5_6', 'dist1_4', 'dist1_8', 'dist1_15', 'dist3_5', 'dist5_13', 'dist6_11', 'dist7_11', 'dist7_15', 'dist11_14', 't3_5_7', 't3_5_10', 't6_10_11']",random_forest,8.315180012518276,1.0994772106562969,7.2964947758782435,878,20,pca
nokia,shorfy,False,"['dist5_14', 't2_4_5', 't3_4_5', 'dist2_11', 'dist3_5', 'dist7_12', 't2_3_5', 't3_5_10', 't2_4_8', 'dist5_16', 'dist7_11', 'ang1_2_4', 'ang4_9_5', 't2_5_10', 't13_14_16', 'dist3_10', 'dist2_12', 'dist2_8', 'dist1_4', 'dist1_8']",random_forest,27.035161304005218,13.743703899334774,13.480280264180585,879,20,pca
nokia,paulinchen,False,"['dist2_12', 'ang1_3_4', 'ang1_4_3', 'ang3_1_4', 'dist5_14', 'dist15_17', 'dist8_15', 'ang4_3_5', 'dist2_11', 'dist3_5', 'dist7_15', 'dist9_15', 'dist12_13', 'ang6_9_10', 't8_9_17', 'ang4_2_5', 'dist2_15', 't12_15_17', 'dist1_12', 'dist1_8']",random_forest,19.219453889960196,13.36332600472,7.0257377349181,880,20,pca
nokia,paulinchen,False,"['dist2_11', 'dist12_13', 'dist11_17', 'dist11_13', 't13_14_15', 'dist2_15', 'dist8_12', 'dist3_11', 'ang3_1_4', 'dist3_12', 'dist4_8', 'dist9_12', 'dist10_15', 'dist12_14', 'dist12_17', 'dist14_15', 'dist15_17', 'ang1_3_4', 't3_7_16', 't3_5_7']",random_forest,13.305047866352997,7.291189147989397,6.203352177850885,881,20,pca
nokia,zewe,False,"['dist5_14', 'dist4_13', 'dist1_4', 'dist2_9', 'dist11_15', 'dist3_10', 'dist5_13', 't4_5_8', 't2_4_5', 'dist2_4', 'ang1_2_5', 'dist3_4', 'dist10_14', 'dist13_17', 'ang7_6_10', 't3_4_16', 't2_3_8', 'ang3_4_3', 'dist4_16', 'dist1_3']",random_forest,14.607280438247686,10.623444473666703,11.313101723157187,882,20,pca
nokia,zewe,False,"['dist1_8', 'dist1_4', 'dist1_16', 'dist13_14', 't1_3_5', 't2_4_5', 't3_5_10', 'dist1_3', 'dist1_5', 'dist2_4', 'dist2_9', 'dist3_10', 'dist4_12', 'dist5_13', 'dist5_14', 'dist8_9', 'dist12_15', 'dist13_16', 'dist13_17', 't3_4_16']",random_forest,9.363791757559097,3.242514976974561,6.425628268751669,883,20,pca
nokia,vladimir,False,"['dist4_8', 'dist8_15', 'dist10_11', 'dist15_17', 't6_10_11', 'ang1_2_4', 'dist1_6', 'dist2_3', 'dist2_11', 'dist4_9', 'dist6_11', 'ang6_4_10', 'dist11_17', 't1_6_7', 'dist2_4', 'dist5_8', 'dist9_15', 'dist15_16', 'dist4_13', 'ang1_3_5']",random_forest,17.685267002066272,11.95165211577034,5.895850865182983,884,20,pca
nokia,vladimir,False,"['dist8_15', 'dist15_17', 'dist4_8', 'dist6_11', 'dist10_11', 't6_10_11', 'dist4_9', 'dist1_6', 'dist2_3', 'dist2_11', 'ang1_2_4', 'dist9_15', 't1_6_7', 'dist2_15', 'dist7_11', 'ang1_2_5', 'ang6_4_10', 'dist6_17', 'dist9_16', 'ang2_4_5']",random_forest,25.491525354005073,15.039008818638505,10.716918586178089,885,20,pca
noel,sam,False,"['ang3_1_4', 't4_7_8', 'dist4_7', 't2_4_7', 'dist3_7', 'dist15_16', 'dist3_5', 'ang4_2_5', 'ang2_1_4', 'dist9_10', 'dist2_7', 'dist2_11', 'dist2_14', 'dist4_8', 'dist13_14', 'ang1_4_5', 'dist3_6', 'dist3_14', 'dist1_9', 'dist3_15']",random_forest,13.34502216206739,10.534122984391422,2.8387281529193844,886,20,pca
noel,sam,False,"['ang2_7_5', 'ang2_1_4', 'dist2_13', 'dist2_14', 'dist7_9', 'dist16_17', 'dist2_16', 'dist1_7', 'dist3_7', 'dist4_11', 'ang1_4_5', 't4_7_8', 't13_14_15', 'dist4_8', 'dist7_16', 'dist6_13', 'ang3_1_4', 'dist2_3', 'dist6_10', 'dist10_12']",random_forest,21.14908966891411,20.739232656177627,3.3618345649925376,887,20,pca
noel,rosie,False,"['dist5_14', 'dist2_11', 'dist12_13', 'dist1_4', 'dist3_15', 'dist5_15', 't2_4_8', 'dist1_8', 'dist3_7', 'dist4_10', 'dist4_12', 'dist7_12', 'dist8_16', 'dist11_14', 'dist12_14', 'dist12_16', 't2_3_7', 't3_7_16', 't4_7_8', 'dist1_3']",random_forest,7.170313470898233,2.906963652455164,4.461525917333914,888,20,pca
noel,rosie,False,"['dist4_8', 'dist5_15', 'dist1_3', 'dist2_13', 'ang2_3_4', 'ang2_7_5', 'dist4_10', 'ang1_3_5', 'ang1_4_3', 'dist2_3', 'dist3_7', 'dist3_11', 'dist4_11', 'dist7_13', 'dist9_11', 'dist11_13', 'dist11_16', 'ang1_4_5', 't3_7_16', 'dist2_14']",random_forest,37.10231088561556,23.592243452253307,14.549058647506083,889,20,pca
noel,otella,False,"['dist2_11', 't12_15_17', 'dist3_7', 'dist1_13', 'dist4_11', 'dist5_15', 'dist12_13', 'dist12_14', 't13_14_15', 't4_7_8', 'dist15_16', 'dist2_3', 'dist3_12', 'dist4_12', 'dist5_12', 'dist6_8', 'dist7_12', 'dist7_15', 'dist11_14', 'dist11_16']",random_forest,12.129169937700414,5.529527467595118,6.808250509896257,890,20,pca
noel,otella,False,"['dist2_11', 'dist12_13', 't12_15_17', 'dist2_3', 'dist3_6', 'dist7_12', 'dist9_11', 'dist14_17', 'dist1_4', 'dist1_13', 'dist4_8', 'dist4_11', 'dist4_12', 'dist5_15', 'dist7_13', 'dist7_15', 'dist8_12', 'dist11_16', 'dist12_14', 'dist12_16']",random_forest,5.7574789460969615,2.086753926186411,4.0816761473466405,891,20,pca
noel,nuernberg_2,False,"['ang4_9_5', 'dist1_2', 'dist4_14', 'dist2_14', 't2_3_5', 'dist10_14', 'dist3_7', 'dist3_5', 'dist1_8', 'dist3_14', 'dist5_16', 'dist7_12', 't2_3_7', 'dist5_6', 't6_7_17', 't2_5_9', 'dist1_4', 'dist3_13', 'dist4_10', 'dist11_12']",random_forest,12.700028885169608,11.926019072422854,0.7803471029329931,892,20,pca
noel,nuernberg_2,False,"['dist1_2', 'dist1_3', 'dist1_4', 'dist3_13', 't4_5_8', 'dist4_13', 'dist3_7', 't3_7_16', 'dist5_7', 'dist2_13', 'dist4_7', 'ang2_1_5', 'ang6_10_4', 'dist7_12', 'dist3_17', 'dist5_14', 'dist3_6', 'ang1_2_5', 'dist3_9', 't6_7_9']",random_forest,7.766859873629118,9.316133602918969,1.6337056546820239,893,20,pca
noel,nokia,False,"['dist3_5', 'ang2_7_5', 'dist5_14', 'ang4_9_5', 't2_4_5', 't3_4_5', 'dist2_4', 'dist3_7', 'dist4_9', 'dist4_10', 'ang3_1_4', 'dist5_15', 'dist7_17', 'dist1_8', 'dist2_5', 'dist4_8', 'ang2_1_4', 'ang4_2_4', 'dist4_7', 'ang3_1_5']",random_forest,40.25292385819696,27.10825596500167,13.49502161028744,894,20,pca
noel,nokia,False,"['dist4_10', 'dist4_9', 'dist16_17', 'dist4_8', 't2_4_7', 'dist3_17', 'dist8_14', 'dist1_6', 'dist7_13', 'ang2_1_4', 'dist2_4', 'dist3_6', 'dist3_9', 'dist5_10', 'dist6_13', 'dist10_14', 'dist12_15', 'ang2_4_5', 'ang4_9_5', 'ang6_4_10']",random_forest,21.85535119475422,10.56350807765629,12.108113303509358,895,20,pca
noel,nuernberg_1,False,"['dist3_7', 'dist16_17', 'dist7_16', 'ang3_1_4', 't2_3_7', 't3_7_16', 'ang1_4_3', 'dist1_2', 't4_5_8', 'dist2_4', 'dist3_4', 'dist4_11', 'dist6_13', 'dist7_12', 'ang2_7_5', 't4_7_8', 't3_4_16', 't6_9_10', 't3_4_5', 'dist9_11']",random_forest,23.63029235522681,24.801223342947985,1.200174190272274,896,20,pca
noel,nuernberg_1,False,"['ang1_4_3', 'dist6_13', 'dist8_15', 'dist16_17', 'dist6_8', 'dist7_16', 'ang2_7_5', 'dist2_11', 't4_5_8', 'dist9_15', 'dist7_14', 'dist1_3', 'dist3_12', 'dist5_15', 'dist7_15', 'dist14_17', 'ang2_4_3', 't3_4_5', 'dist4_11', 'ang6_10_4']",random_forest,20.66963523430642,19.731216593029117,3.124111226172263,897,20,pca
noel,shorfy,False,"['dist3_12', 'dist5_14', 'dist7_12', 'dist8_14', 't4_5_8', 'dist4_10', 'dist2_11', 'ang1_3_5', 'dist9_10', 'dist1_4', 'dist10_16', 'dist11_14', 'dist14_16', 'ang1_2_5', 'ang2_3_5', 't2_3_7', 't2_4_7', 't2_5_10', 'dist14_15', 'dist3_10']",random_forest,14.288445111620241,8.858560246437744,11.598660652079136,898,20,pca
noel,shorfy,False,"['dist1_8', 'dist1_4', 'dist7_12', 't3_5_10', 'dist1_16', 'dist2_3', 'dist3_8', 'dist10_14', 'dist1_2', 'dist1_13', 'dist3_10', 'dist3_12', 'dist4_10', 'dist8_14', 'dist12_13', 'dist13_16', 'ang1_3_5', 'ang1_3_4', 't3_7_16', 't13_14_17']",random_forest,23.70796966180037,12.72254163562714,11.255618773373046,899,20,pca
noel,paulinchen,False,"['dist2_11', 'dist2_12', 'dist3_7', 'dist8_15', 'dist11_14', 'ang1_4_3', 'dist1_8', 'dist4_8', 'dist11_16', 'dist12_13', 'ang1_3_5', 't3_7_16', 't4_7_8', 'dist1_9', 'dist2_14', 'dist3_12', 'dist4_11', 'dist4_12', 'dist9_15', 'dist13_14']",random_forest,19.260644405736045,13.212268649236732,6.245960938520283,900,20,pca
noel,paulinchen,False,"['dist8_15', 'dist12_13', 'ang1_4_3', 'dist1_8', 'dist2_12', 'dist3_12', 'dist5_15', 'ang4_9_5', 't2_4_5', 'dist6_16', 'dist15_16', 'dist2_11', 'dist4_7', 'dist4_11', 'dist6_13', 'dist7_15', 'dist9_15', 'dist10_15', 'dist11_14', 'dist11_17']",random_forest,20.07052674280161,15.4716156317172,4.899325297806721,901,20,pca
noel,zewe,False,"['dist1_4', 'dist1_3', 'dist4_10', 'dist3_10', 'dist11_14', 't3_7_16', 't4_5_8', 'dist3_6', 'dist3_7', 'dist3_9', 'dist3_17', 'dist4_8', 'dist4_9', 'dist4_11', 'dist4_13', 'dist6_13', 'dist8_14', 'dist10_17', 'ang2_4_5', 't4_7_8']",random_forest,11.550100552988399,5.756313747687311,5.794474892673111,902,20,pca
noel,zewe,False,"['dist2_11', 'dist1_4', 'dist6_17', 't12_15_17', 'dist1_3', 'dist3_7', 'dist3_10', 'dist3_17', 'dist4_7', 'dist4_8', 'dist4_10', 'dist4_11', 'dist4_12', 'dist7_12', 'dist10_14', 'dist11_14', 'dist11_16', 'dist11_17', 'dist12_13', 'dist12_16']",random_forest,6.569630980697842,3.3134956085072638,3.3574699638597667,903,20,pca
noel,vladimir,False,"['dist1_8', 't2_4_5', 'dist8_15', 'dist15_17', 'ang2_7_5', 'dist2_11', 'dist10_11', 'dist4_13', 'dist2_12', 'dist9_15', 'dist15_16', 'dist1_2', 'dist2_14', 'dist4_11', 'dist5_15', 'dist7_11', 'dist11_16', 'dist11_17', 'dist12_15', 'ang2_1_4']",random_forest,36.705799351904176,20.457009148315795,16.723928976993243,904,20,pca
noel,vladimir,False,"['dist13_14', 'ang2_7_5', 'dist8_15', 'dist12_13', 'dist1_8', 'dist2_11', 'dist2_12', 'dist4_8', 'dist4_9', 'dist11_14', 'dist15_17', 't2_4_5', 'dist15_16', 'dist2_6', 'dist2_14', 'dist4_11', 'dist5_15', 'dist7_11', 'dist11_17', 't2_3_5']",random_forest,37.21935181303669,20.345894961440404,17.057093322361826,905,20,pca
matysek,sam,False,"['dist1_10', 'dist12_15', 'ang4_2_4', 'ang2_4_5', 'ang4_9_5', 'dist8_10', 'dist5_7', 'dist8_15', 'dist4_14', 'dist5_9', 'dist13_14', 'ang1_3_5', 't12_15_17', 'dist11_12', 'dist1_15', 'dist4_13', 'dist8_16', 'ang1_4_5', 'dist7_13', 'ang5_3_4']",random_forest,19.299917165590816,16.899096956083664,4.86659862657851,906,20,pca
matysek,sam,False,"['t7_8_16', 'dist3_7', 'dist3_12', 'dist7_8', 'ang3_4_3', 'ang2_1_5', 't3_7_16', 'dist7_13', 't7_8_17', 'dist2_8', 'dist6_8', 'dist6_11', 'dist7_10', 'dist11_13', 'dist12_13', 'dist6_10', 'ang4_9_5', 'dist4_16', 'dist15_17', 'dist5_12']",random_forest,11.20085174920393,6.5785132028112665,4.941781162589341,907,20,pca
matysek,rosie,False,"['dist1_3', 'dist5_14', 'dist4_9', 'dist9_16', 't3_6_10', 'dist4_8', 'dist1_2', 'dist2_3', 'dist3_6', 'dist7_13', 't2_3_7', 't3_7_16', 't4_6_10', 'dist8_16', 'dist1_13', 'dist3_9', 'dist3_12', 'dist4_11', 'dist7_12', 'dist11_16']",random_forest,5.573651672359055,0.7508365298121892,6.187052675020284,908,20,pca
matysek,rosie,False,"['ang5_3_4', 'dist8_16', 'ang4_3_5', 'dist4_8', 'ang2_4_5', 'ang4_9_5', 'dist2_8', 'ang3_4_3', 'ang3_1_4', 't3_7_16', 'dist4_14', 'dist2_3', 'ang3_4_5', 't2_4_8', 'dist1_2', 'dist9_16', 't7_8_16', 'dist8_14', 'ang5_1_4', 'dist10_11']",random_forest,24.808245562353104,12.742182061467654,14.015304295958659,909,20,pca
matysek,otella,False,"['dist5_14', 'ang1_2_5', 'ang1_3_5', 't8_9_17', 't2_4_5', 'dist1_13', 'dist2_9', 'ang1_3_4', 't3_4_5', 'dist7_10', 'dist1_3', 'dist2_3', 'dist2_8', 'ang1_4_5', 'ang5_1_4', 't3_6_10', 't6_10_11', 'dist8_9', 't2_4_8', 'dist3_10']",random_forest,24.288550018793835,19.568454274222677,5.693002619355182,910,20,pca
matysek,otella,False,"['t3_7_16', 'dist2_9', 'ang2_7_5', 'ang6_4_10', 'dist7_10', 'dist1_9', 'dist2_16', 'dist3_7', 'dist5_9', 't6_10_11', 'dist10_11', 'dist6_9', 'dist6_10', 'dist2_8', 'dist5_17', 'dist7_12', 'dist9_13', 'ang1_3_5', 't6_7_9', 't6_7_17']",random_forest,30.32339189033118,18.639490534986827,11.965262317427495,911,20,pca
matysek,nuernberg_2,False,"['dist14_16', 'ang1_2_5', 'dist3_14', 'dist5_6', 'dist5_9', 'dist7_14', 'dist3_15', 'dist5_10', 'dist5_12', 'dist12_15', 't5_8_9', 'ang5_1_4', 'ang2_4_5', 'dist1_2', 'ang2_1_5', 'ang4_1_5', 't2_4_5', 'dist2_8', 'dist13_14', 'ang5_3_4']",random_forest,27.359754396555367,16.190661361258687,11.208439332804108,912,20,pca
matysek,nuernberg_2,False,"['dist5_14', 'dist9_12', 'ang1_2_5', 'ang2_7_5', 'dist14_16', 'ang4_9_5', 'dist1_11', 'dist5_12', 'dist12_17', 'ang4_3_5', 'dist5_15', 'ang1_3_5', 'dist6_11', 'dist1_6', 'dist1_10', 'dist8_15', 'dist9_11', 'dist10_12', 'dist11_12', 'dist1_4']",random_forest,29.795421001106575,18.50826655456708,12.02892427212609,913,20,pca
matysek,nokia,False,"['dist15_17', 'dist6_11', 'dist1_11', 'dist3_5', 'dist3_16', 'dist5_15', 'dist15_16', 'dist9_16', 'dist1_15', 'dist2_4', 'dist2_11', 'dist2_15', 'dist3_15', 'dist7_11', 'dist8_15', 'dist11_13', 'dist12_13', 'dist14_15', 'dist14_16', 'ang3_4_3']",random_forest,12.347123773648336,4.896772458845277,7.4989963879002195,914,20,pca
matysek,nokia,False,"['ang1_4_5', 'dist7_12', 'ang2_4_5', 'dist6_11', 'dist2_7', 'dist1_6', 'dist2_16', 'dist3_15', 'dist3_16', 'dist4_14', 'dist5_12', 'dist13_16', 'ang4_1_5', 'ang4_3_5', 'ang1_2_4', 'ang5_3_4', 't3_4_16', 't4_6_10', 't12_15_17', 'dist2_11']",random_forest,21.277519178095808,10.085436557067412,16.300515564147148,915,20,pca
matysek,noel,False,"['dist1_4', 'dist1_15', 'dist4_7', 'dist3_13', 'dist5_9', 'ang4_9_5', 'ang2_7_5', 't12_15_17', 'dist1_5', 'dist2_13', 'dist3_7', 'dist3_15', 'dist4_11', 'dist4_13', 'dist5_12', 'dist5_14', 'dist5_15', 'dist5_17', 'dist7_13', 'dist9_15']",random_forest,30.22209884637161,7.556743131353277,22.673426124716556,916,20,pca
matysek,noel,False,"['dist1_4', 'dist4_13', 't12_15_17', 'dist14_16', 'dist1_15', 'dist2_11', 'dist4_7', 'dist5_9', 'dist5_10', 'dist5_12', 'dist12_15', 't5_8_9', 't13_14_16', 'dist1_3', 'dist2_13', 'dist3_6', 'dist3_13', 'dist4_11', 'dist5_15', 'dist5_17']",random_forest,6.417796958183738,4.111372800256708,2.4880207829735888,917,20,pca
matysek,nuernberg_1,False,"['dist3_16', 'ang4_9_5', 'dist7_13', 't3_4_16', 'dist2_7', 'dist4_16', 'dist1_6', 'dist14_16', 't13_14_16', 'dist7_17', 'dist8_16', 'dist3_17', 'dist4_8', 'dist4_13', 'dist6_8', 'dist6_9', 'dist6_13', 'dist7_8', 't2_4_5', 'dist6_17']",random_forest,11.956278269692612,3.9978839183746673,7.966887732514637,918,20,pca
matysek,nuernberg_1,False,"['ang4_9_5', 'dist6_9', 'dist3_16', 'dist6_17', 'dist7_13', 'dist4_16', 'dist6_8', 'dist2_7', 't6_7_17', 'dist8_14', 'ang4_3_5', 'ang5_3_4', 'ang1_4_3', 'ang7_6_10', 't2_3_7', 't3_4_16', 't2_4_7', 'dist6_10', 'ang6_10_4', 'dist9_14']",random_forest,15.219408473351521,2.422481672933749,14.607499642340047,919,20,pca
matysek,shorfy,False,"['t3_4_5', 'dist5_14', 'ang1_2_5', 'ang6_10_4', 'dist8_16', 't2_3_5', 'dist1_8', 'dist1_4', 'dist4_9', 'dist9_16', 'dist13_17', 'ang3_2_5', 'ang1_4_5', 'ang5_3_4', 't8_9_17', 't2_4_8', 't3_6_10', 'dist2_17', 't1_2_7', 'ang1_3_5']",random_forest,19.861482250989816,10.049977333008624,12.40364525653622,920,20,pca
matysek,shorfy,False,"['ang1_4_5', 't3_4_5', 'dist1_8', 'dist13_16', 't2_3_5', 'dist5_14', 'dist7_9', 'ang2_1_5', 'dist14_16', 't2_4_5', 'dist3_5', 'dist1_16', 'ang1_2_5', 'dist1_2', 'dist1_3', 'dist5_9', 'ang5_1_4', 'dist13_14', 'dist3_16', 'dist3_9']",random_forest,17.521127279318893,10.00882864475934,7.919107852931365,921,20,pca
matysek,paulinchen,False,"['ang1_3_4', 'ang1_3_5', 't8_9_17', 'dist13_14', 'dist8_9', 'dist9_12', 'dist1_6', 'dist8_12', 'ang1_4_3', 'dist11_12', 'dist1_8', 'ang4_3_5', 't3_6_10', 'dist4_14', 't7_8_16', 'dist2_8', 'dist7_15', 't2_3_8', 'dist1_17', 'dist5_9']",random_forest,12.490941034278228,7.172792567035088,6.5715275382698,922,20,pca
matysek,paulinchen,False,"['dist1_10', 'dist1_8', 'dist4_14', 'dist13_14', 'ang1_4_5', 't4_5_8', 'dist10_11', 'dist1_9', 't6_7_9', 'dist14_16', 'dist1_13', 't6_7_17', 't1_2_7', 'dist3_14', 'ang1_3_5', 't7_8_16', 'dist10_12', 'dist11_17', 'ang4_9_5', 'dist1_5']",random_forest,11.241074133194159,9.377183396044598,3.3051100747822537,923,20,pca
matysek,mette,False,"['t7_8_17', 'dist9_16', 'dist5_14', 'dist2_9', 'dist2_12', 'dist7_9', 'dist7_10', 't6_7_9', 't3_6_10', 't4_6_10', 'dist8_16', 'dist1_5', 'ang1_2_5', 'dist3_6', 'dist4_11', 'dist9_13', 'dist13_17', 'ang1_3_5', 'ang1_4_5', 't7_8_9']",random_forest,22.87293177830138,9.703954451461538,13.31181772307995,924,20,pca
matysek,mette,False,"['dist3_8', 'dist10_15', 'ang2_4_5', 'dist5_14', 'dist10_14', 'dist5_17', 'ang1_2_5', 'ang1_4_5', 'dist1_2', 'dist5_9', 'dist2_9', 'dist13_17', 'ang3_1_5', 'ang1_3_5', 't3_6_10', 't12_15_17', 'dist9_10', 'dist9_16', 'dist8_16', 'dist4_9']",random_forest,27.417531958670242,19.240852267340408,8.419347298510697,925,20,pca
matysek,zewe,False,"['t3_4_5', 'dist1_4', 't2_4_5', 't8_9_17', 't2_4_8', 'ang5_3_4', 't4_5_8', 'dist2_8', 'ang4_3_5', 'ang3_4_3', 't7_8_16', 'dist1_16', 'dist2_9', 'ang1_4_5', 'ang2_3_4', 't4_6_10', 't2_5_10', 'ang1_2_5', 't7_8_17', 'dist7_8']",random_forest,31.660827946347027,11.546179309282223,21.359231447146396,926,20,pca
matysek,zewe,False,"['dist5_14', 'dist1_4', 't2_4_5', 'ang1_2_5', 't3_4_5', 'dist1_2', 'dist1_16', 'dist2_3', 'dist2_8', 'dist4_9', 'ang2_1_5', 'ang1_3_5', 't4_5_8', 'dist1_3', 'dist2_16', 'dist7_10', 'dist10_15', 'dist13_17', 'ang1_4_5', 'ang2_4_5']",random_forest,32.948437208981545,19.855487203447957,13.09790384138723,927,20,pca
matysek,vladimir,False,"['dist1_6', 'dist1_8', 't2_4_7', 'dist1_11', 'dist1_15', 't2_4_5', 'dist1_4', 'dist3_5', 'dist10_14', 'dist6_13', 't3_4_5', 't3_5_10', 'dist4_10', 'dist7_13', 'dist9_12', 'dist12_15', 't2_3_5', 't2_3_7', 't8_9_17', 'ang1_2_4']",random_forest,10.722769723499464,3.281114773088516,7.500658991750821,928,20,pca
matysek,vladimir,False,"['dist1_8', 't2_4_5', 'dist1_4', 'dist1_15', 'ang6_9_10', 't3_4_5', 't2_3_7', 'dist1_10', 't2_4_7', 'dist1_6', 'dist10_14', 'dist6_13', 'dist7_13', 'dist12_15', 'dist13_16', 't4_5_8', 'dist1_11', 'dist13_14', 't3_5_10', 't6_10_11']",random_forest,15.211389811326566,3.9535332523828357,11.26133058355307,929,20,pca
lucka,sam,False,"['dist1_8', 't2_4_5', 'dist1_4', 'dist2_4', 'dist1_5', 'dist2_8', 'dist4_13', 't1_3_5', 't2_4_8', 'dist1_16', 'dist1_17', 'dist2_13', 'dist2_14', 'dist7_13', 'dist10_12', 't3_4_16', 'dist2_16', 'dist1_9', 'dist1_15', 'dist2_3']",random_forest,6.339736378078563,7.142990991419159,0.9594077693092115,930,20,pca
lucka,sam,False,"['dist2_11', 'dist14_16', 't3_5_10', 'dist1_4', 'dist3_7', 'dist3_10', 'dist4_11', 'dist4_12', 'dist7_12', 'dist8_9', 'dist10_15', 'dist11_14', 'dist12_15', 'dist13_14', 'dist13_17', 'ang3_4_3', 't5_8_9', 't8_9_17', 't3_4_5', 't13_14_17']",random_forest,13.32974836498816,8.725085197248363,6.253519424657072,931,20,pca
lucka,rosie,False,"['ang4_3_5', 'ang3_1_4', 'dist7_8', 'dist4_14', 'dist8_17', 'ang6_10_4', 'dist4_9', 'dist8_15', 'ang1_3_4', 't6_7_17', 't7_8_17', 'dist7_17', 'ang2_4_5', 'ang2_1_4', 'ang5_3_4', 'ang3_4_3', 'ang4_9_5', 'dist5_16', 'dist3_8', 'dist9_12']",random_forest,24.129309837381616,3.952269395279532,20.347404626098484,932,20,pca
lucka,rosie,False,"['dist8_14', 'dist4_8', 'ang1_4_5', 'ang3_1_4', 'ang4_9_5', 'dist7_13', 'ang2_4_5', 'dist4_16', 'dist6_15', 'dist8_16', 'dist1_13', 'dist2_17', 'dist2_14', 'ang4_3_5', 'dist2_8', 'dist5_6', 'ang3_4_3', 'dist3_5', 'dist5_7', 'dist14_16']",random_forest,23.028913459514765,4.425098651719941,18.765019599496963,933,20,pca
lucka,otella,False,"['t2_4_5', 'dist11_14', 'ang6_10_4', 'dist5_8', 'dist10_15', 't2_4_7', 'dist5_17', 't5_8_9', 'dist15_17', 'dist5_9', 't1_3_5', 'dist2_9', 'dist2_13', 'dist3_6', 'dist6_17', 'dist9_11', 't2_3_7', 'dist4_11', 'dist4_16', 'dist5_13']",random_forest,13.894339078865624,10.03668330588194,7.279664046625673,934,20,pca
lucka,otella,False,"['ang6_10_4', 'dist12_15', 'dist5_7', 'dist5_9', 'dist7_8', 't7_8_16', 'dist5_6', 'dist10_11', 't3_7_16', 'dist2_14', 'dist1_15', 'dist6_7', 'dist3_7', 'dist16_17', 't4_7_8', 't1_6_7', 'dist5_17', 'ang4_2_4', 'dist1_4', 'dist9_11']",random_forest,14.75183917273642,10.884734136467792,4.231577897644742,935,20,pca
lucka,nuernberg_2,False,"['t2_4_5', 'dist5_6', 'dist5_12', 'ang6_10_4', 'dist6_15', 'dist10_15', 'dist2_11', 'dist5_13', 't5_8_9', 'dist2_14', 't2_4_8', 'dist1_9', 'dist1_15', 'dist2_13', 'dist3_15', 'dist6_9', 'dist9_15', 'dist10_12', 'dist12_15', 't12_13_15']",random_forest,18.238223961044618,14.716906016975942,5.393808180514272,936,20,pca
lucka,nuernberg_2,False,"['t2_4_5', 't2_4_8', 't1_3_5', 'dist6_17', 'dist2_4', 'dist2_16', 'dist5_9', 'dist10_15', 'ang6_10_4', 't13_14_16', 'dist1_8', 'dist1_4', 'dist1_16', 'dist2_11', 'dist2_14', 'dist3_14', 'dist5_6', 'dist10_11', 't2_5_9', 't3_5_10']",random_forest,12.365267203991074,11.626287689955998,3.1999302454158425,937,20,pca
lucka,nokia,False,"['dist1_8', 'dist13_14', 'dist1_4', 'dist2_14', 'dist12_15', 't7_8_17', 't2_4_5', 't3_4_5', 't2_4_8', 'dist2_4', 'dist2_16', 'dist3_13', 'dist4_13', 'dist5_7', 'dist5_12', 'dist5_14', 'dist5_16', 'dist7_15', 'dist10_11', 'dist10_12']",random_forest,6.171080070566801,5.3225794309582675,0.8955839330847066,938,20,pca
lucka,nokia,False,"['t2_4_5', 'dist1_8', 'dist13_14', 'dist14_16', 'dist1_3', 'dist1_4', 'dist2_4', 'dist2_11', 'dist2_14', 'dist5_14', 'dist5_16', 'dist7_12', 'dist10_15', 'dist12_15', 't3_4_16', 't5_8_9', 't3_4_5', 't3_5_10', 't13_14_17', 't12_15_17']",random_forest,12.696090751832932,8.598303771081136,4.119525304169547,939,20,pca
lucka,noel,False,"['dist2_11', 'dist1_4', 'dist5_14', 'dist2_4', 'dist3_7', 'dist3_10', 'dist4_12', 'dist5_9', 'dist7_12', 'dist10_15', 'dist12_15', 'dist12_17', 'dist14_16', 't4_7_8', 't5_8_9', 't3_4_5', 't13_14_17', 't13_14_16', 'dist1_3', 'dist1_8']",random_forest,9.10961783000407,6.980663491025169,2.246266651542962,940,20,pca
lucka,noel,False,"['dist1_4', 'dist1_8', 'dist4_12', 'dist10_15', 'dist12_15', 't12_15_17', 'dist1_3', 'dist1_15', 'dist2_3', 'dist2_4', 'dist4_7', 'dist5_9', 'dist5_12', 'dist5_14', 'dist9_12', 'dist9_15', 'dist10_11', 't1_2_7', 't2_3_7', 't4_7_8']",random_forest,8.591814423284529,5.886481329007535,2.8770433820288255,941,20,pca
lucka,matysek,False,"['dist1_8', 'dist1_4', 't2_4_5', 't2_4_8', 'dist5_13', 'dist2_4', 'dist2_8', 'dist2_16', 'dist4_13', 'dist12_15', 't7_8_17', 't1_3_5', 't3_4_5', 't12_15_17', 'dist1_16', 'dist2_3', 'dist3_5', 'dist5_16', 'dist6_15', 'dist10_15']",random_forest,6.780838161934233,8.593761418627745,2.3520856964635937,942,20,pca
lucka,matysek,False,"['dist1_8', 'dist1_4', 'dist2_16', 'dist5_14', 't2_4_5', 't2_4_8', 't12_15_17', 't7_8_17', 'dist1_16', 'dist2_4', 'dist2_8', 't1_3_5', 'dist2_3', 'dist4_13', 'dist5_16', 'dist7_8', 'dist7_12', 'dist7_17', 'dist13_16', 'ang6_10_4']",random_forest,9.923408737800797,11.825886599326726,2.077689883513089,943,20,pca
lucka,nuernberg_1,False,"['dist2_11', 'dist5_14', 'dist3_10', 'dist7_12', 't4_5_8', 't3_4_5', 't2_4_8', 'dist2_4', 'dist3_7', 'dist4_12', 'dist7_13', 'dist7_15', 'dist12_13', 'dist14_16', 't3_4_16', 't1_3_5', 't3_5_10', 't13_14_17', 't13_14_16', 'dist1_4']",random_forest,9.448629008326174,9.76023967655999,0.82703894421295,944,20,pca
lucka,nuernberg_1,False,"['dist2_11', 'dist5_14', 'dist1_8', 't3_4_5', 't2_4_8', 'dist1_4', 'dist2_4', 'dist2_8', 'dist2_9', 'dist3_7', 'dist3_10', 'dist4_10', 'dist4_12', 'dist9_12', 'dist12_15', 't4_7_8', 't3_4_16', 't4_5_8', 't6_7_9', 't3_5_10']",random_forest,6.829703689127152,6.254841017043152,1.017177475723318,945,20,pca
lucka,shorfy,False,"['ang6_10_4', 'dist3_14', 't8_9_17', 'dist11_12', 'dist2_4', 'dist1_17', 'dist1_16', 'dist3_4', 'dist5_12', 'ang1_2_5', 'dist10_15', 'dist2_13', 'dist2_14', 'ang1_2_4', 'dist4_11', 'dist12_13', 'dist12_15', 'dist7_17', 't2_4_8', 'dist5_6']",random_forest,14.861583869890065,6.85649230036825,12.376260961514522,946,20,pca
lucka,shorfy,False,"['dist5_7', 'dist2_3', 'ang4_2_4', 'dist1_5', 'dist11_12', 'dist4_10', 'dist2_16', 'dist2_4', 'dist10_15', 'ang6_10_4', 'dist2_5', 'dist14_16', 'ang1_3_4', 'dist9_14', 'dist7_14', 't2_5_6', 'dist2_12', 'dist11_15', 'dist4_14', 't13_14_16']",random_forest,11.384441753839656,7.062235961418371,4.675248623956425,947,20,pca
lucka,paulinchen,False,"['dist1_8', 't2_4_5', 't2_4_8', 'dist1_4', 'dist1_16', 'dist2_8', 'dist3_5', 'dist10_15', 'dist12_15', 't3_4_5', 'dist1_5', 'dist2_3', 'dist2_4', 'dist2_9', 'dist2_13', 'dist2_16', 'dist5_14', 'dist5_16', 'dist13_14', 'dist13_16']",random_forest,7.380623230700224,5.241025088393145,2.1795289167447187,948,20,pca
lucka,paulinchen,False,"['dist1_8', 'dist2_4', 't2_4_5', 'dist2_8', 'dist2_14', 'dist5_16', 'dist6_17', 'dist12_15', 't1_3_5', 't12_15_17', 'dist1_4', 'dist1_16', 'dist2_3', 'dist2_16', 'dist5_13', 'dist10_12', 'dist10_15', 'dist13_14', 'ang1_3_5', 't1_6_7']",random_forest,11.737513199955748,8.382170980261337,5.278852891913035,949,20,pca
lucka,mette,False,"['dist1_8', 't2_4_5', 't12_15_17', 'dist1_4', 'dist1_16', 'dist2_8', 'dist2_14', 'dist2_3', 'dist2_4', 'dist4_14', 'dist5_7', 'dist5_8', 'dist5_13', 'dist5_16', 'dist10_15', 'dist12_15', 'dist13_14', 'dist14_16', 'dist15_17', 'ang3_2_5']",random_forest,11.802858861688916,7.654215344871264,11.090686734320496,950,20,pca
lucka,mette,False,"['t2_4_5', 'dist5_7', 'dist1_8', 'dist1_5', 'dist14_16', 't1_3_5', 'dist1_17', 'dist2_14', 'dist5_9', 'dist12_15', 'ang1_3_4', 't2_3_5', 'dist1_4', 'dist1_16', 'dist5_16', 'dist11_12', 'dist2_3', 'dist5_12', 'dist7_9', 'dist10_15']",random_forest,11.876936156677418,6.7257202970375545,9.819489327194468,951,20,pca
lucka,zewe,False,"['dist10_12', 'dist11_12', 'dist5_17', 'ang4_2_4', 'ang3_4_3', 'dist1_5', 'dist2_14', 'dist5_12', 'dist5_6', 'dist1_8', 'dist5_7', 'dist3_14', 'dist4_14', 'dist6_11', 'ang4_3_5', 'ang5_3_4', 't3_7_16', 't5_8_9', 't6_10_11', 'dist4_10']",random_forest,14.020879874169067,6.082050496046063,8.692180996492311,952,20,pca
lucka,zewe,False,"['ang4_3_5', 'dist2_13', 't1_6_7', 'dist5_15', 'ang5_3_4', 'dist11_12', 'dist8_15', 'ang6_10_4', 'dist3_15', 'dist5_9', 'dist9_11', 'dist4_14', 't5_9_10', 't6_10_11', 'dist1_13', 'dist1_11', 'dist5_12', 'dist3_13', 'dist6_16', 'dist11_14']",random_forest,13.270419869470004,8.447498852584856,5.221990093844565,953,20,pca
lucka,vladimir,False,"['dist1_8', 't2_4_5', 'dist2_4', 'dist2_8', 'dist5_16', 'dist6_17', 't1_3_5', 't2_4_8', 'dist1_4', 'dist1_10', 'dist1_15', 'dist1_16', 'dist2_9', 'dist2_11', 'dist2_14', 'dist5_13', 'dist5_14', 'dist12_15', 'dist13_14', 't1_6_7']",random_forest,11.368493861018647,6.641161979030495,4.783699326569265,954,20,pca
lucka,vladimir,False,"['dist1_8', 't2_4_5', 't1_3_5', 't2_4_8', 'dist1_15', 'dist2_8', 'dist2_11', 'dist2_14', 'dist2_16', 'dist10_15', 'dist12_15', 'dist13_14', 't2_4_7', 't12_15_17', 'dist1_4', 'dist1_16', 'dist2_4', 'dist3_13', 'dist5_13', 'dist5_16']",random_forest,13.544962045564937,9.50325605016598,4.86598417672812,955,20,pca
nuernberg_1,sam,False,"['dist4_10', 't4_7_8', 'dist4_8', 'ang1_4_3', 't6_9_10', 'dist1_12', 't2_4_7', 'dist2_7', 'dist3_8', 'ang4_3_5', 't2_4_8', 't3_4_7', 'dist9_10', 'dist4_14', 'dist4_13', 'ang6_4_10', 't2_3_7', 'dist1_3', 't4_5_8', 'dist1_16']",random_forest,8.123144240657911,3.0072487783155566,5.610247793789084,956,20,pca
nuernberg_1,sam,False,"['t4_5_8', 'dist8_15', 't3_4_5', 'dist2_13', 'dist9_10', 'ang1_2_5', 'ang4_3_5', 'ang5_3_4', 'ang1_3_4', 'dist4_7', 'ang2_4_5', 'dist2_17', 'ang6_4_10', 'dist1_12', 'dist2_7', 'dist11_12', 'dist7_13', 'dist4_8', 'ang3_4_3', 'dist10_16']",random_forest,17.17004721516506,10.327199264838871,8.632882279674815,957,20,pca
nuernberg_1,rosie,False,"['dist2_11', 'dist5_14', 'dist12_13', 't4_5_8', 't3_4_5', 't2_4_8', 't3_5_10', 'dist2_4', 'dist2_9', 'dist3_5', 'dist3_10', 'dist7_13', 'dist8_14', 'ang1_4_5', 'ang3_4_3', 'ang4_9_5', 't2_3_7', 't4_7_8', 't3_4_16', 't3_5_7']",random_forest,25.091482108442264,10.753153850307394,14.366719797360934,958,20,pca
nuernberg_1,rosie,False,"['dist5_14', 't3_4_5', 'dist4_8', 'dist12_13', 'ang1_4_5', 't1_2_7', 'dist8_16', 't2_4_8', 't4_5_8', 'ang2_4_5', 'dist3_5', 'dist3_8', 'dist3_10', 'dist6_11', 'dist7_13', 'dist7_15', 'ang1_3_5', 'ang4_3_5', 'ang3_4_3', 't4_6_10']",random_forest,31.809103009406932,12.667891857415007,19.220410308413637,959,20,pca
nuernberg_1,otella,False,"['t2_4_7', 't8_9_17', 'dist3_7', 'dist1_8', 'dist3_10', 'dist7_13', 't2_3_7', 't3_4_16', 't3_4_7', 'dist3_12', 'dist1_4', 'dist1_16', 'dist3_8', 'dist3_15', 'dist3_16', 'dist4_13', 't3_7_16', 't4_5_8', 't3_4_5', 'dist3_5']",random_forest,4.051137404146528,1.2227084839310813,2.8871403897277585,960,20,pca
nuernberg_1,otella,False,"['t2_4_8', 'dist2_8', 'dist4_10', 'dist2_11', 'dist3_5', 'dist4_11', 'dist11_14', 't3_7_16', 't3_4_5', 't3_5_10', 'dist1_8', 'dist2_9', 'dist3_7', 'dist3_8', 'dist3_10', 'dist3_15', 'dist4_8', 'dist7_13', 'dist12_16', 'dist13_16']",random_forest,5.358124677292427,0.8827537598373509,4.512846687052795,961,20,pca
nuernberg_1,nuernberg_2,False,"['dist6_8', 'dist6_16', 'dist6_17', 't6_7_17', 'dist5_15', 'dist8_15', 't2_5_6', 'dist6_14', 'dist1_6', 'dist1_8', 'dist2_15', 'dist3_6', 'dist4_15', 'dist5_6', 'dist5_12', 'dist6_7', 'dist6_10', 'dist9_11', 'dist11_13', 'ang1_3_5']",random_forest,7.19300762856929,5.091936687032105,2.1555394582449354,962,20,pca
nuernberg_1,nuernberg_2,False,"['dist11_12', 'dist3_16', 'dist3_9', 'ang2_4_5', 'dist3_13', 'dist6_9', 'dist5_14', 'dist3_6', 'dist4_13', 'dist5_6', 'dist6_17', 'ang2_4_3', 'dist3_10', 'dist4_8', 'ang6_10_4', 'dist2_15', 'dist4_7', 'dist9_14', 't7_8_16', 'dist7_8']",random_forest,7.320169398829601,6.505662467286781,1.8376112474152169,963,20,pca
nuernberg_1,shorfy,False,"['dist2_11', 'dist5_14', 't3_4_5', 't2_4_8', 't3_5_10', 'dist1_3', 'dist1_4', 'dist1_5', 'dist2_4', 'dist3_10', 'dist4_11', 'dist4_12', 'dist7_12', 'dist11_16', 'dist11_17', 'dist12_15', 't3_4_16', 't2_4_5', 't2_5_10', 't13_14_17']",random_forest,8.912242067822666,1.0002534788028248,8.09457898929397,964,20,pca
nuernberg_1,shorfy,False,"['dist2_11', 'dist5_14', 'dist12_13', 'dist1_4', 'dist3_7', 'dist3_8', 'dist4_9', 'dist7_10', 't3_4_5', 'dist2_4', 'dist2_8', 'dist3_6', 'dist3_10', 'dist4_8', 'dist7_12', 'dist13_16', 'ang1_2_5', 't3_7_16', 't3_4_16', 't2_4_5']",random_forest,13.378076079041016,3.5940234042968036,9.985833576854334,965,20,pca
nuernberg_1,paulinchen,False,"['dist3_7', 'dist1_8', 'dist3_16', 'dist1_17', 'dist3_9', 'dist14_15', 'ang2_3_5', 'ang2_3_4', 't3_4_7', 't3_7_16', 'dist2_11', 'dist3_17', 'dist4_8', 'dist5_7', 'ang3_2_5', 'ang1_4_5', 'ang3_1_4', 't3_4_16', 't4_5_8', 't3_4_5']",random_forest,22.949370660365336,14.900224042603888,8.797312577267759,966,20,pca
nuernberg_1,paulinchen,False,"['dist4_10', 't4_5_8', 'dist12_15', 'dist5_6', 'dist6_17', 'dist8_14', 'dist13_14', 'ang2_4_5', 'ang2_3_4', 'ang6_10_4', 'dist3_9', 'dist1_8', 'dist1_16', 'dist2_3', 'dist2_16', 'dist3_10', 'dist3_12', 'dist4_9', 'dist6_8', 'dist6_9']",random_forest,15.147258887508372,9.64541273327755,6.068310999208474,967,20,pca
nuernberg_1,zewe,False,"['dist1_4', 't3_4_5', 'dist2_8', 'dist3_10', 'dist4_10', 'ang6_10_4', 't4_5_8', 't2_4_5', 't13_14_17', 'dist1_8', 'dist2_7', 'dist2_9', 'dist3_8', 'dist3_16', 'dist4_9', 'dist4_13', 'dist4_16', 'dist6_17', 'dist7_13', 'dist10_11']",random_forest,12.26129237744089,8.958468841101132,5.226847780392863,968,20,pca
nuernberg_1,zewe,False,"['dist4_10', 'dist2_7', 'dist3_8', 'dist3_10', 'dist11_12', 'ang2_4_5', 't2_4_5', 't2_4_8', 't2_4_7', 't3_5_10', 'dist2_4', 'dist2_8', 'dist2_9', 'dist3_9', 'dist4_8', 'dist4_9', 'dist4_11', 'dist4_13', 'dist7_13', 'dist8_14']",random_forest,11.367344180253259,5.984703686460072,6.233122322637476,969,20,pca
nuernberg_1,vladimir,False,"['dist1_8', 'dist6_8', 'dist5_6', 't6_7_17', 'dist6_17', 't6_7_9', 'dist12_15', 'dist2_14', 'dist2_16', 'dist6_16', 'ang6_9_10', 't4_5_8', 'dist6_7', 'dist6_9', 'dist13_14', 'ang4_9_5', 't2_3_5', 't3_4_5', 't2_5_9', 't2_5_6']",random_forest,19.755203932379807,5.310354066409065,14.50400509638081,970,20,pca
nuernberg_1,vladimir,False,"['dist5_15', 'dist6_9', 'dist13_14', 'dist1_8', 'dist6_8', 't2_4_5', 'dist12_15', 'dist1_10', 'dist6_17', 'dist1_16', 't6_7_9', 't7_8_16', 'dist6_16', 'dist1_9', 'dist1_17', 'dist2_3', 'dist2_8', 'dist5_6', 'dist6_11', 'dist13_16']",random_forest,4.409387652522594,1.5375635594271109,3.2622278766838493,971,20,pca
leni,sam,False,"['t2_4_5', 'dist2_4', 't2_4_8', 'dist8_16', 't2_3_5', 'dist2_16', 't3_7_16', 'dist3_8', 'dist4_7', 'dist4_10', 't6_7_17', 'dist2_3', 'dist2_8', 'dist3_5', 'dist4_8', 'ang4_3_5', 'ang2_4_5', 't7_8_16', 't1_6_7', 't2_4_7']",random_forest,12.043424033714894,10.05232967151757,1.9973791588699934,972,20,pca
leni,sam,False,"['dist16_17', 'ang4_3_5', 't2_4_5', 'dist1_16', 'dist1_4', 'dist5_14', 'dist7_8', 'ang4_9_5', 't4_5_8', 't4_7_8', 't2_4_8', 'ang2_4_5', 't7_8_17', 'dist11_17', 'dist1_8', 'dist2_3', 'dist2_4', 'dist3_6', 'dist12_16', 'ang5_3_4']",random_forest,12.05791710037226,10.403264375946513,8.99410890847797,973,20,pca
leni,rosie,False,"['t3_4_5', 'dist1_3', 'dist1_16', 'dist2_11', 'dist5_14', 'dist8_14', 'dist12_16', 't2_4_5', 'dist3_5', 'dist1_4', 'dist1_5', 'dist2_7', 'dist2_9', 'dist3_15', 'dist3_17', 'dist4_8', 'dist4_12', 'dist7_13', 'dist12_15', 'dist13_14']",random_forest,5.606239166867361,2.7619027692068023,2.900967728168392,974,20,pca
leni,rosie,False,"['ang1_3_5', 'dist2_13', 'ang2_3_4', 't3_6_10', 'dist1_3', 'dist9_11', 'dist1_13', 'dist1_16', 'dist2_8', 'dist3_9', 'dist3_12', 'dist7_12', 'dist8_16', 'dist11_13', 'dist12_13', 'ang4_3_5', 'ang5_3_4', 't3_7_16', 't4_6_10', 't4_7_8']",random_forest,17.797831316322313,7.394229883052937,10.40456444830098,975,20,pca
leni,otella,False,"['dist1_8', 'dist2_11', 'dist5_14', 'dist6_17', 't2_4_8', 'dist1_4', 'dist2_4', 'dist2_8', 'dist3_10', 'dist4_12', 'dist7_12', 'dist11_16', 'dist12_15', 't3_7_16', 't4_5_8', 't6_7_9', 't8_9_17', 't3_4_5', 't13_14_17', 'dist1_3']",random_forest,9.84011379967834,4.554922359953948,5.287733759646724,976,20,pca
leni,otella,False,"['dist1_8', 'dist2_11', 't2_4_8', 'dist1_4', 'dist2_4', 'dist2_8', 'dist3_10', 'dist4_10', 'dist7_12', 'dist7_13', 'dist11_14', 'dist11_16', 'dist12_15', 'dist12_17', 't3_4_16', 't8_9_17', 't3_4_5', 't2_4_7', 't3_5_10', 't13_14_17']",random_forest,12.079158219178273,6.0958674401524675,5.986597734156496,977,20,pca
leni,nuernberg_2,False,"['dist2_4', 'dist9_10', 't2_4_8', 'dist1_4', 'dist1_8', 'dist1_9', 'dist2_16', 'dist8_10', 't1_2_7', 'dist10_15', 't3_5_10', 'dist4_10', 'dist2_3', 'dist3_8', 'ang5_3_4', 't6_7_9', 'dist1_10', 'dist7_10', 'dist8_17', 'dist6_15']",random_forest,8.60130101506668,7.434593850716545,1.2117383165621485,978,20,pca
leni,nuernberg_2,False,"['dist1_4', 'dist4_8', 'dist3_8', 'dist4_9', 'dist1_16', 'dist1_2', 'dist2_9', 'dist13_17', 't2_4_8', 'dist2_6', 'dist1_8', 'dist2_3', 'dist2_4', 'dist9_13', 'ang1_3_5', 'ang2_4_5', 't2_3_7', 't8_9_17', 'dist7_10', 'dist1_3']",random_forest,17.20493553581961,13.325791270015502,3.9037973275194573,979,20,pca
leni,nokia,False,"['ang2_4_5', 't6_7_17', 'dist6_8', 'dist4_13', 'dist7_10', 'ang3_4_3', 't6_7_9', 'dist7_8', 'dist4_10', 'dist1_4', 'dist2_3', 'dist2_4', 'dist6_13', 'dist6_16', 'ang3_1_4', 'ang4_2_4', 'ang5_3_4', 't4_7_8', 't3_6_10', 't4_6_10']",random_forest,31.114834678045177,18.036633867155917,13.130725373977926,980,20,pca
leni,nokia,False,"['dist4_10', 'dist3_6', 'dist4_9', 'dist7_13', 'ang4_9_5', 'dist3_9', 'dist2_3', 'dist3_17', 'dist5_10', 'dist16_17', 't3_6_10', 'dist1_9', 'dist1_10', 'dist2_4', 'dist3_10', 'dist5_7', 'dist6_8', 'dist6_13', 'dist6_16', 'dist10_14']",random_forest,14.361157250275395,7.385148690504471,8.246343230346612,981,20,pca
leni,noel,False,"['t2_4_5', 'dist4_13', 'dist2_16', 't2_4_8', 'dist4_9', 'dist1_16', 'dist2_3', 'dist2_4', 'dist5_14', 'dist8_15', 'dist9_15', 'dist7_8', 'dist1_9', 'dist5_13', 'dist7_9', 'dist13_16', 'ang2_7_5', 't1_6_7', 't3_4_5', 'dist5_15']",random_forest,26.669530214258348,7.394035781498529,20.45368004810773,982,20,pca
leni,noel,False,"['dist1_4', 'dist7_8', 't7_8_17', 'dist3_13', 'dist1_16', 't2_4_5', 'dist1_8', 'dist1_10', 'dist2_4', 'dist2_16', 'dist4_13', 'dist7_9', 'ang2_3_4', 't2_4_7', 'dist1_9', 'dist2_3', 'dist2_5', 'dist5_7', 'dist12_15', 'dist13_16']",random_forest,12.24253473379358,5.0196607381576275,8.67872626595107,983,20,pca
leni,matysek,False,"['dist7_13', 'dist1_8', 'dist12_13', 'dist1_4', 'dist2_4', 'dist2_11', 'dist3_15', 'dist3_16', 'dist4_12', 'dist6_13', 'dist7_14', 'dist9_10', 'dist9_11', 'dist11_17', 'dist12_14', 'dist14_17', 't2_3_7', 't3_4_16', 't1_6_7', 't8_9_17']",random_forest,3.9441264850731246,3.0103655021112368,0.9574332894035762,984,20,pca
leni,matysek,False,"['dist2_6', 'dist7_13', 'dist9_11', 't2_4_7', 'dist5_15', 'dist1_6', 'dist2_7', 'dist2_11', 'dist2_15', 'dist3_6', 'dist3_10', 'dist3_15', 'dist4_7', 'dist7_11', 'dist8_10', 'dist10_17', 'dist11_17', 'dist12_13', 'dist12_14', 'dist12_15']",random_forest,4.204755236315045,3.230212312553785,0.9818195137497606,985,20,pca
leni,lucka,False,"['dist1_8', 'dist2_14', 'dist6_17', 't2_4_8', 'dist1_3', 'dist1_4', 'dist2_4', 'dist2_11', 'dist2_13', 'dist3_4', 'dist7_8', 'dist7_9', 'dist10_11', 'dist10_12', 'dist10_15', 'dist12_15', 'dist13_14', 't3_4_16', 't7_8_16', 't1_3_5']",random_forest,8.826637614366355,3.1625935223237973,5.733639477821492,986,20,pca
leni,lucka,False,"['dist1_8', 'dist2_8', 'dist5_14', 't2_4_8', 'dist1_3', 'dist1_4', 'dist2_4', 'dist2_11', 'dist2_14', 'dist4_12', 'dist5_16', 'dist6_17', 'dist7_12', 'dist7_13', 'dist10_15', 'dist12_15', 'dist13_17', 't7_8_16', 't6_7_9', 't7_8_17']",random_forest,6.607731844386916,3.6435106093546565,2.993865724245202,987,20,pca
leni,nuernberg_1,False,"['dist1_8', 'dist6_17', 'dist13_14', 't7_8_17', 't2_4_5', 'dist5_7', 'dist6_8', 'ang4_9_5', 'ang6_10_4', 'dist5_16', 'dist7_10', 'dist8_17', 'dist9_12', 'dist10_11', 'dist10_12', 'dist10_15', 'dist12_15', 'dist16_17', 't3_7_16', 't7_8_16']",random_forest,14.170108798055224,3.7635812933583512,10.643926322491984,988,20,pca
leni,nuernberg_1,False,"['dist1_16', 'dist1_8', 't3_7_16', 'dist1_6', 'dist5_14', 'dist1_10', 'dist2_3', 'dist2_9', 'dist2_11', 'dist3_9', 'dist3_17', 'dist4_7', 'dist11_16', 'ang4_3_5', 't1_2_7', 't2_3_7', 't4_7_8', 't7_8_16', 't3_4_5', 't2_4_8']",random_forest,4.270746999232098,5.921019700765193,2.006754138952602,989,20,pca
leni,shorfy,False,"['dist1_8', 'dist2_11', 'dist6_17', 't2_4_8', 't3_5_10', 'dist1_3', 'dist2_4', 'dist2_8', 'dist3_6', 'dist3_10', 'dist4_12', 'dist5_14', 'dist6_10', 'dist7_12', 'dist7_13', 'dist8_9', 'dist11_16', 't6_7_9', 't8_9_17', 't1_3_5']",random_forest,11.47899645279664,5.141185065757225,6.373801664947391,990,20,pca
leni,shorfy,False,"['dist1_8', 'dist2_11', 'dist5_14', 'dist6_17', 'dist1_4', 'dist2_4', 'dist2_8', 'dist3_10', 'dist4_12', 'dist6_10', 'dist7_12', 'dist7_15', 'dist11_16', 'dist11_17', 't3_7_16', 't3_4_5', 't2_4_8', 't12_15_17', 'dist1_3', 'dist1_12']",random_forest,10.597772038224798,5.26612019353033,5.378363062442782,991,20,pca
leni,paulinchen,False,"['t2_4_7', 'dist4_7', 't3_7_16', 'dist16_17', 'dist3_7', 'ang2_4_5', 'dist4_11', 'dist3_6', 'dist9_12', 't4_7_8', 'ang1_3_5', 'dist3_4', 'dist2_11', 'dist8_9', 'dist4_8', 'ang1_2_4', 'dist3_11', 'dist3_12', 'dist4_9', 'ang4_2_5']",random_forest,12.855377879607996,13.945005950718064,3.26662380312603,992,20,pca
leni,paulinchen,False,"['dist14_15', 'dist4_7', 'dist6_13', 'dist12_13', 't13_14_15', 'dist3_12', 'dist2_3', 'dist2_6', 'dist2_11', 'dist3_6', 'dist3_7', 'dist3_10', 'dist4_9', 'dist4_12', 'dist7_11', 'dist9_15', 'dist11_13', 'dist11_14', 'dist12_14', 'dist16_17']",random_forest,10.46802000283928,7.127997906143229,3.3428609231046558,993,20,pca
leni,mette,False,"['dist3_6', 'dist7_10', 't4_7_8', 'dist1_9', 'dist6_17', 't3_7_16', 't2_4_5', 'dist1_8', 'dist3_7', 'dist3_15', 'dist4_12', 'dist6_7', 'dist6_14', 'dist8_10', 'dist8_12', 'dist9_12', 'ang2_4_5', 't6_7_9', 't8_9_17', 'dist1_3']",random_forest,11.695678377389827,8.286050194763769,3.55655377651109,994,20,pca
leni,mette,False,"['t3_7_16', 'dist6_17', 'dist7_10', 'dist1_3', 'dist1_4', 'dist3_6', 't4_7_8', 't7_8_16', 'dist1_8', 'dist1_16', 'dist2_3', 'dist2_4', 'dist3_7', 'dist4_7', 'dist4_10', 'dist4_12', 'dist5_14', 'dist7_16', 'dist9_10', 'dist11_13']",random_forest,4.306149102343424,2.379894820424249,1.9311448386194834,995,20,pca
leni,zewe,False,"['dist1_8', 'dist5_14', 'dist1_3', 'dist1_4', 'dist2_4', 'dist2_9', 'dist2_11', 'dist7_10', 'dist8_10', 'dist11_16', 'dist12_15', 'ang3_4_3', 't3_4_16', 't4_5_8', 't1_6_7', 't6_7_9', 't7_8_17', 't8_9_17', 't1_3_5', 't3_4_5']",random_forest,16.295593952545858,8.444046529558786,8.03488668088815,996,20,pca
leni,zewe,False,"['dist5_14', 'dist1_4', 'dist2_14', 'dist11_14', 't3_4_5', 't2_4_8', 't3_5_10', 'dist1_3', 'dist1_8', 'dist2_4', 'dist2_9', 'dist2_11', 'dist3_10', 'dist4_10', 'dist7_13', 'dist7_14', 'dist12_15', 'dist13_16', 'dist14_16', 'ang4_3_5']",random_forest,10.89350589104874,4.838556585894389,6.169222268063625,997,20,pca
leni,vladimir,False,"['dist4_8', 'dist4_9', 'dist5_15', 'dist5_10', 't5_9_10', 'ang4_9_5', 'dist8_15', 'dist5_8', 'dist16_17', 'dist5_12', 'dist3_17', 'dist3_15', 'dist4_11', 'dist4_13', 'dist4_17', 'dist9_16', 'ang6_9_10', 'dist1_13', 'dist5_9', 'dist4_15']",random_forest,18.601453631209807,7.044710390823675,14.444720534552602,998,20,pca
leni,vladimir,False,"['t6_7_9', 'dist2_15', 'dist10_11', 'dist9_15', 'ang7_6_10', 'dist6_15', 'dist7_12', 'dist11_14', 'dist8_14', 'dist12_13', 'ang2_7_5', 'ang5_3_4', 'ang1_2_5', 'dist8_15', 'dist10_12', 'dist7_11', 'dist4_9', 't6_7_17', 't1_2_7', 't3_4_5']",random_forest,16.22870320944191,3.26386614945458,16.075519466291883,999,20,pca
innsbruck_1,sam,False,"['dist2_11', 'dist6_17', 'dist12_17', 't2_4_8', 'dist1_11', 'dist2_7', 'dist2_8', 'dist2_14', 'dist3_6', 'dist3_10', 'dist3_15', 'dist6_10', 'dist7_12', 'dist7_13', 'dist11_13', 'dist12_15', 'dist13_14', 't2_4_5', 't3_6_10', 't4_6_10']",random_forest,10.674957218595559,9.45968621886623,1.2749599637094133,1000,20,pca
innsbruck_1,sam,False,"['t2_4_5', 't2_4_8', 'ang1_2_5', 'dist7_12', 'ang2_1_4', 'dist2_3', 't13_14_17', 'dist12_17', 'ang4_9_5', 'dist2_16', 'dist3_15', 'dist8_12', 'ang2_1_5', 't12_13_15', 't2_5_9', 't2_3_7', 't3_4_5', 't2_3_5', 'dist1_11', 'dist1_12']",random_forest,20.844608013734312,15.603349897776411,6.722590505884853,1001,20,pca
innsbruck_1,rosie,False,"['dist2_11', 'dist1_8', 't3_4_5', 't2_4_8', 'dist1_4', 'dist2_4', 'dist2_8', 'dist3_7', 'dist3_10', 'dist4_10', 'dist4_12', 'dist5_14', 'dist7_10', 'dist11_16', 'dist12_15', 'ang6_10_4', 't4_7_8', 't8_9_17', 't13_14_17', 'dist1_3']",random_forest,19.422800304515093,13.526110526812035,6.5805824777437785,1002,20,pca
innsbruck_1,rosie,False,"['dist2_3', 'dist2_8', 'dist8_16', 'dist16_17', 't2_4_5', 't2_4_8', 'dist1_3', 'dist1_10', 'dist1_16', 'dist2_7', 'dist2_11', 'dist3_8', 'dist4_8', 'dist4_11', 'dist5_14', 'dist7_10', 'dist9_16', 'dist12_16', 'ang1_3_4', 'ang1_4_3']",random_forest,15.722884629114823,9.432549288551913,6.322478788796025,1003,20,pca
innsbruck_1,otella,False,"['dist4_10', 'dist5_14', 't3_7_16', 't2_4_8', 'dist1_4', 'dist2_4', 'dist2_8', 'dist2_11', 'dist2_14', 'dist3_6', 'dist3_10', 'dist4_12', 'dist5_11', 'dist6_10', 'dist11_16', 'dist12_13', 'dist12_15', 'dist13_17', 'ang2_3_4', 'ang6_10_4']",random_forest,16.393488217478,10.052155681325921,7.800125516087544,1004,20,pca
innsbruck_1,otella,False,"['dist2_11', 'dist5_14', 'dist12_17', 't2_4_8', 'dist2_4', 'dist2_8', 'dist2_14', 'dist3_10', 'dist4_12', 'dist6_10', 'dist7_12', 'dist7_13', 'dist10_15', 'dist12_13', 'dist12_15', 'dist13_17', 'ang1_2_5', 't3_4_5', 't13_14_17', 't13_14_16']",random_forest,18.053524173752393,13.43902913422088,5.840090971372487,1005,20,pca
innsbruck_1,japet,False,"['dist1_13', 'ang1_4_5', 'dist7_9', 'ang1_3_5', 'ang3_1_4', 't1_2_7', 'dist1_15', 't7_8_9', 'dist6_15', 'dist7_8', 't2_4_7', 'dist6_9', 'dist2_7', 'dist6_16', 'dist9_11', 'ang1_2_5', 't4_5_8', 'ang3_2_4', 'dist3_8', 'dist6_8']",random_forest,11.991305922470785,13.983121672860122,6.20018828428591,1006,20,pca
innsbruck_1,japet,False,"['dist4_8', 'ang6_10_4', 'dist5_6', 'dist6_17', 'dist16_17', 'dist5_9', 'dist2_7', 'ang1_4_3', 'dist12_17', 'dist7_13', 'dist9_14', 'dist10_15', 't7_8_17', 't13_14_15', 'ang2_1_5', 'dist6_9', 'ang1_2_5', 'dist3_15', 'dist10_11', 'dist4_10']",random_forest,10.332027970199427,19.056011621104144,13.378909816362397,1007,20,pca
innsbruck_1,nuernberg_2,False,"['dist5_14', 't3_4_5', 'dist1_4', 'dist1_10', 'dist8_14', 't1_2_7', 't4_5_8', 't2_4_5', 'dist1_3', 'dist2_4', 'dist2_9', 'dist2_11', 'dist3_10', 'dist5_13', 'dist11_14', 'dist13_16', 'dist14_16', 'ang1_2_5', 't2_3_7', 't3_4_16']",random_forest,18.733455265130004,11.670896179956866,7.223045589852338,1008,20,pca
innsbruck_1,nuernberg_2,False,"['dist2_8', 't2_4_8', 't2_5_9', 'ang2_1_4', 'dist2_16', 'ang1_3_4', 'dist3_8', 'ang6_9_10', 'ang1_2_5', 'dist2_4', 'dist2_9', 'dist3_17', 'dist5_14', 'dist8_14', 'dist13_17', 'ang2_1_5', 'ang6_10_4', 't1_2_7', 't2_3_7', 't2_4_5']",random_forest,27.268020612315233,24.49081796859126,3.0644135553439926,1009,20,pca
innsbruck_1,nokia,False,"['dist2_16', 'dist4_8', 't2_4_8', 'dist4_10', 'dist2_4', 'dist4_9', 't2_4_5', 'dist2_3', 'dist2_8', 'dist4_12', 'dist7_13', 'dist8_14', 't2_3_7', 'dist6_9', 'dist2_9', 'dist3_17', 'dist4_15', 'dist11_13', 'ang1_3_5', 'ang4_9_5']",random_forest,10.208485903426809,7.377988764131703,7.7324816383987205,1010,20,pca
innsbruck_1,nokia,False,"['t4_5_8', 'ang2_4_5', 'dist4_9', 'dist4_10', 'dist8_14', 'dist1_3', 'dist2_4', 'dist4_16', 'ang1_4_5', 'ang5_1_4', 't2_3_7', 'ang1_2_5', 'dist2_3', 'dist4_8', 'dist9_10', 'dist12_13', 'dist14_16', 'ang2_3_5', 't1_6_7', 'dist2_11']",random_forest,15.26676386865026,14.914389523072593,11.770208124171498,1011,20,pca
innsbruck_1,noel,False,"['ang6_10_4', 't2_4_5', 'dist2_4', 'ang2_7_5', 'dist2_14', 'dist7_16', 't3_7_16', 't2_3_5', 'dist9_10', 'ang4_9_5', 'dist2_3', 'dist2_5', 'dist2_16', 'dist3_7', 'dist3_14', 'dist5_16', 'dist5_17', 'dist10_17', 'dist16_17', 'ang2_1_5']",random_forest,33.3085486398895,12.560963387530528,23.830256562830293,1012,20,pca
innsbruck_1,noel,False,"['t2_4_5', 'dist2_4', 'ang2_7_5', 'dist1_8', 'dist2_13', 'dist2_14', 'dist5_13', 'dist10_15', 'ang2_1_4', 't2_3_5', 'dist7_10', 'ang6_10_4', 'dist2_16', 'dist1_10', 'dist2_3', 'dist2_5', 'dist2_8', 'dist8_10', 't3_5_10', 'dist1_5']",random_forest,30.67107461466279,13.148987372963832,21.317546342537145,1013,20,pca
innsbruck_1,matysek,False,"['dist7_13', 'dist14_16', 't3_4_16', 'dist5_15', 'dist8_14', 'dist9_10', 't4_5_8', 't2_4_5', 'dist1_11', 'dist2_7', 'dist2_9', 'dist3_5', 'dist7_12', 'dist12_13', 't2_3_7', 't3_4_5', 't2_4_8', 't2_5_10', 't12_13_15', 't13_14_15']",random_forest,20.401410457165692,15.040964127330005,5.4845054694340005,1014,20,pca
innsbruck_1,matysek,False,"['dist7_10', 'dist7_13', 't3_4_5', 'dist2_11', 'dist4_10', 'dist9_10', 't2_5_10', 'dist3_10', 'dist3_15', 'dist4_8', 'dist7_15', 'dist8_10', 'dist9_11', 'dist10_14', 'dist10_16', 'dist14_16', 'ang6_10_4', 't3_4_16', 't4_5_8', 't8_9_17']",random_forest,11.841876065781438,11.390463413161179,1.6182649931329256,1015,20,pca
innsbruck_1,lucka,False,"['dist1_8', 'dist2_11', 'dist2_14', 't2_4_8', 'dist1_3', 'dist2_4', 'dist2_8', 'dist4_12', 'dist7_12', 'dist11_16', 'dist12_15', 't3_7_16', 't3_4_16', 't7_8_17', 't3_4_5', 't2_4_7', 't3_5_10', 't13_14_17', 'dist1_4', 'dist1_5']",random_forest,17.97849567558589,11.155520138150118,6.926067830974846,1016,20,pca
innsbruck_1,lucka,False,"['dist1_3', 'dist1_8', 'dist7_12', 't2_4_8', 'dist2_3', 'dist2_4', 'dist2_8', 'dist2_11', 'dist2_14', 'dist4_12', 'dist6_10', 'dist6_17', 'dist10_15', 'dist11_14', 'dist12_15', 'dist14_16', 't2_4_5', 't3_4_5', 't2_4_7', 't13_14_17']",random_forest,14.757093297408819,7.532581735035371,7.225802022580275,1017,20,pca
innsbruck_1,nuernberg_1,False,"['dist1_8', 'dist2_8', 'dist2_14', 'dist1_10', 'dist2_11', 'dist9_10', 't2_4_8', 't3_5_10', 'dist2_9', 'dist3_10', 'dist4_10', 'dist7_10', 'dist10_12', 'dist10_14', 'dist10_16', 'dist12_15', 'dist16_17', 't7_8_16', 't4_5_8', 't2_4_5']",random_forest,8.470879915864591,9.17202394101186,0.9496209919590082,1018,20,pca
innsbruck_1,nuernberg_1,False,"['dist2_7', 'dist2_11', 'dist3_5', 't3_4_5', 'dist2_8', 'dist2_15', 't2_4_5', 'ang4_9_5', 'dist1_10', 'dist1_11', 'dist3_17', 'dist5_14', 'dist7_10', 'dist7_12', 'dist7_17', 't2_3_7', 't2_3_5', 't2_5_9', 't12_15_17', 'dist11_16']",random_forest,10.960024922114156,6.899591555103071,6.895938034763878,1019,20,pca
innsbruck_1,leni,False,"['dist2_16', 'dist7_12', 'dist7_17', 'dist2_13', 'dist5_9', 'ang2_1_4', 'ang1_2_4', 't2_5_9', 't2_5_10', 'ang6_10_4', 'ang2_4_5', 'dist1_2', 'dist11_17', 't6_7_17', 'dist2_11', 'dist2_15', 'dist5_10', 't5_9_10', 'dist2_7', 'dist5_12']",random_forest,29.140242163033054,21.27814822848035,9.433288831641095,1020,20,pca
innsbruck_1,leni,False,"['dist5_9', 'ang2_4_5', 'ang3_4_3', 't7_8_16', 't2_4_5', 't2_5_10', 'dist6_9', 'dist9_11', 'dist14_16', 'dist15_16', 'dist2_11', 'dist5_8', 'dist11_17', 'dist12_17', 'ang1_2_4', 'ang4_9_5', 't5_8_9', 'dist7_15', 'dist10_15', 'dist12_13']",random_forest,20.165297544578397,5.043154433586436,15.894115741177645,1021,20,pca
innsbruck_1,shorfy,False,"['dist2_11', 'dist5_14', 't3_4_5', 'dist1_3', 'dist1_4', 'dist1_8', 'dist2_4', 'dist2_8', 'dist3_10', 'dist4_8', 'dist4_10', 'dist4_12', 'dist7_12', 'dist12_13', 'dist12_17', 'ang1_2_5', 't4_5_8', 't2_4_8', 't13_14_17', 'dist1_9']",random_forest,22.253750845763875,14.56369601651056,7.693393773334919,1022,20,pca
innsbruck_1,shorfy,False,"['dist2_11', 'dist5_14', 'dist2_4', 'dist2_8', 'dist2_14', 'dist3_10', 'dist4_12', 'dist7_12', 'dist11_16', 'dist12_15', 'ang1_2_5', 't4_7_8', 't3_4_5', 't2_4_8', 't3_5_10', 't13_14_17', 't13_14_16', 'dist1_3', 'dist1_4', 'dist1_5']",random_forest,26.05689188722657,13.948827591433192,12.122656286294944,1023,20,pca
innsbruck_1,paulinchen,False,"['dist8_15', 'dist8_14', 'dist2_11', 'dist12_13', 'ang1_2_5', 'dist11_14', 'ang1_4_3', 't2_3_7', 't2_4_8', 'dist7_12', 't3_5_10', 'dist1_2', 'dist1_10', 'dist1_12', 'dist2_6', 'dist2_12', 'dist3_12', 'dist11_13', 'dist14_17', 'dist15_17']",random_forest,17.161545196797412,12.812420467037132,4.888760785606175,1024,20,pca
innsbruck_1,paulinchen,False,"['dist11_14', 't4_5_8', 't3_4_5', 'dist5_9', 'dist5_14', 'dist2_11', 'dist3_5', 'dist3_7', 'dist3_8', 'dist3_10', 'dist3_15', 'dist5_16', 'dist8_9', 'dist8_14', 'dist14_15', 'dist14_16', 'dist15_16', 'ang2_3_4', 'ang1_4_3', 't2_3_7']",random_forest,18.139199695286205,7.762972642840574,10.780962586991294,1025,20,pca
innsbruck_1,mette,False,"['dist1_4', 'dist1_16', 'dist2_8', 'dist5_14', 't1_3_5', 't2_4_8', 't3_5_10', 'dist2_9', 'dist2_11', 'dist3_7', 'dist3_10', 'dist4_10', 'dist6_7', 'dist11_14', 'dist13_16', 'dist16_17', 't4_5_8', 't3_4_5', 't2_5_10', 't13_14_17']",random_forest,17.02711716589524,11.44339873421172,5.596002823627868,1026,20,pca
innsbruck_1,mette,False,"['dist2_11', 'dist5_14', 't3_4_5', 'dist1_4', 'dist1_16', 'dist2_4', 'dist2_9', 'dist3_10', 'dist4_10', 'dist4_12', 'dist6_9', 'dist7_15', 'dist11_16', 'dist12_15', 'dist14_16', 't4_7_8', 't4_5_8', 't2_4_8', 't13_14_17', 't13_14_16']",random_forest,12.035585172580282,7.397214646623242,4.640343717838921,1027,20,pca
innsbruck_1,zewe,False,"['dist1_4', 'dist5_14', 'dist7_12', 't2_5_10', 't3_5_10', 'dist1_3', 'dist1_8', 'dist2_4', 'dist2_8', 'dist3_10', 'dist4_8', 'dist4_10', 'dist4_12', 'dist11_16', 'dist12_15', 't8_9_17', 't1_3_5', 't3_4_5', 't2_4_8', 't13_14_17']",random_forest,16.020146678065636,9.872264199628551,6.147959756656901,1028,20,pca
innsbruck_1,zewe,False,"['dist2_11', 't2_4_8', 'dist1_8', 'dist1_16', 'dist2_4', 'dist2_8', 'dist2_14', 'dist3_10', 'dist4_10', 'dist4_12', 'dist5_14', 'dist7_10', 'dist7_13', 'dist12_15', 'dist13_16', 't4_7_8', 't8_9_17', 't3_4_5', 't3_5_10', 't13_14_17']",random_forest,14.207862810464382,8.800180254856285,5.509838271157216,1029,20,pca
innsbruck_1,vladimir,False,"['dist2_11', 'dist7_12', 'dist2_12', 'dist7_11', 'dist14_16', 'dist2_15', 'dist5_12', 'dist12_13', 'dist15_16', 'ang1_2_5', 'dist3_8', 'dist9_15', 'dist3_14', 'dist3_15', 'dist4_11', 'dist4_13', 'dist5_15', 'dist11_13', 'ang2_4_5', 'ang1_2_4']",random_forest,26.530421477574297,17.01282840457361,10.64169137391058,1030,20,pca
innsbruck_1,vladimir,False,"['dist6_9', 'dist4_9', 'dist5_9', 'dist9_14', 't5_8_9', 'ang4_9_5', 'dist4_8', 'dist5_17', 'dist8_10', 'dist14_16', 't1_2_7', 'dist9_10', 'dist1_13', 'dist2_15', 'dist3_7', 'dist9_11', 'dist9_15', 'dist14_17', 'ang6_9_10', 't2_5_9']",random_forest,26.6896513937877,14.220225651663487,14.282100680872164,1031,20,pca
shorfy,zewe,False,"['ang1_4_3', 'ang3_4_3', 'ang1_2_4', 'ang1_3_4', 'ang3_4_5', 'dist11_17', 'dist8_15', 'dist4_7', 'ang2_4_5', 'ang4_3_5', 'dist6_17', 'ang2_3_4', 'ang5_3_4', 'ang6_4_10', 't1_2_7', 'ang4_2_4', 'dist5_9', 't4_7_8', 'dist2_8', 'dist8_17']",random_forest,27.81270286275126,12.845314878234324,15.4609676532269,1032,20,pca
shorfy,zewe,False,"['ang1_2_5', 'dist5_10', 'dist4_9', 'dist5_6', 'dist5_8', 'ang3_4_3', 'ang4_9_5', 'dist16_17', 'dist10_16', 't6_10_11', 'dist1_2', 'ang4_3_5', 'dist4_8', 'dist3_4', 'dist4_10', 'dist5_9', 'ang2_4_5', 'ang1_2_4', 'dist2_4', 'ang5_3_4']",random_forest,27.896272363544494,16.932069305939137,19.004140872964538,1033,20,pca
shorfy,vladimir,False,"['dist1_8', 't2_5_10', 'dist1_4', 'dist1_5', 'dist1_16', 'dist5_14', 'dist12_15', 'dist13_14', 'dist13_16', 't2_4_5', 'dist1_10', 'dist2_3', 'dist2_4', 'dist2_8', 'dist2_9', 'dist2_16', 'dist7_12', 'dist7_13', 'dist8_14', 'dist13_17']",random_forest,8.25979880534855,4.9046500368018755,3.5683322067164664,1034,20,pca
shorfy,vladimir,False,"['dist1_8', 'dist5_14', 't2_4_8', 'dist1_4', 'dist2_3', 'dist2_8', 'dist2_9', 'dist2_11', 'dist3_10', 'dist4_10', 'dist7_13', 'dist12_15', 'dist12_17', 'ang6_10_4', 't1_2_7', 't2_3_7', 't3_7_16', 't4_5_8', 't1_3_5', 't13_14_17']",random_forest,14.84636649416794,9.610293888777422,5.247365821235468,1035,20,pca
paulinchen,sam,False,"['ang1_3_5', 'dist3_7', 'dist8_14', 'dist1_8', 'dist11_14', 'dist12_13', 't2_3_7', 'ang2_3_4', 'dist2_11', 'dist3_16', 'ang1_3_4', 'dist5_14', 'dist8_9', 'dist3_12', 'ang1_4_3', 'dist1_17', 'dist3_9', 'dist3_17', 'dist13_16', 'dist14_15']",random_forest,37.329125544652555,19.42878636428899,18.302717525267457,1036,20,pca
paulinchen,sam,False,"['dist8_15', 'dist8_9', 'dist2_12', 'dist2_11', 'dist1_8', 't3_5_10', 'dist3_12', 'dist7_12', 'dist10_15', 'dist15_17', 'dist8_10', 'dist1_17', 'dist6_17', 'dist1_12', 'dist3_15', 'dist3_17', 'dist6_11', 'dist11_14', 't12_15_17', 'dist12_14']",random_forest,3.1395089378367906,1.19617388725043,2.025321361691135,1037,20,pca
paulinchen,rosie,False,"['dist1_4', 'dist1_16', 'dist2_8', 't2_4_5', 'dist2_3', 'dist2_16', 'dist3_5', 'dist4_8', 'dist8_12', 'ang3_4_3', 't3_4_5', 't2_4_8', 'dist1_8', 'dist2_7', 'dist2_9', 'dist4_9', 'dist4_12', 'dist7_13', 'dist12_15', 'dist12_16']",random_forest,13.363981025749545,2.6789807722974195,10.685640285515275,1038,20,pca
paulinchen,rosie,False,"['dist1_16', 'dist1_3', 'dist2_13', 'dist1_4', 'ang1_3_5', 'ang2_4_5', 'dist8_14', 't2_4_7', 'dist1_9', 'dist2_9', 't4_5_8', 't1_3_5', 't13_14_17', 'dist2_4', 't2_4_8', 'dist4_16', 'dist6_11', 'dist4_9', 'dist10_16', 'dist14_15']",random_forest,11.201925901045328,1.4318142591207381,9.774974956146243,1039,20,pca
paulinchen,shorfy,False,"['t3_4_5', 'dist3_5', 'ang1_2_5', 'ang2_7_5', 'ang1_3_5', 't2_4_5', 'dist1_4', 't2_3_5', 'ang3_2_5', 't4_5_8', 't3_5_10', 'ang4_9_5', 'dist1_8', 'dist5_13', 'ang3_1_5', 't2_4_8', 'dist1_15', 'dist6_15', 'dist4_10', 'dist9_11']",random_forest,34.19236823338675,21.516774833512837,17.48026454633095,1040,20,pca
paulinchen,shorfy,False,"['dist5_14', 't7_8_16', 't12_15_17', 'dist6_17', 'dist7_12', 't3_4_5', 'dist1_3', 'dist1_8', 'dist2_4', 'dist2_5', 'dist2_11', 'dist2_12', 'dist4_12', 'dist5_6', 'dist5_13', 'dist5_16', 'dist6_11', 'dist9_11', 'dist13_17', 't4_5_8']",random_forest,5.8684285694793195,0.5318818116576507,6.344055333100659,1041,20,pca
paulinchen,zewe,False,"['t2_4_5', 't2_4_8', 'dist2_8', 'ang5_3_4', 'ang2_7_5', 'ang4_3_5', 'ang3_4_3', 'dist4_9', 'dist1_8', 'dist5_16', 't3_4_5', 't2_3_5', 'dist1_10', 'ang3_4_5', 't4_5_8', 't4_6_10', 'ang6_9_10', 'dist12_13', 'ang3_2_4', 'ang4_9_5']",random_forest,36.531999456661985,20.89948833841132,17.464405387476095,1042,20,pca
paulinchen,zewe,False,"['t2_4_5', 't1_2_7', 'dist4_9', 'dist1_8', 'ang2_7_5', 'dist4_10', 'dist1_17', 'dist5_8', 'dist10_15', 'ang1_4_5', 'ang3_1_4', 'dist1_4', 'dist1_7', 'dist1_16', 'dist2_4', 'dist2_8', 'dist2_9', 'dist3_9', 'dist9_15', 'dist10_16']",random_forest,28.61995086062087,17.241902286769722,13.889973384634626,1043,20,pca
paulinchen,vladimir,False,"['dist3_16', 'dist3_8', 'dist8_14', 'dist4_9', 'dist2_3', 'dist3_17', 'dist4_13', 't3_4_5', 't4_5_8', 'dist4_7', 'dist4_8', 'dist5_14', 'dist10_11', 'dist13_17', 'ang6_4_10', 't3_5_10', 'dist9_14', 'dist1_4', 'dist5_6', 't2_3_7']",random_forest,6.215881651944727,3.7886945070148412,2.825547342424017,1044,20,pca
paulinchen,vladimir,False,"['t1_2_7', 'dist5_15', 'dist5_14', 't4_5_8', 'dist4_7', 'ang7_6_10', 't3_4_5', 't2_4_7', 'dist3_13', 'dist3_14', 't2_4_5', 'ang2_1_4', 'dist8_14', 'dist4_9', 'ang6_4_10', 't3_5_10', 'dist3_5', 'dist5_6', 'dist5_8', 'ang3_2_5']",random_forest,14.116896303064198,8.222409804545189,5.904648689202955,1045,20,pca
mette,sam,False,"['dist8_9', 'dist7_10', 'dist3_7', 'dist3_10', 'dist8_10', 'ang1_3_5', 'ang1_4_3', 't2_3_7', 't3_7_16', 'dist5_14', 't3_6_10', 'dist1_13', 'dist4_10', 'dist2_11', 'dist6_13', 'dist10_14', 'ang1_2_5', 'ang3_1_4', 'ang1_3_4', 'ang6_10_4']",random_forest,31.219063775923473,19.684584710608657,11.540312915624884,1046,20,pca
mette,sam,False,"['ang4_9_5', 't3_7_16', 't3_5_10', 'dist3_8', 'dist3_10', 'dist3_17', 'dist4_10', 'dist7_10', 'dist10_14', 't3_6_10', 'dist11_14', 't2_5_10', 'dist9_14', 'dist2_11', 'dist3_7', 'dist3_16', 'dist5_14', 'dist7_9', 'dist9_10', 'dist12_13']",random_forest,11.741465789197514,8.97512616527423,4.267617859272561,1047,20,pca
mette,rosie,False,"['dist14_16', 'dist13_14', 'dist2_3', 'dist5_9', 'dist10_15', 'dist2_9', 'dist2_14', 'dist4_9', 'dist4_16', 'dist4_17', 'dist7_13', 'dist1_4', 'dist1_5', 'dist2_13', 'dist5_12', 'dist5_17', 't5_8_9', 't2_4_5', 't13_14_16', 'dist3_8']",random_forest,4.174155501081528,1.5677227608061823,5.695567772328645,1048,20,pca
mette,rosie,False,"['dist7_10', 'dist4_9', 'ang2_4_5', 'dist8_10', 'dist6_12', 'ang1_3_4', 't6_7_9', 'dist10_17', 'dist6_10', 'dist1_15', 'dist4_8', 'dist9_11', 'ang3_4_3', 't2_4_5', 't3_4_5', 'dist6_14', 'dist6_17', 'dist7_9', 'dist11_13', 'ang1_4_3']",random_forest,23.94210241495373,12.911939604725958,20.19553900737533,1049,20,pca
mette,otella,False,"['t7_8_16', 'dist2_6', 'dist5_14', 'ang2_7_5', 'dist7_16', 't3_4_5', 'dist3_8', 'dist2_14', 'dist3_17', 'ang1_2_5', 'dist2_4', 'dist3_16', 'dist7_8', 'dist9_13', 'dist13_17', 't12_15_17', 't3_7_16', 'dist3_14', 'ang1_4_3', 'ang4_9_5']",random_forest,21.128473912512113,17.813186996502598,5.510753568911191,1050,20,pca
mette,otella,False,"['dist3_14', 'dist2_8', 'dist2_14', 'dist2_16', 'ang1_3_4', 'dist4_8', 'ang2_3_4', 'dist3_16', 'dist1_8', 'dist14_16', 'dist3_7', 'dist1_2', 'ang3_2_5', 'dist2_4', 'dist1_12', 'dist4_13', 'ang2_7_5', 'dist1_7', 'dist4_6', 't2_3_5']",random_forest,20.24253644034162,16.768200693704784,4.919758440051665,1051,20,pca
mette,nuernberg_2,False,"['dist2_11', 'dist3_7', 'dist3_12', 'dist3_15', 'dist11_13', 'dist12_13', 't3_7_16', 't7_8_17', 't13_14_15', 'dist3_6', 'dist14_15', 'dist2_9', 'dist2_12', 'dist3_11', 'dist6_10', 'dist6_17', 'dist7_8', 'dist7_10', 'dist7_16', 'dist7_17']",random_forest,8.226942136940103,6.7414778434154945,1.4868257002636884,1052,20,pca
mette,nuernberg_2,False,"['dist2_11', 'dist3_7', 'dist6_8', 'dist6_17', 't7_8_16', 'dist2_12', 'dist3_6', 'dist6_9', 'dist7_12', 'dist11_14', 'dist12_13', 'dist3_15', 'dist5_14', 'dist6_14', 'dist9_12', 'dist11_16', 'dist12_14', 'dist12_16', 'dist12_17', 'ang7_6_10']",random_forest,6.918503511246536,3.3408399215760722,4.225983634549518,1053,20,pca
mette,nokia,False,"['dist5_14', 'dist2_11', 'dist7_10', 'dist3_10', 'ang1_2_5', 't3_7_16', 't13_14_15', 'dist1_2', 'dist2_12', 'dist5_6', 'dist7_8', 'dist7_15', 'dist12_13', 'dist12_15', 'dist13_16', 'dist13_17', 't6_7_9', 't8_9_17', 't3_5_7', 'dist1_3']",random_forest,17.28672757736447,8.205584385710935,9.656542290415143,1054,20,pca
mette,nokia,False,"['dist5_14', 'dist2_11', 'dist7_10', 'dist7_12', 'dist11_14', 'dist15_17', 'dist1_2', 'dist1_4', 'dist2_12', 'dist3_10', 'dist4_12', 'dist6_11', 'dist7_15', 'dist8_10', 'dist9_12', 'dist9_15', 'dist10_14', 'dist10_17', 'dist11_17', 't3_6_10']",random_forest,5.560053729425982,6.051878227018054,1.1969755712136034,1055,20,pca
mette,noel,False,"['dist4_10', 'dist12_13', 'dist3_7', 'dist3_10', 'dist5_14', 'dist5_15', 'ang1_3_5', 't3_7_16', 't7_8_16', 'dist2_9', 'dist2_11', 'dist3_6', 'dist3_17', 'dist4_12', 'dist6_8', 'dist6_17', 'dist7_10', 'dist7_15', 'dist11_16', 'ang1_4_3']",random_forest,21.964106026755164,10.863266979339475,11.13217835094322,1056,20,pca
mette,noel,False,"['dist2_11', 'dist5_14', 'dist3_10', 't2_3_7', 't3_5_10', 'dist1_4', 'dist2_15', 'dist3_6', 'dist3_7', 'dist3_15', 'dist4_10', 'dist4_11', 'dist4_12', 'dist11_16', 'dist12_13', 'dist12_16', 'ang1_2_5', 'ang1_3_5', 't4_7_8', 't4_5_8']",random_forest,20.419725480222333,14.525748876607025,7.3694756418242635,1057,20,pca
mette,nuernberg_1,False,"['dist7_13', 't3_5_10', 'dist4_10', 'dist4_9', 't2_3_7', 'dist2_11', 'dist3_10', 'dist10_14', 't3_6_10', 'dist5_14', 'dist12_13', 'dist2_9', 'dist3_7', 'dist3_8', 'dist3_9', 'dist4_8', 'dist4_16', 'dist9_10', 'dist10_17', 'dist11_14']",random_forest,6.64340197238957,5.780844947003091,1.8289942330978468,1058,20,pca
mette,nuernberg_1,False,"['dist5_14', 'dist2_11', 'dist3_10', 'dist7_13', 'ang2_7_5', 't4_5_8', 't3_4_5', 't2_4_7', 'dist2_9', 'dist3_14', 'dist4_9', 'dist4_10', 'dist9_10', 'dist10_17', 'dist12_13', 'dist13_16', 't2_3_7', 't3_7_16', 't3_4_16', 't3_5_7']",random_forest,21.30465075829997,18.05885764000732,3.24881037985066,1059,20,pca
mette,shorfy,False,"['dist3_5', 't3_4_5', 'dist6_10', 't3_6_10', 'dist2_16', 'ang1_3_4', 'ang4_9_5', 'ang3_2_5', 't2_4_5', 'dist10_15', 'dist4_5', 'dist3_7', 'ang2_3_4', 'dist2_8', 'dist5_14', 'dist5_16', 'dist6_15', 't6_9_17', 't4_6_10', 'dist6_8']",random_forest,18.516838191569132,19.61180298725427,5.521287600395888,1060,20,pca
mette,shorfy,False,"['dist2_13', 'dist2_16', 'ang1_2_5', 'dist2_4', 'ang4_2_5', 't6_9_17', 't2_3_5', 't3_5_10', 't2_4_8', 'dist2_14', 'dist9_16', 'dist5_7', 'dist2_5', 'dist8_17', 'ang5_3_4', 'ang2_7_5', 't5_8_9', 'dist7_8', 'dist7_17', 'dist8_9']",random_forest,10.769307797353703,9.638651102166703,5.425529015398658,1061,20,pca
mette,paulinchen,False,"['dist1_8', 'dist1_4', 'dist1_3', 'dist1_16', 't3_7_16', 'dist3_6', 'dist3_17', 'dist6_17', 't1_3_5', 't2_5_10', 't2_4_8', 'dist1_2', 'dist1_10', 'dist2_3', 'dist2_4', 'dist3_8', 'dist3_9', 'dist3_10', 'dist7_13', 'dist13_17']",random_forest,5.450508135235956,3.4667236183991434,2.3048818176960295,1062,20,pca
mette,paulinchen,False,"['dist6_9', 'dist3_6', 'dist6_17', 'dist2_6', 'dist2_7', 'dist6_14', 't7_8_9', 't3_6_10', 'dist5_6', 'dist1_8', 'dist1_9', 'dist1_16', 'dist3_9', 'dist4_6', 'dist5_9', 'dist7_8', 'dist14_17', 'dist16_17', 't7_8_16', 't6_9_17']",random_forest,5.016751703883993,5.045987827997237,0.8947493910435034,1063,20,pca
mette,zewe,False,"['dist11_15', 't2_4_5', 't4_5_8', 'ang1_3_4', 'ang2_7_5', 't2_5_9', 'ang1_4_3', 'ang6_4_10', 't3_6_10', 'ang2_4_3', 'ang3_2_5', 'dist7_10', 'dist3_12', 'dist6_10', 'dist4_13', 'dist5_7', 'dist5_9', 'dist7_8', 'dist12_13', 'ang3_4_5']",random_forest,23.155577063860587,19.548432465315507,5.259847224746119,1064,20,pca
mette,zewe,False,"['dist4_8', 'ang3_4_3', 'ang1_4_3', 't3_7_16', 'dist4_9', 'dist14_15', 't2_4_5', 'dist3_7', 'dist2_4', 't7_8_9', 'dist4_17', 'dist1_6', 'dist6_8', 'dist9_14', 'dist3_17', 'dist11_12', 't3_4_5', 'dist1_15', 'dist13_14', 'dist4_10']",random_forest,14.385772174652784,7.652524752055974,9.005095117773962,1065,20,pca
mette,vladimir,False,"['dist6_17', 'dist1_8', 'dist2_8', 'dist3_10', 'dist6_8', 'dist7_13', 't3_7_16', 'dist1_4', 'dist1_16', 'dist2_3', 'dist2_9', 'dist3_6', 'dist4_8', 'dist4_9', 'dist5_6', 'dist6_13', 'dist7_10', 'dist8_16', 'dist10_15', 'ang2_3_4']",random_forest,12.928370767314405,12.235675318817659,0.9703600682390013,1066,20,pca
mette,vladimir,False,"['dist1_8', 'dist4_9', 'dist1_16', 'dist2_8', 'dist4_8', 'dist7_9', 't3_5_10', 'dist2_9', 'dist3_6', 'dist7_13', 'dist2_3', 'dist3_16', 'dist4_13', 'dist5_6', 'dist5_14', 'dist6_9', 'dist11_15', 'dist13_17', 'dist3_4', 'dist4_6']",random_forest,4.969787993629377,3.011847648504077,1.9874639918027948,1067,20,pca
gesa,sam,False,"['dist2_11', 'dist3_10', 'dist7_12', 'dist1_3', 'dist4_12', 'dist5_15', 'dist9_11', 'dist9_15', 'dist11_14', 'dist11_16', 'dist12_16', 'dist12_17', 't8_9_17', 't3_5_10', 't13_14_15', 't13_14_17', 't13_14_16', 'dist1_4', 'dist1_5', 'dist1_8']",random_forest,15.575916020904868,15.145367240873249,0.4371140164164653,1068,20,pca
gesa,sam,False,"['dist2_11', 'dist3_10', 'dist11_17', 'dist1_4', 'dist4_8', 'dist4_10', 'dist4_12', 'dist5_15', 'dist7_12', 'dist7_13', 'dist8_9', 'dist8_10', 'dist12_16', 't2_3_7', 't3_7_16', 't4_7_8', 't8_9_17', 't13_14_17', 'dist1_8', 'dist1_11']",random_forest,5.563632626808842,5.534379287939753,0.06602919445469575,1069,20,pca
gesa,rosie,False,"['ang1_3_5', 'dist5_14', 'dist7_10', 'dist8_10', 'dist12_13', 'dist1_6', 'dist7_15', 'dist9_10', 'dist15_16', 'dist15_17', 'dist7_12', 'dist11_17', 'ang7_6_10', 't6_7_9', 't5_9_10', 't12_15_17', 't1_6_7', 'ang1_4_5', 't3_5_10', 'dist8_15']",random_forest,19.620180174469304,12.018464369367468,11.732515076719112,1070,20,pca
gesa,rosie,False,"['dist7_10', 'dist7_9', 'dist7_15', 'dist9_10', 't3_4_16', 't7_8_9', 'dist7_13', 'dist7_17', 'dist1_6', 'ang7_6_10', 'dist7_12', 't3_4_5', 'dist3_16', 't2_4_8', 'dist2_11', 'dist7_16', 'dist9_11', 'dist12_17', 'ang6_9_10', 't12_15_17']",random_forest,18.957160959994987,12.471523884377598,7.220613908381794,1071,20,pca
gesa,otella,False,"['dist2_11', 'dist7_10', 'dist1_3', 't3_7_16', 'dist3_12', 'dist9_10', 'dist11_13', 'dist12_13', 't3_4_7', 't4_7_8', 'dist2_12', 'dist3_6', 'dist3_15', 'dist4_9', 'dist7_8', 'dist7_13', 'dist8_10', 'dist11_16', 'dist12_16', 'dist13_17']",random_forest,2.7724739968383156,4.377378720850755,1.6413329987713547,1072,20,pca
gesa,otella,False,"['dist4_10', 'dist1_6', 'ang6_4_10', 'ang7_6_10', 't4_7_8', 'dist9_16', 't5_9_10', 'dist1_11', 'ang2_7_5', 'dist1_10', 'dist2_11', 'dist2_13', 'dist5_15', 'dist9_14', 't6_9_10', 'dist5_10', 'dist4_12', 'dist5_8', 'dist8_16', 'dist12_13']",random_forest,20.730249961308303,15.63031417388803,5.3804408828375365,1073,20,pca
gesa,japet,False,"['dist2_11', 'dist5_14', 'dist3_10', 't2_4_8', 'dist2_4', 'dist2_8', 'dist3_7', 'dist3_15', 'dist4_12', 'dist7_12', 'dist11_16', 'dist12_13', 'dist12_17', 't4_7_8', 't6_7_9', 't3_4_5', 't13_14_17', 't12_15_17', 'dist1_3', 'dist1_4']",random_forest,14.911738771245709,6.787601787877079,8.302598206082578,1074,20,pca
gesa,japet,False,"['dist2_11', 't2_4_8', 'dist3_10', 't3_4_5', 'dist1_8', 'dist4_12', 'dist6_17', 'dist7_12', 'dist11_16', 'dist14_16', 't3_7_16', 't4_7_8', 't7_8_16', 't6_7_9', 't8_9_17', 't1_3_5', 't3_5_10', 't13_14_17', 't13_14_16', 'dist1_3']",random_forest,14.925005511567514,7.015164956057807,7.913677588558954,1075,20,pca
gesa,nuernberg_2,False,"['dist1_8', 'dist2_11', 'dist3_10', 'dist6_8', 'dist6_17', 'dist4_12', 'dist7_12', 'dist7_13', 'dist7_15', 'dist9_16', 'dist11_14', 'dist11_16', 'dist11_17', 'dist12_13', 'dist12_14', 'dist12_16', 'dist12_17', 't3_7_16', 't7_8_16', 't6_7_9']",random_forest,4.385280424185188,4.2080206579578325,0.403716328266997,1076,20,pca
gesa,nuernberg_2,False,"['dist2_11', 'dist12_13', 'dist3_10', 'dist5_15', 't3_5_10', 'dist1_8', 'dist3_7', 'dist3_15', 'dist4_11', 'dist4_12', 'dist7_15', 'dist9_11', 'dist9_15', 'dist11_14', 'dist11_16', 'dist11_17', 'dist12_14', 'dist12_16', 'dist14_17', 't3_7_16']",random_forest,5.663730007611344,5.461358617378845,0.22499652097877168,1077,20,pca
gesa,nokia,False,"['dist2_11', 'dist3_10', 'dist5_14', 'dist12_17', 't3_7_16', 'dist1_8', 'dist3_5', 'dist3_6', 'dist4_10', 'dist4_12', 'dist5_15', 'dist7_12', 'dist9_15', 'dist10_15', 'dist11_17', 'dist12_13', 'dist12_16', 't3_4_16', 't7_8_16', 't2_4_8']",random_forest,4.728778832087048,3.8774795556258326,0.8560153724274353,1078,20,pca
gesa,nokia,False,"['dist2_11', 'dist5_14', 't3_7_16', 'dist1_8', 'dist3_10', 'dist3_15', 'dist4_12', 'dist7_10', 'dist7_12', 'dist7_13', 'dist9_15', 'dist10_15', 'dist11_17', 'dist12_17', 't2_3_7', 't4_7_8', 't7_8_16', 't8_9_17', 't3_4_5', 't13_14_17']",random_forest,7.286466049480213,5.402485788107038,2.333204178098034,1079,20,pca
gesa,noel,False,"['dist2_11', 'dist1_4', 'dist5_15', 'dist3_7', 'dist3_10', 'dist3_15', 'dist4_10', 'dist4_12', 'dist7_12', 'dist9_15', 'dist10_15', 'dist12_13', 'dist12_16', 'ang2_7_5', 't3_7_16', 't4_7_8', 't2_4_8', 't13_14_17', 't12_15_17', 'dist1_3']",random_forest,29.085442948564808,10.007966603938137,20.755082369223402,1080,20,pca
gesa,noel,False,"['dist1_8', 'dist2_11', 'dist1_4', 't2_4_8', 'dist3_10', 'dist4_12', 'dist7_12', 'dist9_15', 'dist10_11', 'dist10_15', 'dist12_15', 'dist12_16', 't3_7_16', 't13_14_17', 'dist1_3', 'dist1_12', 'dist1_16', 'dist2_3', 'dist2_4', 'dist2_9']",random_forest,8.710845624058967,6.038048951039514,2.8208309301496675,1081,20,pca
gesa,matysek,False,"['dist1_8', 'dist2_11', 'dist1_4', 'dist6_8', 'dist7_12', 'dist7_15', 'dist1_3', 'dist1_16', 'dist2_8', 'dist3_10', 'dist4_12', 'dist6_17', 'dist8_9', 'dist9_16', 'dist11_14', 'dist11_16', 'dist11_17', 'dist12_13', 'dist12_17', 'ang3_4_3']",random_forest,8.129428068426256,3.7118346977529866,5.691829044620282,1082,20,pca
gesa,matysek,False,"['dist2_11', 'dist1_8', 'dist3_10', 'dist8_9', 'dist11_14', 'dist11_17', 'dist12_13', 'dist1_3', 'dist2_12', 'dist4_9', 'dist4_12', 'dist5_8', 'dist5_14', 'dist7_12', 'dist7_15', 'dist8_10', 'dist9_11', 'dist9_16', 'dist11_16', 'dist14_16']",random_forest,2.885783108048886,3.3400725541604803,0.49553646294449105,1083,20,pca
gesa,lucka,False,"['dist5_8', 'dist10_16', 'dist10_17', 'dist4_10', 'dist5_16', 'dist9_10', 'ang6_10_4', 'dist7_10', 'dist8_10', 'dist10_15', 'dist14_16', 'ang3_1_4', 'ang2_4_5', 'dist5_17', 'dist3_4', 'dist5_10', 't7_8_16', 't2_4_5', 'dist9_16', 'dist5_7']",random_forest,13.853413897033002,5.991852776762843,8.220620327536425,1084,20,pca
gesa,lucka,False,"['dist9_10', 'dist10_17', 'dist3_14', 'ang6_10_4', 'dist5_16', 'dist14_16', 't3_4_5', 'dist3_5', 'dist7_10', 'ang3_4_3', 'ang3_1_4', 'ang2_4_5', 'dist5_9', 'dist5_14', 'dist6_9', 'dist10_16', 't2_5_6', 't13_14_16', 'dist5_15', 'dist10_15']",random_forest,13.58586379393509,7.732251713978955,6.361932753359854,1085,20,pca
gesa,nuernberg_1,False,"['dist2_11', 'dist1_4', 'dist5_14', 't2_4_8', 't13_14_16', 'dist1_8', 'dist1_15', 'dist2_4', 'dist2_9', 'dist3_10', 'dist4_11', 'dist4_12', 'dist5_15', 'dist9_10', 'dist11_16', 'dist12_13', 'ang6_10_4', 't3_7_16', 't4_7_8', 't3_4_16']",random_forest,13.242371665680835,6.48529726334642,8.03220861561797,1086,20,pca
gesa,nuernberg_1,False,"['dist2_11', 'dist3_10', 'dist5_15', 't2_4_8', 'dist1_4', 'dist6_11', 'dist7_12', 'dist7_13', 'dist11_14', 'dist11_16', 'dist12_17', 'ang4_3_5', 'ang6_10_4', 't2_3_7', 't3_7_16', 't4_7_8', 't3_4_16', 't13_14_17', 't13_14_16', 'dist1_12']",random_forest,15.151970149232524,6.700253744095678,8.471608265086129,1087,20,pca
gesa,leni,False,"['dist1_8', 'dist2_11', 'dist1_4', 'dist5_14', 't2_4_8', 'dist3_10', 'dist4_12', 'dist6_17', 'dist7_12', 'dist9_15', 'dist11_17', 'dist12_15', 'dist12_16', 'ang3_4_3', 't3_7_16', 't6_7_9', 't3_4_5', 't13_14_17', 'dist1_3', 'dist1_12']",random_forest,14.135355351691034,6.583771821175548,7.551653752207569,1088,20,pca
gesa,leni,False,"['dist1_8', 'dist2_11', 'dist1_4', 'dist3_10', 't3_7_16', 't3_4_5', 'dist2_4', 'dist4_12', 'dist6_17', 'dist7_12', 'dist9_15', 'dist11_16', 'dist11_17', 'dist12_15', 'dist12_17', 'ang3_4_3', 't3_4_16', 't7_8_16', 't6_7_9', 't2_4_5']",random_forest,9.713154796530647,4.601703901129867,5.111844684553063,1089,20,pca
gesa,innsbruck_1,False,"['dist2_11', 't2_4_8', 'dist1_4', 'dist2_4', 'dist3_7', 'dist3_10', 'dist4_12', 'dist7_12', 'dist11_14', 'dist11_16', 'dist14_16', 'ang6_10_4', 't4_7_8', 't4_5_8', 't8_9_17', 't3_4_5', 't2_4_7', 't13_14_17', 't13_14_16', 'dist1_3']",random_forest,17.07100054838684,5.868735284726032,11.471332839480802,1090,20,pca
gesa,innsbruck_1,False,"['dist1_8', 'dist2_11', 'dist7_12', 't2_4_8', 'dist2_4', 'dist2_8', 'dist3_10', 'dist4_12', 'dist11_14', 'dist11_16', 'dist12_15', 'dist12_17', 'ang6_10_4', 't2_4_7', 't3_5_10', 't13_14_17', 'dist1_3', 'dist1_4', 'dist1_5', 'dist1_12']",random_forest,18.272881559690955,7.849868835014103,10.689303668130716,1091,20,pca
gesa,shorfy,False,"['dist2_13', 'ang1_3_5', 'ang1_2_5', 'dist1_8', 'dist1_9', 'dist6_12', 'ang1_2_4', 'ang3_1_4', 'ang6_9_10', 'ang1_3_4', 'dist1_11', 'dist1_16', 'dist5_10', 'dist8_10', 'dist13_15', 'ang2_1_5', 'ang4_9_5', 'ang1_4_3', 'dist1_4', 'dist12_17']",random_forest,25.672174741638027,11.20045961439578,16.45660405310623,1092,20,pca
gesa,shorfy,False,"['ang4_9_5', 'ang3_1_4', 't4_5_8', 'dist1_6', 'ang6_9_10', 'dist7_17', 't4_7_8', 'dist1_13', 'dist9_15', 'dist11_13', 'ang1_2_5', 'ang2_4_3', 'dist7_10', 'ang5_1_4', 'ang1_3_4', 'dist3_5', 'dist7_8', 'dist9_10', 'ang2_1_5', 'dist12_13']",random_forest,16.927669063189185,6.771199098913204,10.588630807906013,1093,20,pca
gesa,paulinchen,False,"['t3_5_10', 'dist2_11', 't2_4_8', 'dist3_6', 'dist4_12', 'dist7_10', 'dist7_12', 'dist1_4', 'dist1_8', 'dist2_8', 'dist3_10', 'dist11_16', 'dist12_13', 'dist12_16', 't3_7_16', 't13_14_17', 'dist1_5', 'dist1_6', 'dist1_9', 'dist1_10']",random_forest,6.21285953421749,6.428360221882094,1.3522715280835989,1094,20,pca
gesa,paulinchen,False,"['dist1_8', 'ang3_1_4', 't3_5_10', 'dist1_4', 'dist1_16', 'dist2_8', 'dist6_17', 't2_4_5', 'dist1_3', 'dist1_13', 'dist2_3', 'dist2_4', 'dist4_11', 'dist4_12', 'dist5_12', 'dist6_9', 'dist7_12', 'dist9_12', 'dist10_16', 'dist12_15']",random_forest,6.384194334364637,5.437896033821657,1.6613640270438055,1095,20,pca
gesa,mette,False,"['dist1_4', 'dist1_16', 'ang1_3_5', 'dist1_8', 'dist11_12', 'dist5_14', 'ang3_1_4', 'dist13_14', 'dist1_5', 'dist1_9', 'dist2_3', 'dist2_13', 'dist2_14', 'dist2_16', 'dist5_9', 'dist7_11', 'dist8_12', 'dist9_15', 'dist11_16', 'ang1_3_4']",random_forest,16.26350026516598,3.00554098685251,13.474169635251023,1096,20,pca
gesa,mette,False,"['dist2_11', 'dist1_8', 'dist2_15', 'dist4_11', 'dist5_10', 'dist1_6', 'dist11_14', 'dist4_9', 'dist1_11', 'dist2_4', 'dist10_15', 'dist13_14', 'ang1_3_4', 't1_6_7', 't5_6_10', 'dist1_15', 'dist16_17', 'ang1_3_5', 'ang2_1_4', 't2_3_7']",random_forest,15.99099663360268,3.0066713692238634,14.70173178182777,1097,20,pca
gesa,zewe,False,"['dist1_3', 'dist1_13', 'dist8_12', 't7_8_16', 't13_14_15', 'dist1_8', 'dist1_16', 'dist11_13', 'dist11_14', 'ang1_4_3', 'dist2_8', 'dist3_15', 'dist5_15', 'dist6_13', 'dist7_13', 'dist11_12', 'dist11_16', 'dist12_13', 'dist12_14', 'dist12_16']",random_forest,10.212527240651406,14.22458876536327,10.103074790019324,1098,20,pca
gesa,zewe,False,"['dist1_11', 'dist5_15', 'dist6_11', 'ang2_1_5', 'dist5_8', 't7_8_16', 'dist11_13', 't1_6_7', 'dist3_12', 'ang2_7_5', 'dist12_13', 'dist13_17', 'dist3_8', 'dist4_10', 'dist5_16', 'dist11_15', 'ang1_2_5', 'dist5_12', 'dist7_13', 'ang3_4_3']",random_forest,18.846218187636822,11.92047866792237,8.840941643008266,1099,20,pca
gesa,vladimir,False,"['dist1_8', 'dist2_11', 'dist3_10', 'dist7_12', 't2_4_8', 'dist1_4', 'dist1_16', 'dist2_4', 'dist2_8', 'dist4_12', 'dist7_15', 'dist11_16', 'dist12_15', 'dist12_17', 'ang1_2_5', 't3_7_16', 't3_5_10', 't13_14_17', 'dist1_3', 'dist1_12']",random_forest,14.632492799746425,9.847829822455699,4.793418403694006,1100,20,pca
gesa,vladimir,False,"['dist2_11', 'dist1_8', 'dist3_10', 't3_7_16', 't2_4_8', 'dist1_15', 'dist2_4', 'dist2_8', 'dist3_6', 'dist4_8', 'dist4_12', 'dist5_14', 'dist7_10', 'dist7_13', 'dist11_16', 'dist12_13', 'ang6_10_4', 't4_7_8', 't7_8_17', 't8_9_17']",random_forest,9.775749961901626,6.2744816020627034,3.5437239778637784,1101,20,pca
frida,sam,False,"['ang1_3_5', 'dist5_6', 'ang1_4_3', 'ang1_3_4', 'dist6_9', 't2_5_6', 'dist1_13', 'dist6_15', 'ang2_3_4', 'dist6_17', 'dist6_8', 'ang3_2_5', 't5_9_10', 'dist5_7', 'dist7_13', 'dist2_13', 'ang4_2_4', 'dist7_16', 't1_2_7', 'dist3_7']",random_forest,27.19298429393647,14.378397357550494,13.291593220891174,1102,20,pca
frida,sam,False,"['dist6_8', 'dist5_6', 'dist6_17', 'dist9_10', 'dist1_8', 't1_6_7', 'dist6_10', 'dist1_6', 'dist2_17', 'dist3_6', 'dist3_17', 'dist6_9', 'dist10_15', 'dist12_17', 'ang2_3_4', 't2_5_6', 'dist7_16', 'dist7_10', 't6_7_9', 't7_8_17']",random_forest,13.91579799374458,6.693685009893054,7.233389043765605,1103,20,pca
frida,rosie,False,"['dist1_4', 't3_7_16', 'dist2_4', 'dist3_10', 'dist6_10', 'dist7_10', 'dist9_16', 'dist11_14', 't2_3_7', 't13_14_16', 'dist2_3', 'dist3_6', 'dist3_9', 'dist4_8', 'dist4_11', 'dist4_12', 'dist5_14', 'dist7_9', 't2_4_5', 't2_4_8']",random_forest,5.771880643612327,0.5637528337393568,5.208641883203254,1104,20,pca
frida,rosie,False,"['dist1_4', 't2_4_5', 't3_4_5', 't2_4_8', 'dist1_8', 'dist5_14', 'dist7_8', 't2_3_7', 't2_4_7', 'dist1_16', 'dist2_3', 'dist2_4', 'dist2_14', 'dist3_5', 'dist3_7', 'dist13_16', 't3_7_16', 't12_15_17', 't7_8_17', 'dist3_13']",random_forest,8.759620352325292,0.6324933752668236,8.12873587054432,1105,20,pca
frida,otella,False,"['t2_3_5', 'dist6_8', 't2_4_7', 'dist3_13', 't7_8_17', 'dist2_4', 'dist12_15', 'dist2_3', 'dist9_10', 't2_4_5', 'dist7_8', 't12_15_17', 'dist1_4', 'dist4_13', 'dist1_5', 'dist1_15', 'dist2_15', 'dist2_16', 'dist8_10', 'dist13_16']",random_forest,5.754610469337697,1.1205310223821279,5.802904395497297,1106,20,pca
frida,otella,False,"['t2_4_5', 'dist5_7', 'dist1_15', 'ang3_2_5', 't2_5_6', 'ang1_3_5', 'dist5_8', 'dist6_9', 'dist2_15', 'dist1_2', 'dist2_14', 'dist3_6', 'dist5_6', 'dist7_14', 'dist8_10', 'dist12_15', 't12_15_17', 'dist7_10', 'dist13_14', 't5_8_9']",random_forest,16.82900791022595,12.162488974839963,5.5521719926556115,1107,20,pca
frida,japet,False,"['dist8_12', 't3_4_5', 'dist3_10', 'dist5_12', 'dist8_16', 'dist12_13', 'dist12_17', 'dist2_11', 'dist3_5', 'dist3_8', 'dist3_15', 'dist4_11', 'dist4_12', 'dist5_14', 'dist5_15', 'dist7_12', 'dist9_15', 'dist10_15', 'dist10_16', 'dist11_14']",random_forest,5.15425093857389,1.0150697071472936,4.141005845993495,1108,20,pca
frida,japet,False,"['dist3_5', 't3_4_5', 'dist8_14', 't2_4_5', 't13_14_15', 'dist11_14', 'ang2_3_4', 'dist7_17', 'ang1_3_4', 'dist3_8', 'dist5_16', 'dist6_15', 'dist9_13', 'dist10_15', 'dist12_14', 'ang3_2_5', 'ang1_3_5', 'ang3_4_3', 'dist3_14', 'dist13_17']",random_forest,26.174681211999214,16.251948830584375,14.102001407996344,1109,20,pca
frida,nuernberg_2,False,"['t2_4_5', 'dist4_13', 'dist13_14', 't2_4_7', 'dist12_15', 'dist6_15', 'dist3_17', 't2_3_5', 'ang2_1_4', 't3_6_10', 'dist10_15', 'dist7_10', 'dist6_16', 'ang3_4_3', 'dist2_4', 'dist1_10', 'dist8_16', 't13_14_16', 'dist5_14', 'dist2_5']",random_forest,10.566519473492292,7.750292065640213,2.920679303675661,1110,20,pca
frida,nuernberg_2,False,"['dist3_8', 'dist3_13', 'dist3_17', 'dist7_16', 'dist1_16', 'dist4_14', 'ang4_3_5', 'dist13_14', 't7_8_17', 'dist1_4', 'dist1_8', 'dist3_9', 'dist4_13', 'dist7_8', 'dist13_16', 'ang5_3_4', 'dist7_13', 'ang1_3_4', 'ang2_4_3', 'dist5_15']",random_forest,12.143374772776083,8.808069144793166,3.6835669657480015,1111,20,pca
frida,nokia,False,"['dist5_14', 'dist3_17', 't2_3_7', 'dist2_7', 'dist1_2', 'dist2_17', 'ang1_2_5', 'dist7_13', 'dist3_5', 'ang1_2_4', 't7_8_9', 'dist1_16', 'dist1_8', 'dist1_13', 'dist3_16', 'dist5_13', 'dist10_15', 'dist13_16', 't1_3_5', 'dist4_14']",random_forest,13.024877110452161,2.5575411112779514,15.049338827144574,1112,20,pca
frida,nokia,False,"['dist1_2', 'dist5_14', 'dist3_5', 'ang1_2_5', 'dist12_13', 'dist7_13', 't4_6_10', 'ang1_3_5', 'dist3_15', 't1_2_7', 'dist1_4', 'dist1_13', 'dist2_3', 'dist3_16', 'dist5_6', 'dist6_11', 'dist13_17', 'dist3_8', 'dist6_12', 't3_4_5']",random_forest,12.315479675141543,4.78094338295773,8.523914873055004,1113,20,pca
frida,noel,False,"['dist12_13', 'dist11_14', 'dist1_3', 'dist2_4', 'dist3_8', 'dist3_16', 'ang1_3_5', 't2_4_5', 'dist8_14', 'dist3_7', 'dist2_11', 'dist3_10', 'dist3_11', 'dist4_9', 'dist4_10', 'dist4_11', 'dist6_9', 'dist7_13', 'dist11_16', 'dist14_15']",random_forest,12.432460132875475,5.341822651017658,7.102780719101478,1114,20,pca
frida,noel,False,"['t2_4_5', 'ang1_4_3', 'dist1_2', 'dist3_8', 'ang1_3_5', 'ang1_3_4', 'ang2_3_4', 'dist2_4', 'dist3_9', 'dist3_12', 'dist3_17', 'dist9_14', 'ang2_4_3', 'dist1_3', 'dist3_16', 'dist4_9', 'dist5_16', 'dist11_16', 'dist12_13', 'dist16_17']",random_forest,42.04207862792667,26.127837599569144,16.154395966990013,1115,20,pca
frida,matysek,False,"['dist8_15', 'dist5_7', 'dist8_16', 'dist1_6', 'dist12_15', 'dist5_8', 'dist1_13', 'dist14_16', 'dist2_8', 'dist1_8', 'dist1_5', 'dist1_16', 'dist6_17', 't13_14_16', 'dist7_10', 't5_8_9', 'ang4_9_5', 't1_6_7', 't3_5_7', 'dist11_12']",random_forest,2.3482917142736714,2.9009654971290937,3.0800903346667585,1116,20,pca
frida,matysek,False,"['dist5_8', 'dist11_12', 'dist1_6', 'ang2_7_5', 'dist5_17', 'dist7_14', 'dist12_15', 'dist8_16', 't2_4_7', 't3_4_7', 'dist5_7', 'dist1_5', 'dist9_15', 'dist13_14', 't5_9_10', 'dist1_8', 'dist1_15', 'dist5_12', 'dist2_6', 'dist8_10']",random_forest,16.505641466990518,4.371757201778208,12.235791159642678,1117,20,pca
frida,lucka,False,"['dist6_17', 'dist12_15', 't2_4_5', 't3_4_5', 't2_4_8', 'dist1_4', 'dist1_8', 'dist1_10', 'dist2_3', 'dist2_4', 'dist2_14', 'dist5_17', 'dist6_8', 'dist6_10', 'dist6_15', 'dist13_14', 'dist13_16', 't2_3_7', 't1_3_5', 't2_4_7']",random_forest,8.980212526456448,2.2265940715459696,7.3490732447124385,1118,20,pca
frida,lucka,False,"['dist6_17', 'dist1_8', 'dist1_15', 'dist13_14', 't2_4_5', 't3_4_5', 't12_15_17', 't1_3_5', 'dist1_4', 'dist2_3', 'dist2_4', 'dist2_14', 'dist5_6', 'dist5_7', 'dist5_16', 'dist6_9', 'dist7_12', 'dist7_14', 'dist10_11', 'dist10_15']",random_forest,9.284187718125995,0.7514146013173372,8.562654448593266,1119,20,pca
frida,nuernberg_1,False,"['dist8_14', 'ang4_9_5', 'dist4_8', 'ang3_2_5', 'dist3_8', 'dist3_9', 'dist4_9', 'dist6_8', 't2_4_8', 'dist7_8', 'dist9_14', 'dist2_3', 'dist3_17', 'dist5_7', 'dist7_13', 'dist8_16', 't7_8_9', 'dist7_17', 'dist6_17', 't2_4_5']",random_forest,18.12466199113722,9.40590692835477,8.88742141335917,1120,20,pca
frida,nuernberg_1,False,"['dist7_8', 'dist7_10', 'dist3_16', 'dist3_17', 'dist4_9', 'dist5_6', 'ang6_10_4', 'ang6_4_10', 'ang2_3_4', 'dist2_14', 'dist3_8', 'dist3_9', 'dist4_8', 'dist6_10', 'dist6_12', 'dist7_9', 'dist7_13', 'dist8_14', 'dist10_12', 'dist11_17']",random_forest,16.772290974323447,11.089600901562342,7.23757794500302,1121,20,pca
frida,leni,False,"['dist8_14', 'dist4_5', 't2_3_7', 'ang2_3_4', 'dist11_14', 'dist6_9', 'ang4_2_5', 'ang2_1_4', 'dist3_17', 'dist1_8', 'ang2_3_5', 't1_3_5', 'dist7_10', 'dist14_15', 'dist8_12', 'ang1_3_5', 't6_7_17', 'dist12_13', 'ang3_1_4', 'ang2_4_3']",random_forest,21.821336742903462,15.143330006590183,6.700977645156032,1122,20,pca
frida,leni,False,"['dist5_14', 't3_4_5', 'dist3_5', 't4_5_8', 'dist3_8', 'dist8_14', 'dist8_16', 'dist11_13', 'ang1_3_5', 'dist16_17', 'dist1_8', 'dist3_17', 'dist4_5', 'dist4_8', 'dist5_9', 'dist9_14', 'dist13_17', 'ang2_3_5', 'ang4_3_5', 'ang1_3_4']",random_forest,22.03092788422282,13.526633789857499,9.195593030307586,1123,20,pca
frida,innsbruck_1,False,"['t2_3_7', 'dist3_8', 't2_4_8', 'dist2_14', 'dist4_8', 'dist9_16', 'dist13_14', 'dist13_17', 't13_14_17', 'dist1_3', 'dist2_9', 'dist2_11', 'dist2_16', 'dist3_7', 'dist3_9', 'dist3_14', 'dist4_9', 'dist7_13', 'dist9_13', 'dist12_16']",random_forest,6.940289701001426,0.2114480670598522,6.77856701750157,1124,20,pca
frida,innsbruck_1,False,"['dist1_2', 'dist14_16', 't2_4_8', 'dist1_3', 'dist2_14', 'dist4_9', 'dist5_14', 'ang1_2_5', 'ang1_3_5', 't1_3_5', 't13_14_17', 'dist9_14', 'dist1_13', 'dist2_8', 'dist2_16', 'dist3_5', 'dist3_9', 'dist12_15', 'ang1_4_3', 't13_14_16']",random_forest,22.834367374403115,10.303478347263095,12.75904368929908,1125,20,pca
frida,shorfy,False,"['dist5_14', 't3_4_5', 'dist8_10', 'dist10_17', 't2_4_5', 't2_5_6', 'dist5_6', 'ang4_3_5', 't5_6_10', 't3_6_10', 'dist1_12', 'dist6_8', 'dist6_9', 'dist6_15', 'dist7_10', 'ang5_3_4', 't3_7_16', 't6_9_17', 'dist6_14', 'ang2_3_4']",random_forest,20.72300058435483,16.369798034695734,7.807979450146805,1126,20,pca
frida,shorfy,False,"['dist1_4', 't2_4_5', 't3_5_10', 'dist3_6', 'dist6_9', 'dist6_10', 'dist6_17', 'dist12_17', 'dist1_3', 'dist1_8', 'dist1_9', 'dist2_4', 'dist2_9', 'dist4_13', 'dist5_14', 'dist7_10', 'dist9_10', 'dist12_15', 't3_4_16', 't6_7_9']",random_forest,6.725657091298131,2.2617492143216262,4.5218651386786695,1127,20,pca
frida,paulinchen,False,"['dist5_14', 'dist9_11', 't1_2_7', 'dist5_7', 'dist2_12', 'dist4_14', 'dist5_16', 'ang1_2_5', 't3_4_5', 'dist11_12', 'dist10_14', 'dist4_11', 't7_8_9', 'dist11_16', 'dist6_15', 't3_5_7', 't6_9_10', 'dist14_16', 'dist3_14', 'dist4_7']",random_forest,2.922056628684121,0.86932476323274,3.4222619172252475,1128,20,pca
frida,paulinchen,False,"['dist3_8', 'dist1_17', 'dist8_16', 'dist7_10', 'dist13_17', 'dist10_17', 'ang6_10_4', 'dist5_7', 'dist9_13', 'dist3_9', 'dist5_8', 'dist8_13', 'dist9_10', 'dist15_17', 'ang3_2_4', 'dist1_8', 'dist1_13', 'dist6_13', 't1_2_7', 'dist2_8']",random_forest,6.022286857154032,6.331420696198659,3.5190886083219657,1129,20,pca
frida,mette,False,"['dist5_14', 'dist2_6', 'dist7_10', 'dist3_6', 'dist2_4', 'dist4_7', 'dist4_13', 'dist5_6', 'dist8_10', 'dist2_7', 't3_4_7', 'dist1_6', 'dist5_8', 'dist7_14', 't2_5_6', 't3_6_10', 'dist5_7', 'dist6_17', 't1_6_7', 'dist3_13']",random_forest,9.48243787776646,3.343458386613855,6.23909146455724,1130,20,pca
frida,mette,False,"['dist5_6', 't3_7_16', 'dist2_6', 'dist10_14', 'dist5_14', 'dist4_10', 'dist9_10', 'dist3_6', 'dist7_9', 'dist8_10', 'dist12_15', 'dist3_7', 'dist3_13', 'dist3_17', 'dist4_9', 'dist6_16', 'dist7_14', 't3_4_7', 't4_7_8', 't6_9_10']",random_forest,4.79255105470341,2.277105541528141,2.779106011162447,1131,20,pca
frida,zewe,False,"['t2_4_5', 'dist1_10', 't2_4_8', 't2_4_7', 'dist2_4', 'dist1_4', 'dist1_8', 'dist2_6', 'dist3_4', 'dist3_10', 'dist4_12', 'dist4_13', 'dist6_10', 'dist6_17', 'dist12_15', 't4_5_8', 't1_6_7', 't6_7_9', 't3_4_5', 't2_5_9']",random_forest,7.662254559153168,2.7943155592684725,5.694992592486662,1132,20,pca
frida,zewe,False,"['dist2_11', 't2_4_5', 'dist3_10', 'dist6_10', 'dist6_17', 'dist12_17', 't6_7_9', 'dist1_4', 'dist2_4', 'dist2_6', 'dist2_12', 'dist3_4', 'dist6_9', 'dist7_15', 'dist8_10', 'dist9_10', 'dist9_12', 't3_4_16', 't1_6_7', 't2_4_7']",random_forest,6.200276504507807,3.319834600557879,3.43741928409505,1133,20,pca
frida,gesa,False,"['dist2_11', 'dist6_17', 'dist3_10', 'dist1_3', 'dist1_4', 'dist1_8', 'dist2_4', 'dist4_11', 'dist4_12', 'dist9_12', 'dist9_15', 'dist11_16', 'dist12_15', 'ang2_3_4', 't4_7_8', 't4_5_8', 't6_7_9', 't1_3_5', 't2_4_5', 't2_4_7']",random_forest,20.879341476265438,18.618406201891503,6.030122093331197,1134,20,pca
frida,gesa,False,"['dist2_11', 'dist3_10', 'dist5_15', 'dist3_7', 'dist3_15', 'dist4_11', 'dist4_12', 'dist6_13', 'dist9_15', 'dist10_14', 'dist11_14', 'dist11_16', 'dist12_16', 't2_3_7', 't3_7_16', 't4_7_8', 't2_4_7', 't3_5_10', 't13_14_15', 't13_14_17']",random_forest,13.895637776550503,0.35412538678105343,14.23591069528309,1135,20,pca
frida,vladimir,False,"['dist1_8', 't2_4_8', 'dist5_8', 'dist8_16', 'dist1_16', 'dist1_4', 'dist2_8', 'dist2_11', 'dist5_17', 't13_14_17', 'dist15_17', 'dist3_8', 'dist3_17', 'dist7_13', 'dist8_13', 'dist9_11', 'dist13_16', 'dist13_17', 't1_2_7', 't1_3_5']",random_forest,6.222457393694047,1.983772620269332,4.27768791361749,1136,20,pca
frida,vladimir,False,"['dist8_16', 'dist1_8', 'dist13_17', 'dist3_17', 'dist3_8', 'dist11_17', 't3_4_5', 'dist6_9', 'dist1_3', 'dist2_3', 'dist5_6', 'dist6_10', 'dist8_15', 'dist9_11', 'dist13_14', 'dist13_16', 'ang7_6_10', 't2_3_5', 't4_5_8', 'dist9_14']",random_forest,8.453049501678661,3.357233278512969,5.404622472585308,1137,20,pca
fousek,sam,False,"['t6_7_17', 'dist8_15', 'dist6_17', 'dist5_14', 't7_8_16', 't3_4_5', 'dist6_12', 'dist1_8', 'dist13_16', 'ang7_6_10', 'dist9_16', 'dist6_8', 't2_4_8', 'ang5_3_4', 'dist3_7', 't2_5_6', 'dist6_13', 'dist8_9', 't6_7_9', 'ang3_4_3']",random_forest,14.423871477480354,4.258330794611222,10.186874136853277,1138,20,pca
fousek,sam,False,"['dist8_15', 't3_4_5', 'dist3_5', 'dist6_9', 't7_8_16', 't6_7_9', 'dist6_16', 'dist1_8', 'dist2_9', 'dist4_13', 'dist9_13', 'dist13_14', 't4_7_8', 'dist8_10', 'dist3_15', 'dist5_14', 't2_4_8', 'ang4_9_5', 'dist8_16', 'dist10_15']",random_forest,7.799156569345078,1.9499034752304067,6.137087930237604,1139,20,pca
fousek,rosie,False,"['dist3_8', 'dist4_10', 'dist1_4', 'dist3_7', 'dist5_14', 't2_3_7', 't3_4_5', 'dist1_3', 'dist3_6', 'dist3_10', 'dist4_8', 'dist4_12', 'dist6_16', 'dist7_13', 'dist8_16', 'dist9_13', 'dist9_14', 'dist10_16', 't4_7_8', 't1_3_5']",random_forest,7.874852969246769,1.79873044592663,6.099607338689599,1140,20,pca
fousek,rosie,False,"['dist8_16', 'dist5_14', 'dist9_16', 'dist6_10', 'dist10_17', 'dist4_10', 'dist7_13', 'dist11_16', 'dist10_16', 'dist1_8', 'dist2_11', 'dist2_8', 'dist9_11', 'ang1_4_3', 't3_4_5', 't4_6_10', 'dist3_5', 'dist3_8', 'dist3_10', 't2_5_10']",random_forest,10.56934038213638,5.010400422500722,5.768356245985218,1141,20,pca
fousek,otella,False,"['t2_4_8', 'dist6_10', 'dist11_16', 't3_4_5', 'dist2_11', 'dist3_5', 'dist5_14', 'dist7_10', 'dist7_11', 'dist2_15', 'dist2_7', 'dist2_8', 'dist2_9', 'dist3_9', 'dist6_11', 'dist7_13', 'dist7_15', 'dist8_10', 'dist9_16', 'dist11_13']",random_forest,3.609380622501145,1.7928703690825527,2.1641046325659277,1142,20,pca
fousek,otella,False,"['dist9_16', 't6_10_11', 'dist6_10', 'dist10_16', 'dist10_17', 'dist2_9', 'dist2_8', 't2_4_8', 'dist1_3', 'dist3_9', 'dist6_17', 'dist7_9', 'ang6_10_4', 't7_8_16', 't3_6_10', 't13_14_15', 't1_2_7', 't3_4_5', 'dist6_9', 'dist6_8']",random_forest,10.259947302480443,3.747061231832926,8.044036225387906,1143,20,pca
fousek,japet,False,"['dist2_11', 'dist2_12', 'dist7_12', 'dist12_17', 'dist8_12', 'dist6_11', 'dist8_15', 'dist9_10', 'dist1_11', 'dist1_12', 'dist4_11', 'dist7_11', 'dist7_15', 'dist11_16', 'dist11_17', 'dist15_17', 'ang1_3_4', 't6_10_11', 'dist5_9', 'dist2_4']",random_forest,7.26740606437825,0.9575235550018737,7.636864930478856,1144,20,pca
fousek,japet,False,"['dist2_11', 'dist5_16', 'dist7_12', 'dist7_15', 'dist14_16', 'ang4_3_5', 't5_8_9', 't1_3_5', 't3_4_5', 't3_5_10', 'dist1_3', 'dist3_5', 'dist3_15', 'dist4_12', 'dist5_13', 'dist5_15', 'dist9_12', 'dist10_15', 'dist11_17', 'dist14_17']",random_forest,11.10346233441586,5.5623837382881565,8.377256922167154,1145,20,pca
fousek,nuernberg_2,False,"['dist8_15', 'dist7_14', 'dist2_9', 'dist9_16', 'dist15_17', 'dist5_15', 'dist14_16', 'dist6_13', 'ang6_10_4', 'ang1_2_5', 't3_5_10', 'dist7_10', 'dist3_7', 'dist5_12', 'dist5_17', 'dist8_10', 'dist12_14', 'dist8_16', 'dist3_15', 'dist1_2']",random_forest,10.4478009410255,3.6231428327126287,7.240608637126134,1146,20,pca
fousek,nuernberg_2,False,"['dist5_14', 't3_4_5', 'dist7_10', 't6_7_9', 'dist5_15', 'dist2_9', 'dist10_17', 'dist9_16', 'dist3_5', 'ang2_7_5', 't2_4_5', 'dist7_11', 'dist9_15', 'dist13_16', 'dist8_15', 'ang1_2_5', 'dist5_12', 'dist9_14', 'dist12_14', 'dist4_5']",random_forest,15.356239700317104,6.881558369277231,12.240890776420185,1147,20,pca
fousek,nokia,False,"['dist8_15', 'dist4_9', 'ang3_1_4', 'dist6_11', 'ang6_10_4', 'dist9_15', 'ang4_3_5', 'dist5_8', 'dist1_8', 'dist1_10', 'dist9_16', 'dist15_17', 'ang2_4_5', 'dist5_13', 'dist11_15', 'dist13_14', 'dist7_15', 'dist12_17', 'ang1_3_4', 'ang4_2_5']",random_forest,18.23350916275024,7.70990654892675,12.721784580870178,1148,20,pca
fousek,nokia,False,"['dist9_16', 't7_8_9', 'dist6_9', 'dist12_17', 'dist7_9', 'dist9_15', 'dist8_15', 'ang3_1_4', 'ang7_6_10', 'dist7_15', 'ang4_2_4', 'dist10_15', 'ang2_4_5', 'ang1_3_4', 'dist1_8', 't6_7_9', 'dist6_15', 'dist15_17', 'dist8_14', 't12_15_17']",random_forest,16.865780730648083,3.5098155821119135,13.560626852817713,1149,20,pca
fousek,noel,False,"['dist5_15', 't2_4_5', 'dist8_15', 'dist7_12', 'dist11_14', 'dist12_13', 'dist15_17', 'dist5_9', 'ang6_10_4', 'dist9_11', 'ang2_7_5', 't3_4_5', 'dist3_5', 'dist8_16', 'dist1_8', 'dist1_10', 'dist2_9', 'dist2_8', 'dist9_15', 'dist4_11']",random_forest,21.878377508742126,4.510529285018256,20.6885421511887,1150,20,pca
fousek,noel,False,"['dist8_15', 'dist5_15', 'dist7_12', 'dist9_11', 'ang1_4_3', 'dist5_9', 'ang2_7_5', 'ang4_9_5', 'dist15_17', 'dist9_15', 'dist1_2', 'dist1_3', 'dist1_12', 'dist7_11', 'dist12_17', 't3_4_5', 'dist3_5', 'dist6_10', 'ang1_3_5', 'dist6_9']",random_forest,25.55631191973977,1.4277205996352615,25.34043509406397,1151,20,pca
fousek,matysek,False,"['dist2_7', 'dist5_6', 'dist10_17', 'dist1_8', 'dist6_15', 'dist4_11', 'dist6_9', 'dist1_10', 't12_15_17', 'dist4_8', 'dist2_8', 'ang7_6_10', 'dist8_9', 'dist1_15', 'dist3_5', 'dist6_8', 'ang1_3_4', 'dist12_15', 'dist2_10', 't3_4_5']",random_forest,3.082990017730498,4.576768085540439,3.1068533072549034,1152,20,pca
fousek,matysek,False,"['dist10_17', 't3_4_5', 'dist3_5', 'dist2_7', 'dist14_16', 'dist2_17', 'dist5_14', 'dist14_17', 'dist11_17', 'dist9_11', 't2_3_7', 'dist2_9', 'dist6_13', 'dist6_10', 'dist2_4', 't3_5_7', 't2_5_10', 'dist7_12', 't2_5_9', 'dist10_14']",random_forest,4.1628972684063275,2.3145574467582812,1.8908527426790127,1153,20,pca
fousek,lucka,False,"['dist13_14', 'dist6_17', 't1_3_5', 't2_4_5', 'dist1_8', 'dist6_10', 'dist9_12', 'dist12_15', 'dist1_15', 'dist2_3', 'dist2_11', 'dist3_10', 'dist5_16', 'dist6_9', 'dist6_15', 'dist10_15', 'dist12_16', 'dist12_17', 't4_5_8', 't2_4_8']",random_forest,8.684060262060287,1.901286112921402,6.797702658909475,1154,20,pca
fousek,lucka,False,"['t2_4_5', 'dist6_17', 'dist1_4', 'dist5_16', 't2_4_8', 'dist1_16', 'dist2_3', 'dist2_11', 'dist4_8', 'dist5_14', 'dist6_10', 'dist10_15', 'dist12_15', 'dist12_16', 'dist13_14', 't1_2_7', 't4_5_8', 't1_3_5', 't2_3_5', 't3_4_5']",random_forest,10.102844936909587,1.904082621437089,8.200127939624114,1155,20,pca
fousek,nuernberg_1,False,"['dist9_16', 'dist5_16', 'dist6_8', 'dist6_9', 'dist6_10', 'dist6_17', 't6_7_17', 't3_4_16', 'dist3_16', 'dist7_15', 'ang7_6_10', 't6_7_9', 't7_8_17', 'dist1_2', 'ang3_4_3', 't2_5_6', 'dist4_16', 'ang4_9_5', 'dist7_13', 'dist8_16']",random_forest,10.071416747930748,3.708426878084651,9.009731965487704,1156,20,pca
fousek,nuernberg_1,False,"['dist9_16', 't3_4_16', 'ang4_9_5', 'ang5_3_4', 't6_7_17', 't6_7_9', 't2_4_5', 'ang3_2_5', 'dist6_10', 'ang2_3_4', 'dist3_16', 'dist1_12', 'dist2_8', 'dist2_17', 'dist6_9', 'dist6_13', 'dist10_16', 'ang3_2_4', 'ang1_3_4', 't7_8_16']",random_forest,13.509014815804735,2.5574764770776173,10.953013995993688,1157,20,pca
fousek,leni,False,"['dist8_15', 'dist12_17', 'dist14_15', 'dist12_13', 'dist9_11', 'dist6_9', 'dist12_14', 'dist1_8', 'dist1_12', 'dist3_15', 'dist4_11', 'dist5_15', 'dist8_10', 'dist11_17', 't12_15_17', 't7_8_17', 'dist7_12', 'ang1_3_5', 't13_14_15', 'dist9_10']",random_forest,6.470723535747665,6.354048215793356,8.194413716681156,1158,20,pca
fousek,leni,False,"['ang3_4_3', 'dist1_12', 'dist1_15', 'dist4_7', 'dist3_13', 't1_6_7', 'dist1_11', 'dist13_16', 't2_4_7', 'dist3_16', 'dist1_5', 'dist12_15', 'dist4_16', 'dist7_12', 'dist12_17', 'ang2_4_5', 'dist5_12', 'dist6_13', 'dist9_12', 't4_7_8']",random_forest,13.688897991088998,3.2821287094437923,16.950391061134432,1159,20,pca
fousek,innsbruck_1,False,"['dist2_11', 'dist12_17', 'dist7_12', 'dist6_11', 'dist7_11', 'dist8_15', 'dist9_12', 'dist11_14', 'dist11_17', 'dist15_16', 'ang7_6_10', 't2_4_7', 'dist12_13', 'dist2_12', 'dist3_15', 'dist4_11', 'dist5_15', 'dist9_10', 'dist9_15', 'dist10_15']",random_forest,9.67520981819174,3.386086124201484,6.70369771320768,1160,20,pca
fousek,innsbruck_1,False,"['dist7_12', 'dist6_9', 't3_4_5', 'dist6_8', 'dist8_15', 'dist8_9', 'dist14_16', 'dist1_3', 'dist1_8', 'dist2_11', 'dist2_12', 'dist3_12', 'dist6_11', 'dist9_15', 'dist10_15', 'dist11_14', 'dist12_13', 'dist13_14', 'ang1_3_4', 'ang7_6_10']",random_forest,12.458139755403234,3.4469242800296827,11.851603724730099,1161,20,pca
fousek,shorfy,False,"['dist1_2', 'dist1_3', 'dist3_8', 'ang1_3_5', 'dist9_16', 'dist2_8', 'dist2_9', 'dist7_10', 'dist10_16', 'dist11_16', 'dist8_16', 'dist1_4', 'dist1_5', 'dist1_9', 'dist2_11', 'dist3_10', 'dist4_10', 'dist5_14', 'dist6_17', 'dist13_17']",random_forest,12.521678748169997,4.578817573059968,7.974549570285619,1162,20,pca
fousek,shorfy,False,"['dist1_2', 'dist1_3', 't3_5_10', 'dist1_4', 'dist6_8', 'dist6_17', 'dist7_10', 'dist9_16', 't6_7_9', 't2_4_5', 'dist2_11', 'dist3_6', 'dist9_10', 'dist11_14', 'dist11_16', 't1_2_7', 't1_6_7', 't2_5_6', 't2_5_10', 't3_6_10']",random_forest,10.68061893830505,1.7475890980049917,8.959760700113078,1163,20,pca
fousek,paulinchen,False,"['dist9_16', 'dist10_17', 'dist3_5', 'dist9_14', 'dist1_7', 'dist8_9', 'ang1_3_4', 'dist8_12', 't3_4_5', 't8_9_17', 't4_6_10', 'dist1_17', 'dist11_15', 'dist11_14', 'dist7_9', 'ang2_7_5', 'dist2_4', 'dist11_12', 'ang1_4_5', 'ang3_2_4']",random_forest,16.28752495985122,1.5722252554994682,17.208966954333114,1164,20,pca
fousek,paulinchen,False,"['dist8_9', 'dist6_15', 't8_9_17', 'dist9_16', 'ang1_2_5', 'dist11_17', 't1_6_7', 'dist1_8', 'ang4_9_5', 'dist6_10', 'dist3_12', 'dist6_17', 'dist7_15', 'dist6_9', 't2_5_6', 'dist4_7', 'ang3_2_4', 'dist5_14', 'dist10_13', 't2_4_5']",random_forest,10.081511209003548,5.61529318585129,6.907562804295158,1165,20,pca
fousek,mette,False,"['dist1_2', 'dist5_14', 'ang1_4_3', 't3_4_5', 'dist6_9', 'dist1_3', 'dist3_8', 't6_7_17', 't3_5_10', 'dist6_17', 'dist1_8', 'dist1_9', 'dist3_5', 'dist6_16', 'dist7_16', 'dist10_14', 'dist13_17', 'ang1_3_5', 'ang1_3_4', 't6_7_9']",random_forest,24.217778618666784,4.864213736815545,19.820751430348377,1166,20,pca
fousek,mette,False,"['dist5_14', 't3_4_5', 'dist2_11', 't2_4_8', 'dist7_10', 't3_6_10', 'dist2_6', 'dist2_7', 'dist2_9', 'dist2_12', 'dist2_17', 'dist3_5', 'dist3_8', 'dist3_10', 'dist5_9', 'dist6_8', 'dist6_17', 'dist7_13', 'dist11_14', 'dist13_17']",random_forest,8.575946664617227,2.9670830389713396,5.67013581401018,1167,20,pca
fousek,zewe,False,"['dist4_10', 'dist9_14', 'dist11_14', 't3_5_10', 't4_5_8', 'dist8_16', 'dist10_16', 't2_4_5', 't4_6_10', 'dist3_9', 'dist4_8', 'dist4_9', 'dist4_12', 'dist4_16', 'dist9_16', 'dist10_14', 'dist11_16', 't6_9_10', 't2_4_8', 'dist6_17']",random_forest,9.370079894369585,2.877542287799507,6.5805669386528844,1168,20,pca
fousek,zewe,False,"['dist5_16', 'dist1_4', 'dist8_16', 'dist1_2', 't4_6_10', 'dist9_16', 'dist6_17', 'ang3_1_4', 'dist4_10', 'dist1_8', 'dist2_17', 'dist4_9', 'dist5_14', 'ang1_4_5', 'ang5_3_4', 't3_4_5', 't3_6_10', 'dist1_3', 't2_4_5', 'dist6_15']",random_forest,18.534085692273337,6.498893409870612,12.046821653091557,1169,20,pca
fousek,gesa,False,"['dist2_11', 'dist5_14', 't2_4_8', 'dist1_8', 'dist2_8', 'dist3_10', 'dist3_15', 'dist4_12', 'dist6_8', 'dist7_12', 'dist7_13', 'dist11_17', 'dist12_13', 'dist12_16', 't3_7_16', 't4_7_8', 't6_7_9', 't3_4_5', 't13_14_17', 'dist1_3']",random_forest,8.523004230752587,2.7376293347824623,5.856694005169282,1170,20,pca
fousek,gesa,False,"['dist2_11', 'dist3_10', 'dist5_14', 'dist11_17', 't3_4_5', 't2_4_8', 'dist1_3', 'dist2_8', 'dist3_5', 'dist3_15', 'dist4_12', 'dist6_11', 'dist7_12', 'dist11_16', 'dist12_13', 'dist12_17', 't3_7_16', 't4_7_8', 't6_7_9', 't13_14_17']",random_forest,8.744259894005,2.728029966605545,6.125595841713044,1171,20,pca
fousek,frida,False,"['t3_4_5', 'dist9_16', 'dist3_5', 'dist8_16', 'dist5_14', 'dist3_8', 'dist8_15', 'ang1_4_3', 'dist10_16', 'dist13_14', 'dist7_12', 'ang5_3_4', 'ang6_9_10', 'ang6_10_4', 'ang2_1_5', 'dist9_11', 'dist12_13', 'dist2_4', 'dist1_2', 'dist3_16']",random_forest,17.33636707434036,4.065259297080009,13.511819435275537,1172,20,pca
fousek,frida,False,"['dist8_16', 'dist1_2', 't3_4_5', 'dist4_8', 'dist12_15', 'dist13_14', 'ang1_2_5', 'dist2_7', 'dist3_5', 'dist3_8', 't8_9_17', 't13_14_16', 'dist16_17', 'dist8_10', 'dist9_14', 't3_7_16', 'ang1_3_5', 'dist3_17', 'dist9_11', 'dist9_16']",random_forest,14.204974998865843,9.139434952079105,5.069634688637247,1173,20,pca
fousek,vladimir,False,"['t3_4_5', 'ang6_9_10', 'dist4_13', 'dist5_15', 'dist1_8', 'ang4_9_5', 'dist1_7', 'dist1_2', 'dist3_13', 't2_4_5', 'ang1_4_3', 't2_4_7', 'ang1_2_5', 'dist15_16', 'dist4_8', 'dist8_10', 'dist1_13', 'dist10_11', 'dist3_16', 'dist6_9']",random_forest,22.22384814572435,8.882468545381817,15.273316243548742,1174,20,pca
fousek,vladimir,False,"['ang6_9_10', 'ang4_9_5', 'dist2_3', 't3_4_5', 'dist1_2', 'dist1_8', 'dist2_14', 'dist3_4', 'dist1_7', 't3_4_16', 'dist12_15', 't13_14_16', 'dist1_4', 'dist13_16', 't2_3_5', 'dist4_8', 'dist5_13', 'dist4_13', 'dist9_15', 'dist15_17']",random_forest,15.859811941183347,1.5207980544996382,14.56564846350156,1175,20,pca
esta,sam,False,"['dist4_10', 'ang6_10_4', 'dist7_14', 'dist4_8', 'dist5_14', 'ang2_4_5', 'dist5_10', 'dist6_13', 'dist14_15', 't3_7_16', 'ang3_2_5', 'dist5_8', 'dist4_9', 'dist6_8', 'dist8_15', 'dist15_17', 'ang1_3_4', 'dist3_8', 'dist1_14', 'dist5_6']",random_forest,10.00019328154296,9.116979482515278,4.870474060839169,1176,20,pca
esta,sam,False,"['dist7_13', 'dist4_10', 'dist3_9', 'ang4_9_5', 'dist3_10', 't1_2_7', 'ang6_10_4', 'dist3_11', 'dist12_13', 'ang1_3_5', 't3_5_10', 'dist4_9', 'dist11_15', 'dist1_10', 'dist11_13', 'ang3_2_5', 'ang1_4_5', 'ang2_3_4', 'dist4_8', 'dist6_17']",random_forest,24.266252383973328,15.112948350964626,10.169045068499312,1177,20,pca
esta,rosie,False,"['t2_3_7', 't6_7_17', 'dist3_7', 'ang1_3_5', 't3_7_16', 'ang1_4_3', 'ang7_6_10', 't3_5_7', 'dist7_10', 'dist11_14', 'dist5_9', 'dist5_14', 'dist14_17', 'ang1_4_5', 'dist1_7', 't4_7_8', 'dist6_14', 'dist10_14', 'ang6_4_10', 't2_5_6']",random_forest,11.117837588974949,3.268768403895376,14.194373451544154,1178,20,pca
esta,rosie,False,"['t1_3_5', 'dist1_16', 't7_8_16', 't7_8_17', 'dist1_8', 'dist2_3', 'dist2_17', 'dist7_8', 'dist12_17', 'dist1_3', 'dist1_13', 'dist2_16', 'dist5_13', 'dist6_8', 'dist16_17', 't1_2_7', 't2_3_5', 't3_4_5', 't8_9_17', 'dist7_11']",random_forest,6.783442475324657,0.9613195296845815,5.845279004867571,1179,20,pca
esta,otella,False,"['t2_4_5', 't2_5_6', 'dist2_16', 'dist6_14', 'dist2_3', 'dist2_4', 'dist2_14', 'dist5_6', 'dist6_9', 'dist7_15', 'dist8_12', 'dist5_7', 'dist6_8', 'dist7_10', 'ang2_4_5', 't7_8_17', 't2_3_5', 'ang3_2_5', 'ang2_1_4', 'dist1_9']",random_forest,14.088754305347324,10.622571341633964,4.794848727426453,1180,20,pca
esta,otella,False,"['dist3_5', 't2_4_5', 'dist2_3', 'ang2_1_4', 't2_3_5', 't3_4_5', 'dist2_14', 't6_7_9', 't6_9_17', 't2_5_9', 'dist7_10', 'dist6_10', 'dist2_5', 'dist11_12', 'dist12_16', 't2_4_8', 't12_15_17', 'ang3_2_5', 'dist1_11', 't5_8_9']",random_forest,9.129865056115266,4.954901594408814,6.532680984118051,1181,20,pca
esta,japet,False,"['dist4_10', 't3_5_10', 'dist10_14', 't2_5_10', 't3_6_10', 'dist3_10', 'dist14_16', 'dist8_10', 'dist1_13', 'dist2_9', 'dist2_14', 'dist3_15', 'dist5_12', 'dist6_11', 'dist7_10', 'dist9_10', 'dist12_13', 'dist12_16', 'dist14_15', 'dist14_17']",random_forest,6.993321682924816,1.0078145892628465,5.991732314141773,1182,20,pca
esta,japet,False,"['t3_4_5', 'dist2_11', 'dist12_17', 't2_4_5', 't3_5_10', 'dist3_10', 'dist7_13', 'ang6_10_4', 'dist1_8', 'dist4_10', 'dist4_11', 'dist4_12', 'dist5_12', 'dist5_13', 'dist7_11', 'dist7_12', 'dist11_14', 'dist11_16', 'dist12_13', 'dist12_16']",random_forest,14.625511084525902,8.287548677909127,8.528626443458254,1183,20,pca
esta,nuernberg_2,False,"['ang2_4_5', 'dist4_10', 'ang3_4_3', 'dist3_9', 'ang2_3_5', 'ang4_3_5', 'ang1_4_5', 'ang4_2_4', 'ang3_1_5', 'dist2_3', 'dist2_13', 'dist3_10', 'dist5_15', 'dist11_13', 'ang3_2_5', 'ang1_2_4', 'ang5_3_4', 'dist3_17', 'dist4_8', 'dist5_7']",random_forest,35.59785944773322,29.750577743179047,6.7347762051961295,1184,20,pca
esta,nuernberg_2,False,"['ang6_10_4', 'dist3_9', 'dist2_3', 'dist6_13', 'dist7_13', 't2_4_5', 'dist4_11', 'dist3_13', 'ang2_4_3', 'ang3_2_5', 'dist1_13', 'dist2_13', 'dist7_8', 't2_5_6', 'dist2_4', 'dist2_7', 'dist4_17', 'dist5_14', 'ang2_4_5', 't6_7_17']",random_forest,14.307143063415985,12.012703194786202,2.8161199319466386,1185,20,pca
esta,nokia,False,"['dist1_2', 'dist6_11', 'dist6_12', 'dist12_14', 'ang1_3_5', 'dist2_12', 't7_8_17', 'dist11_14', 'dist5_14', 'ang1_3_4', 'dist1_11', 'dist1_15', 'dist1_17', 'dist12_13', 'dist2_11', 'dist3_8', 'dist3_11', 'ang6_10_4', 't1_3_5', 'dist10_14']",random_forest,13.903998270360422,8.905037219861113,8.328123249222264,1186,20,pca
esta,nokia,False,"['dist5_14', 'ang3_1_4', 't1_2_7', 't3_4_5', 'ang1_2_5', 'dist1_2', 'dist1_3', 'dist2_16', 'dist1_4', 'dist1_8', 'dist2_15', 'dist2_17', 'dist5_9', 'ang1_2_4', 'ang1_3_4', 'ang4_9_5', 't2_3_5', 't13_14_15', 'ang4_2_4', 'ang1_4_5']",random_forest,15.1343999206304,5.675395042577827,19.309532699918154,1187,20,pca
esta,noel,False,"['dist1_4', 'dist3_7', 'dist4_9', 'ang2_1_4', 'dist1_3', 'dist2_14', 'dist2_13', 'dist3_15', 'dist3_16', 'dist4_6', 'dist4_10', 'dist4_11', 'dist5_15', 'ang4_9_5', 'ang6_4_10', 't3_7_16', 't4_7_8', 'dist9_10', 'dist7_13', 'dist12_13']",random_forest,17.459037393147792,5.588721290825632,12.305605774314824,1188,20,pca
esta,noel,False,"['dist1_4', 'dist4_8', 'dist4_9', 'dist4_10', 'dist11_14', 'ang1_3_5', 't2_4_5', 'dist3_6', 'ang3_1_4', 'dist1_2', 'dist1_3', 'dist1_8', 'dist1_13', 'dist2_4', 'dist2_14', 'dist3_10', 'dist4_11', 'ang2_3_5', 'ang1_4_5', 't4_7_8']",random_forest,21.206102339176592,8.689402939407545,12.549313857056362,1189,20,pca
esta,matysek,False,"['dist1_6', 't2_4_7', 'dist7_14', 'dist10_17', 'dist5_9', 'ang4_3_5', 't5_8_9', 'dist12_15', 'ang1_4_5', 't3_4_16', 't8_9_17', 't3_4_7', 'dist2_14', 'dist6_15', 'dist8_15', 'dist9_15', 't2_5_9', 'dist15_16', 'dist1_5', 'dist5_8']",random_forest,13.545575617821608,4.3474108958879905,9.232885097766658,1190,20,pca
esta,matysek,False,"['dist11_12', 'ang6_10_4', 'dist1_6', 't5_8_9', 'dist14_16', 'ang1_3_5', 'dist1_8', 'dist5_9', 'dist2_14', 'dist5_17', 't3_4_16', 'dist9_11', 'dist5_6', 'dist9_15', 'ang1_4_5', 'dist6_13', 'dist13_14', 'ang4_2_5', 'dist4_8', 'dist3_14']",random_forest,15.685983528611393,6.851473830594039,10.7882362568941,1191,20,pca
esta,lucka,False,"['dist13_14', 't2_4_5', 'dist7_12', 'dist10_11', 'ang6_10_4', 't2_5_6', 'dist7_14', 't1_3_5', 'dist1_15', 'dist2_3', 'dist2_4', 'dist2_5', 'dist2_14', 'dist3_6', 'dist5_6', 'dist5_9', 'dist5_16', 'dist6_9', 'dist6_17', 'dist9_12']",random_forest,16.579084644144412,6.143293427943968,11.275971438358019,1192,20,pca
esta,lucka,False,"['dist5_6', 'dist5_9', 'dist13_14', 't7_8_17', 'dist6_17', 't5_8_9', 't2_4_5', 'dist5_7', 't1_3_5', 'dist1_5', 'dist2_3', 'dist2_14', 'dist3_5', 'dist3_6', 'dist5_13', 'dist5_14', 'dist5_16', 'dist10_12', 'dist12_15', 'ang6_10_4']",random_forest,16.370960485787972,7.07364802118885,10.411018013090779,1193,20,pca
esta,nuernberg_1,False,"['t7_8_17', 'dist3_8', 'dist4_8', 'dist7_13', 'dist3_9', 'dist3_17', 'dist7_8', 'dist8_14', 't7_8_16', 'dist5_7', 'dist2_14', 'dist3_16', 'dist6_8', 'dist6_9', 'dist7_14', 'ang1_3_5', 'ang2_3_4', 'ang4_9_5', 't1_2_7', 't7_8_9']",random_forest,13.368612099370074,5.347199417157605,8.392233160383642,1194,20,pca
esta,nuernberg_1,False,"['dist5_14', 'dist7_13', 'dist3_8', 'dist3_16', 'dist3_10', 'dist8_9', 'ang1_4_5', 't3_4_16', 'dist11_12', 'dist1_8', 'dist2_14', 'dist4_8', 'dist4_9', 'dist7_8', 'dist7_10', 'ang2_4_5', 'ang5_1_4', 'ang1_3_4', 'ang5_3_4', 'ang6_4_10']",random_forest,20.092746383458362,10.082878187944981,10.075743706761529,1195,20,pca
esta,leni,False,"['t3_4_5', 'dist5_14', 'ang3_2_5', 'dist12_13', 'dist7_13', 't4_5_8', 'dist3_15', 'ang3_4_3', 'dist2_4', 'dist4_12', 'dist5_17', 'ang2_3_5', 'ang4_3_5', 'dist3_5', 'dist3_12', 't2_4_5', 'dist3_6', 'dist1_13', 'dist6_13', 'ang2_1_4']",random_forest,29.332137635672943,17.405198094351594,12.93214371260873,1196,20,pca
esta,leni,False,"['dist7_13', 'dist5_14', 'dist4_9', 't2_4_8', 'dist11_13', 'dist3_9', 'dist4_8', 't3_6_10', 'dist3_17', 'dist6_13', 'dist14_15', 'ang6_10_4', 'dist12_13', 'ang3_1_4', 'dist4_10', 'dist4_11', 'dist13_17', 'ang1_4_5', 'ang4_2_4', 'dist4_12']",random_forest,12.154248390251484,9.617707190512446,5.462284014192035,1197,20,pca
esta,innsbruck_1,False,"['dist5_14', 't3_5_10', 'dist1_3', 'dist2_3', 'dist6_9', 'ang1_3_5', 'ang6_10_4', 't4_5_8', 't3_4_5', 'dist1_2', 'dist3_7', 'dist3_9', 'dist3_10', 'dist3_17', 'dist4_8', 'dist7_12', 'dist7_13', 'dist10_14', 't1_3_5', 't2_4_5']",random_forest,19.95172750969197,6.856065272916712,13.98203858111286,1198,20,pca
esta,innsbruck_1,False,"['dist4_10', 'dist5_14', 'ang6_10_4', 't3_4_5', 't2_4_8', 'dist1_3', 'dist1_4', 'dist1_13', 'dist2_4', 'dist2_8', 'dist2_11', 'dist2_14', 'dist3_10', 'dist3_15', 'dist4_8', 'dist4_12', 'dist7_13', 'dist7_15', 'dist9_10', 'dist10_16']",random_forest,16.53779890422452,9.77462935697478,7.4376728636567595,1199,20,pca
esta,shorfy,False,"['dist2_16', 'dist7_10', 't3_4_5', 't3_6_10', 'dist1_8', 'dist2_8', 'ang1_2_5', 't7_8_9', 't1_3_5', 't3_5_10', 'dist2_4', 'dist3_8', 'dist4_5', 'dist5_14', 'dist7_8', 't7_8_16', 't2_3_5', 't2_5_6', 'dist3_10', 't7_8_17']",random_forest,15.780011442818957,2.9562409817880693,13.614396937284177,1200,20,pca
esta,shorfy,False,"['dist5_14', 'dist7_10', 'dist3_6', 'dist6_10', 'dist6_8', 't8_9_17', 't2_5_6', 'dist2_6', 'dist12_15', 't2_3_5', 'dist2_11', 'dist5_6', 'dist6_9', 'dist6_15', 'dist7_12', 'dist7_14', 'dist7_15', 'dist8_12', 'dist13_16', 'ang1_2_4']",random_forest,15.157130407057554,4.785329578412607,10.372352237836427,1201,20,pca
esta,paulinchen,False,"['dist2_6', 'dist12_13', 'dist7_12', 'dist11_17', 'dist11_13', 'dist3_11', 'dist2_11', 'dist6_13', 'dist7_11', 'dist3_6', 'dist1_8', 'dist7_13', 'dist7_15', 'dist8_15', 'dist9_15', 'dist10_12', 'dist14_15', 'dist15_16', 't2_5_6', 'dist3_12']",random_forest,3.059928024898775,2.1523120332256953,1.639798527432677,1202,20,pca
esta,paulinchen,False,"['dist8_15', 'dist11_17', 'dist2_15', 'dist5_9', 'ang2_7_5', 'dist2_12', 'dist3_6', 'dist3_12', 'dist12_13', 'dist14_15', 'ang4_3_5', 'ang2_4_5', 'ang3_4_3', 'dist2_11', 'dist3_15', 'dist5_7', 'dist7_14', 'dist7_15', 'dist9_15', 'dist11_16']",random_forest,35.23862737773448,22.300369507994308,16.625371257507492,1203,20,pca
esta,mette,False,"['dist2_4', 't2_4_5', 't3_7_16', 'ang1_3_4', 'ang1_4_3', 'dist3_6', 'dist12_13', 'ang3_1_4', 'dist3_7', 'dist5_7', 'dist7_10', 'dist7_14', 'dist7_16', 'dist8_10', 'dist13_16', 't2_5_6', 'dist4_7', 'dist5_14', 'dist6_9', 'dist6_13']",random_forest,11.776609825193585,2.6214806931110695,13.263685202234084,1204,20,pca
esta,mette,False,"['dist5_14', 't2_4_5', 'dist2_16', 'dist7_14', 't3_7_16', 'dist2_11', 'dist7_9', 'dist5_7', 't7_8_9', 'dist2_6', 'dist6_13', 'dist1_17', 'dist7_16', 'dist7_10', 't2_3_7', 't7_8_16', 'dist14_17', 'ang6_10_4', 'dist7_13', 'dist7_8']",random_forest,9.155561001799335,7.749241207656258,2.6635946942142508,1205,20,pca
esta,zewe,False,"['t2_4_5', 'dist4_7', 't1_3_5', 'dist7_10', 't2_3_5', 't2_4_7', 'dist5_15', 'dist7_8', 'dist5_14', 'dist2_14', 'dist5_7', 'dist2_4', 'dist5_8', 'dist7_14', 'ang1_2_5', 't7_8_9', 't8_9_17', 'ang4_1_5', 't2_5_6', 'dist1_2']",random_forest,8.941503664621324,0.8667128440788273,8.776128404624231,1206,20,pca
esta,zewe,False,"['t2_4_5', 't7_8_17', 't2_3_5', 'dist7_8', 'dist6_17', 'ang2_3_4', 'dist4_8', 't1_6_7', 't6_7_17', 'ang6_4_10', 'dist3_5', 'dist8_17', 'dist4_5', 'dist8_10', 't4_7_8', 't2_5_6', 'dist10_17', 'ang1_2_5', 'dist6_8', 'dist8_12']",random_forest,13.481619962403016,5.061927614220579,9.770834144036101,1207,20,pca
esta,gesa,False,"['dist2_11', 't3_7_16', 't7_8_16', 't7_8_17', 'dist3_6', 'dist3_7', 'dist3_15', 'dist4_11', 'dist4_12', 'dist6_17', 'dist7_10', 'dist7_15', 'dist8_9', 'dist8_10', 'dist9_15', 'dist11_16', 'dist12_16', 'dist12_17', 'dist14_15', 't4_7_8']",random_forest,3.7347050964876036,0.6045662039969277,4.294247470752289,1208,20,pca
esta,gesa,False,"['dist2_11', 't3_7_16', 'dist5_15', 'dist7_10', 'ang7_6_10', 't2_4_5', 'dist1_4', 'dist2_3', 'dist4_10', 'dist4_12', 'dist7_9', 'dist7_11', 'dist7_12', 'dist8_9', 'dist9_10', 'dist9_15', 'dist11_13', 'dist11_16', 'dist12_13', 'dist14_15']",random_forest,11.842943718409174,0.33304839668502917,11.761977802663896,1209,20,pca
esta,frida,False,"['dist2_7', 't4_7_8', 'dist6_8', 'dist1_6', 'dist1_17', 't2_3_7', 't5_8_9', 'dist11_12', 'dist1_2', 'dist4_10', 'dist10_17', 'dist13_16', 't3_7_16', 'ang5_3_4', 'ang6_9_10', 'ang6_10_4', 'dist8_9', 'dist8_13', 'dist7_12', 't2_4_5']",random_forest,12.727803170264435,6.294655194955541,10.738459920926942,1210,20,pca
esta,frida,False,"['dist1_2', 'dist9_10', 'dist6_9', 'dist10_17', 'dist14_17', 'ang6_4_10', 'dist1_13', 'ang6_10_4', 't8_9_17', 'dist11_12', 'ang1_3_4', 'dist10_15', 't6_7_9', 'dist10_16', 't3_5_10', 'ang1_4_3', 'dist3_12', 'dist5_9', 'dist1_8', 'dist1_10']",random_forest,13.332303556166183,8.33721435906844,8.230752085538366,1211,20,pca
esta,vladimir,False,"['dist2_13', 'ang1_2_4', 'dist1_9', 'dist3_8', 'dist5_14', 'dist7_13', 't3_4_5', 'dist1_17', 'dist12_15', 'dist1_5', 'dist1_8', 'dist2_9', 'dist4_14', 'dist5_15', 'dist8_16', 'dist13_16', 'dist13_17', 'ang4_2_5', 'ang6_10_4', 't1_2_7']",random_forest,17.602033908162394,10.789642534111186,7.036336442507617,1212,20,pca
esta,vladimir,False,"['ang6_10_4', 'dist3_8', 'dist2_9', 'dist4_9', 'dist7_13', 't2_4_5', 'dist15_17', 'dist5_14', 't2_4_8', 'dist3_16', 'dist4_8', 't3_4_5', 'dist6_16', 'dist1_7', 'dist10_15', 't8_9_17', 'dist8_14', 'dist1_9', 'dist9_15', 'dist2_3']",random_forest,11.680504933719844,7.853745797023044,5.043146465739181,1213,20,pca
cibak,sam,False,"['dist5_14', 'dist8_16', 'dist11_15', 'dist16_17', 'dist5_8', 'dist11_17', 't4_5_8', 'dist7_16', 'ang4_2_4', 't5_8_9', 'dist7_8', 'dist2_8', 'dist2_11', 'dist8_13', 'ang2_1_4', 'dist9_16', 'dist6_10', 'dist15_17', 'dist4_11', 'dist4_16']",random_forest,7.435900651015983,7.072566139612951,1.2593760039056987,1214,20,pca
cibak,sam,False,"['dist5_16', 'dist6_8', 'dist6_9', 'dist4_7', 't4_7_8', 't7_8_17', 'dist6_17', 'dist5_6', 'dist6_16', 't6_7_9', 't7_8_16', 'ang4_2_4', 'dist6_10', 'dist7_10', 'dist7_16', 'dist11_15', 'dist16_17', 't6_7_17', 't2_5_6', 't1_3_5']",random_forest,8.192431013781324,5.9866673077659796,2.2080684099109895,1215,20,pca
cibak,rosie,False,"['dist2_11', 'dist5_14', 'dist8_16', 'dist2_9', 'dist3_6', 'dist3_10', 'dist3_15', 'dist4_10', 'dist4_12', 'dist5_11', 'dist7_13', 'dist11_16', 'dist12_13', 't2_3_7', 't3_7_16', 't4_7_8', 't6_7_9', 't8_9_17', 't2_4_5', 't3_4_5']",random_forest,7.948889316734009,3.8521368213451623,4.2190874308738415,1216,20,pca
cibak,rosie,False,"['dist5_14', 'dist5_16', 't7_8_16', 'dist3_8', 't3_4_5', 'dist3_5', 'dist9_11', 'dist16_17', 't1_2_7', 't4_5_8', 'dist1_2', 'dist2_9', 'dist3_7', 'dist8_14', 'dist12_13', 'ang3_1_4', 't8_9_17', 't1_3_5', 't13_14_17', 'dist1_3']",random_forest,9.70886120012146,2.887267006831246,6.906122266909977,1217,20,pca
cibak,otella,False,"['dist3_5', 'dist11_14', 'dist1_15', 'dist3_10', 't3_4_5', 't13_14_15', 'dist2_9', 'dist3_7', 'dist3_17', 'dist4_11', 'dist6_10', 'dist7_15', 'dist9_11', 'dist11_16', 'dist12_13', 'dist13_17', 't2_3_7', 't3_7_16', 't2_4_7', 't3_5_7']",random_forest,11.128357709196369,4.598469810578338,6.595448868290562,1218,20,pca
cibak,otella,False,"['dist2_8', 'dist3_10', 'dist6_17', 't2_4_8', 'dist1_3', 'dist2_3', 'dist2_9', 'dist3_6', 'dist4_12', 'dist6_8', 'dist7_10', 'dist7_15', 'dist12_15', 'dist15_17', 't3_7_16', 't4_7_8', 't6_7_9', 't8_9_17', 't3_4_5', 't2_5_6']",random_forest,7.958011670762864,3.9469593022194087,4.014009807584086,1219,20,pca
cibak,japet,False,"['ang3_1_4', 'ang2_1_4', 'dist2_4', 'dist2_3', 'dist3_8', 'ang4_2_4', 'dist3_4', 'dist14_16', 'ang4_9_5', 'dist1_8', 'dist2_16', 'dist5_8', 'dist12_17', 'dist7_12', 'dist14_15', 'dist3_14', 'ang6_10_4', 'dist2_14', 'dist1_16', 'dist3_9']",random_forest,9.012391597789113,10.685910889317169,2.9091525785309353,1220,20,pca
cibak,japet,False,"['dist11_17', 'dist15_17', 'dist7_15', 'dist8_15', 'dist10_15', 't3_5_10', 'dist3_14', 'dist1_8', 'dist12_17', 'dist7_12', 'dist15_16', 'dist3_4', 'dist9_15', 'dist5_16', 'dist6_11', 'dist6_12', 'dist7_11', 'dist12_13', 't3_4_5', 't13_14_15']",random_forest,10.947941482661452,1.5775490253644924,12.022889545677977,1221,20,pca
cibak,ducky,False,"['dist14_16', 'dist5_16', 'dist2_4', 't3_4_16', 't4_5_8', 'dist1_6', 'dist3_4', 't3_4_5', 'dist3_5', 'dist7_12', 'dist10_15', 'dist11_14', 't2_3_5', 'dist2_14', 'dist8_16', 'dist11_17', 'dist13_14', 'ang2_1_5', 't13_14_16', 'dist4_11']",random_forest,10.363603416819108,2.624753680780201,11.48848691070053,1222,20,pca
cibak,ducky,False,"['t3_4_5', 'dist14_16', 't8_9_17', 'dist3_5', 'dist5_16', 't3_4_16', 't2_3_5', 'dist3_14', 'dist2_14', 't2_4_5', 'dist6_9', 'dist3_4', 'dist1_10', 'dist2_3', 'dist2_13', 'dist5_8', 'ang2_1_4', 'ang4_9_5', 't5_8_9', 't13_14_16']",random_forest,15.685705226340653,5.328587814643588,11.40347984931803,1223,20,pca
cibak,nuernberg_2,False,"['dist9_14', 't7_8_9', 'dist8_15', 'dist8_16', 't4_7_8', 'dist7_9', 't4_5_8', 'dist4_11', 'dist5_14', 'dist8_12', 'dist9_15', 'dist9_16', 't6_9_10', 'dist3_9', 'dist14_15', 'dist1_6', 'ang7_6_10', 'dist6_11', 'dist3_15', 'dist5_12']",random_forest,6.198173079850442,2.273020188911915,5.154732086597397,1224,20,pca
cibak,nuernberg_2,False,"['dist5_14', 'dist8_14', 'dist9_16', 't4_5_8', 't8_9_17', 'dist6_10', 'ang4_9_5', 'dist1_6', 'dist2_11', 'dist3_5', 'dist5_6', 'dist8_12', 'dist9_17', 'dist14_17', 't6_9_17', 'dist6_8', 'dist9_14', 't1_3_5', 't3_4_5', 't2_5_9']",random_forest,5.809928273628109,8.607301255227002,3.6995865873708955,1225,20,pca
cibak,nokia,False,"['dist4_9', 'dist5_6', 't8_9_17', 'dist16_17', 'dist3_6', 'dist4_8', 'dist9_16', 'ang4_2_4', 't6_7_9', 't4_6_10', 'dist6_10', 'ang4_2_5', 't5_6_10', 'dist6_9', 'dist3_7', 'dist4_6', 'dist4_11', 'dist6_16', 'dist7_9', 'dist14_17']",random_forest,14.532143749734825,9.52629333576088,5.128362175039004,1226,20,pca
cibak,nokia,False,"['dist4_9', 'dist9_16', 'dist4_8', 'ang4_2_4', 'ang4_2_5', 'dist16_17', 'dist7_9', 'dist10_15', 'ang4_9_5', 'dist6_9', 'ang2_4_5', 'dist6_16', 'ang2_1_4', 't7_8_9', 't7_8_16', 'dist11_12', 'dist5_6', 'ang1_2_4', 'dist4_13', 'ang3_2_5']",random_forest,24.695620207047455,9.384106955080606,15.330216046809868,1227,20,pca
cibak,noel,False,"['dist6_9', 't8_9_17', 'dist7_9', 't7_8_9', 'dist5_16', 'dist6_10', 'dist6_8', 'dist9_17', 't3_4_5', 'dist1_4', 'dist2_3', 'dist2_11', 'dist6_15', 'ang2_1_5', 't7_8_16', 'dist9_11', 'ang4_1_5', 't7_8_17', 't2_3_7', 'dist4_11']",random_forest,6.698793210196252,3.9654122307706667,7.216598187910919,1228,20,pca
cibak,noel,False,"['t8_9_17', 'dist6_9', 'dist5_14', 'dist2_8', 'ang2_7_5', 'dist8_16', 't3_4_5', 'dist8_15', 'dist9_17', 'dist3_12', 'dist3_15', 'dist5_15', 'dist1_13', 'dist12_14', 'dist2_11', 'ang7_6_10', 'dist7_12', 'dist15_17', 'dist9_16', 'ang4_9_5']",random_forest,15.747659821495043,8.235236234625333,22.862796217355598,1229,20,pca
cibak,matysek,False,"['dist4_8', 'dist7_13', 't8_9_17', 't2_3_7', 'dist10_17', 'dist5_14', 't3_6_10', 'ang4_9_5', 'dist1_15', 'dist5_12', 'dist11_14', 'dist3_7', 'dist16_17', 't3_7_16', 't4_5_8', 't4_6_10', 'dist3_6', 'dist13_14', 'dist9_13', 'dist5_17']",random_forest,12.661291503329437,10.471958563020886,2.509608257771386,1230,20,pca
cibak,matysek,False,"['t8_9_17', 't4_5_8', 'dist7_13', 'dist4_8', 'dist9_11', 'ang2_7_5', 'dist3_6', 'dist2_16', 'dist9_14', 'dist5_6', 'dist5_10', 'dist5_14', 'dist8_14', 't2_3_7', 't3_6_10', 'dist5_12', 'dist6_9', 'dist14_17', 'dist4_10', 'dist8_15']",random_forest,18.98993456896391,7.786849849558165,12.154976580443005,1231,20,pca
cibak,lucka,False,"['dist1_4', 'dist5_14', 'dist6_17', 't6_7_9', 't2_4_5', 't2_4_8', 'dist1_3', 'dist1_8', 'dist2_3', 'dist2_9', 'dist5_6', 'dist5_16', 'dist6_8', 'dist6_9', 'dist7_9', 'dist10_15', 'dist12_15', 'dist13_14', 't4_7_8', 't7_8_16']",random_forest,7.352853039960931,3.200075895650936,4.4302102227982205,1232,20,pca
cibak,lucka,False,"['dist1_8', 'dist1_3', 'dist1_4', 'dist2_8', 'dist6_17', 'dist7_12', 't2_4_8', 'dist1_10', 'dist2_11', 'dist5_6', 'dist5_7', 'dist5_14', 'dist10_15', 'dist12_15', 'dist13_14', 'dist13_17', 't4_5_8', 't6_7_9', 't1_3_5', 't2_4_5']",random_forest,10.292902401332476,3.3601919536933402,7.049259324476969,1233,20,pca
cibak,nuernberg_1,False,"['dist8_16', 'dist7_10', 'ang2_4_5', 'ang6_4_10', 'dist8_17', 't2_5_6', 'dist6_9', 'dist6_17', 'dist5_7', 'dist6_15', 'dist5_16', 't6_7_17', 'dist7_16', 't7_8_17', 'dist4_16', 'dist7_8', 't3_4_16', 'dist1_17', 'dist6_14', 't5_6_10']",random_forest,9.61266242290863,4.028165309477887,7.102124092050801,1234,20,pca
cibak,nuernberg_1,False,"['dist5_16', 't8_9_17', 'dist5_6', 'dist16_17', 'ang3_4_3', 't6_7_9', 'dist2_4', 'dist4_16', 'dist6_8', 'dist6_17', 'ang3_1_4', 'ang1_3_4', 'ang1_4_3', 't2_5_6', 'dist6_9', 'dist6_14', 'dist6_16', 'dist7_16', 't3_7_16', 't3_4_16']",random_forest,20.25520068846874,17.85987497367387,6.472639500974722,1235,20,pca
cibak,leni,False,"['dist5_9', 'ang6_10_4', 'dist7_11', 'dist4_9', 'dist12_17', 'dist1_3', 'dist15_17', 't6_10_11', 'dist5_17', 'dist5_12', 'ang6_9_10', 'dist1_4', 'dist6_12', 'dist2_13', 'dist2_11', 'dist3_10', 'dist9_10', 'dist13_17', 't2_4_7', 'dist4_14']",random_forest,9.35346147766408,5.78253109019655,4.939077083275683,1236,20,pca
cibak,leni,False,"['ang2_4_5', 'dist12_17', 'dist7_12', 'dist6_11', 'ang6_10_4', 'dist6_8', 'dist4_16', 'dist1_10', 'dist2_3', 'dist5_16', 'dist13_14', 'dist3_8', 'dist12_13', 'ang3_1_4', 'dist8_16', 'ang3_4_3', 'dist1_8', 'dist5_7', 'dist7_8', 't6_7_17']",random_forest,12.017289275335676,7.526383426183038,10.810991736861173,1237,20,pca
cibak,innsbruck_1,False,"['t3_4_5', 'dist5_12', 't4_5_8', 'dist2_13', 'dist3_4', 'dist4_16', 't3_4_16', 'dist2_15', 'dist2_3', 'dist2_4', 'dist5_9', 'dist6_9', 'dist7_9', 'dist9_15', 'dist12_17', 'dist15_16', 'ang2_1_4', 't2_3_5', 't2_4_7', 't2_5_9']",random_forest,11.000482269324015,3.936694222809168,9.232596787439153,1238,20,pca
cibak,innsbruck_1,False,"['dist7_9', 'dist7_16', 't7_8_16', 'ang2_1_4', 'ang1_2_5', 'dist1_13', 'dist9_15', 't8_9_17', 'dist7_8', 'dist1_10', 'ang3_1_4', 'ang1_2_4', 'ang1_3_4', 'dist4_13', 't3_5_10', 'ang5_1_4', 't3_4_7', 't5_8_9', 'dist1_3', 'dist1_8']",random_forest,20.200999149024074,2.630576125657866,20.122319188745806,1239,20,pca
cibak,shorfy,False,"['dist5_14', 'ang1_2_5', 't3_4_5', 't3_6_10', 'dist9_10', 'dist2_9', 'dist3_10', 'dist8_10', 't2_3_5', 't2_5_10', 't3_5_10', 'dist1_4', 'dist3_7', 'dist8_14', 'dist10_17', 't4_5_8', 't6_7_9', 'dist2_10', 'dist1_3', 'dist2_7']",random_forest,20.610689877464264,9.344688234537925,11.624616169742069,1240,20,pca
cibak,shorfy,False,"['dist5_14', 't3_4_5', 'dist2_6', 'dist2_11', 'dist3_6', 'dist3_7', 'dist3_10', 'dist8_14', 't2_5_6', 'dist1_16', 'dist2_9', 'dist5_6', 'dist6_9', 'dist7_10', 'dist8_9', 'dist8_16', 'dist12_16', 'dist13_16', 'dist16_17', 't2_3_7']",random_forest,7.642410979693338,3.2318815940376338,4.472157494170522,1241,20,pca
cibak,paulinchen,False,"['dist8_14', 'ang4_9_5', 't3_7_16', 'dist1_8', 'dist3_7', 'dist7_16', 'dist16_17', 'ang2_7_5', 'dist3_9', 'dist2_11', 'dist3_15', 'dist3_17', 'dist5_9', 'dist6_15', 'dist9_14', 'dist14_17', 'ang1_3_4', 't4_7_8', 't7_8_16', 't5_8_9']",random_forest,32.120835658644886,15.141019916768801,17.67238264666978,1242,20,pca
cibak,paulinchen,False,"['dist1_8', 't8_9_17', 'dist5_14', 'dist7_10', 't2_3_7', 'dist3_6', 'dist11_14', 'ang2_3_4', 't3_7_16', 't4_5_8', 'dist3_7', 'dist7_9', 'dist9_13', 'dist6_16', 'dist12_16', 't3_5_7', 't13_14_17', 'dist4_7', 'ang1_3_5', 't3_6_10']",random_forest,20.578933280203476,10.236580199267127,10.625977702547157,1243,20,pca
cibak,mette,False,"['dist5_14', 'dist2_11', 'dist3_7', 'dist3_10', 'dist5_6', 'dist7_13', 't2_3_7', 't1_3_5', 't3_4_5', 't3_5_10', 'dist3_12', 'dist3_17', 'dist5_11', 'dist6_17', 'dist7_14', 't3_7_16', 't4_7_8', 't6_7_9', 't8_9_17', 't3_5_7']",random_forest,9.993974736841905,5.599828161455522,4.410077214478355,1244,20,pca
cibak,mette,False,"['dist3_6', 'dist5_14', 'dist3_10', 'dist4_10', 'dist7_10', 't1_3_5', 't3_4_5', 'dist2_9', 'dist2_11', 'dist3_7', 'dist3_14', 'dist4_8', 'dist6_7', 'dist6_9', 'dist6_13', 'dist7_14', 'dist8_9', 'dist10_15', 'dist11_14', 'ang4_2_5']",random_forest,7.309931079042048,5.210731854145004,3.146692385135255,1245,20,pca
cibak,zewe,False,"['dist5_14', 'dist4_8', 'dist5_6', 'dist6_9', 't2_4_5', 't3_4_5', 't2_4_8', 't3_6_10', 'dist1_3', 'dist2_7', 'dist2_8', 'dist2_9', 'dist4_7', 'dist5_9', 'dist6_10', 'dist6_15', 'dist6_17', 'dist8_17', 't4_7_8', 't4_5_8']",random_forest,11.176815494255587,5.26396257299628,6.135093470970921,1246,20,pca
cibak,zewe,False,"['dist11_14', 'dist1_4', 'dist3_10', 'dist4_10', 'dist7_14', 't3_4_5', 'dist2_11', 'dist3_7', 'dist3_17', 'dist4_8', 'dist4_11', 'dist5_14', 't3_7_16', 't4_7_8', 't7_8_16', 't4_5_8', 't6_7_9', 't8_9_17', 't2_4_8', 't2_4_7']",random_forest,7.55305323258924,3.4637823076768814,4.185321736084176,1247,20,pca
cibak,gesa,False,"['dist2_11', 'dist5_14', 't2_4_8', 'dist1_8', 'dist2_8', 'dist3_10', 'dist4_12', 'dist8_16', 'dist11_16', 'dist12_16', 't3_7_16', 't4_7_8', 't4_5_8', 't7_8_17', 't8_9_17', 't3_4_5', 't13_14_17', 't13_14_16', 'dist1_3', 'dist1_4']",random_forest,10.652861658549904,5.051124819878016,5.6138738387885265,1248,20,pca
cibak,gesa,False,"['dist2_11', 'dist5_14', 'dist6_17', 'dist1_8', 'dist2_9', 'dist3_10', 'dist3_15', 'dist4_12', 'dist8_16', 'dist10_11', 'dist11_16', 'dist12_13', 'dist12_16', 't2_3_7', 't3_7_16', 't4_7_8', 't4_5_8', 't6_7_9', 't8_9_17', 't13_14_17']",random_forest,9.807524314944063,4.02952630870221,5.806059759332382,1249,20,pca
cibak,frida,False,"['dist8_16', 'dist8_14', 'dist3_9', 't1_3_5', 'dist1_2', 'dist1_3', 'dist5_6', 'dist9_10', 'dist3_8', 'dist13_14', 'dist13_17', 'ang3_2_4', 'ang2_4_3', 't7_8_16', 't13_14_17', 'dist7_9', 'dist7_13', 'dist14_16', 't3_5_7', 'ang4_2_4']",random_forest,12.249029371954062,4.673435186669656,10.136526897841911,1250,20,pca
cibak,frida,False,"['dist7_13', 'dist1_13', 'dist13_17', 'dist8_16', 'ang3_2_5', 'dist5_6', 'ang1_3_5', 't13_14_17', 'dist16_17', 'dist11_14', 'dist8_14', 'dist3_16', 'dist9_15', 'ang1_3_4', 't1_2_7', 'dist2_13', 'dist5_8', 'ang2_4_3', 't5_8_9', 'ang2_3_4']",random_forest,28.341934522657375,8.272602703942255,20.202362457574107,1251,20,pca
cibak,esta,False,"['dist8_16', 'dist1_13', 'dist7_9', 'dist9_15', 'ang6_10_4', 'dist9_17', 'dist4_8', 'dist7_13', 'dist11_15', 'dist9_12', 'dist10_12', 'dist6_9', 'dist10_15', 'dist2_16', 'ang2_1_4', 't5_8_9', 'dist3_8', 'dist4_9', 't2_3_7', 't7_8_16']",random_forest,10.611428780527744,4.504604668115564,7.695178921597473,1252,20,pca
cibak,esta,False,"['dist4_8', 't3_4_5', 'dist8_16', 'dist9_13', 'dist7_9', 't4_7_8', 'dist7_13', 'dist6_13', 'dist3_7', 'dist3_17', 'dist5_14', 'dist9_10', 'dist9_15', 'dist11_16', 'ang2_1_4', 't7_8_16', 't13_14_17', 'dist3_5', 'dist9_16', 'ang6_10_4']",random_forest,12.710883650881376,4.834382613302553,7.883346585951485,1253,20,pca
cibak,vladimir,False,"['ang6_9_10', 'dist15_17', 'dist1_8', 'ang4_9_5', 'dist11_15', 'dist4_13', 't3_4_5', 'dist1_6', 'dist10_11', 't5_6_10', 'dist1_17', 'dist6_9', 'dist6_16', 'dist1_9', 'dist2_16', 'dist7_14', 'dist11_16', 'dist1_2', 'dist1_4', 'ang2_4_5']",random_forest,15.448743469350566,1.910662961334636,14.571864508760585,1254,20,pca
cibak,vladimir,False,"['dist1_4', 'dist13_14', 'ang6_9_10', 'dist4_9', 'dist2_4', 'dist4_8', 'ang2_1_4', 'dist15_17', 'dist6_16', 'ang2_7_5', 'dist11_16', 'dist10_11', 'dist11_14', 'ang7_6_10', 'dist1_17', 'dist4_13', 't6_10_11', 'dist1_6', 'dist1_13', 'dist9_16']",random_forest,25.559519620610224,5.713579052858792,19.993150189965455,1255,20,pca
cibak,ecki,False,"['ang1_4_3', 'ang2_7_5', 'ang1_3_4', 'ang1_2_5', 'dist3_5', 'dist5_14', 'ang1_3_5', 'ang3_1_4', 'ang4_2_4', 'dist1_8', 'ang2_3_4', 'ang2_4_3', 'ang2_1_5', 'dist3_8', 'dist13_14', 'ang5_1_4', 'dist1_14', 'dist13_17', 'ang1_2_4', 'dist5_16']",random_forest,56.299535367768044,11.120512124915177,50.68014138888197,1256,20,pca
cibak,ecki,False,"['dist5_14', 'ang1_3_4', 'ang1_3_5', 'ang1_4_3', 'dist1_4', 'dist1_8', 'dist5_12', 'ang3_1_4', 'ang1_2_5', 'dist5_16', 't5_8_9', 'dist5_17', 'dist4_14', 'dist8_15', 'dist12_15', 'ang3_2_5', 'ang5_1_4', 'ang4_9_5', 't12_15_17', 'dist10_15']",random_forest,47.256028611648375,14.873936311097383,33.89150157911649,1257,20,pca
anton,sam,False,"['dist6_8', 'dist7_12', 'dist11_14', 'ang6_10_4', 'dist1_16', 'dist6_17', 'dist2_11', 'dist7_17', 'dist1_4', 'ang3_4_3', 't2_3_5', 'dist3_6', 'dist4_12', 'ang4_9_5', 't3_4_5', 'dist2_15', 'dist6_16', 'dist2_4', 't4_7_8', 'dist5_14']",random_forest,20.497752103374808,7.890634556322479,13.115894539481488,1258,20,pca
anton,sam,False,"['dist1_4', 'dist14_16', 'dist3_13', 'ang5_3_4', 'ang3_4_3', 'dist1_8', 'dist1_12', 'dist11_15', 'dist2_12', 'dist7_12', 'ang4_3_5', 'dist4_13', 'ang1_3_4', 't4_5_8', 'dist3_16', 'dist4_11', 'dist13_16', 'ang1_4_3', 'dist1_13', 'dist11_17']",random_forest,17.759130220416868,14.391547840521348,4.143411166306159,1259,20,pca
anton,rosie,False,"['dist5_14', 'dist1_3', 'ang5_3_4', 'ang1_3_5', 'ang1_4_5', 'ang2_4_5', 'dist1_2', 'dist1_4', 'dist3_12', 'dist11_16', 'dist12_13', 'dist12_14', 'dist12_16', 'dist13_15', 'dist13_17', 'dist3_5', 't2_4_7', 'dist4_5', 'dist1_8', 't2_4_5']",random_forest,27.509819375040767,9.998820480670439,17.65078121658639,1260,20,pca
anton,rosie,False,"['dist1_4', 'dist3_6', 'dist3_10', 'dist8_16', 'dist12_17', 't2_4_8', 'dist2_3', 'dist2_4', 'dist2_9', 'dist3_7', 'dist3_9', 'dist4_10', 'dist4_12', 'dist5_15', 'dist11_16', 'dist12_15', 't2_3_7', 't3_7_16', 't4_7_8', 't4_5_8']",random_forest,6.039410605746938,1.9038479051800044,4.21679350435879,1261,20,pca
anton,otella,False,"['dist2_11', 'dist11_14', 'dist1_4', 'dist4_13', 'dist7_12', 'dist12_14', 't2_4_7', 'dist1_3', 'dist1_8', 'dist2_13', 'dist4_7', 'dist4_12', 'dist7_11', 'dist7_15', 'dist9_15', 'dist10_11', 'dist11_16', 'dist12_15', 'dist12_16', 'dist12_17']",random_forest,5.051013104536951,2.512690717251007,2.567455956222532,1262,20,pca
anton,otella,False,"['t2_4_8', 'dist2_4', 'dist11_16', 'dist12_13', 'dist15_16', 't2_5_6', 'dist7_12', 'dist2_5', 'dist3_15', 'dist4_11', 'dist4_12', 'dist4_13', 'dist6_8', 'dist7_15', 'dist10_11', 'dist12_15', 'dist12_17', 'ang6_9_10', 't4_7_8', 't7_8_16']",random_forest,14.871192499411944,4.538186816905651,10.351520067459026,1263,20,pca
anton,japet,False,"['dist3_8', 'ang4_3_5', 't3_5_10', 'dist3_14', 'ang3_1_4', 'dist2_9', 'dist3_9', 'dist3_13', 'dist14_16', 'ang3_1_5', 'ang2_4_5', 'ang5_3_4', 't2_3_5', 't3_4_5', 't2_3_8', 't2_5_10', 'dist2_14', 'dist7_11', 'dist8_16', 'dist7_13']",random_forest,16.120669371545794,12.84518795245738,10.197428305644253,1264,20,pca
anton,japet,False,"['ang3_4_3', 'dist9_11', 'ang1_3_4', 't3_5_10', 'dist4_14', 'ang1_4_5', 'ang5_3_4', 'dist3_7', 'dist7_13', 'dist3_9', 'dist3_13', 'dist4_9', 'ang4_3_5', 'ang6_4_10', 't5_8_9', 'dist3_5', 'ang3_1_4', 'dist5_17', 't8_9_17', 't2_4_8']",random_forest,16.812316826769585,10.456103966019453,8.519048329739393,1265,20,pca
anton,ducky,False,"['t4_5_8', 'dist14_16', 'dist8_14', 'dist2_4', 'dist2_7', 't5_8_9', 't3_5_10', 't3_4_5', 't2_5_9', 'ang2_4_5', 'dist5_17', 'dist2_9', 'dist2_17', 'dist3_7', 'dist3_15', 'dist4_8', 'dist5_8', 'dist5_16', 'ang2_1_4', 't2_3_7']",random_forest,16.11572741486988,8.807295228108755,11.874416660566606,1266,20,pca
anton,ducky,False,"['t3_5_10', 'dist8_14', 'dist14_16', 'ang4_3_5', 't3_4_5', 'dist2_14', 'dist3_5', 'dist3_14', 'dist3_15', 'dist5_10', 'dist5_16', 'dist9_14', 'ang1_4_5', 'ang2_4_5', 'dist3_9', 'dist5_9', 'dist7_13', 'dist7_15', 'dist10_15', 'dist12_15']",random_forest,21.762238055855246,13.10782491341486,11.716253218627182,1267,20,pca
anton,nuernberg_2,False,"['dist2_16', 'dist1_4', 'dist12_17', 'dist13_16', 'dist4_13', 'ang6_10_4', 't7_8_17', 't2_4_5', 'dist3_13', 'dist1_8', 'dist1_16', 'dist2_3', 't12_15_17', 'dist12_15', 'dist6_16', 'dist13_14', 'ang3_4_3', 'dist12_16', 'dist7_12', 'dist6_8']",random_forest,14.255857018163441,10.904706508653693,4.393053193135672,1268,20,pca
anton,nuernberg_2,False,"['dist1_4', 't2_4_5', 't3_6_10', 'dist5_14', 'dist7_10', 't7_8_17', 'dist2_3', 'dist2_4', 'dist3_16', 'dist8_9', 'dist8_10', 't3_7_16', 'dist3_6', 't13_14_16', 'dist5_13', 'dist7_15', 'dist12_15', 'ang6_10_4', 't3_5_7', 't2_5_6']",random_forest,10.466712838196454,10.11584979638501,0.9705376118185354,1269,20,pca
anton,nokia,False,"['ang2_4_5', 'dist15_17', 'ang4_2_5', 'dist2_16', 'dist11_15', 'dist5_10', 'ang1_3_4', 'ang1_4_5', 'dist11_16', 'ang3_1_4', 'dist9_15', 'dist4_11', 'dist10_15', 'ang3_4_3', 'dist3_6', 'ang6_4_10', 'dist2_9', 't13_14_16', 'dist4_10', 'dist16_17']",random_forest,24.212422688387125,8.706810564798243,16.228682087233256,1270,20,pca
anton,nokia,False,"['ang4_9_5', 'ang1_4_5', 'ang2_4_5', 'ang3_4_3', 'dist11_12', 'dist4_13', 'dist14_16', 'ang1_3_4', 'dist2_4', 'ang4_2_5', 'dist4_9', 'ang3_4_5', 'ang3_1_4', 't13_14_16', 'ang4_3_5', 't8_9_17', 'dist5_14', 'dist11_17', 't5_8_9', 'dist9_15']",random_forest,37.10656275950863,18.087060193800383,19.043968242290717,1271,20,pca
anton,noel,False,"['dist7_8', 't7_8_9', 't2_4_5', 'dist1_13', 't7_8_17', 'dist5_15', 'ang1_3_5', 'dist2_4', 'dist14_16', 'dist7_13', 'dist1_3', 't7_8_16', 'dist6_8', 'dist3_16', 'dist1_2', 't2_3_5', 'dist7_17', 'dist11_13', 'ang2_3_4', 'ang1_4_3']",random_forest,20.362771046640884,7.4811388167377615,13.819782279360506,1272,20,pca
anton,noel,False,"['t7_8_17', 'dist7_8', 'dist5_15', 'ang4_9_5', 'dist4_13', 't7_8_9', 'dist11_15', 'dist2_4', 'dist8_17', 'dist1_8', 'dist7_10', 'dist5_16', 'dist12_13', 'ang1_3_5', 'dist1_16', 'dist5_7', 'dist6_8', 'dist14_16', 't2_4_5', 'ang7_6_10']",random_forest,12.716965671752765,5.188505401621829,10.657805997561614,1273,20,pca
anton,matysek,False,"['dist7_10', 'dist1_12', 'dist7_12', 'dist9_10', 'dist6_15', 'dist12_15', 'dist8_15', 'dist5_17', 'dist1_5', 'dist4_11', 'dist5_8', 'dist8_12', 'dist12_14', 'dist13_14', 'dist2_11', 'dist2_16', 'dist4_16', 'dist7_11', 'dist10_17', 'dist11_17']",random_forest,2.1793872503593117,1.5531367754304626,0.6980231801959341,1274,20,pca
anton,matysek,False,"['dist5_9', 'dist7_10', 'dist1_4', 'dist8_12', 'dist5_8', 'dist1_6', 'dist5_10', 'dist7_12', 'dist9_11', 'dist11_14', 'dist13_14', 't5_8_9', 'ang4_2_4', 't2_4_5', 't3_5_10', 'dist4_16', 'dist10_11', 'ang4_1_5', 'dist2_9', 'dist12_15']",random_forest,3.604631405589436,2.884654272301285,4.03516781504619,1275,20,pca
anton,lucka,False,"['dist6_17', 'dist1_3', 'dist12_15', 'ang6_10_4', 't2_4_8', 'dist1_4', 'dist1_8', 'dist2_3', 'dist2_4', 'dist2_14', 'dist4_12', 'dist5_9', 'dist5_16', 'dist7_14', 'dist13_16', 'ang2_4_5', 't4_7_8', 't3_4_16', 't7_8_16', 't6_7_9']",random_forest,19.238459678164233,14.249573460894634,8.34825827818523,1276,20,pca
anton,lucka,False,"['dist1_8', 'dist13_14', 't2_4_5', 'dist6_17', 'dist7_12', 't7_8_16', 't12_15_17', 'dist1_4', 'dist1_15', 'dist2_3', 'dist2_4', 'dist2_8', 'dist2_14', 'dist5_16', 'dist6_16', 'dist9_12', 'dist10_11', 'dist10_12', 'dist12_15', 'dist13_17']",random_forest,9.965447867755262,2.801330623450311,7.191997748637124,1277,20,pca
anton,nuernberg_1,False,"['t7_8_17', 'dist1_8', 'dist7_8', 'dist6_8', 'dist4_8', 'dist8_17', 'dist7_17', 'dist14_16', 'ang1_3_4', 'dist6_17', 'dist5_6', 'dist5_7', 'dist9_11', 'dist11_15', 'ang4_9_5', 't2_3_7', 't7_8_16', 't6_7_17', 'dist4_16', 'dist11_12']",random_forest,10.441545720697457,4.039542468781911,6.8688041691543305,1278,20,pca
anton,nuernberg_1,False,"['t7_8_17', 'dist11_15', 'dist5_8', 'dist5_7', 'dist6_8', 'dist7_15', 't5_8_9', 'dist2_4', 'dist5_12', 'dist5_16', 'dist7_12', 'dist8_17', 'dist11_16', 'dist13_15', 'ang6_10_4', 't7_8_16', 't3_5_7', 't3_6_10', 't8_9_17', 'dist7_17']",random_forest,13.640025367902801,6.3426278011921,7.431148025868778,1279,20,pca
anton,leni,False,"['t2_3_7', 'dist7_13', 't13_14_17', 'dist15_17', 'dist9_15', 'ang4_2_4', 'dist1_13', 'dist3_5', 'dist3_16', 'dist4_8', 'dist5_9', 'dist10_11', 'dist11_12', 'dist14_16', 'ang1_3_5', 'dist3_6', 'ang2_3_4', 't4_7_8', 'dist4_10', 'dist3_10']",random_forest,13.02229463146065,5.357449245406041,10.574883551631688,1280,20,pca
anton,leni,False,"['dist7_13', 'dist1_9', 'dist1_10', 'dist5_9', 'dist5_17', 'dist1_17', 'dist15_17', 't3_4_5', 't2_3_7', 'dist2_17', 'dist3_10', 'dist11_12', 't1_2_7', 'dist14_16', 'dist4_10', 'dist11_15', 'dist10_11', 'dist6_12', 'dist9_11', 'dist3_5']",random_forest,1.3096282392655638,1.9680778872023967,2.0856978985648156,1281,20,pca
anton,innsbruck_1,False,"['t3_5_10', 'dist7_13', 't2_4_7', 'dist3_7', 'dist3_10', 'dist4_10', 'dist8_14', 'ang6_10_4', 't1_2_7', 'dist2_9', 'dist2_14', 'dist3_17', 'dist4_8', 'dist4_9', 'dist9_11', 'dist16_17', 't2_3_7', 't3_7_16', 't5_8_9', 't2_4_5']",random_forest,12.752817587071055,3.3344999391085652,12.16579769771779,1282,20,pca
anton,innsbruck_1,False,"['ang1_3_4', 'dist3_8', 'dist3_17', 'ang4_3_5', 'ang1_4_3', 'ang3_4_3', 't2_5_9', 't1_2_7', 'dist13_17', 'ang3_1_4', 'dist1_2', 'dist2_14', 'dist3_9', 'dist7_13', 'dist14_16', 'ang1_2_5', 'ang2_4_5', 'ang5_3_4', 'dist7_8', 'dist2_11']",random_forest,30.515434223425345,15.865303339672513,16.630630402602677,1283,20,pca
anton,shorfy,False,"['dist1_8', 'dist1_4', 'dist5_14', 'dist6_17', 't2_4_8', 'dist2_3', 'dist2_4', 'dist2_8', 'dist2_9', 'dist2_11', 'dist3_10', 'dist4_12', 'dist7_13', 'dist11_16', 'dist12_15', 't3_7_16', 't4_5_8', 't6_7_9', 't7_8_17', 't8_9_17']",random_forest,6.149177523325102,2.1557467770499352,4.048454068289694,1284,20,pca
anton,shorfy,False,"['dist1_8', 'dist1_4', 'dist3_10', 'dist6_17', 'dist8_9', 't2_4_5', 'dist1_3', 'dist1_16', 'dist2_3', 'dist2_4', 'dist3_4', 'dist3_9', 'dist4_12', 'dist5_14', 'dist6_8', 'dist7_12', 'dist11_16', 'dist11_17', 'dist12_17', 'dist13_17']",random_forest,5.573346830496659,2.3878005281512653,3.279879700862805,1285,20,pca
anton,paulinchen,False,"['dist14_16', 'ang1_4_5', 'dist8_9', 'ang6_10_4', 'dist3_11', 'dist13_14', 'dist4_7', 'dist8_17', 'dist12_13', 'dist7_16', 'dist11_15', 'dist10_16', 'dist9_11', 'ang1_3_4', 'dist1_11', 'dist7_11', 'dist11_12', 'ang3_4_3', 't1_3_5', 'dist3_15']",random_forest,7.940746243423325,7.26257316648561,3.845882836538932,1286,20,pca
anton,paulinchen,False,"['dist10_11', 'dist14_16', 'dist7_15', 'dist4_10', 'dist2_11', 't7_8_9', 'ang2_4_5', 'dist7_13', 'ang7_6_10', 't1_2_7', 'dist12_14', 'dist1_7', 'dist3_15', 'dist4_11', 'dist4_14', 'ang6_9_10', 'dist7_17', 'dist7_10', 'ang4_3_5', 't13_14_15']",random_forest,11.232968864477948,8.602592966431244,4.469858455736034,1287,20,pca
anton,mette,False,"['dist5_14', 'dist1_4', 'dist1_8', 'dist2_11', 'dist3_7', 'dist6_17', 'dist11_16', 't2_3_7', 'dist1_16', 'dist4_10', 'dist4_11', 'dist4_12', 'dist7_8', 'dist7_12', 'dist8_10', 'dist9_10', 'dist10_14', 'dist12_14', 'dist12_16', 't3_7_16']",random_forest,4.262442338144736,1.790277000703988,2.473219928351625,1288,20,pca
anton,mette,False,"['dist1_4', 'dist1_8', 'dist3_10', 'dist6_17', 'dist1_16', 'dist3_6', 'dist3_9', 'dist4_10', 'dist4_11', 'dist4_12', 'dist5_14', 'dist6_13', 'dist7_15', 'dist10_14', 'dist11_16', 'dist12_15', 'dist12_16', 'ang2_4_5', 't3_7_16', 't6_7_9']",random_forest,10.995245629099902,8.313009468360903,3.1466719115413326,1289,20,pca
anton,zewe,False,"['dist1_8', 't3_4_5', 'dist7_10', 't7_8_17', 'dist1_4', 'dist1_10', 'dist4_9', 'dist4_10', 't2_4_8', 'dist1_16', 'dist2_3', 'dist2_4', 'dist2_14', 'dist3_9', 'dist5_14', 'dist6_10', 'dist8_16', 'dist16_17', 't4_7_8', 't6_7_9']",random_forest,5.576823647704363,2.5510692372539543,3.132743487686876,1290,20,pca
anton,zewe,False,"['dist1_4', 'dist1_8', 'dist2_4', 'dist3_10', 'dist6_17', 't4_5_8', 't2_4_5', 't2_4_8', 'dist1_16', 'dist4_12', 'dist7_10', 'dist8_10', 'dist10_14', 'ang1_4_5', 'ang3_4_3', 't2_3_7', 't4_7_8', 't1_6_7', 't6_7_9', 't7_8_17']",random_forest,17.500162596398468,7.6246128466710665,9.87915117906107,1291,20,pca
anton,gesa,False,"['dist2_11', 'dist1_4', 'dist3_10', 'dist3_6', 'dist3_7', 'dist3_15', 'dist4_12', 'dist7_12', 'dist7_15', 'dist10_11', 'dist11_16', 'dist11_17', 'dist12_14', 'dist12_15', 'dist12_16', 'dist12_17', 'ang3_4_3', 't3_7_16', 't4_7_8', 't7_8_16']",random_forest,10.445857243140265,6.49345579067709,4.7250362472289575,1292,20,pca
anton,gesa,False,"['dist1_8', 'dist2_11', 'dist3_10', 'dist7_12', 't2_4_7', 'dist1_4', 'dist1_16', 'dist2_8', 'dist4_8', 'dist4_12', 'dist6_17', 'dist7_15', 'dist11_16', 'dist11_17', 'dist12_13', 'dist12_14', 'dist12_16', 'ang3_4_3', 't3_7_16', 't6_7_9']",random_forest,13.654502438388048,9.454164261517176,5.173397325105238,1293,20,pca
anton,frida,False,"['dist10_16', 'dist3_9', 'dist2_3', 'dist9_16', 'dist4_10', 'dist4_9', 'dist6_9', 't3_5_10', 'dist3_8', 'dist3_10', 'dist4_11', 'dist6_11', 'ang1_3_5', 'ang4_3_5', 'dist8_13', 'dist1_4', 'dist3_15', 'ang3_2_5', 'dist10_14', 'dist3_5']",random_forest,11.743989526702059,5.8806401119171845,10.204948182912828,1294,20,pca
anton,frida,False,"['dist4_9', 'ang1_4_5', 'dist3_9', 'dist5_14', 'ang2_4_5', 'dist3_17', 'dist1_4', 'dist1_8', 'dist3_8', 'dist9_16', 't2_4_8', 't6_9_17', 'ang1_3_5', 'dist1_3', 'dist6_9', 't3_5_7', 'dist9_14', 'dist5_8', 'dist11_16', 'ang6_9_10']",random_forest,25.6853975351423,14.05800075619661,13.737395952125443,1295,20,pca
anton,esta,False,"['dist4_9', 'ang2_4_5', 'dist4_10', 'dist4_11', 'dist9_11', 'dist3_10', 'dist3_6', 'dist5_14', 'dist11_14', 'dist12_16', 'ang1_4_5', 't2_4_8', 't3_5_7', 'dist7_16', 'dist4_17', 'dist6_8', 'dist10_14', 'dist1_13', 't2_4_5', 'dist2_15']",random_forest,15.297168371052832,11.08281365994217,4.339659975929807,1296,20,pca
anton,esta,False,"['dist3_6', 'dist3_10', 't3_5_10', 't3_6_10', 'ang2_4_5', 'dist3_9', 'dist4_10', 'dist4_11', 'dist5_14', 't3_4_5', 't2_4_8', 'dist3_8', 'dist5_6', 'dist1_3', 'dist10_14', 'dist1_4', 'dist4_8', 'dist6_13', 'dist9_16', 'dist10_16']",random_forest,18.92102725877427,11.322883273958716,7.747643599933782,1297,20,pca
anton,cibak,False,"['ang6_10_4', 'dist10_15', 'dist2_9', 'dist9_11', 'dist2_8', 'dist8_16', 'ang3_4_3', 'dist5_8', 'dist1_4', 'dist9_16', 'ang4_9_5', 'dist9_15', 'ang1_3_4', 'ang4_2_4', 'dist11_17', 'dist5_12', 't3_7_16', 'dist1_8', 'dist1_15', 'dist6_9']",random_forest,14.657804219302788,7.6895063669072306,8.024092693913559,1298,20,pca
anton,cibak,False,"['t2_3_7', 'dist2_9', 'dist8_14', 'dist3_7', 'dist6_9', 'dist3_8', 'dist1_9', 'ang6_10_4', 'dist8_16', 'dist14_15', 'dist1_4', 'dist14_17', 'dist4_8', 'ang4_9_5', 'dist1_15', 'dist9_16', 'dist1_8', 'ang3_4_3', 'dist9_17', 'dist7_10']",random_forest,13.100910128501823,6.307097437669018,7.271743489983855,1299,20,pca
anton,vladimir,False,"['t2_4_5', 'dist1_9', 'dist2_9', 'dist5_15', 't2_4_7', 'dist5_9', 'dist7_13', 'ang4_9_5', 't7_8_17', 'dist15_17', 'dist2_8', 'dist2_16', 'dist6_11', 'dist9_13', 'dist10_11', 'dist13_16', 'dist1_17', 'ang6_10_4', 'ang4_1_5', 'ang6_4_10']",random_forest,15.390113370487553,6.547384167316439,10.080297339400394,1300,20,pca
anton,vladimir,False,"['dist12_13', 'dist11_14', 'dist6_15', 'dist2_8', 'dist8_12', 'dist15_16', 'dist15_17', 'dist3_8', 'dist2_9', 'dist2_17', 'dist4_11', 'dist5_11', 'dist7_15', 'dist10_11', 'dist10_15', 'ang1_2_4', 't6_10_11', 'dist7_12', 't12_15_17', 'dist5_12']",random_forest,6.594029911982784,11.004714950546246,6.012202198080559,1301,20,pca
anton,ecki,False,"['dist5_10', 'ang1_3_5', 'dist5_7', 'ang1_3_4', 'ang1_4_3', 'ang3_1_4', 'dist5_14', 'dist5_12', 'dist5_17', 'ang3_2_5', 'ang5_3_4', 'dist1_4', 'dist5_9', 'dist7_14', 'ang2_1_5', 'ang3_1_5', 'ang2_3_4', 'ang4_9_5', 't4_5_8', 't5_9_10']",random_forest,38.02937426496227,8.50378290910075,44.82502733064008,1302,20,pca
anton,ecki,False,"['dist5_14', 'ang2_3_4', 'ang1_3_5', 'ang1_3_4', 'ang1_4_3', 'dist5_10', 'ang1_2_5', 'dist3_5', 'ang3_2_5', 'ang3_1_4', 'dist5_6', 'ang4_3_5', 'ang2_4_3', 'ang4_9_5', 't3_4_5', 'dist1_8', 'dist6_9', 'dist12_15', 'ang2_1_5', 'dist7_9']",random_forest,41.38374983007151,4.757618228092386,46.08952256361516,1303,20,pca
vladimir,zewe,False,"['dist5_14', 'dist1_4', 't2_5_10', 't3_5_10', 'dist2_3', 'dist2_8', 'dist3_10', 't1_3_5', 'dist1_8', 'dist2_4', 'dist2_9', 'dist2_17', 'dist3_5', 'dist3_8', 'dist8_14', 'dist10_14', 'dist12_15', 'dist13_14', 't3_4_16', 't4_5_8']",random_forest,8.699981685890783,2.238424311580375,6.637796295683626,1304,20,pca
vladimir,zewe,False,"['dist1_8', 'dist1_4', 'dist2_4', 'dist2_8', 'dist7_13', 'dist12_15', 't1_2_7', 't2_5_10', 'dist2_3', 'dist2_9', 'dist3_9', 'dist4_8', 'dist4_10', 'dist4_14', 'dist8_14', 'dist9_16', 'dist13_14', 'dist13_16', 'dist13_17', 'ang6_10_4']",random_forest,8.002562722539187,3.8160834141323607,4.34703775444588,1305,20,pca
ecki,sam,False,"['dist1_4', 'dist1_8', 'dist6_17', 't12_15_17', 'dist6_16', 'dist12_17', 'dist1_16', 'dist4_11', 'dist4_12', 'dist4_14', 'dist6_9', 'dist12_15', 'dist13_14', 'ang3_1_4', 'ang1_3_4', 'ang2_3_4', 'ang3_4_3', 't7_8_16', 't7_8_17', 't2_4_8']",random_forest,47.11087262599338,34.233916020187934,12.88848475418704,1306,20,pca
ecki,sam,False,"['dist5_7', 'ang3_1_4', 'ang1_3_4', 'dist7_8', 'ang1_4_3', 't4_7_8', 'dist1_16', 'dist5_14', 'dist12_15', 'ang2_3_4', 'ang3_4_3', 't7_8_16', 't7_8_17', 'dist1_5', 'dist5_6', 'dist16_17', 'ang3_2_5', 'ang2_1_4', 'ang5_3_4', 'dist1_8']",random_forest,52.383988300750204,40.06802820007656,12.650547156864267,1307,20,pca
ecki,rosie,False,"['ang4_9_5', 'ang1_3_4', 'ang1_4_3', 'dist4_10', 'dist1_8', 'dist2_13', 'dist5_10', 'ang3_4_3', 'dist6_17', 'dist6_9', 'dist7_10', 'dist5_15', 'ang3_4_5', 'ang3_1_4', 't3_7_16', 'dist1_16', 'dist4_12', 'dist11_16', 'dist9_15', 'ang2_4_5']",random_forest,44.65505598329073,33.25216365348857,17.761004815975248,1308,20,pca
ecki,rosie,False,"['dist4_10', 'ang1_3_4', 'dist5_10', 'ang4_9_5', 'dist1_8', 'dist5_15', 'ang2_4_5', 'ang1_4_3', 'ang3_4_3', 'ang1_2_5', 'dist1_4', 'dist2_11', 'dist2_13', 'dist4_8', 'dist4_11', 'dist7_12', 'dist12_16', 'ang1_3_5', 'ang2_1_4', 'ang3_1_4']",random_forest,40.9569309882569,35.4369311194193,12.889494596271248,1309,20,pca
ecki,otella,False,"['dist1_8', 'ang3_1_4', 'dist2_14', 'dist15_17', 'ang1_3_4', 't8_9_17', 'dist1_4', 'dist5_15', 'dist6_8', 'dist6_9', 'dist6_15', 'dist6_17', 'dist7_9', 'dist7_14', 'dist8_15', 'dist11_16', 'dist12_15', 'dist14_16', 'ang2_3_4', 't6_7_9']",random_forest,30.388960442556957,32.30989172070824,1.921466271917953,1310,20,pca
ecki,otella,False,"['dist1_8', 'dist1_4', 'dist2_11', 'dist6_17', 'ang2_3_4', 'dist1_15', 'dist4_12', 'dist7_10', 'dist7_15', 'dist9_15', 'dist11_15', 'dist11_16', 'dist12_15', 'dist12_16', 'dist12_17', 'ang1_2_5', 'ang1_2_4', 'ang2_7_5', 't3_7_16', 't5_8_9']",random_forest,27.037377657356313,28.56749830756015,4.7755355888996425,1311,20,pca
ecki,japet,False,"['dist5_14', 't3_4_5', 'dist3_8', 'dist3_14', 'dist11_14', 'dist14_16', 'ang3_1_4', 'ang4_9_5', 'ang2_7_5', 't2_4_5', 't3_5_10', 't13_14_15', 'dist2_14', 'dist2_17', 'dist3_15', 'dist4_8', 'dist5_9', 'dist5_16', 'dist7_12', 'dist12_13']",random_forest,34.16439665145916,25.19855783740353,16.260859636055415,1312,20,pca
ecki,japet,False,"['dist5_14', 'ang1_2_5', 'ang3_1_4', 't3_4_5', 'dist1_16', 'dist3_5', 'dist14_16', 'ang2_3_4', 'ang1_4_3', 't2_4_5', 't3_5_10', 'dist1_8', 'dist3_17', 'dist5_10', 'dist5_12', 'dist5_16', 'dist14_15', 'ang2_1_5', 'ang3_2_5', 'ang1_3_5']",random_forest,48.0808297941108,37.47289316799746,10.819510637024706,1313,20,pca
ecki,nuernberg_2,False,"['ang2_3_4', 'ang1_4_3', 'dist3_8', 'dist1_16', 'dist1_8', 'dist5_6', 'dist13_14', 'ang1_3_4', 'dist3_13', 'dist1_4', 'dist1_15', 'dist2_4', 'dist6_9', 'dist6_16', 'ang3_1_5', 'ang3_2_5', 'ang4_3_5', 'ang5_3_4', 'ang3_4_3', 't7_8_16']",random_forest,50.18529482881559,44.83026409304027,5.5549062484619105,1314,20,pca
ecki,nuernberg_2,False,"['ang3_1_4', 'ang1_3_4', 'ang1_4_3', 'ang3_2_5', 'ang2_3_4', 'ang3_4_3', 'dist3_13', 'dist4_14', 'dist1_15', 'dist4_10', 'dist7_12', 'dist12_15', 'ang2_1_4', 'ang5_3_4', 'dist1_8', 'dist10_16', 'ang4_3_5', 't4_5_8', 'dist4_16', 'dist6_8']",random_forest,47.28013499143245,41.331078553213636,6.6567170176401245,1315,20,pca
ecki,nokia,False,"['dist5_14', 'dist4_9', 'dist4_10', 'ang1_4_3', 'dist11_15', 'ang2_1_5', 'ang1_2_5', 'ang1_3_5', 'ang2_4_5', 'ang3_1_4', 'ang1_3_4', 'ang3_4_3', 'ang4_9_5', 'ang2_7_5', 'dist5_10', 'dist1_4', 'dist5_12', 'dist5_17', 'ang4_2_5', 'ang4_3_5']",random_forest,61.821781530166874,43.39171253656317,19.024053364219508,1316,20,pca
ecki,nokia,False,"['dist5_14', 'dist5_12', 'ang2_4_5', 'ang1_2_4', 'ang1_3_4', 'ang1_4_3', 't4_7_8', 'dist1_4', 'dist2_3', 'dist2_13', 'dist3_5', 'dist4_9', 'dist4_14', 'dist7_9', 'dist11_16', 'ang2_1_5', 'ang1_2_5', 'ang4_2_5', 'ang1_3_5', 'ang3_1_4']",random_forest,51.889771506812785,33.94389147047767,19.315793188279425,1317,20,pca
ecki,noel,False,"['dist1_8', 'dist6_9', 'dist2_4', 'dist2_14', 'dist4_13', 'dist7_8', 'dist1_4', 'dist1_9', 'dist6_8', 'dist7_16', 'dist12_15', 'dist13_14', 'ang1_3_4', 'ang2_3_4', 't7_8_17', 'dist3_8', 'dist6_10', 'dist7_10', 'ang1_3_5', 'ang4_2_4']",random_forest,44.06698537555034,31.384597140273886,12.772859554583649,1318,20,pca
ecki,noel,False,"['dist1_8', 'dist4_13', 'ang1_3_4', 'dist2_14', 'dist6_8', 'dist6_10', 'ang2_3_4', 'ang1_4_3', 't6_7_9', 'dist1_15', 'dist5_6', 'dist6_9', 'dist6_15', 'dist9_11', 'dist11_15', 'dist12_15', 'ang3_2_5', 'ang1_3_5', 'ang3_1_4', 'ang3_4_3']",random_forest,54.41836103381164,39.273871561369866,15.498435214184202,1319,20,pca
ecki,matysek,False,"['t13_14_15', 't7_8_16', 'dist1_8', 'dist1_15', 'dist1_16', 'dist2_7', 'dist4_12', 'dist5_10', 'dist7_12', 'dist7_16', 'dist8_10', 'dist9_12', 'dist10_16', 'dist10_17', 'dist12_13', 'dist15_17', 'ang1_3_5', 'ang3_1_4', 'ang2_4_3', 'ang4_9_5']",random_forest,19.45185634518832,15.868170713742302,3.740801442226298,1320,20,pca
ecki,matysek,False,"['dist5_10', 'dist5_9', 'ang2_7_5', 'dist8_15', 'dist15_17', 'dist4_7', 'dist4_16', 'dist7_14', 'dist3_13', 'dist1_4', 'dist2_7', 'dist5_14', 'dist5_17', 'dist13_15', 'ang2_1_4', 'ang1_3_4', 'ang4_9_5', 't2_3_7', 't5_8_9', 'dist9_10']",random_forest,41.47139684691745,31.50870957547684,11.97934863692938,1321,20,pca
ecki,lucka,False,"['dist1_8', 'dist6_17', 'dist12_15', 'dist1_3', 'dist2_3', 'dist2_4', 'dist2_11', 'dist2_14', 'dist3_10', 'dist4_12', 'dist9_12', 'dist10_11', 'dist10_15', 'dist15_17', 'ang3_4_3', 't2_4_8', 't2_4_7', 't13_14_17', 'dist1_4', 'dist1_10']",random_forest,17.86547788511229,17.18967646614057,6.545307934945565,1322,20,pca
ecki,lucka,False,"['dist1_8', 'ang3_1_4', 't2_4_7', 'dist1_3', 'dist1_4', 'dist2_3', 'dist2_4', 'dist2_14', 'dist3_13', 'dist4_12', 'dist5_7', 'dist5_16', 'dist9_12', 'dist9_15', 'dist10_15', 'dist12_15', 't4_7_8', 't1_3_5', 't2_4_5', 't2_4_8']",random_forest,11.052555530077544,8.159886411980446,7.547144114454349,1323,20,pca
ecki,nuernberg_1,False,"['dist1_8', 'dist1_4', 'dist5_14', 'dist6_8', 'dist6_17', 'dist7_10', 'ang1_3_4', 'dist2_3', 'dist2_4', 'dist4_14', 'dist5_16', 'dist11_16', 'dist12_15', 'dist13_14', 'ang2_3_4', 't6_10_11', 't13_14_15', 'dist1_3', 'dist1_9', 'dist1_10']",random_forest,37.40012282605621,33.166025372862755,4.305371624331273,1324,20,pca
ecki,nuernberg_1,False,"['dist1_8', 'dist1_4', 'dist6_17', 'ang1_3_4', 't3_7_16', 'dist2_11', 'dist2_14', 'dist4_12', 'dist5_14', 'dist5_16', 'dist7_15', 'dist12_15', 'dist13_14', 'dist15_17', 'ang3_1_4', 'ang2_3_4', 'ang6_10_4', 't8_9_17', 't2_4_7', 't13_14_15']",random_forest,33.141268846287026,28.62919587683827,5.119333599140628,1325,20,pca
ecki,leni,False,"['t3_5_10', 'dist5_14', 'dist8_14', 'dist3_8', 'ang1_4_3', 'dist1_13', 'dist3_10', 'dist7_13', 'ang1_3_5', 'ang1_3_4', 'ang2_3_4', 'dist5_17', 'dist3_15', 'dist3_17', 'dist9_16', 'dist10_14', 'dist12_13', 'ang3_1_4', 't2_3_7', 'ang3_2_5']",random_forest,44.925387650320964,39.757584615439406,6.840399877542096,1326,20,pca
ecki,leni,False,"['dist5_14', 'dist7_8', 'dist1_15', 'dist2_13', 'ang1_2_5', 'ang3_1_4', 'ang1_3_4', 'ang2_3_4', 'ang1_4_3', 't3_4_5', 't12_15_17', 'dist12_15', 'dist2_8', 'dist2_17', 'dist3_16', 'dist4_14', 'dist5_6', 'dist5_12', 'dist9_12', 'ang2_1_5']",random_forest,38.805255487414385,41.14650047085161,3.0994028668204296,1327,20,pca
ecki,innsbruck_1,False,"['dist5_14', 't3_4_5', 'dist1_4', 'dist6_9', 'dist6_16', 'dist7_8', 'dist14_16', 'ang1_2_5', 'ang3_1_4', 'ang2_3_4', 'dist3_17', 'dist1_13', 'dist1_16', 'dist2_13', 'dist3_5', 'dist4_14', 'dist6_17', 'ang2_1_5', 'ang3_4_5', 'ang1_2_4']",random_forest,46.05347217805264,33.24200142296922,15.631984455697948,1328,20,pca
ecki,innsbruck_1,False,"['ang1_2_5', 'dist2_8', 'dist8_14', 'dist1_13', 'dist3_8', 'dist14_16', 'ang2_1_5', 'ang1_3_5', 'ang3_1_4', 'ang1_4_3', 't2_3_5', 't3_4_5', 'dist5_14', 'dist3_5', 'dist3_9', 'dist3_17', 'dist7_13', 'dist9_11', 'dist12_17', 'dist13_17']",random_forest,39.574347894841914,25.206290228222407,14.709216498401569,1329,20,pca
ecki,shorfy,False,"['dist1_8', 'dist2_11', 't2_4_8', 'dist1_4', 'dist2_4', 'dist3_6', 'dist4_12', 'dist6_17', 'dist7_12', 'dist11_16', 'dist12_15', 'ang2_3_4', 'ang3_4_3', 't2_3_7', 't3_7_16', 't6_7_9', 't8_9_17', 't2_4_7', 't3_5_10', 't13_14_17']",random_forest,26.42780210189142,28.96049804063673,2.9288959781654613,1330,20,pca
ecki,shorfy,False,"['dist1_8', 'dist2_11', 'dist1_3', 'dist1_4', 'dist1_16', 'dist2_4', 'dist2_13', 'dist4_12', 'dist8_9', 'dist9_15', 'dist11_16', 'dist12_15', 'dist12_17', 'ang3_1_4', 'ang3_4_3', 't6_7_9', 't8_9_17', 't1_3_5', 't13_14_17', 't12_15_17']",random_forest,21.221677522437727,19.08264895296839,8.760884228292381,1331,20,pca
ecki,paulinchen,False,"['ang1_3_4', 't4_7_8', 'dist2_12', 'dist4_7', 'ang3_4_3', 'dist1_4', 'dist2_11', 'dist2_13', 'dist3_12', 'dist3_13', 'dist4_11', 'dist4_12', 'dist4_13', 'dist6_16', 'dist6_17', 'dist7_15', 'dist8_10', 'dist8_17', 'dist11_16', 'ang4_3_5']",random_forest,23.514566997638173,28.08580300465259,6.496211317947104,1332,20,pca
ecki,paulinchen,False,"['ang4_9_5', 'dist2_11', 'ang1_2_5', 't4_7_8', 'dist1_4', 'dist1_12', 'dist2_12', 'dist4_7', 'dist4_12', 'dist5_7', 'dist5_9', 'dist5_15', 'dist6_9', 'dist7_15', 'dist11_16', 'dist12_13', 'ang3_1_4', 'ang1_2_4', 'ang1_3_4', 'ang1_4_3']",random_forest,33.24643870834936,33.931408511027435,4.090711495870164,1333,20,pca
ecki,mette,False,"['dist1_4', 'dist1_8', 'dist1_15', 'dist1_16', 'dist2_11', 'dist3_6', 'dist4_12', 'dist5_12', 'dist6_8', 'dist6_9', 'dist6_17', 'dist7_10', 'dist12_15', 'dist12_16', 'dist13_15', 'dist16_17', 'ang3_1_4', 't3_7_16', 't4_7_8', 't8_9_17']",random_forest,8.532973544690671,8.43003247229484,2.3098452079640803,1334,20,pca
ecki,mette,False,"['dist1_8', 'dist2_11', 'dist3_6', 'dist6_17', 'dist7_10', 'dist1_4', 'dist1_16', 'dist2_9', 'dist3_7', 'dist3_10', 'dist4_12', 'dist11_16', 'dist12_15', 'ang1_3_4', 't2_3_7', 't3_7_16', 't6_7_9', 't7_8_17', 't8_9_17', 't3_5_10']",random_forest,20.229549837708568,22.060545890138144,3.964411727270484,1335,20,pca
ecki,zewe,False,"['dist1_4', 'dist1_8', 'dist1_3', 'dist1_16', 'dist2_4', 'dist3_10', 'dist4_10', 'dist4_12', 'dist4_14', 'dist6_17', 'dist7_10', 'dist10_14', 'dist10_16', 'dist12_15', 'ang2_3_4', 'ang3_4_3', 't6_7_9', 't8_9_17', 't2_4_7', 't13_14_17']",random_forest,36.00938563162738,28.463371249241888,8.458513508177539,1336,20,pca
ecki,zewe,False,"['dist1_4', 'dist1_8', 'dist1_3', 'dist1_16', 'ang1_3_4', 't8_9_17', 't2_4_8', 'dist4_8', 'dist4_12', 'dist5_16', 'dist6_17', 'dist10_16', 'dist11_16', 'dist12_15', 'dist12_16', 'dist13_14', 'dist15_17', 'ang4_3_5', 'ang3_1_4', 'ang2_3_4']",random_forest,39.10041526246059,30.32902363430615,9.250166015401726,1337,20,pca
ecki,gesa,False,"['dist2_11', 'dist1_3', 'dist1_4', 'dist1_16', 'dist2_4', 'dist3_10', 'dist3_15', 'dist4_12', 'dist7_12', 'dist9_15', 'dist11_16', 'ang2_4_5', 'ang3_4_3', 't4_7_8', 't8_9_17', 't13_14_17', 'dist1_8', 'dist1_12', 'dist1_15', 'dist2_3']",random_forest,23.232846347261255,18.369423901365767,7.014595571677859,1338,20,pca
ecki,gesa,False,"['dist1_8', 'dist2_11', 'dist1_4', 'dist3_10', 'dist4_12', 'dist9_15', 'dist10_11', 'dist10_15', 'dist12_15', 'dist12_17', 'ang1_2_4', 'ang3_4_3', 't3_7_16', 't8_9_17', 't2_4_7', 't13_14_17', 'dist1_3', 'dist1_9', 'dist1_12', 'dist2_3']",random_forest,25.21096111655674,20.86608655063544,4.441896685204014,1339,20,pca
ecki,frida,False,"['dist13_14', 'ang1_3_4', 'dist4_9', 'dist1_8', 'dist4_8', 'dist12_15', 'dist1_16', 'ang5_3_4', 'ang2_7_5', 'dist4_10', 'dist1_5', 'ang2_4_3', 'dist1_13', 'dist10_15', 'ang1_2_5', 'ang4_2_5', 'ang4_3_5', 'ang1_4_3', 'ang6_4_10', 'ang2_3_4']",random_forest,27.797674040427527,42.650849299861704,14.991250085890872,1340,20,pca
ecki,frida,False,"['ang1_3_4', 'ang1_4_3', 'ang3_1_4', 'ang2_1_5', 'ang5_3_4', 'ang3_4_3', 'ang1_2_5', 'ang1_2_4', 'ang2_3_4', 'dist1_5', 'ang1_3_5', 'dist1_8', 'dist5_7', 'dist1_2', 'dist1_4', 'dist4_11', 'dist4_13', 'dist10_15', 'dist16_17', 'ang4_3_5']",random_forest,37.96643272025813,46.02766330110379,9.083392355974313,1341,20,pca
ecki,esta,False,"['dist1_3', 'dist1_4', 'dist1_15', 'dist4_9', 'dist4_10', 'dist11_15', 'dist12_15', 'ang3_4_3', 'dist1_2', 'dist1_12', 'dist2_4', 'dist2_13', 'dist4_11', 'dist4_12', 'dist4_14', 'dist5_12', 'dist7_12', 'dist13_14', 'ang1_3_5', 'ang4_3_5']",random_forest,28.31265084789043,22.112404445025653,8.018956321323838,1342,20,pca
ecki,esta,False,"['ang1_4_3', 'dist4_10', 't4_5_8', 'ang1_3_4', 'ang2_3_4', 'dist13_14', 'ang2_1_5', 'ang3_1_4', 'ang1_2_5', 'ang5_3_4', 'dist1_4', 'dist2_4', 'dist4_8', 'dist4_9', 'dist4_13', 'dist4_17', 'dist7_12', 'ang2_1_4', 'ang1_2_4', 't7_8_16']",random_forest,44.97869296329376,41.637436284210715,6.205255183598222,1343,20,pca
ecki,vladimir,False,"['dist5_9', 'dist5_15', 'dist8_15', 'dist15_17', 'ang2_7_5', 'dist2_17', 'dist5_11', 'dist5_12', 'dist5_14', 'ang1_3_4', 'dist1_15', 'dist2_8', 'dist5_10', 'dist5_17', 'dist6_8', 'dist9_15', 'dist10_15', 'ang2_1_5', 'ang3_1_4', 'ang1_2_4']",random_forest,46.12269972221606,37.8275197353519,18.268861336703058,1344,20,pca
ecki,vladimir,False,"['ang6_10_4', 'dist5_12', 'dist5_15', 'dist15_17', 'ang1_3_4', 'dist3_8', 'dist5_6', 'dist5_14', 'dist8_15', 'ang2_4_3', 'ang2_7_5', 't2_4_5', 'dist2_8', 'dist3_5', 'dist5_10', 'dist9_15', 'ang4_1_5', 'ang2_3_4', 'ang4_9_5', 't5_8_9']",random_forest,51.79392806550012,40.17005875373849,19.474398260943655,1345,20,pca
sam,sam,True,"['dist11_15', 'ang4_9_5', 'dist4_13', 't4_7_8', 'dist5_14', 'dist8_15', 't2_4_7', 'dist7_8', 'dist4_9', 'dist7_17', 'dist4_7', 'dist10_14', 't6_9_10', 'dist1_17', 'dist13_14', 'dist14_16', 'dist9_17', 'dist6_10', 't8_9_17', 'dist4_8']",random_forest,4.538105587099812,2.122252866595786,6.353063620288611,1346,20,pca
sam,sam,True,"['dist9_14', 'dist6_8', 't7_8_17', 'dist4_9', 'dist2_14', 'dist11_15', 'dist6_16', 'dist9_16', 'ang7_6_10', 'dist7_17', 'dist6_9', 't1_6_7', 'dist1_5', 't6_7_9', 'dist3_5', 'ang4_1_5', 't5_8_9', 'dist5_13', 't5_9_10', 'dist2_3']",random_forest,8.483678371721004,2.7878754770191048,7.318382897408083,1347,20,pca
rosie,rosie,True,"['ang7_6_10', 'dist3_9', 't6_9_10', 'dist7_16', 'ang3_1_5', 't4_7_8', 't7_8_16', 'dist2_4', 'dist6_13', 'dist7_9', 'dist5_16', 'dist9_12', 'dist9_11', 'dist6_8', 'dist7_8', 'dist2_13', 'dist12_15', 't12_15_17', 'dist13_16', 'ang3_2_4']",random_forest,5.678130186612152,2.5606734390789905,3.2364576786763215,1348,20,pca
rosie,rosie,True,"['dist3_7', 't8_9_17', 'ang4_9_5', 'dist1_17', 'ang1_4_3', 'dist5_9', 'dist3_17', 'dist13_14', 'dist14_16', 'ang2_4_3', 'dist7_14', 'dist3_9', 'dist13_15', 'dist7_13', 't1_3_5', 'dist6_17', 'dist12_15', 'ang2_1_5', 'dist2_14', 'dist11_12']",random_forest,6.154705451287571,9.852193031810938,3.7467051481836906,1349,20,pca
otella,otella,True,"['ang5_3_4', 'dist4_13', 'dist5_9', 't3_7_16', 'dist9_10', 'dist14_16', 'dist4_11', 'dist6_10', 'dist3_7', 'dist5_10', 'ang2_1_4', 't7_8_16', 'dist6_12', 'ang6_4_10', 'ang3_4_3', 'dist1_3', 'dist3_15', 'dist15_16', 'dist5_15', 't6_7_17']",random_forest,4.030664919669767,8.211922422310442,5.429759176458589,1350,20,pca
otella,otella,True,"['dist6_10', 't8_9_17', 'dist10_17', 'dist8_9', 'dist6_8', 't7_8_17', 'dist1_8', 'dist7_17', 'dist5_8', 'dist8_10', 't6_7_17', 't2_3_7', 'dist8_17', 'ang4_3_5', 'dist9_10', 'dist11_17', 'dist7_10', 'dist13_14', 'dist1_6', 'dist13_17']",random_forest,0.5777970129733323,1.090829445364522,1.5480734887418044,1351,20,pca
japet,japet,True,"['ang1_3_4', 'dist8_14', 'dist1_8', 'dist11_17', 'dist2_8', 'ang3_1_4', 'dist5_9', 'dist5_6', 'ang4_3_5', 'ang3_4_3', 'dist12_14', 'ang2_3_4', 't6_10_11', 't3_4_5', 'ang1_4_3', 't5_9_10', 'dist7_12', 'ang4_2_4', 'dist1_6', 'dist15_16']",random_forest,18.81261087857125,3.2871247498949794,19.71283784150471,1352,20,pca
japet,japet,True,"['t2_4_8', 'dist4_13', 'dist6_8', 'ang3_1_4', 'ang3_4_3', 'dist1_17', 'dist3_17', 'dist1_8', 'dist3_8', 'dist8_12', 'dist8_13', 'dist8_15', 'dist3_9', 'dist4_14', 'dist5_14', 'dist11_17', 'dist12_15', 'dist2_9', 'dist12_17', 'dist4_6']",random_forest,7.221373053719312,5.933994915795014,3.9850402314120896,1353,20,pca
ducky,ducky,True,"['dist5_7', 'dist6_10', 'dist2_4', 'dist7_12', 'dist1_17', 'ang1_4_5', 't12_15_17', 'dist13_14', 'dist5_13', 't1_3_5', 'dist4_13', 'dist10_11', 'dist9_12', 'dist5_17', 'dist10_16', 'ang1_3_5', 't5_8_9', 'ang7_6_10', 't4_5_8', 'dist1_4']",random_forest,6.5961520862539444,7.063874560202839,8.380375182628601,1354,20,pca
ducky,ducky,True,"['dist8_15', 't12_15_17', 'dist10_17', 'dist15_17', 'dist9_12', 'dist6_9', 'ang4_9_5', 't6_7_9', 't2_3_5', 'dist7_14', 'dist9_11', 't4_5_8', 'dist3_16', 'dist12_17', 'dist14_16', 't8_9_17', 'dist2_3', 'dist7_9', 'dist6_17', 'dist1_2']",random_forest,5.079764004288326,12.281925542723993,7.336683674123111,1355,20,pca
nuernberg_2,nuernberg_2,True,"['t3_5_10', 'dist3_10', 'dist7_16', 't3_6_10', 'ang2_7_5', 'dist4_10', 'dist1_4', 'dist7_8', 't1_6_7', 'dist5_7', 'dist10_15', 'dist15_17', 'dist10_16', 't2_5_6', 'dist3_17', 'dist7_11', 'dist12_17', 't3_4_5', 'dist3_9', 'dist5_15']",random_forest,7.87772594227178,6.8534927792738545,14.11519760667463,1356,20,pca
nuernberg_2,nuernberg_2,True,"['dist5_6', 'ang2_1_5', 'ang4_2_4', 'dist10_16', 'ang4_1_5', 'dist15_17', 'dist7_12', 't2_3_7', 'ang4_9_5', 'dist14_16', 'dist6_11', 'ang1_2_5', 'ang5_1_4', 'dist10_11', 'dist5_10', 'dist11_17', 't6_10_11', 'dist6_15', 'dist1_11', 'dist5_14']",random_forest,10.238383608443376,3.3756782553626223,10.698575850720736,1357,20,pca
nuernberg_1,nuernberg_1,True,"['dist9_16', 'dist7_9', 'dist3_14', 't7_8_9', 'dist11_12', 'dist2_9', 'dist1_8', 'ang4_2_4', 'ang2_3_4', 'ang4_9_5', 'dist2_3', 'dist2_14', 't2_3_7', 'ang6_9_10', 'dist3_9', 't2_4_5', 'ang4_3_5', 'dist9_11', 'dist5_9', 'dist3_8']",random_forest,4.19177375851466,5.472602216483566,7.105382546957327,1358,20,pca
nuernberg_1,nuernberg_1,True,"['t7_8_16', 'dist9_10', 'ang4_2_4', 'ang1_3_4', 't1_2_7', 'dist7_8', 'dist16_17', 'dist1_6', 'ang5_3_4', 'dist5_10', 'dist4_8', 'ang1_3_5', 'dist7_10', 'dist1_12', 't6_7_17', 'dist6_13', 'dist4_10', 'dist4_14', 'ang3_2_4', 'dist4_9']",random_forest,2.5724487414411343,7.251982696348736,5.195908932207485,1359,20,pca
leni,leni,True,"['dist11_15', 'dist11_12', 'dist4_8', 'dist7_17', 'dist2_8', 'dist6_13', 't2_5_9', 'dist2_13', 'dist8_16', 't2_3_8', 'dist8_15', 't2_4_8', 'dist2_16', 'ang4_1_5', 'dist5_9', 'dist10_13', 'ang1_4_3', 't7_8_16', 'dist8_9', 'ang4_2_4']",random_forest,1.9181632341858779,1.4110391582723014,2.8583194248524997,1360,20,pca
leni,leni,True,"['dist5_7', 'ang3_4_3', 'dist5_13', 'dist9_11', 'dist5_17', 'dist7_14', 't7_8_16', 'dist10_15', 'ang4_3_5', 'dist3_4', 'dist3_5', 't6_7_17', 'ang2_7_5', 'dist1_9', 'dist3_17', 'dist11_15', 't2_3_5', 'dist6_11', 't3_5_7', 'ang3_2_5']",random_forest,11.602131301890568,5.236369926946192,12.119621896072038,1361,20,pca
innsbruck_1,innsbruck_1,True,"['dist8_16', 'dist1_16', 'dist1_8', 'dist5_6', 'dist8_10', 'dist1_17', 'dist2_17', 'dist2_8', 'dist6_8', 'dist6_17', 't1_2_7', 't6_7_17', 'dist6_10', 'dist5_12', 'dist11_17', 'ang1_3_5', 'dist1_7', 'ang6_9_10', 'ang6_10_4', 't7_8_16']",random_forest,7.626295018523117,17.864049239622794,10.391762108608992,1362,20,pca
innsbruck_1,innsbruck_1,True,"['dist2_13', 'dist1_13', 'dist1_3', 'dist2_14', 'dist11_12', 'dist5_9', 't7_8_16', 'dist3_15', 'dist6_11', 'dist15_17', 'dist1_16', 'dist3_14', 't1_3_5', 'dist3_9', 'dist13_15', 'dist11_15', 'dist11_14', 'dist8_10', 'ang1_2_5', 'dist3_4']",random_forest,1.220367612336385,9.739178995808613,9.893456956302801,1363,20,pca
shorfy,shorfy,True,"['t6_7_17', 'dist11_17', 'dist7_11', 'dist7_17', 'ang1_4_3', 'dist8_10', 'dist7_12', 'dist8_12', 'dist11_14', 'dist2_8', 'dist9_12', 'dist2_16', 'dist15_17', 'dist5_14', 'dist6_13', 'dist12_17', 't3_7_16', 'dist3_6', 'ang3_1_4', 'dist8_9']",random_forest,2.3204480413799122,3.071158992006132,5.1638799067101475,1364,20,pca
shorfy,shorfy,True,"['ang2_4_5', 'ang1_4_5', 'dist8_16', 't7_8_16', 'dist1_15', 'dist3_13', 't6_7_17', 'dist2_17', 'dist6_15', 'dist5_10', 'dist9_16', 'dist15_17', 'dist4_7', 'dist11_12', 'dist3_8', 'ang3_4_3', 'dist2_8', 'dist4_14', 't3_4_16', 'dist4_10']",random_forest,6.403219199216166,6.487617965486646,2.1670749150198065,1365,20,pca
paulinchen,paulinchen,True,"['ang7_6_10', 'dist5_12', 't12_15_17', 'ang3_2_4', 'dist1_4', 'dist6_13', 'dist4_14', 'dist8_16', 'dist13_14', 'dist4_11', 'dist1_2', 'dist6_11', 'dist7_9', 't12_13_15', 'dist10_16', 'dist1_12', 'dist2_13', 'dist11_12', 'dist1_8', 't3_4_7']",random_forest,7.025441155010485,0.8130189491887696,7.655896537777475,1366,20,pca
paulinchen,paulinchen,True,"['dist1_10', 'dist13_14', 'dist2_8', 'dist1_15', 't13_14_15', 'dist12_15', 'ang2_7_5', 'dist12_14', 'dist1_9', 'dist1_5', 'dist6_10', 't13_14_17', 'dist5_9', 't3_7_16', 't7_8_9', 'dist13_15', 'dist8_14', 'dist11_15', 'ang2_4_3', 'ang4_3_5']",random_forest,12.089453549979611,6.7441094420468195,18.601570317751083,1367,20,pca
mette,mette,True,"['t12_15_17', 't1_6_7', 'dist7_9', 'dist7_12', 'ang1_4_5', 'dist1_8', 'dist6_15', 'dist7_8', 'dist1_5', 't1_3_5', 'dist12_15', 'dist5_9', 'ang2_1_5', 'ang1_2_5', 't7_8_9', 'dist1_4', 'dist1_15', 'dist13_14', 't7_8_16', 'dist2_15']",random_forest,10.780194513591178,3.6442887711696814,12.386393293546753,1368,20,pca
mette,mette,True,"['dist1_16', 'dist1_4', 'dist3_6', 'dist5_16', 'ang1_3_5', 'dist12_15', 'ang3_4_3', 'dist11_12', 't2_4_8', 'dist1_5', 'dist3_9', 'dist5_12', 'dist6_13', 'dist8_14', 'ang3_1_5', 't13_14_17', 'dist5_9', 'dist13_14', 'ang4_2_5', 'ang7_6_10']",random_forest,10.446426310439115,5.012965592485185,10.49638631374036,1369,20,pca
zewe,zewe,True,"['ang1_4_5', 'ang1_3_5', 'dist9_12', 'ang2_1_5', 'dist1_13', 'dist5_14', 'dist1_8', 'dist5_8', 'dist8_12', 'dist12_16', 'ang4_1_5', 'ang2_3_5', 't6_7_17', 'ang2_4_3', 'dist11_17', 'ang1_2_5', 'dist1_11', 't2_5_6', 'dist1_6', 'dist2_14']",random_forest,23.288373884466306,21.46601451867286,5.765829076685467,1370,20,pca
zewe,zewe,True,"['dist1_9', 't2_5_10', 'dist7_17', 'ang4_2_5', 't2_5_9', 'dist2_17', 'dist2_3', 'dist10_12', 'dist7_10', 'dist2_16', 't3_7_16', 't1_3_5', 't2_4_5', 'dist2_10', 't6_7_9', 'ang1_3_4', 'dist2_4', 'dist9_12', 'dist6_17', 'dist5_12']",random_forest,4.375865576924544,7.955644003007602,7.978626215728744,1371,20,pca
frida,frida,True,"['dist7_13', 'dist7_17', 'dist5_8', 'dist1_17', 'dist8_15', 'dist5_17', 'ang1_3_5', 'dist1_16', 'dist2_8', 'dist3_8', 'dist10_15', 'dist15_17', 't13_14_17', 'dist12_17', 'dist1_8', 'dist7_8', 'dist5_14', 'dist14_16', 'dist10_16', 'dist2_12']",random_forest,4.250877617629334,2.814146055998528,7.003210412755689,1372,20,pca
frida,frida,True,"['dist6_15', 'dist2_16', 'ang4_9_5', 't1_3_5', 'dist9_14', 'dist9_16', 'dist2_17', 't8_9_17', 'dist1_5', 'ang1_4_3', 't3_5_10', 'dist10_14', 'dist2_14', 'dist13_14', 'dist4_16', 'ang6_9_10', 't6_7_17', 't2_3_5', 'dist1_2', 'dist7_11']",random_forest,19.099727951961725,16.712421392641208,6.9804182961482715,1373,20,pca
anton,anton,True,"['dist8_16', 'ang4_2_4', 'dist3_8', 'dist9_10', 'dist8_14', 't3_7_16', 'dist4_8', 'dist9_11', 'dist11_17', 'dist9_16', 'dist7_11', 'ang7_6_10', 't8_9_17', 't6_10_11', 'dist2_3', 'dist1_4', 'dist2_12', 'dist14_17', 't2_4_7', 'ang4_2_5']",random_forest,5.282508416153002,6.1176283709449795,3.4651533205346987,1374,20,pca
anton,anton,True,"['ang6_4_10', 'dist1_13', 'dist5_14', 't8_9_17', 'dist4_9', 'dist9_14', 'dist1_17', 'dist10_17', 'dist11_12', 'dist4_16', 'dist5_6', 'dist9_17', 'dist16_17', 'ang1_4_5', 'dist9_10', 'dist1_8', 'dist2_12', 't3_4_16', 't6_9_17', 't2_3_7']",random_forest,5.931897813215795,9.76033702241056,5.122773045369127,1375,20,pca
sam,zanetka,False,"['dist2_11', 'dist5_14', 't3_4_5', 'dist1_4', 'dist3_7', 'dist4_11', 'dist4_12', 'dist7_12', 'dist9_15', 'dist11_14', 'dist11_16', 'dist12_15', 'dist12_16', 'dist12_17', 'dist13_14', 'dist13_17', 'dist14_16', 'ang4_3_5', 't2_3_7', 't3_7_16']",random_forest,5.7536493388300896,3.244791278791219,4.394161638290562,1376,20,pca
sam,zanetka,False,"['dist2_11', 'dist5_14', 't3_5_10', 'dist1_3', 'dist1_4', 'dist2_7', 'dist3_7', 'dist3_10', 'dist4_12', 'dist7_12', 'dist10_15', 'dist12_13', 'dist12_15', 'dist12_16', 'dist13_14', 'dist14_16', 't4_7_8', 't3_4_16', 't4_5_8', 't3_4_5']",random_forest,6.777812781286393,0.8805960825445804,6.26176648855059,1377,20,pca
sam,shorfy,False,"['dist5_14', 'dist7_12', 'dist3_12', 'dist6_9', 'dist12_13', 't3_4_5', 'dist5_16', 'ang3_2_4', 'dist14_15', 'dist1_2', 'dist2_12', 'ang1_3_5', 't3_6_10', 'dist1_3', 'dist2_11', 'dist3_5', 'dist10_16', 'ang2_3_4', 'ang6_9_10', 't1_2_7']",random_forest,17.83591599845829,12.040905918628821,6.508939675146233,1378,20,pca
sam,shorfy,False,"['dist5_14', 'dist3_12', 'dist7_11', 'dist2_11', 'dist3_8', 'ang1_3_5', 'dist2_12', 'dist3_9', 'dist3_10', 'dist7_10', 'ang3_1_5', 't3_7_16', 'dist12_13', 't3_4_5', 'ang1_4_3', 'dist14_15', 'dist3_11', 'dist3_6', 't5_8_9', 't6_7_17']",random_forest,17.164242940583822,9.564109188681742,7.768769330000845,1379,20,pca
sam,zewe,False,"['t2_4_5', 'dist1_4', 'dist1_8', 'dist2_4', 't2_4_8', 'dist4_13', 'ang5_3_4', 't3_4_5', 'dist8_12', 't1_2_7', 'dist3_5', 'dist13_16', 'dist13_17', 't3_4_16', 'dist1_16', 'dist2_16', 't4_5_8', 't1_3_5', 'dist10_14', 'dist1_10']",random_forest,9.012284455966533,1.639618212729123,10.627694438143756,1380,20,pca
sam,zewe,False,"['t2_3_7', 'ang3_4_3', 't3_4_16', 't2_4_7', 'dist2_4', 'dist4_16', 't3_7_16', 'dist4_9', 'dist1_4', 'dist8_14', 'dist3_7', 'dist3_8', 'dist3_10', 'dist4_7', 'dist5_14', 't3_4_7', 'dist4_11', 'dist10_17', 'dist11_14', 'dist3_5']",random_forest,10.645903449726022,1.2145326088628245,11.536021437121587,1381,20,pca
sam,vladimir,False,"['t2_4_5', 't3_4_5', 'dist1_4', 'ang4_9_5', 't2_4_8', 'dist1_8', 'dist2_8', 'dist2_11', 'dist2_16', 'dist5_16', 'dist8_15', 't2_4_7', 'dist1_7', 'dist2_4', 'dist3_13', 'dist4_5', 'dist5_14', 'ang5_3_4', 'ang6_9_10', 't3_4_16']",random_forest,22.471726424521474,5.275318869500322,17.199702952324024,1382,20,pca
sam,vladimir,False,"['dist1_9', 'dist3_13', 'dist15_17', 'dist2_3', 'dist2_16', 'ang4_9_5', 'dist2_8', 'dist13_16', 'ang6_9_10', 't2_4_5', 't2_4_7', 'dist1_4', 'ang2_1_5', 'dist5_13', 'dist5_15', 't3_4_5', 'dist4_9', 't7_8_16', 't5_9_10', 'dist6_17']",random_forest,26.68704845453522,12.307855670462128,14.382428138384617,1383,20,pca
rosie,zanetka,False,"['dist8_15', 'dist8_16', 'ang2_7_5', 'ang4_3_5', 'dist14_16', 'dist15_17', 'dist5_16', 'ang6_4_10', 'dist7_15', 't7_8_16', 'ang1_3_4', 'ang6_9_10', 'dist7_9', 'dist4_14', 'dist2_15', 'dist1_8', 'dist5_8', 'dist13_14', 't13_14_16', 'ang3_2_5']",random_forest,12.139780946045306,4.924791499683307,13.48480393781902,1384,20,pca
rosie,zanetka,False,"['dist7_10', 'ang4_2_4', 'dist8_10', 't5_8_9', 'dist13_14', 'dist5_7', 'dist7_15', 'dist14_15', 'ang3_4_3', 'dist1_6', 'dist9_12', 'dist7_16', 'dist10_15', 'dist2_13', 'dist9_11', 'ang2_1_5', 'dist4_13', 't7_8_9', 'dist5_6', 'dist7_14']",random_forest,10.511762990243948,8.038747256743338,3.0370350934047967,1385,20,pca
rosie,sam,False,"['t2_3_7', 'dist3_7', 'dist8_14', 'ang4_9_5', 't3_7_16', 'dist2_11', 'dist1_2', 'dist3_17', 'ang1_3_5', 't2_4_8', 'dist1_3', 'dist2_9', 'dist3_9', 'dist4_8', 'dist4_9', 'dist4_10', 'dist5_14', 'dist12_13', 'ang1_4_3', 't4_7_8']",random_forest,21.322742952542225,11.880397385605134,11.476068520678831,1386,20,pca
rosie,sam,False,"['dist4_5', 'ang4_9_5', 't3_4_5', 'dist1_4', 'dist2_3', 'dist3_5', 'dist4_8', 'dist4_11', 'dist10_17', 'dist11_14', 't1_2_7', 'dist5_14', 'dist12_15', 'ang1_3_4', 't2_3_7', 'dist9_11', 't4_7_8', 't13_14_17', 'dist5_16', 'dist11_17']",random_forest,12.035505816359558,5.509945555214932,8.412053365052575,1387,20,pca
rosie,shorfy,False,"['dist4_9', 'dist3_17', 'dist1_4', 't4_7_8', 'dist1_17', 'dist3_16', 'dist7_16', 'dist1_9', 'dist3_8', 'dist4_7', 'dist4_8', 'dist7_10', 'dist10_15', 'ang6_10_4', 't3_7_16', 'dist1_3', 'dist2_14', 'dist3_7', 'dist5_14', 'ang4_9_5']",random_forest,9.317096764665468,4.6629347892917075,5.495951360534141,1388,20,pca
rosie,shorfy,False,"['ang3_4_3', 't6_7_17', 'dist4_9', 'dist7_13', 'dist4_8', 'dist6_13', 'dist5_16', 'ang6_9_10', 'ang1_3_5', 'ang2_4_5', 'ang2_1_4', 'dist3_9', 'ang1_2_4', 'dist4_10', 'dist3_17', 'dist11_13', 'dist5_15', 'dist9_11', 'ang3_1_4', 'ang1_2_5']",random_forest,21.019309767248117,15.921822217208025,12.159125640556857,1389,20,pca
rosie,zewe,False,"['ang1_4_3', 'ang1_3_4', 'dist2_17', 'dist3_7', 'ang2_7_5', 'dist3_8', 'dist2_7', 'ang3_2_4', 'ang6_9_10', 't2_3_7', 'dist11_15', 'dist5_8', 'dist6_11', 'dist11_12', 't7_8_16', 'dist9_10', 'dist5_14', 'ang7_6_10', 't8_9_17', 't5_9_10']",random_forest,17.355240864138032,2.1290582221586423,15.247182740182529,1390,20,pca
rosie,zewe,False,"['dist3_17', 'ang1_3_4', 'dist3_16', 'ang2_3_4', 't2_3_7', 'dist11_15', 'ang1_3_5', 'dist1_3', 'dist1_13', 'dist3_8', 'dist7_13', 'dist3_9', 'dist2_7', 'dist12_13', 'dist1_8', 'dist13_17', 'ang1_4_3', 'ang2_4_3', 'dist3_7', 'dist8_14']",random_forest,20.03882927487184,7.340613561043027,12.700165568860985,1391,20,pca
rosie,vladimir,False,"['dist8_16', 'dist1_8', 'dist1_4', 'dist8_15', 'dist1_15', 'ang1_3_4', 'dist2_13', 'dist12_15', 't2_4_7', 'dist13_14', 'dist5_15', 'dist1_5', 'dist2_3', 'dist3_13', 'dist5_14', 'dist8_13', 'dist13_16', 't4_5_8', 'dist15_16', 'dist1_16']",random_forest,4.400490384344536,2.34414605665844,2.0708595823317952,1392,20,pca
rosie,vladimir,False,"['dist1_8', 'dist2_8', 'dist13_14', 'dist8_16', 'dist12_15', 'dist1_4', 't1_2_7', 'dist1_5', 'dist1_7', 'dist1_16', 'dist2_3', 'dist2_4', 'dist2_7', 'dist2_9', 'dist2_14', 'dist4_8', 'dist5_14', 'dist8_13', 'dist13_17', 't1_6_7']",random_forest,4.1230969932836645,2.6694262504113953,1.5839191803397505,1393,20,pca
otella,zanetka,False,"['t3_7_16', 'dist1_4', 'dist1_3', 'dist8_15', 'dist12_15', 'dist6_13', 'dist2_13', 'dist5_6', 'dist5_9', 'dist13_14', 'dist3_13', 'dist8_16', 'dist5_8', 'dist5_17', 'dist7_16', 'dist11_14', 'dist12_13', 't3_4_7', 'dist3_7', 't13_14_16']",random_forest,2.6923215607994995,2.241280790073466,4.85457878501012,1394,20,pca
otella,zanetka,False,"['dist5_7', 't5_8_9', 't3_5_7', 'ang6_4_10', 'dist1_5', 'dist4_16', 'ang2_7_5', 't3_7_16', 't2_4_7', 'dist5_9', 'dist6_9', 'dist6_13', 'dist7_12', 'dist4_6', 'dist12_15', 't3_4_5', 'dist4_5', 'dist6_17', 'dist2_17', 'dist5_17']",random_forest,21.32240671258165,7.793687186315868,13.786128429772171,1395,20,pca
otella,sam,False,"['dist2_16', 'dist7_10', 'dist11_13', 'ang1_2_4', 'dist7_12', 'dist9_10', 't2_4_8', 'dist8_10', 'dist2_3', 'dist2_8', 'dist2_9', 'dist8_12', 'dist11_14', 'dist7_13', 'dist1_8', 'dist6_10', 'dist12_17', 'dist10_16', 't2_3_7', 'dist11_12']",random_forest,9.354691583826716,2.231588364644425,7.708662632657421,1396,20,pca
otella,sam,False,"['dist2_12', 'dist12_17', 'dist1_11', 'dist7_12', 'dist1_8', 'dist2_11', 't12_15_17', 'dist9_11', 'dist6_12', 'dist12_14', 'dist12_15', 'dist1_9', 'dist1_10', 'dist7_15', 'dist9_13', 'ang4_3_5', 'ang5_3_4', 'dist7_11', 'dist4_13', 'dist11_17']",random_forest,8.008433805474786,7.0320944651033335,1.1077919972031207,1397,20,pca
otella,rosie,False,"['dist3_7', 't3_4_5', 't2_4_8', 'dist5_14', 'dist3_5', 'dist3_17', 't4_7_8', 'dist8_14', 'dist3_8', 'dist3_16', 'dist4_10', 'dist6_13', 'dist7_13', 'dist12_15', 'ang1_3_5', 'ang6_4_10', 't2_3_7', 't3_7_16', 't4_5_8', 't13_14_17']",random_forest,9.265621671274381,2.5704768738573502,10.012774996243039,1398,20,pca
otella,rosie,False,"['dist6_10', 'dist5_6', 'dist9_11', 'dist2_11', 'dist3_16', 'dist2_15', 'dist9_15', 't2_5_6', 't12_15_17', 't6_7_17', 'dist5_15', 'dist7_13', 'dist9_13', 'dist11_17', 'dist12_16', 'dist3_9', 'dist12_17', 'dist15_16', 'dist7_11', 'ang1_2_4']",random_forest,10.627827108845636,5.7390005286197505,9.08949269671243,1399,20,pca
otella,shorfy,False,"['dist5_14', 'dist3_6', 'dist1_2', 'dist4_10', 'dist2_6', 'dist8_16', 'dist2_9', 'dist2_11', 'dist3_8', 'dist3_9', 'dist3_10', 'dist6_11', 'dist6_16', 'dist7_10', 'dist8_9', 'dist9_10', 'dist10_14', 'dist11_16', 't1_2_7', 't6_7_17']",random_forest,2.5694146412670067,0.9237325310956596,3.4919257348412933,1400,20,pca
otella,shorfy,False,"['ang1_2_5', 'ang1_3_5', 'ang3_2_5', 'ang1_4_5', 'ang3_1_4', 'dist5_14', 'ang1_4_3', 'dist8_16', 'dist1_13', 'dist3_8', 't5_8_9', 'ang4_2_4', 'dist1_2', 't3_4_5', 't6_7_17', 'dist3_10', 'dist5_7', 'dist6_7', 'dist10_17', 'ang1_3_4']",random_forest,25.549964194603973,5.551191094758186,20.122877183131376,1401,20,pca
otella,paulinchen,False,"['dist1_8', 'dist1_4', 'dist1_16', 'dist2_9', 'dist2_16', 'dist6_8', 'ang2_7_5', 't6_7_17', 'dist6_9', 't6_7_9', 't2_4_5', 'dist12_15', 'dist1_17', 'dist2_8', 'dist9_16', 't7_8_16', 't1_6_7', 'dist6_17', 'dist11_12', 'dist6_10']",random_forest,23.183153733355105,11.838092676355693,11.447210321017426,1402,20,pca
otella,paulinchen,False,"['dist7_10', 'ang6_10_4', 'dist3_7', 'dist6_9', 'dist6_17', 'dist6_10', 'dist1_8', 't6_7_9', 'dist10_16', 'dist2_9', 'dist2_14', 'dist2_16', 'dist3_14', 'dist5_12', 'dist6_7', 'dist7_9', 'dist12_13', 'dist12_15', 'dist13_14', 'ang6_4_10']",random_forest,14.402410801028369,9.1708135104551,5.243287705170982,1403,20,pca
otella,zewe,False,"['dist12_13', 'dist8_15', 'dist15_17', 'dist3_7', 'dist3_12', 'dist3_16', 'dist1_13', 'dist6_11', 't3_7_16', 'dist11_17', 'dist9_11', 'dist10_11', 'dist15_16', 'dist6_9', 'dist6_15', 'dist4_11', 'dist5_11', 'dist5_15', 't6_10_11', 'dist3_6']",random_forest,2.034734407759411,2.917579094158647,0.9121682809828716,1404,20,pca
otella,zewe,False,"['dist5_14', 'dist6_9', 'ang6_4_10', 't1_3_5', 'dist9_12', 't3_4_16', 't3_4_5', 'dist6_10', 'dist8_12', 't2_3_5', 'dist5_15', 'dist4_13', 'dist6_11', 'dist10_12', 'dist6_17', 'ang4_3_5', 'dist11_13', 'dist12_13', 't2_5_9', 'dist4_7']",random_forest,6.415164643111,3.3289460701971256,7.8908280935326465,1405,20,pca
otella,vladimir,False,"['dist1_8', 'dist2_8', 'dist2_16', 'dist7_12', 't1_3_5', 't12_15_17', 'dist2_9', 'dist1_4', 'dist1_5', 'dist1_15', 'dist1_16', 'dist2_3', 'dist2_4', 'dist2_11', 'dist2_14', 'dist4_13', 'dist7_13', 'dist12_15', 'dist13_14', 'dist13_15']",random_forest,8.520535415316171,6.695368874079979,2.6824479104482686,1406,20,pca
otella,vladimir,False,"['dist1_8', 'dist6_10', 'dist2_16', 'dist1_17', 'dist4_13', 'dist7_9', 'dist2_8', 'dist6_9', 'ang2_1_4', 't6_7_9', 't6_9_17', 'dist1_5', 'dist1_7', 'dist1_10', 'dist1_15', 'dist2_3', 'dist2_9', 'dist2_14', 'dist9_13', 'dist13_14']",random_forest,5.136276803988859,4.100305840360151,1.3795597632322874,1407,20,pca
japet,zanetka,False,"['dist2_11', 'dist5_14', 'dist3_10', 't2_4_8', 'dist1_8', 'dist2_4', 'dist2_14', 'dist4_12', 'dist6_17', 'dist7_12', 'dist10_15', 'dist12_15', 'dist13_17', 'dist14_16', 't3_7_16', 't4_7_8', 't7_8_16', 't8_9_17', 't3_4_5', 't13_14_17']",random_forest,10.844868873970661,4.88327952928916,5.978806103388018,1408,20,pca
japet,zanetka,False,"['dist2_11', 'dist5_14', 't3_4_5', 't2_4_8', 'dist2_4', 'dist2_14', 'dist3_7', 'dist3_10', 'dist4_12', 'dist7_12', 'dist11_16', 'dist12_15', 'dist14_16', 't4_7_8', 't13_14_17', 't12_15_17', 't13_14_16', 'dist1_4', 'dist1_5', 'dist1_8']",random_forest,15.373298901678345,6.089445995482523,9.483950941709702,1409,20,pca
japet,sam,False,"['t3_4_5', 't2_4_5', 'dist7_15', 'dist8_15', 'dist11_16', 'dist2_11', 'dist3_5', 'dist3_10', 'dist3_15', 'dist4_12', 'dist5_8', 'dist9_15', 'dist11_17', 'dist12_13', 'dist12_14', 'dist14_16', 'dist15_16', 'ang2_1_5', 'ang3_4_3', 'ang4_9_5']",random_forest,16.55618130972422,6.576317044684324,10.02032888703319,1410,20,pca
japet,sam,False,"['t3_5_10', 'dist2_16', 't2_5_10', 'dist13_14', 'dist1_6', 'dist1_17', 'dist2_12', 'dist2_14', 'dist4_12', 'dist11_14', 'dist12_15', 'ang2_1_4', 'ang6_9_10', 't6_7_9', 't2_4_5', 't4_6_10', 'dist2_3', 'dist3_5', 'dist4_11', 'dist7_11']",random_forest,19.13275181587005,12.167331248816474,8.849724107540224,1411,20,pca
japet,rosie,False,"['dist2_11', 'dist3_10', 'dist5_14', 't2_4_8', 'dist2_4', 'dist3_7', 'dist4_12', 'dist11_16', 'dist14_16', 'ang1_3_5', 'ang2_3_4', 't4_7_8', 't7_8_16', 't4_5_8', 't7_8_17', 't3_4_5', 't3_5_10', 't13_14_17', 't13_14_16', 'dist1_3']",random_forest,27.205057217004512,14.336381296964237,13.204389189401812,1412,20,pca
japet,rosie,False,"['dist2_11', 'dist3_10', 'dist5_14', 'dist12_17', 't3_4_5', 't2_4_8', 'dist1_4', 'dist1_8', 'dist2_4', 'dist3_7', 'dist4_12', 'dist7_13', 'dist11_16', 'dist12_15', 'dist14_16', 'ang2_3_4', 't7_8_17', 't13_14_17', 't12_15_17', 't13_14_16']",random_forest,22.619984579587566,13.731090669898506,9.129642632425373,1413,20,pca
japet,otella,False,"['dist1_8', 'dist2_11', 'dist5_14', 'dist3_10', 't2_4_8', 'dist2_4', 'dist2_8', 'dist2_14', 'dist4_12', 'dist7_12', 'dist11_16', 'dist11_17', 'dist12_15', 't3_7_16', 't6_7_9', 't8_9_17', 't3_4_5', 't3_5_10', 't13_14_17', 'dist1_4']",random_forest,12.185542194170253,7.0213432887455705,5.261949152820013,1414,20,pca
japet,otella,False,"['dist2_11', 'dist1_8', 'dist3_10', 'dist5_14', 't2_4_8', 'dist2_4', 'dist2_8', 'dist2_14', 'dist4_11', 'dist4_12', 'dist6_10', 'dist7_12', 'dist11_16', 'dist12_15', 'dist13_14', 'dist14_16', 'ang3_4_3', 't3_4_16', 't6_7_9', 't3_4_5']",random_forest,8.29487801293223,4.354421119285765,3.944719620006851,1415,20,pca
japet,nuernberg_2,False,"['dist5_14', 'dist5_16', 'dist13_14', 't7_8_17', 't2_4_5', 'dist2_3', 'dist5_13', 't3_4_5', 'dist1_5', 'dist10_14', 'dist11_14', 'dist12_16', 'dist13_16', 'ang3_4_3', 't5_8_9', 't6_7_9', 't3_5_7', 'dist2_14', 'dist6_8', 't12_15_17']",random_forest,8.39239923475455,7.660243328856948,1.3734613316086681,1416,20,pca
japet,nuernberg_2,False,"['dist1_8', 'dist13_14', 't2_4_5', 'dist1_4', 'dist1_5', 'dist1_15', 'dist3_10', 'dist7_15', 'dist11_14', 'dist12_15', 't7_8_17', 't1_3_5', 't2_4_8', 't12_15_17', 'dist1_16', 'dist2_4', 'dist3_4', 'dist8_12', 'dist9_12', 't3_4_5']",random_forest,11.55531017661543,9.242960806014889,3.4505088246411404,1417,20,pca
japet,neznamy,False,"['dist2_16', 'dist2_8', 'dist10_12', 'ang3_1_4', 'dist3_13', 'dist1_9', 'dist2_14', 'dist3_14', 'dist14_16', 'dist2_4', 'dist13_14', 'dist1_8', 'dist5_14', 'ang1_2_4', 'ang4_2_4', 't3_4_16', 't2_4_5', 'dist4_9', 'dist2_3', 'dist5_12']",random_forest,11.623271109978843,4.142268726808293,8.858675224644927,1418,20,pca
japet,neznamy,False,"['dist14_16', 'ang4_2_4', 'dist7_11', 'dist7_12', 'dist12_17', 'ang3_1_4', 'dist1_17', 'dist2_14', 'dist3_14', 'dist15_17', 'dist12_15', 'dist3_4', 'dist4_14', 'dist5_12', 'dist6_9', 'dist9_12', 'dist10_12', 'dist11_17', 'ang4_3_5', 'ang2_4_5']",random_forest,11.874300998243612,1.6279583793883023,10.520236705583013,1419,20,pca
japet,nokia,False,"['dist5_6', 'dist9_10', 't3_6_10', 'dist14_16', 'dist4_10', 'dist10_16', 't3_5_10', 'dist3_10', 'dist6_13', 'dist10_14', 'ang4_9_5', 'dist4_9', 'dist7_10', 'dist5_10', 'dist3_6', 'dist6_8', 'dist8_10', 't8_9_17', 't5_9_10', 't4_6_10']",random_forest,11.666112871826966,6.278439974099899,7.983514663684119,1420,20,pca
japet,nokia,False,"['dist4_10', 'dist8_10', 'dist10_17', 't3_5_10', 'dist6_17', 'dist5_15', 'dist5_10', 'dist3_6', 'dist4_9', 'dist4_11', 'dist7_12', 'dist8_12', 'dist10_16', 'dist12_16', 'dist15_16', 't6_7_9', 'dist4_12', 'dist6_13', 'dist9_12', 'dist12_17']",random_forest,5.3374859102044985,5.011840159402208,0.34611385457417676,1421,20,pca
japet,noel,False,"['dist3_7', 'dist8_15', 't2_3_7', 'dist2_14', 'dist3_14', 'dist4_8', 'dist5_16', 'dist7_9', 'ang2_1_4', 'ang2_7_5', 't2_3_5', 'dist7_12', 'dist3_13', 'dist8_12', 'dist8_14', 'dist1_8', 'dist7_15', 'dist12_15', 'ang4_9_5', 't2_4_5']",random_forest,31.451235030921975,10.747967793229584,20.703345350650817,1422,20,pca
japet,noel,False,"['t2_4_5', 'dist5_14', 'dist2_14', 'dist13_14', 't2_3_5', 't3_4_5', 't2_5_10', 'dist7_15', 'dist1_9', 'dist1_15', 'dist2_4', 'dist3_4', 'dist3_5', 'dist5_13', 'dist5_16', 'dist6_9', 'dist7_11', 'dist7_12', 'ang2_1_5', 'ang2_1_4']",random_forest,19.21732377754805,9.624777467042584,11.761906094169314,1423,20,pca
japet,matysek,False,"['dist2_11', 'dist8_10', 'dist7_12', 'dist9_10', 'dist11_17', 'dist12_17', 'dist14_16', 't3_5_10', 't13_14_15', 'dist1_8', 'dist3_10', 'dist3_15', 'dist4_12', 'dist5_15', 'dist8_12', 'dist9_11', 'dist10_17', 'dist11_14', 'dist12_14', 'dist12_16']",random_forest,18.81664088589833,15.092345990599245,3.784173839920159,1424,20,pca
japet,matysek,False,"['t3_5_10', 'dist5_15', 'ang3_1_4', 'dist12_13', 'dist14_16', 't2_5_10', 'dist11_14', 'dist3_8', 'dist3_10', 'dist3_15', 'dist8_10', 'dist8_14', 'dist12_17', 'ang4_3_5', 'ang2_1_4', 't3_4_16', 't13_14_17', 't12_15_17', 't13_14_16', 'dist14_15']",random_forest,14.102175328545165,8.810482249454905,5.739197287772101,1425,20,pca
japet,lucka,False,"['dist1_8', 'dist7_12', 't2_4_8', 'dist1_3', 'dist2_3', 'dist2_4', 'dist2_8', 'dist2_11', 'dist2_14', 'dist3_10', 'dist4_12', 'dist4_14', 'dist7_11', 'dist10_15', 'dist11_14', 'dist12_15', 'dist13_14', 'dist15_17', 't3_4_16', 't4_5_8']",random_forest,6.35215749882764,3.4457526666159404,2.9951063293233213,1426,20,pca
japet,lucka,False,"['dist1_8', 't2_4_8', 'dist1_3', 'dist1_4', 'dist2_4', 'dist2_8', 'dist2_11', 'dist2_14', 'dist3_10', 'dist4_12', 'dist5_14', 'dist7_12', 'dist10_15', 'dist12_15', 't3_4_16', 't4_5_8', 't2_4_5', 't3_4_5', 't13_14_17', 't12_15_17']",random_forest,18.705036725395725,9.846005036061413,8.917714989844788,1427,20,pca
japet,nuernberg_1,False,"['dist1_8', 'dist2_11', 't1_3_5', 'dist5_16', 'dist7_12', 'dist13_14', 't12_15_17', 'dist2_4', 'dist2_12', 'dist2_14', 'dist4_12', 'dist5_12', 'dist6_8', 'dist7_11', 'dist7_15', 'dist10_15', 'dist11_14', 'dist12_15', 't5_8_9', 't1_6_7']",random_forest,13.163054254941564,10.260366462082763,2.9093562995299664,1428,20,pca
japet,nuernberg_1,False,"['dist6_8', 'dist6_9', 'dist6_17', 'ang2_4_5', 't7_8_17', 't1_3_5', 'dist2_4', 'dist2_9', 'dist2_14', 'dist3_6', 'dist3_15', 'dist5_6', 'dist5_16', 'dist7_9', 'dist7_12', 'dist7_15', 'dist8_9', 'dist10_11', 'dist13_14', 't6_7_9']",random_forest,12.27325214942567,5.195545989486401,8.9815252255826,1429,20,pca
japet,leni,False,"['dist4_9', 'ang3_1_4', 'dist14_16', 't2_4_7', 'dist3_14', 'dist4_14', 'dist5_16', 'dist9_16', 'dist8_15', 'dist4_10', 'dist16_17', 'ang4_3_5', 'ang2_4_5', 'ang4_9_5', 't2_4_8', 'ang3_2_4', 'ang1_4_5', 'dist13_14', 'dist2_6', 'dist2_8']",random_forest,21.021056231997168,1.4711298561035513,19.550113187321692,1430,20,pca
japet,leni,False,"['dist4_9', 'dist6_17', 'dist3_14', 'dist6_10', 'ang5_3_4', 't2_5_6', 'dist14_16', 'dist1_16', 'dist10_14', 'ang6_10_4', 'dist4_10', 'dist3_13', 'dist5_16', 'dist4_14', 'dist6_16', 'dist15_16', 't6_7_17', 'dist1_4', 'dist6_8', 'dist16_17']",random_forest,10.833786223265136,6.785156685010376,4.297551955549883,1431,20,pca
japet,shorfy,False,"['dist1_8', 'dist2_11', 'dist5_14', 't2_4_8', 'dist2_4', 'dist2_8', 'dist2_14', 'dist3_10', 'dist4_12', 'dist7_12', 'dist11_16', 'dist12_15', 't3_7_16', 't6_7_9', 't8_9_17', 't3_4_5', 't3_5_10', 't13_14_17', 'dist1_3', 'dist1_4']",random_forest,13.396078577913086,5.7975573201906805,7.641501305412399,1432,20,pca
japet,shorfy,False,"['dist1_8', 'dist2_11', 'dist5_14', 't2_4_8', 'dist2_4', 'dist2_8', 'dist2_14', 'dist3_10', 'dist4_12', 'dist7_12', 'dist11_16', 'dist12_15', 't6_7_9', 't8_9_17', 't3_4_5', 't3_5_10', 't13_14_17', 'dist1_3', 'dist1_4', 'dist1_12']",random_forest,14.11608351600607,5.915889831990372,8.222859768234352,1433,20,pca
japet,paulinchen,False,"['dist2_11', 'dist5_14', 'dist7_15', 'dist3_6', 'dist3_10', 'dist7_12', 'dist11_16', 'dist11_17', 'dist12_13', 'dist2_12', 'dist3_15', 'dist3_17', 'dist4_10', 'dist4_12', 'dist8_14', 'dist9_11', 'dist11_14', 'dist12_16', 'dist14_17', 't4_5_8']",random_forest,4.625342770532874,3.441889002434255,1.22219784853766,1434,20,pca
japet,paulinchen,False,"['dist8_15', 'dist8_9', 'ang3_1_4', 'dist5_15', 'dist12_13', 'ang6_10_4', 't8_9_17', 'dist2_12', 'dist3_10', 'dist7_11', 'dist8_14', 'dist9_10', 'dist9_15', 'dist10_17', 'dist11_17', 'dist14_15', 'dist14_16', 'dist14_17', 'ang2_3_4', 'ang1_4_3']",random_forest,18.676841639067458,16.242860446020103,4.171014715477056,1435,20,pca
japet,mette,False,"['dist5_14', 'dist3_6', 'dist3_10', 't1_3_5', 't3_4_5', 'dist3_7', 'dist3_15', 'dist4_10', 'dist4_11', 'dist4_12', 'dist6_10', 'dist6_13', 'dist7_13', 'dist11_14', 'dist11_16', 'dist14_16', 't2_3_5', 't3_5_10', 't13_14_17', 'dist1_4']",random_forest,12.476473603260947,6.501466287281819,5.987320164675526,1436,20,pca
japet,mette,False,"['dist2_11', 'dist5_14', 'dist3_10', 'dist12_17', 't3_7_16', 't3_4_5', 'dist3_6', 'dist3_15', 'dist4_12', 'dist5_12', 'dist6_10', 'dist7_12', 'dist9_12', 'dist9_15', 'dist11_16', 'dist12_14', 'dist12_16', 't5_8_9', 't6_7_9', 't2_4_5']",random_forest,7.3317007868746895,4.919879716969943,2.4746527643907132,1437,20,pca
japet,zewe,False,"['dist3_10', 'dist5_14', 't3_4_5', 't2_4_8', 'dist1_4', 'dist2_4', 'dist2_8', 'dist2_9', 'dist2_11', 'dist4_13', 'dist12_15', 't4_5_8', 't6_7_9', 't8_9_17', 't2_4_5', 't13_14_17', 't13_14_16', 'dist1_3', 'dist1_5', 'dist1_8']",random_forest,10.66177281831762,6.215418490830242,4.46768424315251,1438,20,pca
japet,zewe,False,"['dist2_11', 'dist5_14', 'dist3_10', 'dist1_4', 'dist2_4', 'dist4_12', 'dist7_12', 'dist10_15', 'dist12_15', 'dist14_16', 'ang3_4_3', 't4_7_8', 't4_5_8', 't6_7_9', 't8_9_17', 't3_4_5', 't2_4_8', 't3_5_10', 't13_14_17', 't13_14_16']",random_forest,16.544005048446557,7.4287000998394594,9.818109344483116,1439,20,pca
japet,vladimir,False,"['dist2_11', 'dist7_12', 'dist12_13', 'dist2_12', 'dist7_11', 'dist7_15', 'dist9_11', 'dist11_14', 'dist15_16', 't12_15_17', 'dist3_15', 'dist4_11', 'dist5_9', 'dist5_15', 'dist6_12', 'dist8_15', 'dist9_15', 'dist10_11', 'dist11_16', 'dist11_17']",random_forest,9.271364514742025,9.250302764995986,0.630890372556996,1440,20,pca
japet,vladimir,False,"['dist8_15', 'dist15_17', 'dist5_9', 'dist5_15', 'dist10_11', 'dist12_17', 'dist15_16', 'dist13_16', 'ang2_4_5', 'dist9_15', 'dist2_11', 'dist3_14', 'dist4_11', 'dist7_13', 'dist11_13', 'ang3_1_4', 't5_9_10', 'dist1_8', 'dist1_17', 'dist7_15']",random_forest,9.169811909313774,4.090860076849278,10.24827809784388,1441,20,pca
ducky,zanetka,False,"['dist1_8', 'dist2_11', 'dist5_14', 'dist6_17', 't2_4_8', 'dist2_4', 'dist2_14', 'dist3_10', 'dist4_12', 'dist5_9', 'dist10_15', 'dist12_15', 'dist14_16', 't6_7_9', 't3_4_5', 't13_14_17', 'dist1_3', 'dist1_4', 'dist1_12', 'dist1_16']",random_forest,17.140666048122032,11.10683999926593,6.03384176383535,1442,20,pca
ducky,zanetka,False,"['dist1_8', 'dist2_11', 'dist5_14', 'dist6_17', 't2_4_8', 'dist2_4', 'dist2_14', 'dist3_10', 'dist7_12', 'dist10_15', 'dist12_15', 't6_7_9', 't3_4_5', 't13_14_17', 't12_15_17', 'dist1_3', 'dist1_4', 'dist1_5', 'dist1_12', 'dist1_16']",random_forest,19.984953124936172,12.18014913806956,7.806062548041547,1443,20,pca
ducky,sam,False,"['dist2_14', 'dist3_10', 'dist5_14', 'dist6_17', 't2_4_5', 't2_4_8', 't3_5_10', 'dist2_4', 'dist2_9', 'dist2_11', 'dist3_4', 'dist3_6', 'dist4_12', 'dist5_6', 'dist12_15', 'dist12_17', 'dist13_14', 'dist14_16', 'ang6_10_4', 't3_4_16']",random_forest,12.247618656104612,7.622305672863761,12.797867711339599,1444,20,pca
ducky,sam,False,"['t2_4_5', 'dist3_5', 't3_4_5', 't2_4_8', 'dist2_15', 't1_3_5', 'dist2_14', 'dist5_11', 'dist5_16', 'dist10_15', 't2_5_9', 'dist2_16', 'dist4_12', 'dist9_15', 'ang1_4_3', 'ang6_10_4', 't2_3_5', 't12_15_17', 'ang2_1_4', 't3_4_16']",random_forest,15.406941913115018,14.29004519629638,16.06089614082932,1445,20,pca
ducky,rosie,False,"['dist2_11', 'dist5_14', 'dist1_8', 't2_4_8', 'dist2_4', 'dist2_8', 'dist2_14', 'dist3_7', 'dist3_10', 'dist4_12', 'dist7_12', 'dist12_15', 'dist12_17', 't3_4_5', 't13_14_17', 't12_15_17', 'dist1_3', 'dist1_4', 'dist1_5', 'dist1_16']",random_forest,18.250118047908447,10.823470159937285,7.512311551789999,1446,20,pca
ducky,rosie,False,"['dist2_11', 't2_4_8', 'dist2_4', 'dist2_8', 'dist2_14', 'dist3_7', 'dist3_10', 'dist5_14', 'dist7_12', 'dist7_13', 'dist10_15', 'dist12_15', 'ang1_2_5', 't4_7_8', 't6_7_9', 't8_9_17', 't3_4_5', 't13_14_17', 'dist1_4', 'dist1_8']",random_forest,18.632035100685723,10.510713314064457,8.437926751271874,1447,20,pca
ducky,otella,False,"['dist2_11', 'dist5_14', 'dist3_10', 'dist1_8', 'dist2_4', 'dist2_8', 'dist2_14', 'dist4_12', 'dist6_17', 'dist7_12', 'dist7_13', 'dist10_15', 'dist12_15', 't3_7_16', 't3_4_16', 't6_7_9', 't1_3_5', 't3_4_5', 't2_4_8', 't3_5_10']",random_forest,14.649727313822067,10.998158701057102,3.6591451012665956,1448,20,pca
ducky,otella,False,"['dist2_11', 'dist1_8', 'dist6_17', 't2_4_8', 'dist2_4', 'dist2_8', 'dist2_14', 'dist3_6', 'dist3_10', 'dist5_14', 'dist6_10', 'dist7_12', 'dist11_16', 'dist12_15', 't3_7_16', 't3_4_16', 't6_7_9', 't8_9_17', 't2_4_5', 't3_4_5']",random_forest,11.524341614916828,7.715561145551511,3.816936974433831,1449,20,pca
ducky,japet,False,"['dist1_6', 'dist13_14', 'dist2_7', 'dist2_6', 'dist6_13', 't2_5_6', 't2_4_7', 't2_4_8', 't2_5_10', 'dist4_6', 'dist10_13', 'dist2_17', 'dist4_10', 't1_2_7', 't2_3_7', 't2_5_9', 't13_14_17', 'dist7_17', 'dist1_10', 'ang6_9_10']",random_forest,7.551099139607021,12.711581130939289,7.421425338999793,1450,20,pca
ducky,japet,False,"['dist8_14', 't2_3_7', 'dist4_8', 'dist10_17', 'dist1_10', 'dist5_9', 'dist2_7', 'dist14_16', 't2_4_8', 't2_5_10', 'dist5_14', 't2_4_5', 'dist2_3', 'dist2_14', 'dist7_14', 't2_4_7', 'ang2_7_5', 't3_7_16', 't4_5_8', 'dist11_14']",random_forest,13.653886669643207,11.42926399276745,14.037257146170626,1451,20,pca
ducky,nuernberg_2,False,"['dist1_8', 'dist3_10', 'dist5_14', 'dist13_14', 'dist14_16', 't2_4_5', 't3_4_5', 't2_4_8', 'dist1_4', 'dist1_16', 'dist2_3', 'dist2_4', 'dist2_14', 'dist3_5', 'dist5_13', 'dist5_16', 'dist7_12', 'dist7_15', 'dist10_14', 'dist12_15']",random_forest,8.836224823099837,7.711975670700772,1.1984798396767196,1452,20,pca
ducky,nuernberg_2,False,"['t2_4_5', 'dist5_14', 'dist13_14', 't2_4_8', 'dist7_15', 'dist14_16', 'ang1_2_5', 't3_4_5', 't3_5_10', 'dist1_5', 'dist1_8', 'dist2_4', 'dist2_11', 'dist5_16', 'dist7_9', 'dist7_10', 'dist7_12', 'dist8_14', 'dist11_14', 'dist12_15']",random_forest,15.729800327947517,14.69186174206019,1.0393471007920507,1453,20,pca
ducky,neznamy,False,"['t2_4_8', 'dist3_16', 'dist13_14', 'ang2_1_4', 't2_4_5', 't3_4_5', 't2_5_6', 't3_5_10', 'dist1_10', 'dist2_3', 'dist2_4', 'dist2_14', 'dist2_15', 'dist3_4', 'dist3_5', 'dist5_12', 'dist7_10', 'dist8_14', 'dist10_12', 'dist14_16']",random_forest,15.033752763484891,13.555680158142549,4.708342179728567,1454,20,pca
ducky,neznamy,False,"['t2_4_5', 't2_4_8', 'dist1_13', 'dist2_3', 'dist2_4', 'dist2_14', 'dist2_16', 'dist3_5', 'dist3_8', 'dist4_12', 'dist5_7', 'dist5_13', 'dist5_14', 'dist5_16', 'dist7_15', 'dist13_15', 'dist14_16', 'dist15_17', 't3_4_16', 't1_3_5']",random_forest,9.753372187595703,10.643486166071693,0.9716907603201215,1455,20,pca
ducky,nokia,False,"['dist2_11', 't2_4_8', 'dist3_10', 'dist4_11', 'dist11_14', 't3_5_10', 'dist2_3', 'dist3_6', 'dist4_12', 'dist5_9', 'dist5_14', 'dist5_15', 'dist6_13', 'dist6_17', 'dist7_12', 'dist7_15', 'dist8_10', 'dist9_15', 'dist11_16', 'dist11_17']",random_forest,8.273067257883085,8.305986350551773,0.05695093653933878,1456,20,pca
ducky,nokia,False,"['dist4_10', 'dist7_10', 'dist2_3', 'dist2_14', 'dist4_8', 'dist4_11', 'dist4_12', 'dist8_14', 't2_4_5', 't2_4_8', 'dist2_15', 'dist1_2', 'dist2_4', 'dist4_9', 'dist5_12', 'dist7_15', 'dist11_14', 'dist14_16', 'ang4_3_5', 'ang5_3_4']",random_forest,8.468662554229894,8.240186805392703,11.940548052078311,1457,20,pca
ducky,noel,False,"['t2_4_5', 't2_3_5', 't3_4_5', 't2_4_8', 'dist3_7', 'dist2_4', 'dist5_14', 'dist5_16', 'dist7_10', 'ang2_1_4', 'ang2_7_5', 'dist2_12', 't3_4_16', 'dist2_5', 'dist2_6', 'dist2_9', 'dist2_14', 'dist3_4', 'dist3_14', 'dist5_13']",random_forest,25.31656652563972,6.989132310749719,21.631365239024777,1458,20,pca
ducky,noel,False,"['dist7_15', 't2_4_5', 'dist5_14', 't3_4_5', 't4_5_8', 't2_3_5', 't2_4_8', 'dist2_14', 'dist3_4', 'ang2_1_4', 'ang4_9_5', 'dist12_15', 'dist2_4', 'ang2_7_5', 'dist3_5', 'dist3_14', 'dist5_16', 'ang3_1_5', 't2_4_7', 't12_15_17']",random_forest,26.79043644533958,6.564962941074502,20.762146480759206,1459,20,pca
ducky,matysek,False,"['t2_4_8', 'dist2_8', 'dist3_10', 'dist6_17', 't3_5_10', 'dist1_8', 'dist2_4', 'dist2_14', 'dist4_12', 'dist6_10', 'dist7_12', 'dist7_13', 'dist9_12', 'dist11_14', 'dist12_15', 'dist12_17', 'dist13_14', 'dist13_15', 't3_4_16', 't1_6_7']",random_forest,7.264921859686464,6.42741881836722,0.8375253712637619,1460,20,pca
ducky,matysek,False,"['dist11_14', 't3_4_5', 'dist3_10', 'dist7_13', 'dist14_16', 't3_5_10', 'dist1_8', 'dist2_4', 'dist2_7', 'dist2_9', 'dist2_11', 'dist2_14', 'dist3_5', 'dist4_10', 'dist4_12', 'dist5_11', 'dist7_10', 'dist8_10', 't3_4_16', 't5_8_9']",random_forest,8.169642928598268,7.1711066706394035,1.0941959465955131,1461,20,pca
ducky,lucka,False,"['dist2_11', 'dist5_14', 'dist6_17', 't2_4_8', 'dist2_4', 'dist2_8', 'dist2_14', 'dist3_7', 'dist3_10', 'dist4_12', 'dist6_10', 'dist7_12', 'dist10_15', 'dist12_15', 't3_4_5', 't13_14_17', 't13_14_16', 'dist1_3', 'dist1_4', 'dist1_5']",random_forest,16.35195089330967,9.684037615532347,6.672442270092134,1462,20,pca
ducky,lucka,False,"['dist1_8', 'dist2_11', 'dist5_14', 'dist6_17', 't2_4_8', 'dist2_4', 'dist2_8', 'dist2_14', 'dist3_10', 'dist4_12', 'dist7_12', 'dist10_15', 'dist12_15', 't8_9_17', 't3_4_5', 't13_14_17', 'dist1_3', 'dist1_4', 'dist1_12', 'dist1_16']",random_forest,15.674492703204411,9.334177189321448,6.340317445761407,1463,20,pca
ducky,nuernberg_1,False,"['t2_4_8', 'dist2_14', 'dist12_17', 'dist15_17', 't3_5_10', 'dist2_11', 'dist2_4', 'dist4_12', 'dist5_9', 'dist5_16', 'dist6_17', 'dist11_14', 'dist12_15', 'dist14_16', 't2_3_7', 't6_7_9', 't2_4_5', 't3_4_5', 't2_4_7', 't13_14_16']",random_forest,9.785367584045376,10.710732004636016,0.925601683962681,1464,20,pca
ducky,nuernberg_1,False,"['t2_4_5', 't2_4_8', 't2_5_10', 'dist2_3', 'dist2_15', 'dist5_14', 't3_4_5', 'dist1_8', 'dist2_4', 'dist2_9', 'dist2_11', 'dist2_14', 'dist3_5', 'dist3_10', 'dist3_14', 'dist5_16', 'dist9_15', 'dist10_12', 'dist10_16', 'dist13_14']",random_forest,10.193271995541961,10.370548690644524,0.43125612595143525,1465,20,pca
ducky,leni,False,"['dist8_15', 'dist14_16', 'dist5_16', 'dist10_15', 'dist13_14', 't3_4_5', 'dist2_14', 'dist3_14', 'dist3_15', 'dist5_7', 'dist5_9', 'dist7_15', 'dist8_14', 'dist15_17', 'ang2_4_5', 't5_8_9', 't13_14_15', 'dist2_15', 'dist3_5', 'dist4_14']",random_forest,19.51750184718747,17.921101197621624,12.430471547560819,1466,20,pca
ducky,leni,False,"['dist3_5', 'dist5_16', 't3_4_5', 'dist1_8', 'dist2_14', 'dist3_14', 'dist5_9', 'dist14_16', 't5_8_9', 't2_3_5', 't2_5_9', 't1_3_5', 'dist5_13', 'dist6_15', 'dist13_14', 'ang3_4_3', 't2_5_6', 't12_15_17', 'dist3_4', 't2_4_5']",random_forest,19.088852851262445,17.64677625926154,9.71051583378729,1467,20,pca
ducky,innsbruck_1,False,"['dist3_5', 'ang6_9_10', 't3_4_5', 'dist5_14', 'dist9_11', 'dist10_12', 'dist6_9', 'dist14_16', 't3_4_16', 'dist5_15', 'dist11_15', 'dist3_4', 'ang1_2_5', 'dist7_9', 'dist10_11', 'dist10_16', 'dist7_17', 'dist5_11', 'dist11_12', 'ang3_1_4']",random_forest,16.445206444215263,6.599131803812606,15.297517203601714,1468,20,pca
ducky,innsbruck_1,False,"['dist6_9', 'dist3_4', 't3_4_5', 'dist6_17', 't6_7_17', 'dist7_8', 'dist5_16', 'dist3_5', 'dist3_6', 'dist5_11', 'dist6_8', 'ang6_9_10', 't6_7_9', 't6_9_17', 't2_3_5', 't2_4_8', 'ang4_2_5', 'dist4_13', 'dist14_16', 't3_4_16']",random_forest,14.224104031385894,6.273855644689431,9.541630572380091,1469,20,pca
ducky,shorfy,False,"['dist5_14', 'dist2_11', 'dist3_10', 't2_4_5', 't3_5_10', 'dist2_4', 'dist2_12', 'dist2_14', 'dist3_15', 'dist4_12', 'dist7_12', 'dist11_17', 'ang1_2_5', 'ang1_2_4', 't3_4_16', 't2_3_5', 't3_4_5', 't13_14_17', 'dist1_4', 'dist1_5']",random_forest,27.582187903979836,15.821134922189591,13.006272059188738,1470,20,pca
ducky,shorfy,False,"['dist2_11', 'dist5_14', 'dist3_10', 'dist1_8', 'dist2_4', 'dist2_8', 'dist2_14', 'dist4_12', 'dist6_9', 'dist6_10', 'dist6_17', 'dist7_12', 'dist7_15', 'dist9_10', 'dist11_17', 'dist12_13', 't3_4_16', 't4_5_8', 't8_9_17', 't2_4_5']",random_forest,10.110372217588052,6.284631244819396,3.87790976926922,1471,20,pca
ducky,paulinchen,False,"['dist2_11', 'dist3_7', 't3_4_5', 't2_4_8', 'dist3_10', 'dist11_14', 'dist11_17', 't3_4_16', 't12_15_17', 'dist2_4', 'dist2_14', 'dist4_11', 'dist4_12', 'dist7_12', 'dist10_15', 'dist12_13', 'dist12_17', 'dist14_16', 't3_7_16', 't1_3_5']",random_forest,11.741270675916898,11.549508449916924,0.7542204490060032,1472,20,pca
ducky,paulinchen,False,"['dist2_11', 't2_4_8', 'dist3_10', 'dist11_14', 'dist12_13', 't2_4_5', 'dist2_4', 'dist2_12', 'dist3_15', 'dist4_12', 'dist7_12', 'dist7_15', 'dist10_15', 'dist14_16', 't4_7_8', 't3_4_16', 't1_3_5', 't3_4_5', 't12_15_17', 'dist1_11']",random_forest,13.826227968370349,14.173433027707949,0.9042798572184982,1473,20,pca
ducky,mette,False,"['dist2_11', 'dist5_14', 'dist6_17', 't2_4_8', 'dist2_8', 'dist2_14', 'dist3_6', 'dist3_7', 'dist3_10', 'dist4_12', 'dist6_10', 'dist11_16', 'dist12_15', 'dist12_16', 'ang2_3_4', 't3_4_16', 't6_7_9', 't3_4_5', 't3_5_10', 't13_14_17']",random_forest,26.712644754357193,10.826942216409464,17.856724610167063,1474,20,pca
ducky,mette,False,"['dist2_11', 'dist5_14', 't2_4_8', 'dist2_4', 'dist2_8', 'dist2_14', 'dist3_6', 'dist3_7', 'dist3_10', 'dist4_10', 'dist4_12', 'dist7_12', 'dist11_16', 'ang1_2_5', 't3_4_16', 't8_9_17', 't3_4_5', 't3_5_10', 't13_14_17', 't13_14_16']",random_forest,22.83684097147018,14.619430836947457,10.545949259815224,1475,20,pca
ducky,zewe,False,"['dist2_8', 'dist5_14', 'dist1_4', 'dist2_3', 'dist2_4', 'dist2_11', 'dist2_14', 'dist3_10', 'dist4_8', 'dist4_11', 'dist7_12', 'dist11_14', 'dist12_15', 'dist14_16', 't4_7_8', 't3_4_16', 't8_9_17', 't3_4_5', 't2_4_8', 't13_14_17']",random_forest,12.778160945537003,9.88640571112259,3.0090643571302516,1476,20,pca
ducky,zewe,False,"['dist5_14', 'dist2_8', 'dist3_10', 'dist1_4', 'dist2_3', 'dist2_4', 'dist2_14', 'dist4_10', 'dist4_12', 'dist6_10', 'dist7_12', 'dist12_15', 'ang1_2_5', 't3_7_16', 't3_4_16', 't8_9_17', 't3_4_5', 't2_4_8', 't13_14_17', 't13_14_16']",random_forest,18.595999873257632,13.81109156713192,4.93888631099636,1477,20,pca
ducky,gesa,False,"['dist2_11', 'dist5_14', 't2_4_8', 'dist1_8', 'dist2_8', 'dist3_10', 'dist4_12', 'dist6_17', 'dist7_12', 'dist10_15', 'dist12_15', 'dist12_17', 't4_7_8', 't6_7_9', 't8_9_17', 't3_4_5', 't13_14_17', 't13_14_16', 'dist1_3', 'dist1_4']",random_forest,14.647701885267503,9.236884450180408,5.538614958516335,1478,20,pca
ducky,gesa,False,"['dist2_11', 'dist5_14', 'dist1_8', 'dist6_17', 't2_4_8', 'dist2_4', 'dist2_8', 'dist2_14', 'dist3_10', 'dist4_12', 'dist7_12', 'dist10_15', 't4_7_8', 't3_4_16', 't6_7_9', 't8_9_17', 't1_3_5', 't3_4_5', 't13_14_17', 'dist1_3']",random_forest,18.62628922952841,13.121765131983294,5.603755170443698,1479,20,pca
ducky,frida,False,"['dist5_14', 'dist8_14', 't3_4_5', 't2_4_8', 'dist3_5', 'dist14_16', 'ang1_3_5', 'dist2_11', 'dist2_14', 'dist3_7', 'dist3_8', 'dist6_12', 'dist10_15', 'dist14_17', 't3_4_16', 't1_3_5', 't2_4_5', 't3_5_7', 't13_14_16', 't2_4_7']",random_forest,15.577896939971454,14.457605695934015,2.3951236187042557,1480,20,pca
ducky,frida,False,"['t2_4_8', 'dist8_14', 't2_4_5', 'dist1_5', 'dist5_8', 'dist13_14', 'dist14_16', 't1_3_5', 't3_4_5', 't3_5_10', 'dist2_14', 'dist3_5', 'dist3_16', 'dist4_8', 'dist5_14', 'dist5_16', 'dist8_16', 'dist11_14', 'dist12_15', 'dist14_15']",random_forest,9.999480451662176,10.216207897141295,0.550638851433512,1481,20,pca
ducky,fousek,False,"['dist2_11', 'dist3_5', 'dist9_10', 'dist11_17', 'dist12_13', 't2_4_5', 't3_4_5', 'dist2_12', 'dist11_14', 'dist14_16', 't3_4_16', 'dist2_4', 'dist3_10', 'dist3_15', 'dist4_11', 'dist6_11', 'dist7_11', 'dist7_12', 'dist8_15', 'dist9_11']",random_forest,6.5622292973628,7.299942186512643,1.1672258434886609,1482,20,pca
ducky,fousek,False,"['dist2_11', 'dist8_12', 't3_5_10', 'dist7_12', 'dist11_14', 'dist12_17', 'dist15_17', 't3_4_16', 'dist3_4', 'dist2_4', 'dist3_5', 'dist3_11', 'dist3_15', 'dist4_11', 'dist4_12', 'dist6_11', 'dist7_11', 'dist9_15', 'dist12_13', 'dist15_16']",random_forest,7.452565003480343,8.391433277084543,1.107977717022475,1483,20,pca
ducky,esta,False,"['dist7_13', 't1_3_5', 't2_4_5', 't3_4_5', 't2_4_8', 't3_5_10', 'dist1_15', 'dist2_4', 'dist2_14', 'dist3_10', 'dist3_15', 'dist4_8', 'dist4_10', 'dist4_11', 'dist4_12', 'dist5_6', 'dist9_10', 'dist11_14', 'dist11_16', 'dist12_15']",random_forest,12.915962380959542,12.325353356883335,1.037288837992737,1484,20,pca
ducky,esta,False,"['dist5_14', 'dist11_14', 't2_4_5', 't3_4_5', 'dist3_10', 'dist14_16', 't2_5_10', 'dist2_4', 'dist2_14', 'dist3_15', 'dist4_11', 'dist4_12', 'dist7_12', 'dist8_14', 'dist11_16', 'dist12_15', 'dist13_14', 'dist14_15', 't3_4_16', 't1_3_5']",random_forest,10.585882339559099,11.590262773080939,1.1512825897416887,1485,20,pca
ducky,vladimir,False,"['dist2_11', 'dist9_11', 'dist14_16', 't2_4_5', 'dist2_12', 'dist2_15', 'dist4_8', 'dist4_11', 'dist5_16', 'dist11_14', 'dist15_16', 'dist2_14', 'dist4_12', 'dist5_9', 'dist6_15', 'dist7_11', 'dist7_15', 'dist8_14', 'dist8_15', 'dist10_15']",random_forest,4.975198114896677,6.954636319108757,2.9637423104170386,1486,20,pca
ducky,vladimir,False,"['dist2_11', 'dist15_16', 'dist2_15', 'dist7_11', 'dist11_14', 'dist12_13', 'dist14_16', 'dist5_16', 'dist2_12', 'dist2_14', 'dist4_8', 'dist4_11', 'dist4_12', 'dist5_8', 'dist5_11', 'dist5_12', 'dist7_14', 'dist7_15', 'dist8_14', 'dist8_15']",random_forest,3.887925071549887,3.5896965500288354,0.46874369090286,1487,20,pca
ducky,ecki,False,"['dist5_14', 't3_4_5', 't2_4_5', 'dist3_5', 'dist6_13', 'dist8_14', 'dist14_16', 'ang3_1_4', 'ang1_3_4', 'ang2_3_4', 'ang3_4_3', 'dist2_8', 'dist2_14', 'dist3_14', 'dist5_16', 'ang2_1_5', 'ang1_2_5', 'ang1_3_5', 'ang1_2_4', 'ang2_7_5']",random_forest,70.09384633569435,24.52906276243089,45.5851415795635,1488,20,pca
ducky,ecki,False,"['t3_4_5', 'dist5_14', 't3_5_10', 'dist3_8', 'dist3_10', 'dist3_14', 'dist4_8', 'dist4_9', 'ang1_2_5', 'ang2_3_4', 't2_3_5', 't2_4_5', 'dist10_14', 'dist2_14', 'dist3_5', 'dist3_9', 'dist4_10', 'dist8_14', 'dist14_16', 'ang3_1_4']",random_forest,30.940848016400047,6.261899044657342,28.98087293463486,1489,20,pca
nuernberg_2,zanetka,False,"['dist2_11', 'dist3_7', 'dist11_14', 'dist14_16', 'dist2_12', 'dist2_15', 'dist3_6', 'dist3_12', 'dist3_15', 'dist4_11', 'dist5_9', 'dist6_13', 'dist7_12', 'dist7_15', 'dist10_15', 'dist11_17', 'dist12_13', 'dist12_14', 'dist12_16', 'dist14_17']",random_forest,4.15769270758743,0.5936784039614358,3.5811292888042625,1490,20,pca
nuernberg_2,zanetka,False,"['dist2_11', 'dist3_7', 'dist5_12', 'dist12_13', 't4_7_8', 't12_15_17', 'dist1_15', 'dist2_3', 'dist2_12', 'dist3_6', 'dist5_15', 'dist9_15', 'dist10_15', 'dist11_14', 'dist12_14', 'dist12_16', 'dist16_17', 't3_7_16', 't5_8_9', 'dist1_3']",random_forest,5.792610368513643,1.1855949462955935,6.702865861080681,1491,20,pca
nuernberg_2,sam,False,"['t2_4_5', 'dist13_14', 'ang7_6_10', 't1_6_7', 't7_8_17', 'dist10_17', 'dist12_15', 't8_9_17', 'dist8_9', 'dist1_4', 'dist6_8', 't1_3_5', 't6_7_17', 't6_7_9', 'dist10_16', 'dist6_9', 'dist2_14', 'dist2_15', 't2_3_5', 'dist5_7']",random_forest,13.723328485721053,6.523060579415909,7.347733772154088,1492,20,pca
nuernberg_2,sam,False,"['dist6_8', 'dist6_16', 't6_7_17', 'dist6_17', 't2_5_6', 'dist5_6', 'dist1_6', 't6_7_9', 'ang6_10_4', 't7_8_16', 'dist7_8', 't7_8_17', 't13_14_17', 'dist13_15', 'ang7_6_10', 't1_6_7', 'dist1_4', 'dist2_6', 'dist6_9', 'dist6_7']",random_forest,18.464126036389445,4.903668555310463,13.608392815016808,1493,20,pca
nuernberg_2,rosie,False,"['dist3_6', 'dist4_10', 'dist11_14', 'dist12_13', 'dist3_10', 'dist4_11', 't3_5_10', 'dist3_7', 'dist3_15', 'dist4_12', 'dist5_12', 'dist5_15', 'dist7_13', 'dist11_16', 'dist12_14', 'ang4_9_5', 'ang2_7_5', 't2_3_7', 't3_7_16', 't4_7_8']",random_forest,27.891485119485264,16.55056107612542,13.700867755179143,1494,20,pca
nuernberg_2,rosie,False,"['t2_3_7', 'dist1_3', 'dist2_3', 'dist3_6', 'dist3_7', 'dist3_10', 'dist7_13', 'dist12_13', 'ang4_9_5', 't3_7_16', 'dist1_13', 'dist2_7', 'dist2_9', 'dist2_11', 'dist4_8', 'dist4_9', 'dist4_11', 'dist5_15', 'dist6_13', 't4_7_8']",random_forest,17.616807924456264,7.660694990608649,10.20204991472114,1495,20,pca
nuernberg_2,otella,False,"['dist2_11', 'dist5_12', 'dist5_15', 'dist7_15', 'dist9_11', 'dist11_16', 'dist12_13', 'dist12_16', 't13_14_15', 't12_15_17', 'dist8_12', 't3_5_10', 'dist9_12', 'dist3_15', 'dist15_16', 'dist2_15', 'dist4_12', 'dist7_12', 'dist7_13', 'dist9_15']",random_forest,9.478870094674637,0.844685287686567,8.639780575146526,1496,20,pca
nuernberg_2,otella,False,"['dist8_15', 'dist12_13', 'dist5_15', 'dist15_16', 't2_4_5', 'dist2_11', 'dist2_15', 'dist6_9', 'dist6_10', 'dist6_11', 'dist11_13', 't3_6_10', 'dist6_8', 'dist9_15', 'dist15_17', 'dist2_13', 'dist6_13', 'dist8_12', 'dist11_12', 'dist13_15']",random_forest,3.564783585668081,1.6830095993570242,3.2128437625716395,1497,20,pca
nuernberg_2,shorfy,False,"['dist2_11', 'dist3_10', 'dist7_12', 'dist11_17', 'dist12_17', 'dist1_11', 'dist3_6', 'dist3_8', 'dist3_15', 'dist5_15', 'dist7_9', 'dist8_15', 'dist8_16', 'dist9_12', 'dist11_13', 'dist11_14', 'dist11_16', 'dist12_13', 'dist12_14', 'dist12_16']",random_forest,4.6016158013116515,1.663574129277352,3.0955395498877927,1498,20,pca
nuernberg_2,shorfy,False,"['dist1_8', 'dist2_11', 'dist6_8', 'dist11_14', 'dist12_17', 'dist3_15', 'dist4_10', 'dist6_9', 'dist6_17', 'dist9_11', 'dist9_15', 'dist10_11', 'dist11_16', 'dist11_17', 'dist12_13', 'dist12_14', 'dist12_16', 't6_7_9', 't8_9_17', 't2_5_6']",random_forest,6.142823171598112,0.536750803959387,5.844554444901569,1499,20,pca
nuernberg_2,paulinchen,False,"['dist1_8', 'dist1_17', 'dist13_14', 'dist12_13', 'dist12_15', 'dist3_15', 'dist4_13', 'dist6_13', 'dist11_13', 't2_4_5', 'dist14_15', 't3_7_16', 'dist2_4', 'dist2_16', 'dist1_9', 'dist2_3', 'dist2_6', 'dist3_6', 'dist9_15', 'ang3_2_4']",random_forest,5.010187399803851,1.8245571717149565,3.466258711424859,1500,20,pca
nuernberg_2,paulinchen,False,"['dist1_8', 'dist7_11', 'dist13_14', 'ang2_7_5', 'dist4_11', 'dist11_17', 'dist12_15', 'dist13_16', 't1_2_7', 't1_3_5', 't2_4_5', 'dist12_13', 'dist1_4', 'dist1_16', 'dist2_11', 'dist2_15', 'dist3_11', 'dist4_13', 'dist8_15', 'dist9_15']",random_forest,22.489259692221857,13.001864466431709,9.492667226528212,1501,20,pca
nuernberg_2,zewe,False,"['t3_5_10', 'dist4_7', 'dist7_14', 'dist1_4', 'dist9_10', 't4_7_8', 't4_5_8', 't2_5_10', 'dist1_2', 'dist5_6', 'dist5_16', 't7_8_17', 't6_9_10', 't13_14_17', 'dist5_7', 't3_4_5', 'dist6_7', 't2_4_5', 't2_5_9', 'dist6_14']",random_forest,8.969143001979052,0.37454723528283385,8.753209858224082,1502,20,pca
nuernberg_2,zewe,False,"['dist7_17', 'dist2_11', 'dist4_8', 'dist1_6', 't4_7_8', 't2_4_7', 'ang4_1_5', 'dist1_10', 'dist2_12', 'dist3_6', 'dist5_6', 'dist5_12', 'dist9_12', 'dist10_13', 'dist11_13', 'dist12_17', 't4_5_8', 't2_5_6', 't7_8_16', 'dist8_15']",random_forest,5.853907273428628,0.7856967461130239,6.0848118269991796,1503,20,pca
nuernberg_2,vladimir,False,"['dist1_16', 'dist1_8', 't2_4_5', 't3_4_5', 'dist1_4', 'dist1_10', 'dist2_8', 'dist3_5', 'dist5_14', 'dist6_9', 't4_5_8', 't1_3_5', 't2_4_8', 'dist2_3', 'dist2_4', 'dist2_9', 'dist3_10', 'dist4_9', 'dist4_13', 'dist5_16']",random_forest,9.558896473075801,2.3794735798957602,7.18036575621456,1504,20,pca
nuernberg_2,vladimir,False,"['t2_4_5', 'dist1_8', 'dist5_14', 't3_4_5', 'dist5_15', 'dist9_15', 'dist10_15', 'ang4_9_5', 't2_4_8', 'dist1_4', 'dist2_4', 'dist2_9', 'dist2_16', 'dist4_13', 'dist5_9', 'dist5_16', 'ang3_4_3', 'ang2_7_5', 't2_3_5', 'dist8_15']",random_forest,34.333172031290246,10.974175793428536,23.463800423478595,1505,20,pca
nokia,zanetka,False,"['dist2_11', 'dist5_14', 'dist14_16', 't3_4_5', 'dist1_4', 'dist2_4', 'dist3_7', 'dist4_12', 'dist7_13', 'dist10_15', 'dist12_15', 'dist13_14', 't3_4_16', 't4_5_8', 't2_4_8', 't2_4_7', 't3_5_10', 't13_14_17', 't13_14_16', 'dist1_5']",random_forest,10.986970155309658,3.0728404464855825,8.051472505649214,1506,20,pca
nokia,zanetka,False,"['dist2_11', 'dist5_14', 'dist14_16', 'ang4_3_5', 'dist1_8', 'dist2_4', 'dist3_10', 'dist4_12', 'dist10_15', 'dist12_15', 'ang3_4_3', 't3_7_16', 't3_4_16', 't4_5_8', 't3_4_5', 't2_4_7', 't3_5_10', 't13_14_17', 't13_14_16', 'dist1_3']",random_forest,16.518705805341625,10.343877041817068,9.577141817639912,1507,20,pca
nokia,sam,False,"['ang4_9_5', 't2_4_5', 't3_4_5', 't2_3_5', 'dist7_17', 'dist4_13', 'ang4_3_5', 't7_8_17', 't1_3_5', 't13_14_17', 'dist1_8', 'dist3_5', 'dist1_5', 'dist7_8', 'dist2_5', 'dist5_10', 'dist12_15', 'dist2_4', 'dist5_14', 'dist9_12']",random_forest,14.820522614166592,8.736197473903259,6.1350628694659175,1508,20,pca
nokia,sam,False,"['ang4_9_5', 'ang2_4_5', 'dist4_10', 'dist4_8', 'dist5_16', 'dist12_15', 'ang1_4_5', 'ang4_2_5', 'dist1_15', 'dist4_14', 'dist4_9', 't3_4_5', 'dist5_13', 'dist6_16', 'dist10_15', 'ang5_3_4', 't1_3_5', 't2_3_5', 't3_6_10', 't4_6_10']",random_forest,22.189999589356926,14.000551221088406,8.239106434701869,1509,20,pca
nokia,rosie,False,"['dist5_14', 'dist2_11', 't3_4_5', 't3_5_10', 'dist3_10', 'dist5_9', 'dist14_16', 't2_4_8', 'dist1_5', 'dist3_7', 'dist3_8', 'dist4_11', 'dist4_12', 'dist11_16', 'dist12_13', 'dist12_16', 't3_4_16', 't1_3_5', 't2_4_5', 't13_14_17']",random_forest,11.001229465612411,2.6097199045891997,8.67491387526775,1510,20,pca
nokia,rosie,False,"['dist5_14', 'dist2_11', 'dist12_13', 't2_4_8', 'dist2_8', 'dist2_9', 'dist2_12', 'dist3_7', 'dist3_8', 'dist3_9', 'dist3_10', 'dist3_15', 'dist4_12', 'dist6_13', 'dist8_14', 'dist12_16', 'ang1_2_5', 't3_7_16', 't1_3_5', 't2_5_10']",random_forest,19.643995502014878,8.713200157189934,11.149415459946743,1511,20,pca
nokia,otella,False,"['dist2_11', 'dist2_12', 'dist2_16', 't2_4_5', 'dist1_4', 't1_3_5', 'dist2_4', 'dist4_12', 'dist5_14', 'dist6_11', 'dist7_10', 'dist7_12', 'dist8_15', 'dist9_15', 'dist11_16', 'dist11_17', 'dist15_16', 'ang1_2_4', 't2_5_6', 't13_14_17']",random_forest,12.786127499448098,10.405130084324762,5.596864938488487,1512,20,pca
nokia,otella,False,"['t1_2_7', 'dist2_15', 'dist2_16', 'dist7_10', 'ang4_9_5', 't2_4_5', 'dist1_15', 'dist15_16', 'ang2_4_5', 'dist1_10', 'dist2_8', 'dist2_9', 'dist2_17', 'dist3_5', 'dist5_14', 'dist5_16', 'dist7_12', 'ang1_2_4', 'ang6_10_4', 'ang6_4_10']",random_forest,19.28802439211416,14.447124293443448,5.668862778859346,1513,20,pca
nokia,nuernberg_2,False,"['dist5_14', 'ang4_9_5', 't2_4_5', 'dist13_16', 'dist1_16', 'dist3_5', 'dist3_13', 'dist4_13', 'dist5_10', 'dist5_13', 'dist13_14', 'ang1_3_5', 't3_4_5', 'dist10_15', 'dist1_3', 'dist2_4', 'dist2_5', 'dist2_9', 'dist3_16', 'ang1_2_5']",random_forest,21.042790769114756,10.294197084379507,10.793386509302714,1514,20,pca
nokia,nuernberg_2,False,"['dist1_8', 'dist5_14', 'dist1_6', 'dist4_13', 'dist12_15', 'ang2_4_5', 'ang5_3_4', 'ang4_9_5', 't2_4_5', 'ang1_3_4', 'ang4_2_5', 'dist1_13', 'dist1_16', 'dist4_8', 'dist4_9', 'dist4_14', 'ang4_3_5', 't3_4_5', 't12_15_17', 'dist3_5']",random_forest,23.093312863318545,19.09028248351406,5.925359665006998,1515,20,pca
nokia,nuernberg_1,False,"['ang4_9_5', 't2_4_5', 'dist2_3', 'dist2_14', 'dist5_16', 'dist8_12', 'dist13_14', 'ang2_4_5', 'ang3_4_3', 'dist8_15', 'dist1_5', 'dist4_8', 'dist4_10', 'dist5_7', 'dist7_11', 'dist7_15', 'dist9_15', 'dist10_15', 'dist12_17', 'dist15_17']",random_forest,26.740821135949545,14.59681491273837,12.157005254553747,1516,20,pca
nokia,nuernberg_1,False,"['dist8_15', 'dist13_14', 'ang4_9_5', 'dist1_8', 'dist2_16', 'dist7_15', 't7_8_17', 't2_4_5', 'dist2_14', 'dist4_8', 'dist4_9', 'dist4_10', 'dist5_12', 'dist6_8', 'dist7_8', 'dist7_10', 'dist8_12', 'dist9_15', 'dist12_15', 'ang4_3_5']",random_forest,16.98782938134487,9.263898533638349,8.297434809483057,1517,20,pca
nokia,shorfy,False,"['dist5_14', 't3_4_5', 'dist3_5', 't2_3_5', 'ang1_2_5', 'ang3_1_4', 'ang1_2_4', 't2_4_5', 'dist12_15', 't3_4_16', 'dist1_8', 'dist5_13', 'dist13_16', 'ang3_1_5', 'ang4_9_5', 'dist1_5', 'dist2_9', 'dist5_16', 't13_14_16', 'dist8_14']",random_forest,31.752261661040475,16.741047759630018,15.170685534838537,1518,20,pca
nokia,shorfy,False,"['dist2_11', 'dist5_14', 'dist13_16', 't3_7_16', 't7_8_17', 't3_4_5', 't2_4_8', 't3_5_10', 'dist1_4', 'dist1_5', 'dist2_8', 'dist3_10', 'dist7_10', 'dist7_15', 'dist12_13', 'dist12_15', 'ang1_3_4', 't2_5_10', 't13_14_17', 't13_14_16']",random_forest,18.43054271541175,9.451414467831945,10.30274739269602,1519,20,pca
nokia,paulinchen,False,"['ang2_4_5', 'ang3_1_4', 'dist15_17', 'dist1_4', 'ang4_2_5', 'dist3_5', 'dist10_15', 'ang1_2_5', 'dist7_15', 'ang2_3_4', 'ang3_4_3', 'dist10_11', 'dist4_10', 'dist1_12', 'dist5_16', 'dist7_8', 'ang1_3_4', 'dist8_15', 't2_4_5', 'ang4_9_5']",random_forest,24.067642723563647,15.881944905564266,9.879993079166512,1520,20,pca
nokia,paulinchen,False,"['dist2_12', 'ang1_3_4', 'ang2_4_5', 'ang3_1_4', 'ang4_3_5', 'dist2_3', 'dist8_15', 'dist12_13', 'dist8_10', 'dist11_17', 'ang3_4_3', 'dist5_7', 'dist12_14', 'dist15_17', 'ang1_3_5', 'ang6_4_10', 't5_8_9', 'dist6_11', 't13_14_15', 'dist9_15']",random_forest,24.992626987282996,19.91580423030184,5.136183175537572,1521,20,pca
nokia,zewe,False,"['dist5_14', 'dist2_11', 't2_4_5', 't2_4_8', 'dist13_14', 't1_3_5', 't3_4_5', 'dist1_4', 'dist1_8', 'dist2_4', 'dist2_15', 'dist3_10', 'dist4_12', 'dist9_15', 'dist12_15', 'dist13_16', 'ang4_9_5', 't3_4_16', 't2_5_6', 't2_5_10']",random_forest,17.575612933682073,7.9686374913910685,10.406836504834711,1522,20,pca
nokia,zewe,False,"['t3_5_10', 't2_4_5', 't1_3_5', 't3_4_5', 't2_5_10', 'dist10_14', 't1_2_7', 'dist3_8', 'dist1_4', 'dist2_4', 'dist2_9', 'dist3_5', 'dist3_10', 'dist4_13', 'dist5_13', 'dist5_14', 'dist5_16', 'dist11_14', 'dist12_15', 't3_4_16']",random_forest,8.667512807476168,2.8326308206050754,6.298612608233333,1523,20,pca
nokia,vladimir,False,"['dist15_17', 'ang2_4_5', 't2_4_8', 'dist1_9', 'dist2_4', 'dist4_9', 'dist6_11', 'dist7_10', 'ang1_2_5', 'ang4_2_4', 'ang1_4_3', 'dist4_10', 'dist1_4', 'dist1_8', 'dist2_3', 'dist3_10', 'dist4_8', 'dist8_15', 'dist9_15', 'dist9_16']",random_forest,23.669966459521127,10.409521540008035,13.276816644079059,1524,20,pca
nokia,vladimir,False,"['dist15_17', 'dist2_3', 'dist6_11', 'dist4_8', 'dist8_15', 'ang1_2_5', 'dist1_8', 'ang3_1_4', 'ang1_2_4', 'ang1_3_4', 'dist4_9', 'dist2_4', 'dist9_15', 'dist5_15', 'ang6_4_10', 'dist2_11', 'dist4_13', 'dist4_14', 'dist12_13', 'ang3_4_3']",random_forest,29.176309631552765,17.817371413410115,11.697232748350421,1525,20,pca
noel,zanetka,False,"['dist2_11', 'dist5_14', 'dist1_4', 'dist1_16', 'dist3_6', 'dist3_7', 'dist3_10', 'dist4_10', 'dist4_12', 'dist7_12', 'dist10_15', 'dist12_16', 'dist13_17', 'dist14_16', 't4_7_8', 't4_5_8', 't2_4_7', 't13_14_17', 't13_14_16', 'dist1_3']",random_forest,9.670657412350929,2.828975265889459,6.957179031202854,1526,20,pca
noel,zanetka,False,"['dist2_11', 't3_4_5', 'dist5_14', 'dist1_4', 'dist1_16', 'dist3_7', 'dist3_10', 'dist4_12', 'dist7_12', 'dist10_15', 'dist12_16', 'dist13_17', 'dist14_16', 't4_7_8', 't4_5_8', 't2_4_8', 't2_4_7', 't3_5_10', 't13_14_17', 't13_14_16']",random_forest,12.260798790876416,2.746441055115103,9.566996753920138,1527,20,pca
noel,sam,False,"['ang2_1_4', 'dist10_15', 'dist5_15', 'dist2_14', 'ang2_7_5', 'dist3_6', 'dist1_12', 'dist1_15', 'dist6_8', 'dist6_17', 'dist3_12', 'dist4_11', 'dist7_16', 'dist9_16', 't7_8_16', 't3_4_5', 't4_6_10', 'dist4_15', 't2_3_7', 'ang1_2_5']",random_forest,18.551424759874905,21.247429237155142,7.78273749456456,1528,20,pca
noel,sam,False,"['dist5_6', 'dist3_12', 't4_7_8', 'ang4_9_5', 'dist4_7', 'dist4_12', 'dist5_12', 'dist10_15', 'dist6_8', 'dist7_14', 't4_5_8', 'dist1_6', 'dist2_13', 'dist3_6', 'dist6_13', 'dist6_16', 'dist7_16', 'dist8_14', 'dist9_10', 'dist12_16']",random_forest,8.807892512212678,10.139334464086739,1.854371353996903,1529,20,pca
noel,rosie,False,"['dist2_3', 'dist2_11', 'dist3_7', 'dist4_10', 'dist5_14', 't2_3_7', 'dist1_4', 'dist3_6', 'dist3_8', 'dist3_10', 'dist5_12', 'dist7_13', 'dist8_16', 'dist10_11', 'dist11_16', 'dist12_13', 'dist12_16', 't3_7_16', 't4_7_8', 't4_5_8']",random_forest,6.69284061268137,2.832027848204662,3.864946017746316,1530,20,pca
noel,rosie,False,"['dist2_11', 't2_4_8', 'dist1_4', 'dist1_15', 'dist2_3', 'dist3_7', 'dist3_10', 'dist4_10', 'dist5_9', 'dist9_15', 'dist10_15', 'dist11_14', 'dist12_16', 't3_7_16', 't4_7_8', 't4_5_8', 't1_3_5', 't3_5_10', 't13_14_17', 't12_15_17']",random_forest,13.57832155448177,3.6942870671973407,9.913379980992344,1531,20,pca
noel,otella,False,"['dist12_13', 'dist5_15', 'dist11_17', 'dist2_11', 'dist3_6', 'dist3_10', 'dist3_12', 'dist4_11', 'dist11_14', 'dist4_10', 'dist2_12', 'dist1_3', 'dist1_13', 'dist2_13', 'dist3_7', 'dist4_12', 'dist7_12', 'dist7_13', 'dist9_11', 'dist11_16']",random_forest,4.669140291361678,2.8342103136397405,1.8498833602388691,1532,20,pca
noel,otella,False,"['dist7_12', 'dist11_14', 'dist11_17', 'dist1_13', 'dist3_6', 'dist3_7', 'dist1_3', 'dist2_6', 'dist2_12', 'dist2_14', 'dist3_10', 'dist3_12', 'dist4_11', 'dist4_12', 'dist5_15', 'dist6_8', 'dist6_9', 'dist6_13', 'dist7_15', 'dist9_11']",random_forest,3.6628997217264647,2.4806217541217026,1.2256282808790726,1533,20,pca
noel,nuernberg_2,False,"['t1_2_7', 'dist1_2', 'dist1_3', 'dist3_7', 'dist3_13', 'dist13_16', 'ang4_1_5', 'dist4_13', 't8_9_17', 'ang6_10_4', 't3_7_16', 'ang4_9_5', 'dist9_14', 'dist3_14', 'ang2_7_5', 't2_3_7', 'dist1_16', 't2_4_7', 'ang6_4_10', 'dist9_16']",random_forest,12.479733263358403,23.282508932825962,11.018171073999314,1534,20,pca
noel,nuernberg_2,False,"['dist3_10', 'dist9_14', 'dist1_2', 'dist1_3', 't4_5_8', 'dist1_4', 'dist3_6', 'dist3_13', 'dist4_9', 'ang1_4_5', 't2_3_7', 'dist8_14', 'ang4_9_5', 'dist4_10', 'dist1_13', 'dist3_9', 'dist4_8', 't4_7_8', 't2_4_8', 'ang3_2_5']",random_forest,19.963859773383568,13.290383862002592,7.120671262563609,1535,20,pca
noel,nokia,False,"['ang2_7_5', 'dist4_10', 'dist4_8', 'dist4_9', 'ang4_2_4', 't4_5_8', 'dist3_17', 'dist4_7', 'ang4_9_5', 't2_3_7', 'dist3_6', 'ang2_1_4', 'dist3_7', 'dist4_17', 't4_7_8', 't5_9_10', 'dist2_6', 'dist2_14', 't3_7_16', 'ang1_3_4']",random_forest,33.031997318950346,23.929016314888962,14.060701821371707,1536,20,pca
noel,nokia,False,"['dist4_7', 'dist4_9', 'dist4_10', 'dist2_14', 'dist3_6', 'dist3_14', 'dist4_8', 'dist6_13', 't2_3_5', 'dist3_13', 'dist3_9', 'dist2_4', 'dist3_5', 'dist3_7', 'dist5_10', 'ang4_2_5', 'ang4_9_5', 'ang2_7_5', 'ang6_4_10', 't3_7_16']",random_forest,35.430339200885,22.804422358821057,12.789249490586718,1537,20,pca
noel,nuernberg_1,False,"['dist8_15', 'dist6_17', 'dist7_14', 'dist7_15', 'dist11_16', 'ang2_7_5', 't12_15_17', 'dist3_7', 'dist4_11', 'dist5_9', 'dist5_15', 'dist6_16', 'dist9_11', 'dist10_11', 'dist12_13', 'dist12_16', 'dist15_16', 'ang1_4_3', 't3_4_5', 't6_10_11']",random_forest,20.027143383336092,22.404676991788428,2.3881548880876897,1538,20,pca
noel,nuernberg_1,False,"['ang2_7_5', 'dist3_7', 'ang1_4_3', 'dist6_8', 'dist1_2', 'dist9_11', 'dist12_13', 'dist15_16', 't7_8_16', 'dist2_11', 'dist7_16', 'ang2_4_3', 't3_7_16', 't2_4_5', 'dist6_17', 'ang5_3_4', 't12_15_17', 'dist4_7', 'dist4_10', 'dist4_11']",random_forest,18.657205984142628,22.641956647873847,4.486418719848201,1539,20,pca
noel,shorfy,False,"['dist2_11', 'dist1_4', 'dist12_17', 'dist1_3', 'dist3_6', 'dist3_7', 'dist3_10', 'dist3_15', 'dist4_8', 'dist4_10', 'dist4_12', 'dist5_14', 'dist6_8', 'dist6_13', 'dist7_12', 'dist10_11', 'dist10_16', 'dist11_14', 'dist12_16', 't6_7_9']",random_forest,5.466654925352817,2.203382334844599,3.459323830544323,1540,20,pca
noel,shorfy,False,"['dist2_11', 'dist1_16', 'dist4_10', 'dist5_14', 'dist1_4', 'dist1_8', 'dist3_10', 'dist3_15', 'dist3_17', 'dist4_12', 'dist7_12', 'dist8_16', 'dist11_16', 'dist12_15', 'dist12_16', 't3_7_16', 't4_7_8', 't5_8_9', 't6_7_9', 't13_14_17']",random_forest,9.307036938805908,2.9063794145908264,6.432841183495277,1541,20,pca
noel,paulinchen,False,"['dist12_13', 'dist2_11', 'dist3_7', 'dist3_10', 'dist11_14', 'dist11_17', 'dist16_17', 'dist3_6', 'dist3_15', 'dist4_7', 'dist4_12', 'dist5_9', 'dist5_15', 'dist7_12', 'dist8_15', 'dist9_15', 'dist11_16', 'dist12_16', 'ang1_4_3', 't4_5_8']",random_forest,12.685055503756503,8.960287765323597,3.784311874890708,1542,20,pca
noel,paulinchen,False,"['dist8_15', 'dist2_12', 'dist5_15', 'dist9_11', 'dist2_11', 'dist2_16', 'dist3_7', 'dist3_12', 'dist4_7', 'dist4_11', 'dist7_16', 'dist12_13', 'ang4_9_5', 'ang2_7_5', 'dist3_10', 'dist5_11', 'dist9_15', 'dist10_15', 'dist11_13', 'dist12_14']",random_forest,46.493760284943136,22.48899023120699,24.06781759040909,1543,20,pca
noel,zewe,False,"['dist1_4', 'dist2_11', 'dist1_3', 't3_5_10', 'dist1_2', 'dist3_7', 'dist3_10', 'dist3_15', 'dist4_10', 'dist4_12', 'dist5_9', 'dist5_12', 'dist5_14', 'dist7_12', 'dist11_14', 'dist11_16', 'dist12_15', 'dist12_16', 'ang4_2_5', 't3_7_16']",random_forest,10.376617623257614,3.5237855819165365,6.9075707770381065,1544,20,pca
noel,zewe,False,"['dist1_4', 't3_4_5', 'dist4_10', 'dist5_14', 't2_4_5', 't3_5_10', 'dist1_3', 'dist3_5', 'dist3_10', 'dist4_7', 'dist11_14', 'dist14_16', 'ang1_3_5', 't3_4_16', 't4_5_8', 't5_8_9', 't2_4_7', 't3_5_7', 't2_5_6', 't3_6_10']",random_forest,15.72957937298189,7.756417060995321,8.767737863358022,1545,20,pca
noel,vladimir,False,"['dist2_12', 'dist8_15', 'dist15_17', 'dist12_13', 'dist2_11', 'dist1_8', 'dist5_15', 'dist16_17', 'ang2_7_5', 'dist11_17', 'dist13_14', 'dist5_9', 'dist4_8', 'dist5_11', 'dist10_11', 'ang2_1_4', 'ang6_10_4', 't2_4_5', 'dist4_9', 'dist4_5']",random_forest,35.52775085386573,21.228680014105265,14.410449425486968,1546,20,pca
noel,vladimir,False,"['dist2_11', 'dist1_13', 'dist2_12', 'dist8_15', 'ang1_3_4', 'dist12_13', 'dist11_14', 'dist3_7', 'dist2_4', 'dist1_4', 'dist1_9', 'dist1_17', 'dist2_6', 'dist5_11', 'dist5_15', 'dist9_15', 'dist10_11', 'dist11_13', 'dist12_15', 'dist14_15']",random_forest,17.19219945437196,7.118384249424434,10.261291016686096,1547,20,pca
matysek,zanetka,False,"['dist1_4', 'dist1_3', 't4_5_8', 'dist11_14', 'dist11_16', 't1_3_5', 't2_4_5', 'dist2_11', 'dist2_13', 'dist4_11', 'dist4_12', 'dist5_9', 'dist5_14', 'dist5_16', 'dist7_9', 'dist12_14', 'dist12_15', 'dist12_16', 'dist15_16', 't2_4_8']",random_forest,6.281005560676539,0.901062504849955,7.142160847840857,1548,20,pca
matysek,zanetka,False,"['dist5_14', 'dist2_11', 't1_3_5', 't2_4_5', 'dist8_14', 't4_5_8', 'dist1_3', 'dist1_4', 'dist2_8', 'dist3_6', 'dist4_11', 'dist4_12', 'dist5_16', 'dist6_16', 'dist7_15', 'dist11_14', 'dist11_16', 'dist12_14', 'dist15_16', 't3_4_5']",random_forest,6.772824100377499,0.9787513159053342,7.709866346773524,1549,20,pca
matysek,sam,False,"['ang4_9_5', 't12_15_17', 'dist8_15', 'dist14_16', 't5_9_10', 'dist1_11', 'dist5_10', 'dist15_17', 't7_8_16', 'dist4_10', 'dist4_16', 'dist5_12', 'dist6_12', 'ang4_3_5', 'dist2_13', 'dist3_14', 'dist7_13', 'dist9_15', 'dist5_15', 'dist14_17']",random_forest,11.562111093668594,5.320579488957455,7.862931831903115,1550,20,pca
matysek,sam,False,"['dist8_15', 'dist11_17', 'dist8_10', 't3_7_16', 'dist8_9', 'dist6_8', 'dist3_7', 'dist12_13', 'dist5_9', 'dist5_10', 'dist6_11', 't8_9_17', 'dist1_6', 'dist6_17', 'dist14_17', 'ang4_3_5', 'dist9_17', 'ang3_2_4', 'dist10_17', 'dist5_15']",random_forest,10.861392599343338,4.685101312643106,6.3005148336418255,1551,20,pca
matysek,rosie,False,"['dist11_14', 'dist1_2', 'dist2_8', 'dist4_8', 'dist7_12', 't2_4_8', 'dist3_9', 'dist10_16', 'dist1_3', 'dist2_11', 'dist3_8', 'dist3_17', 'dist4_9', 'dist4_10', 'dist4_16', 'dist7_13', 'dist8_13', 'dist8_16', 'dist12_13', 'dist13_17']",random_forest,3.742379990713894,0.3669567769065544,3.791795798838351,1552,20,pca
matysek,rosie,False,"['ang4_3_5', 'dist5_8', 'ang2_4_5', 'dist1_6', 'dist2_8', 'ang5_3_4', 'ang1_4_5', 'dist8_16', 't5_8_9', 'ang3_2_5', 'dist11_15', 'dist4_14', 'ang1_3_5', 'dist9_15', 'dist5_17', 'dist1_2', 'dist2_17', 'ang3_1_5', 'ang4_2_4', 'dist1_3']",random_forest,30.309004750389985,13.349104646279148,16.963439915698654,1553,20,pca
matysek,otella,False,"['dist5_14', 'dist6_9', 't6_10_11', 'dist2_16', 'ang1_2_5', 't2_4_5', 'dist2_4', 'dist2_8', 'dist6_8', 't2_4_8', 'dist11_17', 't3_4_5', 'dist2_17', 'dist7_10', 't6_7_17', 'dist7_9', 'dist7_12', 'dist9_11', 'dist10_11', 'ang1_3_5']",random_forest,8.535580944037552,8.457388195920823,2.2689164779021183,1554,20,pca
matysek,otella,False,"['t2_4_5', 'dist1_4', 'dist1_3', 't1_3_5', 'dist1_6', 'dist2_3', 'dist2_4', 'dist2_8', 'dist5_14', 'dist6_9', 'dist6_10', 't2_4_8', 't2_5_6', 'dist1_2', 'dist1_16', 'dist2_9', 'dist2_16', 'dist7_10', 'dist10_17', 'dist13_16']",random_forest,5.122457852785621,1.4374069892962775,6.353929292123495,1555,20,pca
matysek,nuernberg_2,False,"['dist8_15', 'dist5_9', 'dist6_13', 'ang2_7_5', 'dist5_10', 'dist5_15', 'dist14_16', 'dist1_6', 'ang3_4_3', 'dist3_15', 'dist5_6', 'dist5_14', 'dist8_10', 't5_9_10', 'dist2_13', 'dist7_13', 'dist15_17', 't2_3_7', 'dist14_17', 'dist3_7']",random_forest,27.90581386781402,13.300227535002875,14.607200885691068,1556,20,pca
matysek,nuernberg_2,False,"['dist1_6', 'dist15_17', 'ang2_7_5', 'dist11_17', 'dist1_11', 'dist5_15', 'dist6_11', 'dist6_13', 'dist9_11', 'dist12_13', 't3_5_10', 'dist8_15', 'dist4_7', 'dist1_10', 'dist2_11', 'dist4_12', 'dist5_10', 'dist12_17', 't5_9_10', 'dist5_9']",random_forest,21.73090769042673,12.195364532189318,9.540320144955592,1557,20,pca
matysek,neznamy,False,"['t2_3_7', 'dist2_7', 't3_5_10', 'dist1_6', 'dist10_17', 't4_5_8', 'dist8_9', 'dist5_9', 'dist5_14', 'dist3_7', 'dist13_14', 'dist1_15', 'dist1_10', 'dist3_16', 'dist4_13', 'dist7_13', 'dist11_13', 't5_8_9', 't3_4_5', 'dist2_11']",random_forest,4.31596913300529,1.5435430935106655,2.8051462069799107,1558,20,pca
matysek,neznamy,False,"['t2_3_7', 'dist1_6', 't13_14_16', 'dist11_14', 'dist1_10', 'dist7_13', 'dist1_4', 'dist8_9', 'dist13_16', 't4_5_8', 'dist9_14', 't6_10_11', 'dist1_15', 'dist2_7', 'dist1_5', 'dist2_13', 't3_6_10', 'dist1_8', 'dist4_10', 'dist14_16']",random_forest,3.9060862671972165,1.7222451950994662,2.6960176821127613,1559,20,pca
matysek,nokia,False,"['dist15_17', 'dist9_16', 'dist10_15', 't3_4_16', 'dist3_5', 'dist12_14', 'dist8_15', 'dist1_6', 'dist6_11', 'dist13_14', 'dist1_5', 'dist4_13', 'dist4_14', 'ang1_3_5', 'ang4_3_5', 'ang5_3_4', 'ang2_4_5', 'ang4_9_5', 't1_3_5', 't12_15_17']",random_forest,19.04985713954155,10.114367200965347,11.408085113426132,1560,20,pca
matysek,nokia,False,"['dist4_9', 'dist6_11', 'dist15_17', 'ang4_3_5', 'dist1_15', 'dist6_12', 'dist10_15', 'dist12_14', 'ang3_4_3', 'dist9_12', 'dist3_16', 'dist4_14', 'dist6_8', 'dist7_12', 'dist8_15', 'dist9_15', 'dist12_15', 'dist12_17', 'dist14_16', 'dist16_17']",random_forest,19.558387748324698,7.2338977173400165,12.326322395875053,1561,20,pca
matysek,noel,False,"['dist3_7', 'dist7_13', 'dist8_10', 'dist2_8', 'dist4_8', 'dist4_10', 'dist9_10', 'dist11_14', 't4_7_8', 't3_4_16', 't4_5_8', 'dist1_6', 'dist2_7', 'dist4_11', 'dist4_16', 'dist5_15', 'dist10_15', 'dist11_17', 'dist12_14', 'dist14_16']",random_forest,3.258277777763,0.768095041632512,2.4909019576815896,1562,20,pca
matysek,noel,False,"['dist4_10', 't3_7_16', 'dist3_7', 'dist4_8', 'dist5_10', 'dist5_15', 'dist7_13', 'dist8_14', 'ang4_9_5', 't2_4_7', 'dist8_15', 'dist1_4', 'dist2_7', 'dist2_11', 'dist4_7', 'dist5_11', 'dist6_13', 'dist9_10', 'dist9_15', 'dist12_14']",random_forest,14.86452899420898,2.4933826770812786,12.435923048537564,1563,20,pca
matysek,nuernberg_1,False,"['dist14_16', 'dist3_16', 'dist4_8', 'dist4_13', 'dist7_13', 'dist1_6', 'dist8_14', 'dist4_16', 'ang4_9_5', 'ang6_10_4', 't7_8_17', 'dist7_17', 'dist6_11', 'dist6_17', 'dist12_15', 't2_3_7', 't3_4_16', 't6_7_9', 't8_9_17', 't3_5_10']",random_forest,8.82900334622905,2.495820677323043,7.082690555595823,1564,20,pca
matysek,nuernberg_1,False,"['dist3_16', 'dist14_16', 't3_4_7', 'dist8_14', 'dist7_9', 'dist7_13', 'dist1_15', 'dist5_14', 'dist1_5', 'dist1_6', 'dist1_10', 'dist4_8', 'dist4_16', 'dist6_11', 'dist12_13', 'dist14_17', 't3_4_16', 't6_7_9', 't3_5_10', 'dist7_17']",random_forest,3.5660865194636955,1.6964846471342963,1.8721942529477615,1565,20,pca
matysek,shorfy,False,"['dist5_14', 'dist1_3', 'dist1_4', 'dist1_2', 'dist1_16', 'dist2_8', 'dist2_9', 'dist4_13', 't3_4_5', 't2_4_8', 't1_3_5', 'dist6_7', 'dist10_16', 'dist1_6', 'dist1_8', 'dist2_11', 'dist2_17', 'dist3_5', 'dist11_16', 't2_5_6']",random_forest,5.071624323316802,1.4462739910378173,6.302076739525376,1566,20,pca
matysek,shorfy,False,"['dist1_4', 'dist1_8', 'dist8_16', 't2_4_8', 'dist7_10', 'dist1_2', 'dist1_3', 'dist2_8', 'dist3_8', 'dist8_9', 'dist12_13', 'ang6_10_4', 'dist1_16', 'dist2_16', 'dist3_6', 'dist3_10', 'dist7_12', 'dist8_13', 'dist9_16', 'dist10_16']",random_forest,7.954310774766387,0.6287042580289702,7.35137942047901,1567,20,pca
matysek,paulinchen,False,"['dist4_14', 'dist5_9', 'dist1_8', 'dist1_17', 'dist7_9', 'dist7_10', 'dist1_6', 'dist14_16', 'dist13_14', 'dist9_12', 'ang1_2_5', 'dist1_10', 'dist9_15', 'ang4_1_5', 'dist2_14', 't3_4_16', 'dist12_15', 'ang1_3_5', 'dist5_12', 't8_9_17']",random_forest,15.996088806986188,8.903647669857005,7.171597713515743,1568,20,pca
matysek,paulinchen,False,"['dist1_8', 't1_2_7', 'dist9_10', 'dist1_4', 'dist1_6', 'dist1_10', 'dist2_7', 'dist1_15', 'dist7_13', 'dist4_14', 'dist11_12', 'ang1_4_5', 'dist3_16', 't12_15_17', 'dist11_13', 'dist1_16', 'ang4_1_5', 'ang2_4_5', 'ang1_2_5', 'dist3_13']",random_forest,15.239724040925003,11.959037027654404,3.3253445942097506,1569,20,pca
matysek,mette,False,"['dist1_2', 'dist1_13', 'dist5_14', 'dist2_8', 'ang1_4_3', 'dist1_3', 'dist1_16', 't8_9_17', 'dist3_6', 'ang2_4_5', 'dist2_9', 'dist3_8', 'dist9_14', 'dist9_16', 'dist10_17', 'dist12_15', 'ang1_3_5', 't4_6_10', 'dist3_13', 'dist13_17']",random_forest,19.466613559431703,7.948600578190046,12.187573308993652,1570,20,pca
matysek,mette,False,"['dist5_14', 'dist2_8', 'dist2_9', 'dist6_8', 'dist8_9', 't7_8_17', 't8_9_17', 'dist2_6', 'dist2_12', 'dist3_14', 'dist4_6', 'dist4_14', 'dist7_10', 'dist10_15', 'ang4_3_5', 'ang2_4_5', 'ang3_4_3', 't7_8_9', 't2_5_6', 'dist6_9']",random_forest,16.02124394645593,9.151235606273065,7.878886861619483,1571,20,pca
matysek,zewe,False,"['t4_5_8', 'dist4_13', 'ang5_3_4', 'dist4_14', 'ang3_4_3', 't3_4_5', 'dist1_3', 't2_4_5', 'dist2_9', 'dist5_9', 'dist1_4', 'dist8_9', 'dist5_14', 'ang4_3_5', 'ang1_4_5', 'ang2_4_5', 't2_4_8', 'dist4_9', 't2_5_10', 'dist2_8']",random_forest,23.82824812040717,12.66753329285986,11.272342749451289,1572,20,pca
matysek,zewe,False,"['dist1_4', 'dist9_16', 'dist5_14', 'ang3_4_3', 'dist14_16', 'dist2_3', 'dist7_9', 'ang2_4_5', 'dist5_17', 'ang1_2_5', 'dist2_8', 'dist1_2', 'dist2_4', 'dist2_9', 'dist5_15', 'dist8_13', 'dist8_15', 'ang1_3_5', 'ang5_3_4', 't3_4_5']",random_forest,27.24108452099391,12.279229640203772,15.399669385256043,1573,20,pca
matysek,vladimir,False,"['dist7_13', 't2_4_7', 'dist1_8', 'dist1_15', 'ang1_4_5', 't3_4_5', 'dist14_16', 'dist13_16', 't2_3_7', 'dist2_4', 'dist3_10', 'dist4_13', 'dist4_14', 'dist13_14', 'ang1_2_4', 'ang7_6_10', 'ang6_9_10', 't1_6_7', 't2_5_10', 't13_14_16']",random_forest,14.6062284776178,3.1160620288824807,13.088476131569196,1574,20,pca
matysek,vladimir,False,"['dist1_8', 'dist1_2', 't2_4_5', 'dist1_6', 't2_3_7', 'dist12_15', 'dist4_14', 'dist5_12', 'dist5_14', 'dist13_16', 'dist3_4', 'dist7_13', 'dist13_14', 'dist14_16', 'ang1_2_4', 't4_5_8', 't3_4_5', 'dist1_4', 't13_14_16', 'ang1_2_5']",random_forest,14.356817391322666,6.548632014623775,8.014090904345279,1575,20,pca
lucka,zanetka,False,"['dist2_13', 'dist2_16', 'ang2_1_4', 'dist4_14', 'ang3_1_4', 'dist1_8', 'ang4_3_5', 'ang4_2_4', 'dist5_9', 'dist5_17', 'dist9_11', 'ang4_2_5', 'dist11_15', 'dist4_16', 'dist4_8', 'dist8_10', 'dist10_15', 'dist11_17', 'dist6_15', 't6_10_11']",random_forest,10.065655051639064,5.3673373345101165,4.965371324397656,1576,20,pca
lucka,zanetka,False,"['dist2_13', 'dist2_16', 'dist10_12', 'dist9_10', 'dist11_15', 'dist11_12', 'dist1_17', 'ang2_7_5', 'ang2_1_4', 'dist5_16', 'ang4_2_4', 'dist1_13', 'dist5_6', 'dist4_9', 'dist6_15', 'dist6_10', 'ang6_10_4', 't6_7_17', 't6_10_11', 'ang6_4_10']",random_forest,15.83878749250394,7.938261722992616,12.963431496536204,1577,20,pca
lucka,sam,False,"['dist1_4', 'dist5_16', 'dist13_14', 'dist13_16', 't2_4_5', 'dist12_15', 'dist1_15', 'dist1_16', 'dist2_3', 'dist2_4', 'dist2_11', 'dist5_7', 'dist5_12', 'dist5_13', 'dist5_17', 'dist7_12', 'dist10_15', 'dist14_16', 't4_5_8', 't8_9_17']",random_forest,4.534289623865121,4.4867623071185125,0.39755364647064395,1578,20,pca
lucka,sam,False,"['dist2_11', 'dist3_10', 'dist5_14', 't2_4_8', 'dist2_12', 'dist2_14', 'dist3_6', 'dist3_7', 'dist3_15', 'dist4_12', 'dist5_9', 'dist7_12', 'dist9_15', 'dist11_14', 'dist11_16', 'dist12_15', 'dist12_16', 'dist13_17', 't3_7_16', 't4_7_8']",random_forest,3.8704918215948267,4.333895601821893,0.6722531823558296,1579,20,pca
lucka,rosie,False,"['dist5_7', 'dist5_6', 'dist4_8', 'dist4_9', 'dist6_9', 'dist6_8', 'dist5_16', 'dist3_14', 'dist6_17', 'dist10_15', 'dist2_14', 'dist4_14', 'dist7_12', 'dist9_12', 'ang1_3_4', 'ang3_4_3', 'ang4_9_5', 't3_7_16', 't2_4_5', 't6_10_11']",random_forest,16.84127493796707,7.909352336091264,8.939946953496893,1580,20,pca
lucka,rosie,False,"['dist10_15', 'dist5_7', 't12_15_17', 't6_7_17', 'ang4_9_5', 'ang5_3_4', 't7_8_17', 'dist8_16', 'dist12_15', 'ang6_10_4', 'dist10_12', 'dist2_4', 'dist2_14', 'dist4_14', 'dist5_6', 'dist5_16', 'ang1_4_5', 't5_8_9', 'ang4_2_4', 'ang2_4_5']",random_forest,17.82936038448533,6.068295332538344,13.024792070877448,1581,20,pca
lucka,otella,False,"['dist5_9', 'dist14_16', 'ang6_10_4', 'dist10_15', 't2_4_7', 'dist6_13', 't2_4_5', 'dist5_17', 'dist3_6', 'dist5_7', 'dist6_12', 'dist8_10', 'dist6_17', 'dist11_17', 'dist3_4', 'dist2_16', 'dist5_13', 'dist4_13', 'dist11_12', 'dist6_14']",random_forest,14.969303219479368,8.388613462140874,8.225674744599969,1582,20,pca
lucka,otella,False,"['ang4_9_5', 'ang6_10_4', 'dist3_14', 'dist5_7', 'dist5_16', 'dist10_12', 'dist12_15', 'dist4_13', 'dist8_15', 'dist1_8', 'dist3_6', 'dist5_8', 't2_4_5', 't5_8_9', 'dist1_4', 'dist1_5', 'dist1_13', 'dist3_13', 'dist3_15', 'dist5_13']",random_forest,14.311450470421988,11.023180088276785,3.30278583738677,1583,20,pca
lucka,nuernberg_2,False,"['t12_15_17', 'dist2_11', 't2_4_7', 'dist7_12', 'dist1_15', 'dist5_6', 'dist5_12', 'dist10_15', 't2_4_5', 'dist2_13', 'dist3_15', 'dist5_15', 'dist7_8', 'dist9_15', 't12_13_15', 'dist12_14', 'dist2_14', 'dist3_7', 'dist11_17', 'ang6_10_4']",random_forest,18.132111869953363,16.326616491146336,1.8599462225586276,1584,20,pca
lucka,nuernberg_2,False,"['ang6_10_4', 'dist1_15', 'dist2_8', 'dist4_7', 'dist10_15', 't2_4_5', 't2_4_7', 'dist5_14', 't4_5_8', 'dist7_12', 'dist12_14', 'dist1_8', 'dist2_11', 'dist5_12', 'dist5_13', 'dist5_15', 'dist5_16', 'dist9_12', 'dist10_12', 'dist12_13']",random_forest,10.907158354061213,8.615873663003018,2.730457358413574,1585,20,pca
lucka,neznamy,False,"['dist1_4', 'dist5_14', 'dist6_17', 'dist1_8', 'dist2_3', 'dist2_4', 'dist2_11', 'dist3_7', 'dist4_12', 'dist5_16', 'dist10_15', 'dist12_15', 'dist14_16', 't6_7_9', 't8_9_17', 't3_4_5', 't2_4_8', 't13_14_17', 'dist1_3', 'dist1_12']",random_forest,7.661089282595102,6.642995260891833,1.041019238857139,1586,20,pca
lucka,neznamy,False,"['dist1_4', 'dist2_8', 'dist6_17', 't2_4_5', 't3_4_5', 't2_4_8', 'dist1_3', 'dist1_10', 'dist2_3', 'dist2_13', 'dist5_14', 'dist5_16', 'dist7_12', 'dist10_15', 'dist12_15', 'dist12_17', 'dist13_14', 't1_2_7', 't3_4_16', 't4_5_8']",random_forest,6.129245637495136,5.093601574000435,1.0882265396168953,1587,20,pca
lucka,nokia,False,"['dist1_8', 'dist14_16', 'dist1_3', 'dist1_4', 'dist2_3', 'dist2_4', 'dist2_14', 'dist3_13', 'dist4_12', 'dist5_9', 'dist5_14', 'dist5_16', 'dist7_12', 'dist9_12', 'dist10_15', 'dist12_15', 'dist13_14', 'ang3_1_4', 'ang4_9_5', 't3_4_16']",random_forest,15.051807897827771,4.447572672624242,10.61659499720045,1588,20,pca
lucka,nokia,False,"['dist1_8', 't2_4_5', 'dist2_8', 'dist2_11', 'dist2_14', 'dist7_12', 'ang4_3_5', 'ang6_10_4', 't2_4_8', 't2_4_7', 'dist1_4', 'dist2_4', 'dist3_13', 'dist5_12', 'dist9_12', 'dist10_11', 'dist10_15', 'dist12_15', 'dist13_14', 'dist14_16']",random_forest,12.29435139929264,8.113051663283654,6.389982225989063,1589,20,pca
lucka,noel,False,"['dist1_4', 't2_4_5', 'dist10_11', 'dist14_16', 't12_15_17', 'dist1_8', 'dist2_3', 'dist2_4', 'dist2_11', 'dist3_6', 'dist3_7', 'dist4_12', 'dist5_9', 'dist6_17', 'dist7_13', 'dist7_15', 'dist10_15', 'dist12_15', 'dist13_14', 't4_7_8']",random_forest,9.066095737904414,7.292484444491887,2.4005373480609933,1590,20,pca
lucka,noel,False,"['dist1_4', 'dist1_8', 'dist4_8', 'dist4_11', 't1_3_5', 't2_4_8', 't2_4_7', 't12_15_17', 'dist1_3', 'dist1_15', 'dist2_3', 'dist2_4', 'dist5_6', 'dist7_12', 'dist7_13', 'dist9_10', 'dist9_12', 'dist9_15', 'dist10_15', 'dist12_15']",random_forest,10.62065229416573,8.550847188097794,2.0699333279359706,1591,20,pca
lucka,matysek,False,"['t2_4_5', 't7_8_17', 'dist1_3', 'dist1_4', 'dist1_16', 'dist2_3', 'dist2_16', 'dist6_9', 'dist10_15', 't1_2_7', 't3_4_5', 't2_4_8', 'dist5_16', 'dist1_8', 'dist2_8', 'dist2_11', 'dist5_13', 'dist7_17', 'dist10_11', 'dist11_14']",random_forest,5.338422514291309,5.005306291770099,0.4031260938238343,1592,20,pca
lucka,matysek,False,"['dist7_12', 'dist1_4', 'dist5_14', 'dist1_8', 't1_3_5', 'dist1_3', 'dist2_3', 'dist2_8', 'dist3_5', 'dist3_6', 'dist4_12', 'dist8_9', 'dist11_16', 'dist11_17', 'dist12_14', 'dist12_17', 'dist13_17', 't6_7_9', 't8_9_17', 't3_4_5']",random_forest,6.171312977463625,6.513072550399659,0.5394069297659745,1593,20,pca
lucka,nuernberg_1,False,"['t2_4_8', 'dist1_4', 'dist1_8', 'dist2_8', 'dist12_15', 'dist13_14', 'dist13_16', 't4_5_8', 't2_4_5', 't3_4_5', 'dist1_3', 'dist1_5', 'dist2_3', 'dist2_4', 'dist3_5', 'dist5_14', 't3_4_16', 't2_3_5', 't2_5_9', 't13_14_17']",random_forest,8.958287281161725,8.491741991148944,0.7325909684857433,1594,20,pca
lucka,nuernberg_1,False,"['dist1_8', 'dist12_15', 't3_4_5', 't2_4_8', 't12_15_17', 'dist1_3', 'dist1_4', 'dist2_3', 'dist2_4', 'dist2_11', 'dist3_5', 'dist3_13', 'dist3_16', 'dist4_8', 'dist5_14', 'dist9_12', 'dist10_15', 'dist14_16', 'ang4_1_5', 't1_2_7']",random_forest,5.970063737797004,6.909276060322695,1.0032658598715896,1595,20,pca
lucka,shorfy,False,"['dist5_7', 'ang6_10_4', 'dist3_10', 'dist1_2', 'dist2_4', 'dist8_16', 'dist10_15', 'dist13_14', 'ang1_3_5', 'dist1_5', 'dist14_16', 'dist5_6', 't2_4_5', 'dist1_4', 'dist5_17', 'dist2_3', 'dist3_4', 'dist4_14', 'dist5_9', 'ang1_2_5']",random_forest,20.25463037734697,8.508565916566425,13.980853928650363,1596,20,pca
lucka,shorfy,False,"['dist5_7', 'dist5_17', 'dist2_3', 'dist10_15', 'dist7_12', 'dist14_16', 'dist1_5', 'ang1_4_5', 'dist2_4', 't2_4_5', 'dist4_14', 'dist5_14', 'ang6_10_4', 't5_8_9', 't2_5_9', 'dist1_2', 'dist12_16', 'dist4_10', 'dist3_4', 'dist9_14']",random_forest,12.202010296339106,7.725483409019443,5.449782574256783,1597,20,pca
lucka,paulinchen,False,"['dist1_8', 't3_4_5', 'dist2_8', 'dist2_14', 'dist5_16', 'dist6_17', 'dist1_3', 'dist1_4', 'dist1_9', 'dist1_16', 'dist2_4', 'dist2_9', 'dist2_16', 'dist5_14', 'dist7_13', 'dist9_12', 'dist10_12', 'dist12_15', 'dist13_14', 't3_4_16']",random_forest,4.0741466260592585,3.239862121615262,1.003793056076105,1598,20,pca
lucka,paulinchen,False,"['t2_4_5', 'dist1_8', 't3_4_5', 'dist13_14', 'dist1_16', 'dist2_13', 't1_3_5', 'dist1_10', 'dist2_8', 'dist5_16', 'dist12_15', 'dist1_4', 'dist1_5', 'dist2_3', 'dist2_4', 'dist2_16', 'dist4_14', 'dist6_17', 't1_2_7', 't2_4_8']",random_forest,7.262067622409422,6.608645478869456,0.8862725995569114,1599,20,pca
lucka,mette,False,"['dist13_14', 'dist5_13', 'dist1_8', 'dist1_15', 'dist2_3', 'dist5_12', 'dist10_15', 't1_3_5', 't12_15_17', 't13_14_16', 'dist2_11', 't13_14_17', 'dist1_17', 'dist2_14', 'dist2_16', 'dist5_16', 'dist6_15', 'dist11_14', 'dist12_15', 'dist6_12']",random_forest,7.374892645325316,10.158622406422925,2.9892252517971487,1600,20,pca
lucka,mette,False,"['dist2_3', 'dist14_16', 't1_3_5', 'dist5_12', 'dist10_15', 'dist13_14', 'ang2_7_5', 'dist5_16', 'dist3_4', 'dist5_6', 'dist1_16', 'dist3_14', 'dist1_5', 'dist2_14', 'dist3_5', 'dist5_7', 'dist5_9', 'dist10_12', 'dist10_17', 'dist11_14']",random_forest,14.019825325076997,5.741705982725736,12.161064685670537,1601,20,pca
lucka,zewe,False,"['dist10_12', 'ang3_4_3', 'dist11_12', 'dist8_10', 'dist5_14', 'dist7_8', 'dist9_10', 'dist4_10', 'dist4_14', 'dist2_3', 'ang2_3_4', 'dist10_17', 'ang7_6_10', 'ang4_2_5', 'ang2_4_3', 'ang1_4_5', 't2_3_7', 't3_7_16', 't6_10_11', 'dist3_16']",random_forest,16.06199319822075,3.451007848121297,13.004902747724396,1602,20,pca
lucka,zewe,False,"['dist9_12', 't1_3_5', 'dist10_15', 'dist1_8', 'dist5_12', 'dist10_11', 'ang6_10_4', 'dist2_8', 'ang3_1_4', 'dist6_17', 'dist10_12', 'dist12_17', 't3_7_16', 't13_14_16', 'ang2_4_5', 't12_15_17', 'dist11_17', 'dist1_4', 'ang1_2_5', 'dist2_14']",random_forest,11.37608319259885,3.3072769523643504,8.20904671338583,1603,20,pca
lucka,vladimir,False,"['dist1_8', 'dist1_3', 'dist1_4', 'dist2_8', 'dist2_13', 'dist2_14', 'dist10_15', 'dist12_15', 't2_4_5', 't2_4_8', 'dist1_10', 'dist1_15', 'dist1_16', 'dist2_3', 'dist2_4', 'dist5_12', 'dist5_14', 'dist7_12', 'dist13_16', 't1_2_7']",random_forest,8.217586486522181,4.715450425507396,3.508211673948636,1604,20,pca
lucka,vladimir,False,"['dist1_8', 't2_4_5', 'dist1_3', 'dist1_4', 'dist2_8', 'dist2_13', 'dist2_14', 'dist10_15', 'dist12_15', 't2_4_8', 'dist1_10', 'dist1_16', 'dist2_3', 'dist2_4', 'dist5_12', 'dist7_12', 'dist13_16', 't1_2_7', 't2_4_7', 't13_14_17']",random_forest,11.67474345473149,6.854248664271402,4.862934507289828,1605,20,pca
nuernberg_1,zanetka,False,"['dist2_11', 'dist3_10', 'dist7_13', 'dist11_14', 'ang7_6_10', 't4_5_8', 't3_4_5', 't2_4_8', 't3_5_10', 'dist1_4', 'dist2_3', 'dist2_4', 'dist2_9', 'dist3_7', 'dist3_9', 'dist5_9', 'dist5_14', 'dist6_17', 'dist8_10', 'dist12_15']",random_forest,16.845757081184132,8.98732701265347,8.920187761685034,1606,20,pca
nuernberg_1,zanetka,False,"['dist11_14', 't3_5_10', 'dist2_11', 'dist3_10', 'dist5_14', 't3_4_5', 't2_4_8', 'dist1_4', 'dist2_4', 'dist2_9', 'dist7_13', 'dist8_14', 'dist12_15', 'dist14_16', 't4_7_8', 't4_5_8', 't2_4_5', 't12_13_15', 't13_14_17', 't13_14_16']",random_forest,13.07829397215327,1.7067550150179427,14.70432329772855,1607,20,pca
nuernberg_1,sam,False,"['t3_4_5', 'dist4_13', 't2_4_7', 't4_5_8', 'ang1_4_3', 't3_4_16', 't2_4_8', 'dist4_9', 'dist3_5', 'dist4_17', 't2_4_5', 'dist14_16', 'dist2_4', 'dist2_9', 'dist3_4', 'dist5_14', 'ang3_1_5', 't5_8_9', 'ang1_3_4', 't7_8_17']",random_forest,7.224913573144496,3.3990718413595005,8.600510837793607,1608,20,pca
nuernberg_1,sam,False,"['t7_8_17', 'dist8_17', 'dist3_16', 'dist7_8', 'ang2_4_5', 'dist2_14', 'dist4_8', 'dist1_2', 'dist2_7', 'dist3_8', 'dist4_16', 'dist5_12', 'dist8_9', 'dist12_15', 'ang3_4_3', 't2_3_7', 't3_4_16', 't8_9_17', 't2_4_7', 'dist1_8']",random_forest,14.924068336353178,7.896019422467444,7.323623350511938,1609,20,pca
nuernberg_1,rosie,False,"['dist2_11', 'dist12_13', 'dist2_4', 'dist3_10', 't3_5_10', 'dist2_3', 'dist3_5', 'dist3_7', 'dist3_9', 'dist4_10', 'dist4_11', 'dist5_14', 'dist7_13', 'ang1_3_5', 'ang4_9_5', 't2_3_7', 't3_7_16', 't4_7_8', 't3_4_16', 't3_4_5']",random_forest,23.48249778601007,10.464495993919947,13.230086546153721,1610,20,pca
nuernberg_1,rosie,False,"['dist2_11', 't3_4_5', 'ang4_9_5', 't2_4_8', 'dist3_5', 'dist5_14', 'dist7_13', 't4_5_8', 'dist2_4', 'dist2_9', 'dist3_9', 'dist4_8', 'dist4_16', 'dist5_9', 'dist8_14', 'dist13_17', 'dist14_16', 'ang3_4_3', 'ang6_9_10', 't3_7_16']",random_forest,26.358165327255456,9.696971082202941,17.292938089941956,1611,20,pca
nuernberg_1,otella,False,"['t2_4_8', 't3_4_5', 't3_5_10', 'dist2_8', 'dist3_8', 'dist3_16', 'ang2_3_4', 'dist1_10', 'dist2_3', 'dist2_4', 'dist2_9', 'dist2_11', 'dist3_5', 'dist3_10', 'dist4_12', 'dist4_15', 'dist5_14', 'dist6_11', 'dist11_14', 'dist12_13']",random_forest,9.0528187873608,4.951913472230403,4.256024797601217,1612,20,pca
nuernberg_1,otella,False,"['dist4_10', 'dist3_8', 'dist3_10', 'dist4_8', 'dist4_9', 'ang1_4_5', 'dist1_9', 'dist2_9', 'dist3_9', 'dist8_10', 't2_4_8', 'ang1_4_3', 'ang2_4_5', 'dist1_8', 'dist2_7', 'dist9_13', 'dist9_16', 'dist11_14', 'dist14_16', 'ang1_2_5']",random_forest,13.186954426980511,8.07986325370366,6.866216878798639,1613,20,pca
nuernberg_1,nuernberg_2,False,"['dist5_14', 't2_4_5', 't3_4_5', 't6_7_9', 'dist6_16', 'dist15_16', 'dist1_2', 'dist3_5', 'dist11_16', 'dist1_4', 'dist6_8', 'dist6_13', 'dist7_11', 'dist7_14', 'dist5_13', 't1_2_7', 'dist8_12', 't2_4_8', 'dist6_17', 't2_5_6']",random_forest,2.6602389747139554,1.5513340557862996,2.2590906986389014,1614,20,pca
nuernberg_1,nuernberg_2,False,"['t7_8_17', 'ang4_3_5', 'ang2_4_5', 't7_8_16', 't2_5_6', 'dist4_8', 'dist7_8', 'ang3_4_3', 'dist1_13', 'dist2_9', 'dist3_9', 'dist3_10', 'dist4_14', 'dist6_16', 'dist7_16', 'dist9_11', 'ang5_3_4', 't4_5_8', 'dist2_14', 'dist7_10']",random_forest,19.417235105316507,8.023615110512576,12.023791512577056,1615,20,pca
nuernberg_1,shorfy,False,"['dist5_14', 'dist2_11', 'dist2_17', 'dist12_17', 'ang1_3_5', 't3_4_5', 'dist1_2', 'dist1_4', 'dist1_8', 'dist2_4', 'dist2_8', 'dist3_10', 'dist3_15', 'dist4_12', 'dist6_11', 'dist7_12', 'dist11_16', 'dist11_17', 'ang6_10_4', 't3_4_16']",random_forest,14.966368747552854,7.617196696523651,7.728037916982609,1616,20,pca
nuernberg_1,shorfy,False,"['dist5_14', 'dist3_8', 'dist2_8', 'dist9_10', 'ang1_4_5', 't3_4_5', 't2_4_8', 'dist1_9', 'dist1_10', 'dist2_4', 'dist2_9', 'dist3_9', 'dist3_10', 'dist4_8', 'dist7_13', 'dist8_14', 'dist12_13', 'ang1_2_5', 'ang4_2_5', 'ang3_1_4']",random_forest,21.325640176919762,8.651106331017099,13.608032201236664,1617,20,pca
nuernberg_1,paulinchen,False,"['dist1_8', 't2_3_7', 'dist2_11', 'dist3_7', 'dist3_16', 't3_7_16', 'dist1_9', 'dist2_16', 'dist3_9', 'dist4_8', 'dist4_9', 'dist4_10', 'dist4_16', 'dist6_17', 'dist8_12', 'dist8_14', 'dist9_11', 'dist9_12', 'dist9_14', 'dist12_13']",random_forest,2.2947096365691064,1.108191060613225,1.1954666860663712,1618,20,pca
nuernberg_1,paulinchen,False,"['dist4_10', 'dist8_14', 'dist4_8', 'ang4_9_5', 't3_4_16', 'dist3_16', 't2_3_7', 'dist5_16', 'dist4_16', 'dist5_14', 't4_5_8', 'dist3_7', 'dist4_14', 'dist6_9', 'dist7_17', 'dist10_12', 'ang2_3_5', 'dist5_7', 'dist6_17', 'dist3_10']",random_forest,14.673892278088537,10.67071618654344,4.907415013201825,1619,20,pca
nuernberg_1,zewe,False,"['dist5_14', 'dist1_4', 'dist4_10', 'dist2_4', 'dist2_7', 'dist7_13', 't1_2_7', 't2_4_5', 't2_4_8', 'dist1_10', 'dist2_9', 'dist3_8', 'dist3_10', 'dist4_7', 'dist4_8', 'dist4_9', 'dist4_13', 'dist8_14', 'dist13_16', 'ang4_3_5']",random_forest,10.680699096081772,2.859724326899287,7.987340435523975,1620,20,pca
nuernberg_1,zewe,False,"['t3_4_5', 'dist5_14', 'dist2_7', 'dist3_10', 'dist4_8', 'dist4_9', 'dist7_10', 'ang3_4_3', 'ang6_10_4', 't2_4_8', 'dist4_10', 'dist3_16', 'dist2_9', 'dist3_8', 'dist6_17', 'dist8_14', 'ang4_3_5', 'ang2_4_5', 't1_2_7', 't2_3_7']",random_forest,22.76199424731309,12.414190918317278,10.593766029952505,1621,20,pca
nuernberg_1,vladimir,False,"['dist2_16', 'dist13_14', 't3_4_5', 'dist4_9', 'dist3_5', 'dist5_16', 't7_8_17', 'dist1_8', 'dist2_8', 'dist7_8', 'dist3_13', 'ang1_2_5', 'dist2_4', 'dist5_17', 't6_7_9', 'ang4_9_5', 't2_4_5', 'dist7_17', 'dist3_7', 'dist5_13']",random_forest,16.742298087206986,6.56127384660709,10.251697175657494,1622,20,pca
nuernberg_1,vladimir,False,"['dist6_9', 'dist12_15', 'dist2_3', 'dist13_14', 't2_5_9', 'ang1_4_5', 'dist1_5', 'dist1_9', 'dist13_16', 'dist5_6', 'ang4_9_5', 'ang1_3_4', 'dist2_16', 'dist6_17', 'dist9_12', 't2_3_7', 't2_4_5', 'dist2_14', 't2_5_6', 'dist1_8']",random_forest,16.733416770818355,10.469608819069872,6.651947155154878,1623,20,pca
leni,zanetka,False,"['dist1_8', 'dist2_11', 'dist5_14', 't2_4_8', 'dist1_4', 'dist2_4', 'dist3_10', 'dist4_12', 'dist7_12', 'dist10_15', 'dist12_15', 'dist14_16', 't3_4_5', 't13_14_17', 't12_15_17', 'dist1_3', 'dist1_5', 'dist1_12', 'dist1_16', 'dist2_3']",random_forest,12.455609240106634,4.178083326371854,8.366955890949628,1624,20,pca
leni,zanetka,False,"['dist1_8', 'dist2_11', 'dist5_14', 'dist6_17', 't2_4_8', 'dist2_4', 'dist2_14', 'dist3_10', 'dist7_12', 'dist9_15', 'dist11_16', 'dist12_15', 't3_7_16', 't3_4_5', 't13_14_17', 't12_15_17', 'dist1_3', 'dist1_4', 'dist1_12', 'dist1_16']",random_forest,14.360050313942603,6.22308632794089,8.351509145604028,1625,20,pca
leni,sam,False,"['dist1_8', 't7_8_17', 'dist6_8', 'dist6_17', 't7_8_16', 'dist2_8', 'dist7_8', 'dist2_3', 'dist2_4', 'dist3_6', 'dist4_9', 'dist4_12', 'dist4_13', 'dist5_6', 'dist6_16', 'dist12_15', 'dist13_17', 't4_7_8', 't4_5_8', 't6_7_17']",random_forest,4.096283179235514,2.828126939078248,1.4700871721399584,1626,20,pca
leni,sam,False,"['ang1_3_4', 'ang3_4_3', 'ang5_3_4', 'dist1_8', 'dist7_8', 'ang2_4_5', 't7_8_17', 'dist1_4', 'dist2_13', 'dist7_10', 't4_7_8', 't1_6_7', 'dist2_4', 't2_4_8', 'dist6_8', 'dist7_17', 'dist8_12', 't7_8_9', 't6_7_17', 't6_9_10']",random_forest,27.150785179868635,17.970930943027913,11.799746689778452,1627,20,pca
leni,rosie,False,"['dist2_11', 'dist5_14', 't4_5_8', 't2_4_8', 'dist1_4', 'dist1_8', 'dist2_3', 'dist2_4', 'dist2_8', 'dist3_10', 'dist4_7', 'dist4_12', 'dist4_14', 'dist6_9', 'dist6_17', 'dist7_12', 't3_7_16', 't4_7_8', 't6_7_9', 't8_9_17']",random_forest,8.628598302520501,3.961458883970394,4.683170239808439,1628,20,pca
leni,rosie,False,"['dist9_12', 'dist6_10', 'dist6_9', 'dist6_17', 'ang1_4_5', 't6_7_9', 't4_5_8', 'dist10_17', 'ang2_4_5', 'dist1_16', 'dist1_10', 'dist2_13', 'dist11_16', 'dist12_17', 'dist13_17', 'ang3_1_4', 't2_3_7', 't6_9_17', 't1_3_5', 't13_14_17']",random_forest,26.42028996865488,9.58617178023481,16.933245207700757,1629,20,pca
leni,otella,False,"['dist2_11', 'dist3_10', 'dist6_17', 't2_4_8', 'dist1_8', 'dist2_4', 'dist2_8', 'dist4_12', 'dist6_8', 'dist7_12', 'dist11_16', 'dist12_15', 't4_7_8', 't8_9_17', 't1_3_5', 't3_4_5', 't3_5_10', 't13_14_17', 't13_14_16', 'dist1_3']",random_forest,12.641138029197977,6.909238840793829,5.732517278645879,1630,20,pca
leni,otella,False,"['dist1_8', 'dist6_17', 'dist7_10', 'dist7_12', 't3_7_16', 't2_4_8', 'dist2_3', 'dist2_4', 'dist2_8', 'dist2_11', 'dist4_12', 'dist6_10', 'dist7_13', 'dist9_12', 'dist12_15', 'dist12_17', 'dist13_16', 't1_6_7', 't8_9_17', 't2_4_5']",random_forest,6.555590916930505,3.48377791815302,3.072019394303687,1631,20,pca
leni,nuernberg_2,False,"['dist4_13', 'dist1_4', 'dist2_4', 't3_6_10', 'dist1_10', 't2_5_6', 't1_6_7', 'dist10_17', 'dist7_10', 'dist3_13', 'dist1_3', 'dist2_3', 'dist13_16', 't2_5_10', 'dist12_15', 'dist1_16', 'dist5_14', 'ang2_7_5', 't3_5_10', 'dist5_13']",random_forest,13.160872335591028,7.123774967328219,14.27577869323093,1632,20,pca
leni,nuernberg_2,False,"['dist5_14', 'dist1_4', 't1_2_7', 'dist1_8', 'dist2_16', 'dist9_15', 'dist2_6', 'dist2_4', 'dist1_10', 'dist2_7', 'dist2_9', 'dist3_13', 'dist3_14', 'dist7_10', 'dist10_15', 'dist13_16', 'ang3_2_4', 't2_3_7', 't4_7_8', 't2_4_8']",random_forest,5.8439731990734,3.4121730942181254,3.641614434737351,1633,20,pca
leni,neznamy,False,"['dist2_16', 'dist1_10', 't6_7_17', 'dist2_4', 'ang2_4_5', 'dist7_17', 'dist4_9', 'dist7_10', 'dist10_12', 'dist4_8', 'dist3_4', 'dist1_4', 't3_4_16', 'dist1_9', 'dist2_3', 'dist1_17', 'dist7_13', 't2_4_8', 't3_5_10', 'dist6_10']",random_forest,6.374267209828769,11.652465598825664,5.375618677617228,1634,20,pca
leni,neznamy,False,"['t2_4_5', 'dist9_12', 'dist1_9', 'dist2_4', 'dist10_12', 't3_4_16', 't2_4_8', 'dist2_8', 'dist1_4', 't2_4_7', 'dist2_3', 'dist2_16', 'dist3_4', 'dist3_8', 'dist3_10', 'dist5_12', 'dist6_9', 'dist6_17', 'dist7_9', 't2_3_5']",random_forest,4.767816206460815,5.001982871155108,0.4670701607027415,1635,20,pca
leni,nokia,False,"['dist4_8', 'ang2_4_5', 'dist16_17', 'dist4_9', 'dist4_10', 'dist4_14', 'dist6_7', 'ang4_2_4', 't7_8_16', 't2_4_5', 'dist6_8', 'dist2_11', 'dist3_9', 'ang4_1_5', 'ang4_3_5', 'ang5_3_4', 'ang3_4_3', 'dist15_17', 'dist2_3', 'dist4_11']",random_forest,29.480155922285245,14.92200151049224,14.558513812669844,1636,20,pca
leni,nokia,False,"['dist1_4', 't2_4_5', 't1_6_7', 'dist4_14', 'dist6_16', 't4_7_8', 't7_8_9', 'dist2_4', 'dist1_6', 'dist4_7', 'dist4_10', 'dist4_16', 'dist6_8', 'dist7_13', 'ang2_4_5', 'ang5_3_4', 'ang3_4_3', 't3_7_16', 't7_8_16', 't4_5_8']",random_forest,24.768658157306977,13.08901651800841,11.76932278637687,1637,20,pca
leni,noel,False,"['t2_4_5', 'dist13_14', 'dist4_13', 't13_14_16', 'dist1_4', 'dist12_15', 'dist1_10', 'dist5_13', 'dist5_16', 'dist13_16', 't3_4_5', 'ang2_7_5', 'dist1_5', 'dist1_9', 'dist2_3', 'dist2_4', 'dist2_5', 'dist2_14', 'dist3_4', 'dist3_5']",random_forest,19.391714393335615,5.184630929168952,21.81801093150872,1638,20,pca
leni,noel,False,"['dist5_14', 'dist1_8', 't3_4_5', 't2_4_5', 'dist2_8', 't7_8_16', 'dist1_16', 'dist1_17', 'dist10_15', 'dist6_8', 'dist2_16', 'dist3_4', 'dist1_9', 'dist2_4', 'dist5_16', 'dist9_15', 'dist13_16', 't7_8_17', 'dist2_14', 'dist1_10']",random_forest,4.475366801184178,2.5751569654278015,2.0235007284587834,1639,20,pca
leni,matysek,False,"['t3_4_7', 'dist1_11', 'dist4_7', 't12_15_17', 'dist2_14', 'dist2_7', 'dist1_6', 'dist4_16', 'dist1_4', 'dist1_8', 'dist2_4', 'dist3_6', 'dist5_6', 't3_4_16', 't1_6_7', 'dist10_17', 'dist13_14', 't4_7_8', 'dist6_13', 'dist14_16']",random_forest,5.017253262014288,3.586099777496759,1.7876193369566293,1640,20,pca
leni,matysek,False,"['dist7_13', 't3_5_10', 'dist4_10', 'dist3_10', 'dist1_6', 'dist1_11', 't3_4_5', 'dist10_14', 'dist1_8', 'dist2_4', 'dist2_9', 'dist3_9', 'dist3_16', 'dist4_8', 'dist4_12', 'dist7_10', 'dist11_14', 'dist13_15', 't3_4_16', 't1_6_7']",random_forest,6.584222627762752,5.314275109718804,1.2956367507761404,1641,20,pca
leni,lucka,False,"['dist1_8', 'dist2_8', 'dist7_12', 't2_4_8', 't12_15_17', 'dist1_3', 'dist1_4', 'dist2_4', 'dist2_11', 'dist2_14', 'dist4_12', 'dist5_14', 'dist5_16', 'dist6_17', 'dist7_13', 'dist10_15', 'dist12_15', 'dist13_17', 't7_8_16', 't6_7_9']",random_forest,10.690210291396495,4.394479313260225,6.601861798943394,1642,20,pca
leni,lucka,False,"['dist1_8', 'dist2_11', 'dist5_14', 'dist6_17', 't2_4_8', 'dist2_4', 'dist2_8', 'dist2_14', 'dist3_10', 'dist4_12', 'dist7_12', 'dist11_16', 'dist12_15', 't6_7_9', 't3_4_5', 't13_14_17', 't12_15_17', 'dist1_3', 'dist1_4', 'dist1_12']",random_forest,13.311258324270968,5.16046867498032,8.402656684446486,1643,20,pca
leni,nuernberg_1,False,"['dist1_8', 'dist6_17', 'dist13_14', 't2_4_5', 'dist1_9', 'dist3_6', 'dist7_10', 't7_8_16', 't7_8_17', 'dist2_3', 'dist5_7', 'dist6_7', 'dist6_8', 'dist6_9', 'dist7_12', 'dist9_10', 'dist9_12', 'dist10_12', 'dist12_15', 'ang6_10_4']",random_forest,11.267148063432009,3.91798381867322,7.794417341550902,1644,20,pca
leni,nuernberg_1,False,"['dist1_8', 'dist7_10', 't4_7_8', 'dist3_17', 'dist5_6', 't7_8_16', 'dist1_16', 'dist6_9', 't7_8_9', 'dist16_17', 'dist7_9', 'dist6_8', 'dist1_10', 'dist2_16', 'dist6_13', 'dist7_8', 'dist9_16', 'dist13_17', 't7_8_17', 'ang4_3_5']",random_forest,4.384844320388805,4.981745925787175,1.0711693567478169,1645,20,pca
leni,shorfy,False,"['dist2_11', 'dist3_6', 'dist3_10', 'dist5_14', 't3_7_16', 't3_4_5', 'dist1_8', 'dist2_4', 'dist2_9', 'dist3_7', 'dist3_15', 'dist6_10', 'dist6_17', 'dist8_10', 'dist11_16', 'dist12_13', 't2_3_7', 't3_4_16', 't6_7_9', 't8_9_17']",random_forest,6.1948386729133205,3.4434003412561713,2.756520287512659,1646,20,pca
leni,shorfy,False,"['dist5_14', 'dist7_10', 't2_4_5', 't3_4_5', 'dist6_10', 'dist6_9', 't6_7_17', 'dist1_8', 'dist1_12', 'dist1_15', 'dist2_6', 'dist2_8', 'dist2_11', 'dist3_5', 'dist5_13', 'dist6_17', 'dist8_10', 'dist12_13', 't6_7_9', 'ang1_3_5']",random_forest,11.727601681141513,6.154567544256632,5.620820784091092,1647,20,pca
leni,paulinchen,False,"['dist7_16', 'dist4_7', 't3_7_16', 'ang2_7_5', 'dist8_15', 't8_9_17', 'dist3_7', 'dist4_13', 'dist1_6', 'dist1_7', 'dist2_11', 'dist3_11', 'dist6_10', 'ang4_3_5', 'ang1_4_5', 't2_4_5', 't3_6_10', 'dist14_15', 'dist3_12', 'dist11_13']",random_forest,29.58611332583031,13.073146705171492,21.043606602017142,1648,20,pca
leni,paulinchen,False,"['dist3_7', 'dist3_12', 'dist8_9', 'dist12_13', 'dist7_15', 'dist9_14', 't8_9_17', 'dist8_15', 'dist3_6', 'dist9_17', 'dist14_15', 'dist1_12', 'dist2_9', 'dist2_11', 'dist4_7', 'dist4_11', 'dist7_16', 'dist10_11', 'dist14_17', 'dist16_17']",random_forest,3.1686489334182255,2.3733384162886444,0.9615388285969515,1649,20,pca
leni,mette,False,"['dist1_4', 'dist3_10', 'dist6_17', 't4_7_8', 't2_4_8', 't3_5_10', 'dist1_16', 'dist2_9', 'dist2_11', 'dist3_6', 'dist3_7', 'dist3_15', 'dist4_10', 'dist4_12', 'dist5_14', 'dist6_7', 'dist7_15', 'dist11_16', 'ang2_3_4', 't2_3_7']",random_forest,16.50597947452519,3.7271788360908493,15.222652392069994,1650,20,pca
leni,mette,False,"['dist1_8', 'dist1_4', 'dist2_11', 'dist3_6', 'dist3_10', 'dist4_12', 'dist6_17', 'dist7_10', 't3_7_16', 'dist1_16', 'dist2_4', 'dist2_9', 'dist3_4', 'dist6_9', 'dist7_16', 'dist10_14', 't2_3_7', 't4_7_8', 't3_4_16', 't2_4_7']",random_forest,6.22014164017893,3.282852016618517,2.9676462598090083,1651,20,pca
leni,zewe,False,"['dist1_4', 'dist5_14', 't3_4_5', 't2_4_8', 'dist1_3', 'dist2_4', 'dist3_10', 'dist4_7', 'dist4_12', 'dist6_17', 'dist7_10', 'dist7_12', 'dist9_12', 't4_7_8', 't3_4_16', 't4_5_8', 't6_7_9', 't8_9_17', 't1_3_5', 't2_4_5']",random_forest,9.733160926817341,5.044802914143995,4.763440326777154,1652,20,pca
leni,zewe,False,"['dist1_8', 'dist3_10', 't3_4_5', 't2_4_8', 'dist1_3', 'dist1_4', 'dist2_3', 'dist2_4', 'dist2_8', 'dist2_9', 'dist2_11', 'dist4_12', 'dist12_15', 'ang3_4_3', 't6_7_9', 't8_9_17', 't1_3_5', 't2_4_7', 't13_14_17', 'dist1_10']",random_forest,21.614560349506956,9.976044779193726,11.658451677865157,1653,20,pca
leni,vladimir,False,"['ang4_9_5', 'dist2_11', 'dist6_13', 'dist11_17', 'dist12_16', 'dist15_16', 'dist3_6', 'dist12_13', 'dist1_8', 'dist3_10', 'dist3_15', 'dist4_8', 'dist4_11', 'dist5_15', 'dist6_10', 'dist6_17', 'dist7_12', 'dist8_15', 'dist9_15', 'dist10_11']",random_forest,19.90051923513577,5.579938299540324,14.738128780554419,1654,20,pca
leni,vladimir,False,"['ang2_7_5', 'dist10_11', 'dist15_16', 't2_4_5', 'dist2_11', 'ang6_10_4', 'dist11_17', 'dist2_7', 'dist15_17', 'dist2_15', 'dist4_11', 'dist5_17', 'dist7_11', 'dist7_14', 'dist10_15', 'dist2_6', 'dist8_15', 't3_4_5', 'dist9_15', 'dist5_14']",random_forest,26.089448610225187,11.146341861575134,15.125720250356988,1655,20,pca
innsbruck_1,zanetka,False,"['dist2_11', 'dist5_14', 't2_4_8', 'dist1_8', 'dist1_16', 'dist2_4', 'dist2_14', 'dist3_10', 'dist4_12', 'dist7_12', 'dist10_15', 'dist12_15', 'dist14_16', 't4_7_8', 't6_7_9', 't8_9_17', 't3_4_5', 't13_14_17', 't13_14_16', 'dist1_3']",random_forest,15.63792392579397,8.459015274955824,7.185031001279417,1656,20,pca
innsbruck_1,zanetka,False,"['dist2_11', 't3_4_5', 't2_4_8', 'dist1_8', 'dist1_16', 'dist2_4', 'dist2_14', 'dist3_7', 'dist3_10', 'dist4_12', 'dist5_14', 'dist7_12', 'dist10_15', 'dist12_15', 'dist13_17', 'dist14_16', 't3_5_10', 't13_14_17', 'dist1_3', 'dist1_4']",random_forest,16.18579307024032,8.246959560949305,7.972312200394978,1657,20,pca
innsbruck_1,sam,False,"['t2_4_5', 'dist8_14', 't2_4_8', 'dist14_16', 't2_4_7', 'dist2_3', 'ang3_2_4', 'ang2_3_4', 't13_14_17', 'dist13_16', 't2_5_9', 'dist2_4', 'dist2_7', 'dist2_8', 'dist2_14', 'dist5_9', 't2_3_7', 't7_8_16', 'dist12_15', 'dist3_5']",random_forest,15.378651645209134,7.764193661239422,14.227568139249692,1658,20,pca
innsbruck_1,sam,False,"['dist2_11', 't2_4_5', 'dist2_8', 'dist7_12', 'dist7_13', 't2_3_7', 't2_4_8', 't12_15_17', 'dist1_15', 'dist2_4', 'dist2_14', 'dist3_8', 'dist3_15', 'dist3_17', 'dist4_12', 'dist8_12', 'dist12_13', 'ang2_3_4', 't1_6_7', 't2_4_7']",random_forest,15.944459001305718,7.63887255230731,12.132279536005768,1659,20,pca
innsbruck_1,rosie,False,"['dist2_8', 'dist1_8', 'dist8_16', 'dist1_3', 'dist1_4', 'dist2_11', 'dist3_5', 'dist9_10', 't3_4_5', 't2_4_8', 'dist2_9', 'dist3_8', 'dist4_12', 'dist5_9', 'dist5_14', 'dist8_14', 'ang6_10_4', 't4_5_8', 't2_4_7', 'dist4_11']",random_forest,13.940725781602696,8.618911255917046,5.336393874264447,1660,20,pca
innsbruck_1,rosie,False,"['dist2_11', 'dist1_3', 't3_4_5', 't2_4_8', 'dist1_5', 'dist2_8', 'dist2_9', 'dist4_8', 'dist4_12', 'dist8_14', 'dist12_15', 'dist12_17', 'dist13_14', 'dist14_16', 'ang1_2_5', 'ang6_10_4', 't2_4_5', 't2_4_7', 't13_14_17', 't12_15_17']",random_forest,25.212197402626117,17.637696591921056,8.153611514317065,1661,20,pca
innsbruck_1,otella,False,"['dist2_11', 't2_4_8', 'dist1_3', 'dist2_4', 'dist2_8', 'dist2_9', 'dist2_14', 'dist3_10', 'dist4_8', 'dist4_10', 'dist4_11', 'dist4_12', 'dist7_10', 'dist10_16', 'dist11_14', 'dist11_16', 'dist12_17', 'ang6_10_4', 't3_4_16', 't8_9_17']",random_forest,12.786135445775756,7.923683828608515,4.876377948443852,1662,20,pca
innsbruck_1,otella,False,"['dist2_11', 'dist5_14', 'dist7_13', 'dist1_8', 'dist2_4', 'dist2_8', 'dist2_14', 'dist3_7', 'dist3_10', 'dist7_12', 'dist7_15', 'dist11_16', 'dist12_15', 'ang6_10_4', 't3_4_16', 't3_4_5', 't2_4_8', 't13_14_17', 'dist1_4', 'dist1_5']",random_forest,16.11155082859852,9.799826184005317,6.332669690580222,1663,20,pca
innsbruck_1,japet,False,"['dist1_3', 'dist7_13', 'dist16_17', 'dist3_8', 'dist10_15', 'dist11_17', 'dist14_17', 't2_3_7', 'dist6_9', 'dist1_2', 'dist2_4', 'dist3_17', 'dist4_8', 'dist5_9', 'dist7_12', 'dist8_13', 'dist8_15', 'dist15_17', 't3_7_16', 't2_4_7']",random_forest,4.333614341296848,4.866955471066319,2.6612771679078095,1664,20,pca
innsbruck_1,japet,False,"['t3_5_10', 'dist8_14', 'dist16_17', 't2_4_5', 't2_4_7', 'dist2_6', 'dist7_13', 'dist9_11', 't2_3_7', 't2_5_10', 't4_5_8', 'dist1_10', 'dist2_3', 'dist2_9', 'dist3_7', 'dist4_9', 'dist9_10', 'dist14_16', 'ang3_1_4', 't5_8_9']",random_forest,7.94167687874873,12.379406410418172,6.754118043038919,1665,20,pca
innsbruck_1,nuernberg_2,False,"['t2_4_5', 't2_4_8', 'dist1_2', 'ang1_2_5', 't2_3_7', 't3_4_5', 'dist7_13', 'dist1_16', 'dist2_4', 'dist2_15', 'dist9_13', 'dist13_16', 'ang1_3_5', 'ang2_1_4', 'ang6_10_4', 't2_4_7', 't3_5_10', 'dist2_8', 't6_7_17', 'dist9_14']",random_forest,19.275896622381577,15.655063215924635,3.625877633637662,1666,20,pca
innsbruck_1,nuernberg_2,False,"['dist5_14', 't2_4_5', 'ang6_10_4', 't3_4_5', 't2_4_8', 'dist2_4', 'dist3_9', 'ang2_7_5', 'dist2_11', 'dist2_15', 'dist2_16', 'dist3_4', 'dist3_10', 'dist3_17', 'dist4_8', 'dist7_10', 't2_3_7', 't3_4_16', 't8_9_17', 't2_4_7']",random_forest,25.375694568655774,15.781117403242689,11.27293632653602,1667,20,pca
innsbruck_1,neznamy,False,"['t2_4_5', 't2_4_8', 'dist2_8', 'dist2_4', 'dist10_12', 'dist13_14', 'ang3_1_4', 't2_3_7', 'dist1_10', 'dist1_13', 'dist2_7', 'dist2_9', 'dist2_13', 'dist2_14', 'dist2_16', 'dist2_17', 'dist5_9', 'dist13_16', 'dist14_16', 'ang1_2_4']",random_forest,16.093002739400905,11.802584017165755,5.356260553616315,1668,20,pca
innsbruck_1,neznamy,False,"['dist2_8', 'dist2_16', 'dist2_17', 'dist3_8', 't2_4_8', 'dist8_14', 'dist13_14', 't13_14_16', 'dist3_12', 'dist1_15', 'dist2_7', 'dist2_9', 'dist2_11', 'dist2_14', 'dist3_16', 'dist4_14', 'dist11_13', 'dist12_13', 'dist12_15', 'dist13_17']",random_forest,4.830478836853296,5.224752782579438,0.4275741068056029,1669,20,pca
innsbruck_1,nokia,False,"['t2_4_8', 'dist4_8', 'dist9_16', 'ang4_9_5', 'dist2_3', 'dist3_10', 'dist4_10', 'dist5_9', 'dist10_14', 't4_6_10', 'dist3_9', 'dist9_14', 'dist1_3', 'dist2_11', 'dist3_6', 'dist4_9', 'dist4_11', 'dist5_6', 'dist8_14', 'dist16_17']",random_forest,12.577386723261924,6.190747764270343,8.239181594725382,1670,20,pca
innsbruck_1,nokia,False,"['t3_5_10', 'dist4_10', 'dist9_14', 'dist9_10', 't4_5_8', 'dist4_9', 'dist4_12', 'dist5_9', 'dist9_16', 'dist10_14', 't2_4_8', 'dist2_11', 'dist2_3', 'dist3_10', 'dist4_8', 'dist14_17', 'dist16_17', 't5_9_10', 't4_6_10', 'dist3_12']",random_forest,8.616185797228072,8.25029316220518,1.3161778900140582,1671,20,pca
innsbruck_1,noel,False,"['t3_4_5', 'dist13_14', 'ang4_9_5', 't2_4_5', 'dist5_14', 'dist2_16', 'dist2_14', 'dist5_16', 'dist7_10', 'dist13_16', 'ang2_7_5', 't1_3_5', 'dist1_5', 'dist1_9', 'dist2_3', 'dist2_4', 'dist2_5', 'dist3_4', 'dist3_14', 'dist3_16']",random_forest,35.02619087213044,10.376425922929487,25.344660117448075,1672,20,pca
innsbruck_1,noel,False,"['t2_4_5', 't2_3_5', 'dist2_4', 'dist3_6', 'dist2_14', 'ang2_1_4', 'ang4_9_5', 'ang6_10_4', 'dist3_5', 'dist2_13', 'dist9_11', 'dist10_11', 'dist2_16', 'ang2_7_5', 'dist14_16', 'dist2_5', 'ang2_3_4', 'ang1_4_3', 'ang2_4_3', 't3_4_5']",random_forest,35.97470654099313,7.676178611108429,29.754515624559936,1673,20,pca
innsbruck_1,matysek,False,"['t3_5_10', 'dist14_16', 't2_3_7', 'dist1_13', 'dist5_9', 'dist7_13', 't5_8_9', 'dist3_9', 'dist3_10', 'dist3_15', 'dist5_8', 'dist11_14', 'dist12_15', 'ang4_3_5', 'ang6_10_4', 't1_3_5', 't2_3_5', 't13_14_17', 't13_14_16', 'dist8_9']",random_forest,14.198271421231969,12.467255392579391,1.7383883910359592,1674,20,pca
innsbruck_1,matysek,False,"['dist2_11', 'dist4_12', 'dist7_12', 'dist7_13', 'dist12_17', 'dist2_4', 'dist2_8', 'dist2_9', 'dist2_14', 'dist3_10', 'dist3_15', 'dist5_15', 'dist8_10', 'dist11_13', 'ang6_10_4', 't3_4_16', 't4_5_8', 't2_4_8', 't2_4_7', 't12_13_15']",random_forest,17.550845650141092,14.78166418938514,2.9669013085448794,1675,20,pca
innsbruck_1,lucka,False,"['dist1_8', 'dist1_3', 'dist2_8', 'dist5_14', 'dist6_10', 'dist12_15', 'dist13_14', 't2_4_8', 'dist2_3', 'dist2_4', 'dist2_11', 'dist2_14', 'dist3_10', 'dist4_8', 'dist10_15', 't2_3_7', 't3_4_16', 't1_3_5', 't3_4_5', 't13_14_17']",random_forest,15.361895406700802,8.079005856289957,7.349243689206689,1676,20,pca
innsbruck_1,lucka,False,"['dist1_8', 'dist2_14', 'dist13_14', 't2_4_8', 'dist1_3', 'dist1_4', 'dist1_5', 'dist2_3', 'dist2_4', 'dist2_8', 'dist5_6', 'dist5_14', 'dist5_16', 'dist6_10', 'dist7_13', 'dist10_15', 'dist12_15', 'dist14_16', 't3_4_16', 't4_5_8']",random_forest,6.26152713531572,3.345602169835869,2.9161095652873077,1677,20,pca
innsbruck_1,nuernberg_1,False,"['dist2_3', 'dist5_16', 't3_4_5', 'dist1_8', 'dist2_8', 'dist1_5', 'dist2_11', 'dist2_14', 'dist2_15', 'dist3_9', 'dist3_10', 'dist3_14', 'dist5_9', 'dist6_8', 'dist6_10', 'dist12_16', 'dist12_17', 'ang1_2_4', 't2_3_7', 't4_5_8']",random_forest,12.800498155067928,11.80506111041719,1.1423814006631452,1678,20,pca
innsbruck_1,nuernberg_1,False,"['t3_4_5', 'dist3_5', 't2_4_5', 'dist2_4', 'dist2_8', 'dist3_17', 'dist5_14', 'ang2_1_4', 'ang6_4_10', 't2_3_5', 'ang1_2_4', 'dist1_13', 'dist2_3', 'dist2_15', 'dist3_15', 'ang2_1_5', 't2_3_7', 't1_3_5', 't2_4_8', 't4_5_8']",random_forest,20.285865047979975,18.841993621511158,2.2877843384380654,1679,20,pca
innsbruck_1,leni,False,"['dist7_8', 'dist14_16', 'ang2_4_5', 'dist2_15', 'dist5_14', 'dist5_16', 'ang6_10_4', 't1_3_5', 't3_4_5', 'dist8_14', 't7_8_17', 'dist1_13', 'dist2_7', 'dist2_13', 'dist2_14', 'dist2_16', 'ang1_3_4', 't1_2_7', 't4_5_8', 't2_4_5']",random_forest,17.854638307834133,10.716151654125749,10.133708891323128,1680,20,pca
innsbruck_1,leni,False,"['dist6_8', 'dist6_9', 'dist7_8', 'ang1_2_5', 'ang2_7_5', 'dist2_13', 'ang3_1_4', 'ang6_10_4', 'dist5_16', 'ang2_1_4', 'ang6_9_10', 't3_7_16', 'dist3_5', 'dist3_7', 'dist5_6', 'ang1_2_4', 'dist5_15', 'ang1_3_4', 't3_4_5', 't2_3_5']",random_forest,39.80420535621165,27.638924095690914,13.22691210231383,1681,20,pca
innsbruck_1,shorfy,False,"['dist1_8', 'dist2_11', 't3_4_5', 'dist1_4', 'dist2_4', 'dist2_8', 'dist3_10', 'dist4_12', 'dist5_14', 'dist7_12', 'dist8_9', 'dist9_10', 'dist12_15', 'ang6_10_4', 't3_4_16', 't8_9_17', 't2_4_5', 't2_4_8', 't13_14_17', 'dist1_3']",random_forest,22.189318209734754,10.694210477602615,11.69523603082209,1682,20,pca
innsbruck_1,shorfy,False,"['dist2_11', 'dist5_14', 't3_4_5', 't3_5_10', 'dist3_10', 't2_4_5', 'dist2_4', 'dist2_7', 'dist2_14', 'dist3_7', 'dist4_12', 'dist7_12', 'dist10_14', 'dist11_14', 'dist12_13', 'dist14_16', 'ang6_10_4', 't2_3_7', 't3_4_16', 't4_5_8']",random_forest,14.126597363479988,9.92391909081264,4.23484078569659,1683,20,pca
innsbruck_1,paulinchen,False,"['dist8_9', 'dist12_13', 'dist8_14', 'dist2_11', 't5_8_9', 't3_6_10', 'ang1_4_3', 'dist3_17', 'dist3_6', 'dist3_10', 'dist3_15', 'dist5_14', 'dist8_10', 'dist14_15', 't8_9_17', 't3_4_5', 'dist1_2', 'ang2_1_5', 'dist2_6', 'dist10_17']",random_forest,12.40155241361347,8.493064866531364,4.359425212856126,1684,20,pca
innsbruck_1,paulinchen,False,"['dist2_11', 'dist11_14', 't4_5_8', 'dist2_12', 'dist3_7', 'dist5_9', 'dist11_17', 'dist2_15', 'dist3_15', 'dist4_12', 'dist5_14', 'dist8_14', 'dist8_15', 'dist9_15', 'dist11_16', 'dist12_13', 'ang7_6_10', 't3_4_7', 't3_7_16', 't2_4_8']",random_forest,12.698650931261145,10.341334558786182,2.3722297222803923,1685,20,pca
innsbruck_1,mette,False,"['dist2_11', 'dist5_14', 't3_4_5', 't2_4_8', 'dist1_4', 'dist2_3', 'dist2_4', 'dist3_10', 'dist4_10', 'dist4_12', 'dist6_13', 'dist8_9', 'dist8_16', 'dist11_16', 'dist12_13', 'ang2_3_4', 'ang6_10_4', 't2_3_7', 't3_7_16', 't4_7_8']",random_forest,16.180195954696497,8.676403183050454,9.516536100931186,1686,20,pca
innsbruck_1,mette,False,"['dist1_4', 'dist2_11', 'dist4_10', 'dist5_14', 't3_4_5', 't2_4_8', 'dist2_4', 'dist2_8', 'dist2_9', 'dist3_7', 'dist3_10', 'dist12_13', 'dist13_16', 'ang1_2_5', 't4_7_8', 't4_5_8', 't3_5_10', 't13_14_17', 't13_14_16', 'dist1_2']",random_forest,24.336979005028706,14.102502890292337,10.451411105549111,1687,20,pca
innsbruck_1,zewe,False,"['dist1_4', 't3_4_5', 'dist2_8', 'dist4_10', 'dist5_14', 'dist11_14', 't2_3_7', 't2_4_8', 'dist1_3', 'dist1_13', 'dist2_3', 'dist2_4', 'dist2_15', 'dist3_5', 'dist3_10', 'dist7_13', 'ang1_2_5', 'ang6_10_4', 't4_5_8', 't5_8_9']",random_forest,19.048010401947277,13.514021715514101,5.858799218873374,1688,20,pca
innsbruck_1,zewe,False,"['dist2_11', 'dist5_14', 'ang6_10_4', 't3_4_5', 'dist2_4', 'dist2_8', 'dist2_14', 'dist3_7', 'dist3_10', 'dist4_12', 'dist7_10', 'dist7_12', 'dist7_15', 't4_7_8', 't3_4_16', 't8_9_17', 't2_4_8', 't13_14_17', 't13_14_16', 'dist1_3']",random_forest,19.28426632100164,12.607165641872664,6.686668802759322,1689,20,pca
innsbruck_1,vladimir,False,"['dist2_11', 'dist5_9', 'ang4_9_5', 'dist9_15', 'dist1_9', 'dist5_12', 'dist8_15', 'ang2_3_4', 'dist2_12', 'dist2_15', 'dist3_6', 'dist4_13', 'dist6_11', 'dist11_13', 'dist12_13', 'dist14_16', 'dist15_16', 'ang1_2_5', 'ang2_4_5', 'ang1_2_4']",random_forest,22.563031876001055,16.02329215354407,7.359358189170591,1690,20,pca
innsbruck_1,vladimir,False,"['dist4_9', 'dist1_13', 'dist3_6', 'dist3_7', 'dist8_14', 'ang1_3_4', 'dist1_2', 'dist2_11', 'dist3_15', 'dist5_9', 'dist5_17', 'dist8_9', 'dist14_16', 'ang1_4_3', 'dist9_14', 'dist14_17', 'ang1_2_5', 'ang1_3_5', 'ang1_2_4', 'ang3_4_3']",random_forest,32.3703113901785,13.525249376450914,19.23321079782664,1691,20,pca
shorfy,zanetka,False,"['dist2_3', 'dist2_13', 'dist10_15', 'dist1_4', 'dist12_15', 'ang1_2_5', 'ang2_7_5', 'dist4_16', 't2_3_7', 't13_14_16', 'dist1_5', 'dist2_8', 'dist5_6', 'dist5_17', 'ang2_1_4', 'ang6_9_10', 't3_7_16', 't4_5_8', 't5_8_9', 'dist14_16']",random_forest,28.222555521611042,12.094727977740508,16.35026266428967,1692,20,pca
shorfy,zanetka,False,"['dist2_13', 'dist1_4', 'dist2_3', 'dist2_8', 'dist3_7', 'dist5_9', 'dist10_15', 'ang1_2_5', 'ang2_7_5', 'dist5_6', 'dist4_7', 'dist5_17', 'ang6_10_4', 'dist14_16', 'dist5_15', 'dist3_6', 'ang2_1_4', 't5_8_9', 'dist1_3', 'dist7_14']",random_forest,28.594052375296112,13.842614209175142,16.37194830158878,1693,20,pca
shorfy,zewe,False,"['dist3_16', 'dist8_16', 'ang1_4_3', 'dist4_16', 'dist7_9', 'dist6_8', 'ang3_4_3', 'ang3_2_4', 'dist1_8', 'dist10_17', 'dist2_11', 'ang1_3_4', 'dist3_14', 'dist13_14', 'dist4_13', 't4_5_8', 'dist3_10', 't2_4_7', 'dist2_7', 'dist1_12']",random_forest,14.610514108662604,6.178584676356272,9.73843627995174,1694,20,pca
shorfy,zewe,False,"['dist12_13', 'ang1_2_5', 'ang1_4_3', 'dist1_12', 'dist2_11', 'dist2_12', 'dist7_11', 'dist11_14', 't6_7_17', 'dist12_16', 'ang1_3_4', 'dist14_15', 'dist3_16', 'dist5_14', 'dist6_8', 'dist13_17', 'dist1_11', 'dist3_9', 'dist3_12', 'dist3_15']",random_forest,18.697272367804775,8.491993120478023,11.202009097696152,1695,20,pca
shorfy,vladimir,False,"['dist2_9', 'dist10_14', 't2_4_5', 'dist10_17', 'dist6_9', 'dist5_14', 'dist1_8', 'dist1_16', 'dist6_8', 't2_3_7', 'dist1_17', 'dist13_16', 'ang6_9_10', 't6_7_9', 'ang6_10_4', 'dist1_4', 'dist7_12', 'dist8_10', 't2_4_8', 't2_5_9']",random_forest,13.605321914252624,3.1658601349831574,12.008733329114522,1696,20,pca
shorfy,vladimir,False,"['dist1_8', 'dist10_14', 'dist1_4', 'dist1_16', 'dist12_15', 't1_2_7', 't2_3_7', 't3_5_10', 'dist1_3', 'dist2_3', 'dist2_4', 'dist2_8', 'dist2_16', 'dist2_17', 'dist3_10', 'dist4_10', 'dist7_12', 'dist8_14', 'dist8_16', 'dist13_14']",random_forest,6.359685965252751,3.7324505883663783,2.6299558214215355,1697,20,pca
paulinchen,zanetka,False,"['dist2_3', 'dist12_17', 't2_4_5', 't2_4_7', 't12_15_17', 'dist1_4', 'dist2_4', 'dist2_13', 'dist2_14', 'dist4_11', 'dist4_12', 'dist4_14', 'dist5_16', 'dist8_15', 'dist9_12', 'dist12_15', 'dist14_16', 'dist15_17', 't4_5_8', 't3_4_5']",random_forest,7.020829295358718,0.5906753661725592,7.112171563225461,1698,20,pca
paulinchen,zanetka,False,"['dist2_13', 'dist2_14', 'dist4_11', 'dist5_12', 'dist15_17', 't5_8_9', 't2_4_5', 'dist1_4', 'dist2_3', 'dist2_4', 'dist2_11', 'dist2_15', 'dist4_12', 'dist5_16', 'dist7_11', 'dist8_12', 'dist8_15', 'dist10_15', 'dist12_15', 'dist12_17']",random_forest,4.331594857500523,0.8841597287786858,3.742226688171808,1699,20,pca
paulinchen,sam,False,"['dist2_11', 'dist3_12', 'dist11_17', 'dist12_13', 'dist2_15', 'dist7_12', 'dist3_11', 'dist15_16', 'dist2_16', 'dist3_10', 'dist3_15', 'dist8_9', 'dist8_10', 'dist9_15', 'dist11_13', 'dist11_16', 'dist12_14', 'dist12_17', 'dist14_15', 'ang4_3_5']",random_forest,8.198927406318795,1.4052310698874677,7.18749402763544,1700,20,pca
paulinchen,sam,False,"['dist1_8', 'ang1_4_3', 'ang1_3_5', 'dist12_13', 'ang2_3_4', 'dist11_13', 'ang5_3_4', 'dist2_11', 'dist2_16', 'dist11_14', 'dist14_15', 'ang3_1_4', 'ang1_3_4', 'ang4_9_5', 'ang2_7_5', 't6_7_17', 'dist8_15', 't3_6_10', 'dist1_7', 't2_4_5']",random_forest,37.06736997195672,15.902205938697044,23.460584672727823,1701,20,pca
paulinchen,rosie,False,"['t2_4_5', 'dist1_4', 'dist4_8', 'dist4_9', 't2_4_8', 't2_4_7', 't4_5_8', 'dist1_3', 'dist1_8', 'dist1_16', 'dist4_12', 'dist14_16', 'dist1_17', 'dist2_4', 'dist5_9', 'dist13_17', 't2_3_7', 't3_4_5', 't3_5_7', 'ang5_3_4']",random_forest,9.222269123988324,0.5794031753761224,9.711620169285476,1702,20,pca
paulinchen,rosie,False,"['dist8_16', 'dist2_13', 'dist1_5', 'dist1_17', 'ang3_1_4', 't1_2_7', 'dist1_16', 'dist8_15', 't3_7_16', 't2_4_8', 't1_3_5', 'dist5_8', 'dist7_11', 'dist12_15', 'dist13_17', 't2_3_7', 't13_14_17', 't13_14_16', 'ang1_2_5', 'dist1_8']",random_forest,9.612953740432541,4.304921461038037,5.818755360339706,1703,20,pca
paulinchen,shorfy,False,"['t3_4_5', 'dist3_5', 't2_4_5', 't2_3_5', 'ang2_7_5', 'dist1_8', 'dist8_16', 'dist9_10', 'ang1_2_5', 'dist5_14', 'dist2_16', 't4_5_8', 'dist2_5', 'dist3_10', 'dist4_5', 't2_5_9', 'dist8_10', 'dist1_4', 'dist2_9', 'dist7_13']",random_forest,27.174527620102534,19.009134584484045,11.100726237023144,1704,20,pca
paulinchen,shorfy,False,"['dist1_8', 'dist1_16', 't2_4_8', 't1_2_7', 'dist1_4', 'dist1_3', 'dist2_7', 'dist2_8', 'dist3_5', 'dist13_16', 'ang3_4_3', 't3_4_5', 'dist3_8', 'dist1_7', 'dist2_9', 'dist2_16', 'dist4_8', 'dist7_13', 't1_6_7', 't3_5_10']",random_forest,6.696159535775633,4.985809316499884,4.760073031760797,1705,20,pca
paulinchen,zewe,False,"['dist1_4', 'dist1_8', 't2_4_5', 't3_5_10', 'dist12_15', 't2_4_8', 'dist1_10', 'dist4_12', 'dist13_14', 't1_6_7', 'dist1_15', 'dist2_4', 'dist2_9', 'dist3_13', 'dist4_10', 'dist5_13', 'dist6_10', 'dist13_16', 'ang3_1_4', 'ang2_3_4']",random_forest,12.255774399329214,1.6078826117040041,10.777648148129419,1706,20,pca
paulinchen,zewe,False,"['dist1_8', 't2_4_5', 'dist13_14', 'dist1_4', 'dist1_5', 'dist1_16', 'dist2_4', 'dist2_8', 'ang5_3_4', 't3_4_5', 't1_2_7', 't4_5_8', 'ang2_7_5', 'dist1_17', 'dist2_3', 'dist2_16', 'dist7_13', 'dist12_15', 'ang5_1_4', 'ang2_3_4']",random_forest,31.803390249149054,18.3064052170977,13.746677828220816,1707,20,pca
paulinchen,vladimir,False,"['dist1_13', 'dist7_9', 'ang5_1_4', 'dist3_14', 'dist2_3', 't3_4_5', 'dist5_15', 'ang4_9_5', 't4_5_8', 'dist4_8', 't1_2_7', 'dist2_4', 'dist5_16', 'dist9_15', 'dist1_6', 'ang1_4_5', 'dist4_7', 'dist5_14', 'dist11_16', 'ang4_1_5']",random_forest,9.034953152169397,2.0036247171103914,9.637750912410194,1708,20,pca
paulinchen,vladimir,False,"['dist4_13', 'dist3_14', 't2_4_5', 't3_4_5', 'dist3_8', 'dist8_14', 'dist5_14', 'dist2_3', 'dist3_13', 't2_4_8', 'dist4_14', 'dist5_15', 't3_4_16', 'dist3_17', 'ang6_9_10', 't6_9_10', 'ang1_4_5', 'dist5_9', 'dist3_5', 'dist5_12']",random_forest,11.486166735189748,8.061741482701402,11.00905216603618,1709,20,pca
mette,zanetka,False,"['dist13_14', 't5_8_9', 'dist2_3', 'dist2_14', 'dist2_15', 'dist4_14', 'dist5_6', 'dist10_15', 't2_4_5', 't12_15_17', 'dist1_4', 'dist4_9', 'dist3_5', 'dist4_11', 'dist5_12', 'dist8_15', 'dist9_15', 'dist14_16', 'dist14_17', 't2_3_7']",random_forest,5.059316140321543,1.88771170021162,6.9414197355220955,1710,20,pca
mette,zanetka,False,"['dist8_15', 'dist14_16', 'dist5_9', 'dist5_12', 'dist15_16', 'dist2_13', 'dist2_14', 'dist3_14', 'dist4_8', 'dist4_11', 'dist4_14', 'dist10_15', 't5_8_9', 't4_5_8', 't1_3_5', 'dist1_5', 'dist2_3', 'dist5_8', 'dist5_16', 'dist5_17']",random_forest,3.8033036404971274,2.4191565389930854,6.163707812008924,1711,20,pca
mette,sam,False,"['dist3_7', 'dist4_10', 'dist8_9', 't3_7_16', 'dist3_10', 'dist7_10', 'dist9_10', 'dist12_13', 't3_6_10', 'dist3_6', 'dist7_9', 'dist2_11', 'dist3_17', 'dist4_9', 'dist6_10', 'dist8_10', 'dist8_17', 'dist9_14', 'dist10_14', 'dist14_15']",random_forest,5.506185883652859,6.875643894567062,1.4184515847545844,1712,20,pca
mette,sam,False,"['dist2_11', 'dist5_14', 'dist3_7', 'dist3_10', 'dist11_14', 'dist3_12', 'dist1_4', 'dist2_9', 'dist4_12', 'dist6_10', 'dist7_9', 'dist7_15', 'dist10_14', 'dist11_13', 'dist12_13', 'dist13_16', 't3_7_16', 't4_7_8', 't8_9_17', 't3_5_7']",random_forest,4.359444200145251,3.3294704257807988,1.1005958568536112,1713,20,pca
mette,rosie,False,"['ang1_2_5', 't7_8_9', 'dist11_17', 'dist13_14', 't2_4_8', 'dist6_17', 'dist3_17', 'dist2_16', 't13_14_16', 'dist11_12', 'dist7_17', 'dist10_16', 'dist1_16', 'dist7_13', 'dist4_8', 'dist7_10', 't7_8_17', 'ang5_1_4', 'dist1_6', 'dist3_5']",random_forest,11.575190477620817,12.790561054159113,3.727760427274034,1714,20,pca
mette,rosie,False,"['t7_8_9', 'dist9_10', 'dist7_9', 'dist8_10', 'dist10_17', 'dist7_10', 'dist2_3', 'dist4_9', 'dist1_4', 't6_7_9', 'dist8_14', 't13_14_17', 'dist3_16', 'dist14_16', 't5_9_10', 'dist1_6', 'dist8_16', 'ang2_4_3', 't7_8_17', 'dist9_16']",random_forest,3.998453017022885,2.7184446237806417,5.798198933991938,1715,20,pca
mette,otella,False,"['ang2_7_5', 'dist3_13', 'dist3_7', 'dist3_14', 'dist3_6', 't3_7_16', 'dist4_8', 'dist1_3', 't2_4_7', 'ang4_2_5', 't3_4_7', 'dist1_9', 'dist2_6', 'dist4_6', 'dist4_14', 'dist5_12', 'dist5_14', 't2_3_7', 'dist2_14', 'dist3_17']",random_forest,22.94002383428604,15.669582770766265,7.305985963577722,1716,20,pca
mette,otella,False,"['dist1_2', 'dist3_6', 'dist5_14', 't3_7_16', 'dist1_3', 'dist1_16', 'dist3_13', 'dist4_9', 'dist13_17', 'dist1_4', 't2_3_7', 'dist3_9', 'dist10_14', 'dist1_13', 'dist3_14', 'dist6_14', 'dist4_6', 'ang6_10_4', 'dist6_15', 'ang1_3_5']",random_forest,10.607376587059528,7.581658035240991,7.6234281896331435,1717,20,pca
mette,nuernberg_2,False,"['dist11_14', 't3_5_10', 'dist6_13', 'dist3_6', 'dist3_17', 'dist13_15', 'dist3_7', 'dist3_15', 'dist6_16', 'dist11_16', 'dist12_13', 't3_7_16', 't3_6_10', 'dist2_11', 'dist7_13', 'dist12_15', 'dist16_17', 'ang2_7_5', 'dist15_16', 'dist1_8']",random_forest,21.671542406115382,9.604964614120291,13.047509019498792,1718,20,pca
mette,nuernberg_2,False,"['t3_5_10', 'dist11_14', 'dist12_13', 'dist7_13', 'dist5_10', 'dist5_6', 'dist10_14', 't2_5_10', 'dist3_6', 't3_7_16', 'dist3_12', 'dist3_17', 'dist4_11', 'dist5_11', 'dist6_13', 'dist6_14', 'dist7_14', 'dist4_10', 'dist3_7', 'dist3_9']",random_forest,4.406745679232716,4.378509105026854,0.6064107648734077,1719,20,pca
mette,neznamy,False,"['t3_7_16', 'dist5_14', 'dist3_6', 'dist7_9', 't3_6_10', 'dist1_16', 'dist2_11', 'dist3_7', 'dist3_8', 'dist3_10', 'dist5_9', 'dist6_7', 'dist6_17', 'dist7_13', 'dist10_14', 'ang1_2_5', 'ang1_4_5', 't2_3_7', 't6_7_9', 't7_8_17']",random_forest,19.401664466889557,12.00353693861336,7.4226566535425125,1720,20,pca
mette,neznamy,False,"['dist6_17', 'dist3_6', 'dist3_7', 'dist5_14', 'dist7_10', 'dist7_13', 'dist11_14', 't2_3_7', 'dist2_9', 'dist2_11', 'dist3_10', 'dist3_12', 'dist3_13', 'dist4_9', 'dist4_10', 'dist4_12', 'dist4_14', 'dist6_7', 'dist6_9', 'dist6_13']",random_forest,3.789822832637672,2.742610390275955,1.0481575472013573,1721,20,pca
mette,nokia,False,"['dist5_14', 'dist7_15', 't1_3_5', 't2_4_5', 't3_4_5', 'dist3_5', 'dist12_13', 'dist12_14', 'dist13_16', 'dist1_2', 'dist1_5', 'dist3_6', 'dist3_13', 'dist3_15', 'dist4_12', 'dist4_13', 't3_7_16', 't3_4_16', 't3_5_7', 't13_14_15']",random_forest,12.678135546901574,7.597570490650195,5.124375797826839,1722,20,pca
mette,nokia,False,"['dist5_14', 'dist10_14', 't3_5_10', 'dist1_4', 'dist1_8', 'dist2_4', 'dist2_11', 'dist3_6', 'dist3_10', 'dist6_11', 'dist7_10', 'dist7_15', 'dist12_13', 'dist13_16', 'dist14_15', 'ang4_3_5', 'ang1_3_4', 't3_4_16', 't3_4_5', 't2_4_8']",random_forest,22.242124681557765,8.962272005747144,13.927902321091134,1723,20,pca
mette,noel,False,"['dist5_14', 'dist1_4', 'dist2_11', 'dist3_6', 'dist3_7', 'dist3_10', 'dist3_15', 'dist4_10', 'dist4_12', 'dist5_12', 'dist7_13', 'dist7_15', 'dist9_15', 'dist10_11', 'dist11_16', 'dist12_16', 't3_7_16', 't6_7_9', 't12_15_17', 'dist1_3']",random_forest,7.185820373265049,3.7492652142774103,3.444967823508972,1724,20,pca
mette,noel,False,"['dist2_11', 'dist3_6', 'dist1_4', 'dist3_10', 'dist4_10', 'dist7_10', 'ang2_7_5', 't3_5_10', 't13_14_15', 'dist1_3', 'dist2_15', 'dist3_7', 'dist3_15', 'dist4_8', 'dist4_12', 'dist5_14', 'dist8_9', 'dist11_14', 'dist11_16', 'dist12_16']",random_forest,32.079253887193595,10.647788779227287,21.63816990350989,1725,20,pca
mette,nuernberg_1,False,"['dist11_14', 'dist7_13', 't2_3_7', 'dist4_10', 'dist2_11', 'dist3_10', 'dist12_13', 't4_7_8', 't3_5_10', 't3_6_10', 'dist3_6', 'dist3_7', 'dist3_17', 'dist4_7', 'dist4_8', 'dist4_11', 'dist5_9', 'dist7_10', 'dist9_10', 'dist10_14']",random_forest,6.085907965364051,6.027299485494925,1.1043297345471408,1726,20,pca
mette,nuernberg_1,False,"['dist4_9', 'dist3_6', 'dist3_10', 'dist4_10', 'dist5_16', 't2_3_7', 't3_7_16', 't3_6_10', 'dist12_15', 'dist2_9', 'dist2_11', 'dist3_7', 'dist3_8', 'dist3_12', 'dist3_17', 'dist4_8', 'dist5_6', 'dist7_13', 'dist8_13', 'dist9_17']",random_forest,5.8603682399097,7.140655816541136,1.8400346639301195,1727,20,pca
mette,shorfy,False,"['t3_4_5', 't2_4_5', 'dist2_14', 'ang4_9_5', 'dist3_5', 'dist5_16', 'dist2_4', 'ang2_7_5', 'dist3_14', 't1_3_5', 'dist1_4', 'dist1_7', 'dist3_4', 'dist3_7', 'dist5_7', 'dist5_13', 'dist5_14', 'dist13_14', 'ang7_6_10', 't1_2_7']",random_forest,30.85480858510489,15.634328653823887,15.237394791533072,1728,20,pca
mette,shorfy,False,"['dist13_14', 'dist12_15', 'dist3_5', 'dist5_9', 'dist1_5', 't8_9_17', 'dist9_10', 't13_14_16', 'ang3_4_5', 'dist11_12', 'dist9_11', 'ang2_4_5', 'dist1_8', 't7_8_9', 't3_4_5', 'dist4_6', 'dist5_16', 't5_8_9', 't3_5_10', 'dist14_16']",random_forest,9.339023668742755,5.841185199588964,6.072069352905521,1729,20,pca
mette,paulinchen,False,"['dist1_8', 'dist1_16', 'dist3_6', 'dist3_17', 'dist6_17', 'dist7_10', 't3_7_16', 't1_3_5', 'dist1_3', 'dist1_4', 'dist1_17', 'dist2_9', 'dist6_9', 'dist6_10', 'dist7_13', 'dist10_12', 'dist10_15', 't6_7_9', 't8_9_17', 't13_14_15']",random_forest,10.556177048146894,8.002351992487807,3.203189885232459,1730,20,pca
mette,paulinchen,False,"['dist3_6', 'dist6_17', 'dist1_9', 'dist2_9', 'dist10_17', 'dist1_8', 'dist1_4', 'dist1_16', 't1_3_5', 'dist5_6', 'dist6_8', 'dist6_16', 'dist8_16', 'dist10_15', 'dist13_17', 't2_3_7', 't13_14_17', 'dist6_9', 'dist1_13', 'ang3_1_4']",random_forest,3.3970305839817487,2.8043661557143236,2.8359785234980643,1731,20,pca
mette,zewe,False,"['ang2_7_5', 'dist2_13', 'dist5_16', 'dist4_9', 'dist3_13', 'dist3_6', 'dist4_16', 't3_4_5', 'dist1_16', 'ang4_2_5', 'dist3_5', 'dist1_7', 'dist1_8', 'ang5_1_4', 't2_4_5', 't3_5_10', 'dist15_16', 'dist5_12', 'ang2_4_5', 'dist5_14']",random_forest,24.5023820229225,17.85017058344478,9.998496279239781,1732,20,pca
mette,zewe,False,"['dist2_4', 'dist6_16', 'dist3_6', 'dist11_14', 'dist3_10', 'dist6_13', 'dist8_10', 'ang1_3_4', 'dist6_8', 'dist3_7', 'dist5_14', 'ang4_3_5', 'ang3_1_4', 'ang6_4_10', 'dist1_4', 'dist6_14', 'ang4_2_5', 't3_7_16', 'dist1_8', 'ang1_4_3']",random_forest,19.16022293226669,6.527286892804762,14.334152658921337,1733,20,pca
mette,vladimir,False,"['dist1_8', 'dist5_14', 'dist10_14', 'dist2_8', 'dist3_10', 'dist4_9', 'dist16_17', 't7_8_17', 'dist2_7', 'dist2_9', 'dist3_13', 'dist3_17', 'dist5_9', 'dist6_17', 'dist7_13', 'dist12_15', 't2_4_8', 't13_14_17', 'dist6_8', 'dist1_3']",random_forest,6.0623585291901865,3.2252086016579637,2.837562407952689,1734,20,pca
mette,vladimir,False,"['dist1_8', 'dist3_17', 'dist6_17', 't3_5_10', 'dist1_6', 'dist1_10', 'dist2_16', 'dist7_13', 'dist8_16', 'dist11_14', 't13_14_17', 'dist1_15', 'dist1_9', 'dist1_16', 'dist2_8', 'dist2_9', 'dist3_6', 'dist3_8', 'dist4_13', 'dist5_14']",random_forest,5.982925446847763,3.684203745891666,2.404298564234568,1735,20,pca
gesa,zanetka,False,"['t4_5_8', 'dist5_9', 'dist14_16', 'dist7_10', 't5_8_9', 'dist4_14', 'dist7_11', 'dist8_14', 'dist11_17', 'ang3_4_3', 'dist5_16', 'dist5_17', 'dist8_10', 'ang2_3_4', 'ang6_10_4', 'dist5_7', 'dist6_8', 'dist11_16', 't3_4_5', 't3_5_7']",random_forest,13.354929350212005,5.592220641141779,8.4303438986863,1736,20,pca
gesa,zanetka,False,"['t4_5_8', 'dist8_12', 'dist7_12', 'dist1_8', 't5_8_9', 'dist11_17', 'dist5_8', 't3_4_5', 'dist14_15', 'dist5_15', 'dist12_17', 'dist1_10', 'dist1_11', 'dist2_13', 'dist2_16', 'dist6_8', 'dist11_15', 'dist11_16', 'dist12_16', 't6_10_11']",random_forest,2.0545005291359724,3.8871244382203662,3.699920860434605,1737,20,pca
gesa,sam,False,"['dist2_11', 'dist1_8', 'dist3_10', 'dist5_14', 'dist11_17', 'dist1_4', 'dist3_6', 'dist4_10', 'dist4_12', 'dist7_12', 'dist7_15', 'dist9_15', 'dist10_11', 'dist11_16', 'dist12_16', 'ang6_10_4', 't2_3_7', 't3_7_16', 't4_5_8', 't8_9_17']",random_forest,14.326856035379105,5.744464247179215,9.166156163722166,1738,20,pca
gesa,sam,False,"['dist2_11', 'dist3_10', 'dist7_12', 'dist11_17', 't3_5_10', 'dist3_7', 'dist3_8', 'dist3_15', 'dist4_10', 'dist4_11', 'dist4_12', 'dist5_14', 'dist5_15', 'dist9_10', 'dist9_11', 'dist10_14', 'dist11_14', 'dist11_16', 'dist12_16', 't3_7_16']",random_forest,5.444239086451681,5.386346062187183,0.08142386022257884,1739,20,pca
gesa,rosie,False,"['dist7_17', 'dist3_16', 'dist7_9', 'dist7_10', 'dist5_14', 'ang2_1_5', 'ang7_6_10', 'ang1_2_4', 'dist8_14', 't7_8_16', 'dist7_13', 'dist7_8', 'ang4_3_5', 't7_8_17', 'dist3_5', 'dist8_15', 'dist1_15', 'dist4_9', 'dist8_10', 'dist12_16']",random_forest,12.938444897570436,13.070050221943882,1.4241944057918545,1740,20,pca
gesa,rosie,False,"['t3_4_5', 't4_5_8', 'dist1_13', 'dist3_5', 'dist4_16', 'dist1_6', 'dist5_9', 'dist5_14', 'ang3_4_3', 'dist1_12', 'dist1_11', 'dist2_17', 'dist3_9', 'dist7_13', 'dist14_16', 't2_4_5', 't2_4_8', 'dist1_3', 't3_5_7', 'dist13_14']",random_forest,9.543155215994187,4.640458086418099,13.60853777921162,1741,20,pca
gesa,otella,False,"['dist11_14', 'dist2_11', 'dist2_12', 'dist3_7', 'dist3_11', 'dist4_10', 'dist4_11', 'dist11_17', 'ang2_7_5', 'dist1_6', 'dist2_13', 'dist3_6', 'dist3_17', 'dist4_9', 'dist4_16', 'dist6_13', 'dist7_13', 'dist8_14', 'dist9_11', 'dist11_16']",random_forest,18.718403937627365,10.694062955520224,8.426800783244065,1742,20,pca
gesa,otella,False,"['dist3_6', 'dist6_13', 't7_8_16', 'dist2_11', 'dist7_16', 'dist12_13', 'dist3_12', 'dist9_10', 'dist11_13', 'dist14_15', 'dist15_16', 'dist3_17', 'dist4_10', 'dist7_8', 'dist8_12', 'dist11_16', 'dist16_17', 'ang2_7_5', 't3_4_7', 'ang2_4_5']",random_forest,14.388101825047084,11.472316531249625,4.139285217885994,1743,20,pca
gesa,japet,False,"['dist2_11', 'dist5_14', 't2_4_8', 'dist1_4', 'dist2_4', 'dist2_8', 'dist3_10', 'dist4_8', 'dist4_12', 'dist7_12', 'dist10_15', 't3_7_16', 't4_7_8', 't4_5_8', 't6_7_9', 't8_9_17', 't3_4_5', 't13_14_17', 't13_14_16', 'dist1_3']",random_forest,13.702438292793317,5.848139259565983,7.858412241182688,1744,20,pca
gesa,japet,False,"['dist1_8', 'dist2_11', 'dist3_10', 'dist5_14', 't2_4_8', 'dist1_4', 'dist2_4', 'dist2_8', 'dist4_12', 'dist7_12', 'dist12_15', 'dist12_17', 't7_8_16', 't6_7_9', 't8_9_17', 't3_4_5', 't13_14_17', 'dist1_3', 'dist1_12', 'dist1_16']",random_forest,10.664835789759739,5.8007788152041275,4.890792088376398,1745,20,pca
gesa,nuernberg_2,False,"['dist2_11', 't3_5_10', 'dist1_8', 'dist2_15', 'dist3_10', 'dist3_15', 'dist4_11', 'dist4_12', 'dist5_12', 'dist6_9', 'dist9_11', 'dist9_15', 'dist10_15', 'dist11_14', 'dist11_17', 'dist12_13', 'dist12_14', 'dist12_16', 'dist12_17', 't3_7_16']",random_forest,6.503013756571412,5.542452722457687,1.0274684550695248,1746,20,pca
gesa,nuernberg_2,False,"['dist2_11', 'dist3_10', 'dist1_8', 'dist3_15', 'dist4_8', 'dist4_10', 'dist4_12', 'dist5_15', 'dist7_9', 'dist7_12', 'dist7_13', 'dist7_15', 'dist9_15', 'dist10_11', 'dist11_17', 'dist12_13', 'dist12_14', 'dist12_16', 'ang1_2_4', 't4_7_8']",random_forest,13.646944507850598,5.14945100471146,9.340919986429567,1747,20,pca
gesa,neznamy,False,"['dist2_11', 'dist5_14', 't3_4_5', 'dist1_8', 'dist2_3', 'dist3_10', 'dist4_12', 'dist7_12', 'dist11_16', 'dist11_17', 'dist12_16', 'ang6_10_4', 't2_3_7', 't3_7_16', 't4_7_8', 't4_5_8', 't8_9_17', 't1_3_5', 't2_4_8', 't13_14_17']",random_forest,11.96060042995469,7.9155608037942,4.211662729590958,1748,20,pca
gesa,neznamy,False,"['dist1_8', 'dist2_11', 'dist5_14', 'dist11_17', 't2_4_8', 'dist3_10', 'dist4_12', 'dist5_15', 'dist6_17', 'dist7_12', 'dist8_9', 'dist11_16', 'dist12_16', 't3_7_16', 't8_9_17', 't13_14_17', 'dist1_3', 'dist1_4', 'dist1_12', 'dist2_3']",random_forest,6.695699978186779,5.380488211038932,1.3199729741014006,1749,20,pca
gesa,nokia,False,"['dist2_11', 'dist5_14', 'dist1_4', 'dist1_8', 'dist3_10', 'dist4_12', 'dist5_15', 'dist7_9', 'dist7_12', 'dist9_15', 'dist10_15', 'dist12_15', 'dist12_17', 'ang3_4_3', 't3_7_16', 't3_5_10', 't13_14_15', 't13_14_17', 't13_14_16', 'dist1_3']",random_forest,19.034622205730994,13.46284759751255,9.659776559460632,1750,20,pca
gesa,nokia,False,"['dist5_14', 'dist2_11', 'dist1_4', 'dist3_10', 't3_7_16', 'dist3_6', 'dist4_12', 'dist5_15', 'dist7_12', 'dist9_15', 'dist10_15', 'dist11_17', 'dist12_15', 'dist12_16', 't2_3_7', 't4_7_8', 't7_8_16', 't3_5_10', 't13_14_17', 'dist1_3']",random_forest,7.012225271918377,6.947505766720567,0.13629970253182047,1751,20,pca
gesa,noel,False,"['dist2_11', 'dist1_4', 'dist2_3', 'dist3_7', 'dist3_10', 'dist4_12', 'dist6_17', 'dist7_12', 'dist9_15', 'dist10_11', 'dist10_15', 'dist11_17', 'dist12_15', 'dist12_16', 'dist12_17', 'ang3_4_3', 't3_7_16', 't4_7_8', 't8_9_17', 't2_4_8']",random_forest,7.833029738201164,4.668006201197698,8.113398940290889,1752,20,pca
gesa,noel,False,"['dist2_11', 't2_4_8', 'dist1_4', 'dist3_7', 'dist3_10', 'dist3_15', 'dist4_12', 'dist5_15', 'dist9_15', 'dist10_15', 'dist11_17', 'dist12_15', 'dist12_16', 'dist12_17', 't3_7_16', 't4_7_8', 't13_14_17', 'dist1_3', 'dist1_8', 'dist1_12']",random_forest,8.951780274952577,5.741045480741528,3.279519328885752,1753,20,pca
gesa,matysek,False,"['dist2_11', 'dist11_14', 'dist1_8', 'dist3_10', 'dist11_17', 'dist12_13', 't2_4_8', 'dist1_3', 'dist2_8', 'dist3_6', 'dist4_12', 'dist5_8', 'dist5_14', 'dist7_12', 'dist7_15', 'dist8_9', 'dist8_10', 'dist9_10', 'dist9_16', 'dist11_16']",random_forest,3.7072205378931127,3.7105260805944758,0.634260455524676,1754,20,pca
gesa,matysek,False,"['dist2_11', 'dist1_3', 'dist3_10', 'dist7_15', 'dist11_14', 't2_4_8', 't3_5_10', 'dist1_4', 'dist1_8', 'dist2_8', 'dist3_11', 'dist3_15', 'dist4_12', 'dist5_8', 'dist5_14', 'dist5_15', 'dist6_8', 'dist7_12', 'dist8_9', 'dist8_10']",random_forest,4.287420289861151,5.146230551569917,1.3260625022562351,1755,20,pca
gesa,lucka,False,"['ang4_9_5', 'dist5_8', 'dist5_16', 'ang6_10_4', 'dist10_15', 't1_3_5', 'dist10_16', 'dist16_17', 'ang2_4_5', 'dist1_5', 'dist1_13', 'dist3_14', 'dist4_9', 'dist5_6', 'dist13_14', 'ang2_1_5', 'ang3_1_4', 't2_4_5', 't3_4_5', 'dist5_14']",random_forest,24.187012334647555,12.622702628285138,11.84713761923721,1756,20,pca
gesa,lucka,False,"['t3_4_5', 'dist14_16', 'dist3_5', 'dist5_14', 'dist9_10', 'dist8_10', 'dist10_15', 'ang7_6_10', 'ang6_10_4', 'dist3_16', 'dist7_13', 'dist7_10', 'dist1_15', 'dist3_4', 'ang2_1_4', 'ang3_1_4', 't3_4_16', 't2_3_5', 'dist5_15', 'ang2_1_5']",random_forest,15.721714109302242,9.914605155882128,6.047978988423299,1757,20,pca
gesa,nuernberg_1,False,"['dist2_11', 'dist3_10', 'dist7_12', 't2_4_8', 'dist1_8', 'dist2_8', 'dist4_8', 'dist4_12', 'dist5_15', 'dist7_13', 'dist7_15', 'dist11_14', 'dist11_16', 'dist11_17', 'dist12_13', 'dist12_16', 'dist12_17', 't3_7_16', 't4_7_8', 't3_4_16']",random_forest,5.3133533950112435,4.650064776406983,0.7359236136522755,1758,20,pca
gesa,nuernberg_1,False,"['dist2_11', 'dist3_10', 'dist4_10', 'dist5_15', 'dist11_14', 'dist12_13', 't2_4_8', 'dist3_7', 'dist3_15', 'dist4_8', 'dist6_11', 'dist7_12', 'dist7_13', 'dist9_10', 'dist11_16', 'ang6_10_4', 't2_3_7', 't3_7_16', 't4_7_8', 't3_4_16']",random_forest,13.009184429113715,6.4572805887065075,7.2832971702329585,1759,20,pca
gesa,leni,False,"['dist2_11', 'dist1_8', 'dist3_10', 'dist5_14', 't2_4_8', 'dist1_4', 'dist2_4', 'dist2_8', 'dist3_7', 'dist6_17', 'dist7_12', 'dist11_16', 'dist12_17', 'ang3_4_3', 't3_7_16', 't6_7_9', 't13_14_17', 'dist1_3', 'dist1_12', 'dist1_16']",random_forest,14.18285355817147,5.768707932282231,8.585720893803215,1760,20,pca
gesa,leni,False,"['dist1_8', 'dist2_11', 'dist3_10', 'dist5_14', 'dist1_4', 'dist4_12', 'dist6_17', 'dist7_12', 'dist9_15', 'dist11_16', 'dist12_16', 'dist12_17', 't3_7_16', 't3_4_16', 't6_7_9', 't8_9_17', 't3_4_5', 't2_4_8', 't13_14_17', 't13_14_16']",random_forest,11.39483839045821,6.153385814665316,5.244870380826409,1761,20,pca
gesa,innsbruck_1,False,"['dist1_8', 'dist2_11', 'dist7_12', 't2_4_8', 'dist2_4', 'dist2_8', 'dist3_10', 'dist4_12', 'dist11_14', 'dist12_15', 'ang6_10_4', 't8_9_17', 't13_14_17', 'dist1_3', 'dist1_4', 'dist1_5', 'dist1_12', 'dist1_13', 'dist1_16', 'dist2_3']",random_forest,14.801760591809883,6.892382782583154,8.043453953734389,1762,20,pca
gesa,innsbruck_1,False,"['dist2_11', 'dist5_14', 't3_4_5', 't2_4_8', 'dist1_8', 'dist2_4', 'dist3_7', 'dist3_10', 'dist4_12', 'dist6_17', 'dist7_12', 'dist11_16', 'ang6_10_4', 't4_7_8', 't4_5_8', 't13_14_17', 'dist1_3', 'dist1_4', 'dist1_5', 'dist1_12']",random_forest,14.906364274789556,6.679243603837398,8.237933809867712,1763,20,pca
gesa,shorfy,False,"['dist1_6', 'ang1_2_5', 'dist3_5', 'ang1_3_4', 'ang4_9_5', 'ang7_6_10', 'ang1_2_4', 'ang1_4_3', 'dist1_13', 'dist1_10', 'dist6_11', 'ang2_1_5', 'ang1_3_5', 'ang2_4_5', 'dist2_3', 't4_6_10', 'ang4_2_4', 't3_4_5', 'dist6_15', 'dist1_4']",random_forest,18.498672740220346,11.596921653311174,13.118621065552436,1764,20,pca
gesa,shorfy,False,"['dist5_14', 'dist3_5', 'dist5_10', 'ang2_4_5', 'dist1_6', 'dist9_15', 'dist2_14', 'dist5_15', 'dist9_10', 'ang4_9_5', 'ang1_2_4', 'ang1_2_5', 'dist4_10', 'dist1_8', 'dist2_13', 'dist5_8', 'dist14_17', 'ang3_1_4', 't5_9_10', 'ang1_3_5']",random_forest,19.703741732269606,11.081887713066113,9.699607736096137,1765,20,pca
gesa,paulinchen,False,"['dist1_3', 'dist1_8', 'dist8_10', 'dist3_10', 'dist4_9', 't3_5_10', 't6_7_9', 'dist1_13', 'dist2_3', 'dist2_11', 'dist4_8', 'dist4_15', 'dist7_13', 'dist8_16', 'dist9_16', 'dist10_16', 'dist11_17', 'dist12_16', 'ang3_4_3', 't3_6_10']",random_forest,8.875487254626462,7.462388909625241,3.516945714847164,1766,20,pca
gesa,paulinchen,False,"['dist1_8', 'dist2_11', 'dist1_4', 'dist3_6', 'dist7_12', 'dist12_17', 't3_5_10', 'dist1_3', 'dist1_9', 'dist1_15', 'dist3_10', 'dist3_17', 'dist4_11', 'dist4_12', 'dist11_16', 'dist12_15', 'dist12_16', 'ang6_10_4', 't2_3_7', 't1_3_5']",random_forest,8.69124660026871,7.432290062163989,1.2604861272962955,1767,20,pca
gesa,mette,False,"['dist4_10', 'dist5_14', 'dist10_16', 'dist2_3', 'dist4_11', 'dist5_10', 'dist8_12', 'dist11_13', 'dist15_16', 'ang7_6_10', 'dist2_13', 'dist4_9', 'dist6_12', 'dist11_16', 'dist16_17', 'ang1_2_4', 'ang2_3_4', 't4_5_8', 'dist1_16', 'dist8_15']",random_forest,4.562807605048069,2.3047368073417385,4.808222325913137,1768,20,pca
gesa,mette,False,"['dist1_8', 'dist5_14', 'dist10_15', 'dist2_15', 'dist1_16', 'dist2_3', 'dist12_17', 'dist1_4', 'dist3_10', 'dist5_7', 'dist6_12', 'dist9_15', 'dist11_17', 'dist12_14', 'dist12_16', 'dist14_15', 't3_5_10', 'dist5_9', 'dist8_9', 'dist7_10']",random_forest,2.232352052182341,5.005092090683745,3.0610444507219454,1769,20,pca
gesa,zewe,False,"['dist2_11', 't7_8_16', 't7_8_17', 'dist1_8', 'dist12_13', 't4_5_8', 'dist14_15', 'dist15_16', 'ang1_4_3', 'dist3_12', 'dist4_12', 'dist5_15', 'dist6_11', 'dist11_13', 'dist11_16', 'ang1_3_4', 'ang3_4_3', 't4_7_8', 'dist2_3', 'dist7_12']",random_forest,10.79808687570498,3.474095966923475,12.711875017019846,1770,20,pca
gesa,zewe,False,"['dist3_12', 't4_5_8', 'dist5_8', 'dist14_16', 'dist5_15', 'dist11_17', 'dist12_16', 'dist8_16', 'dist1_11', 'dist4_15', 'dist5_14', 'dist5_16', 'dist7_12', 'dist8_10', 'dist12_13', 'dist14_15', 'ang2_4_5', 'ang4_9_5', 't7_8_16', 't1_6_7']",random_forest,14.675492087758565,11.374235404255218,3.3017929062447138,1771,20,pca
gesa,vladimir,False,"['dist1_8', 'dist2_11', 'dist3_10', 'dist5_14', 't3_4_5', 't2_4_8', 'dist2_4', 'dist2_8', 'dist4_12', 'dist6_17', 'dist7_12', 'dist7_13', 'dist7_15', 'dist11_16', 't4_5_8', 't8_9_17', 't1_3_5', 't13_14_17', 'dist1_4', 'dist1_6']",random_forest,11.004568944088028,5.9203872219711675,5.387381280879517,1772,20,pca
gesa,vladimir,False,"['dist1_8', 'dist2_11', 'dist1_4', 'dist7_10', 'dist12_13', 't2_4_8', 't3_5_10', 'dist2_6', 'dist2_8', 'dist2_9', 'dist3_6', 'dist3_7', 'dist3_10', 'dist4_12', 'dist7_15', 'dist11_16', 'dist12_16', 'ang6_10_4', 't3_7_16', 't7_8_17']",random_forest,10.422229457334435,6.547790412912561,4.0153456630377455,1773,20,pca
frida,zanetka,False,"['t2_4_7', 'dist2_11', 't2_4_5', 'dist1_4', 'dist2_3', 'dist2_4', 'dist2_14', 'dist3_6', 'dist4_12', 'dist5_16', 'dist7_10', 'dist7_15', 'dist8_15', 'dist9_15', 'dist10_15', 'dist11_14', 'dist12_15', 'dist13_14', 'dist15_16', 't5_8_9']",random_forest,5.50124450291852,0.9874028634983532,4.577992587513848,1774,20,pca
frida,zanetka,False,"['dist1_4', 'dist7_14', 'dist15_16', 't4_7_8', 't1_3_5', 't2_4_5', 't12_15_17', 'dist2_3', 'dist2_4', 'dist3_6', 'dist4_7', 'dist4_12', 'dist5_8', 'dist5_12', 'dist5_14', 'dist6_17', 'dist7_9', 'dist7_10', 'dist7_15', 'dist8_15']",random_forest,8.800784981006114,0.9452969400146618,8.268199651835559,1775,20,pca
frida,sam,False,"['ang1_4_3', 'dist5_16', 'ang1_3_4', 'dist11_14', 'ang4_9_5', 'dist7_8', 'dist7_12', 'ang6_10_4', 'dist4_15', 'dist1_9', 'dist2_11', 'dist3_17', 'dist5_7', 'dist6_8', 'dist7_17', 't2_3_7', 'dist11_16', 'dist3_10', 'dist9_16', 'dist5_15']",random_forest,26.31049906976579,13.374079786164684,13.547117988992085,1776,20,pca
frida,sam,False,"['dist3_5', 'dist4_14', 'ang3_4_3', 'ang1_4_3', 'dist5_9', 't13_14_16', 'dist9_14', 'ang3_2_4', 'ang1_3_4', 'ang2_3_4', 't13_14_17', 'dist8_14', 'dist3_16', 'dist3_12', 'dist11_13', 'dist3_8', 'dist5_16', 'ang4_3_5', 't1_3_5', 'dist4_13']",random_forest,35.0090967291278,18.214080157201085,16.836815868832584,1777,20,pca
frida,rosie,False,"['dist1_4', 'dist4_12', 't2_4_5', 't2_4_8', 't13_14_16', 'dist1_3', 'dist1_8', 'dist2_4', 'dist2_11', 'dist3_6', 'dist3_7', 'dist3_10', 'dist6_10', 'dist6_17', 'dist7_13', 'dist8_10', 'dist9_12', 'dist10_11', 't2_3_7', 't3_7_16']",random_forest,6.440208434080518,0.9086391181976404,5.5323289373077476,1778,20,pca
frida,rosie,False,"['ang5_3_4', 'ang3_4_3', 't3_7_16', 'dist1_2', 't3_4_5', 'dist6_9', 't6_7_9', 'dist6_17', 'dist1_4', 'dist11_16', 't4_5_8', 'dist4_8', 'dist6_10', 'ang1_3_4', 't4_7_8', 't2_3_5', 'dist9_17', 'dist5_14', 't8_9_17', 't2_4_5']",random_forest,27.509604783015373,10.750806670548647,17.52865091937586,1779,20,pca
frida,otella,False,"['dist13_14', 'dist6_9', 'dist2_4', 'dist6_17', 'dist7_14', 'dist2_14', 'dist5_6', 'dist6_10', 'dist12_15', 't2_4_7', 'dist1_9', 'dist3_6', 'dist4_13', 'dist5_7', 'dist6_8', 'dist7_10', 'ang1_3_5', 't7_8_9', 't6_7_9', 't7_8_17']",random_forest,7.734407579307053,5.81418331583931,2.4288077593783837,1780,20,pca
frida,otella,False,"['dist13_14', 'dist12_15', 't2_4_5', 'dist1_15', 'dist5_6', 'dist7_10', 'dist9_10', 'dist10_17', 't2_5_6', 'dist3_17', 'dist1_5', 'dist3_8', 'dist5_16', 'dist6_15', 'dist7_14', 't6_7_9', 't2_3_5', 't13_14_16', 'dist2_4', 'dist2_14']",random_forest,5.449278096788996,1.8411202555961763,3.7123073757569696,1781,20,pca
frida,japet,False,"['dist3_16', 'dist5_14', 't1_3_5', 'dist6_12', 'dist8_14', 'ang1_3_4', 't3_4_5', 't13_14_17', 't13_14_16', 'dist3_11', 'dist12_15', 'dist3_17', 'dist4_11', 'dist4_14', 'dist5_13', 'dist10_15', 'dist11_14', 'dist13_14', 'dist14_15', 'dist14_16']",random_forest,12.132955356627393,4.651847221780802,8.891162995420492,1782,20,pca
frida,japet,False,"['t3_4_5', 'dist3_5', 'dist1_5', 'dist2_14', 'dist5_13', 'dist5_14', 'dist8_14', 'dist14_16', 'ang1_3_4', 't1_3_5', 't2_4_5', 'dist1_13', 'dist3_8', 'dist3_15', 'dist9_14', 'dist10_15', 'dist12_15', 'dist12_17', 'dist13_17', 'dist14_17']",random_forest,13.48555478420394,8.345109407474734,6.9049892541092275,1783,20,pca
frida,nuernberg_2,False,"['t7_8_9', 'dist6_8', 'dist10_15', 't6_7_9', 't2_4_5', 't6_9_17', 'dist8_9', 'dist7_10', 'dist7_17', 'dist4_13', 'dist3_8', 'dist6_9', 'dist8_10', 't6_7_17', 'dist2_16', 'dist7_9', 'ang3_1_5', 'dist6_10', 'ang6_10_4', 'dist10_13']",random_forest,1.3043295535084711,5.100381624807595,5.319794522563496,1784,20,pca
frida,nuernberg_2,False,"['dist10_17', 't2_4_5', 'dist8_10', 'dist12_15', 'dist4_13', 'dist7_17', 'dist6_10', 'dist12_13', 'dist1_5', 'dist2_13', 'dist3_8', 'dist10_15', 'ang2_3_4', 'dist7_13', 't2_3_7', 'dist1_16', 'dist8_16', 'dist9_10', 'dist16_17', 't6_9_17']",random_forest,13.563698345217613,11.704636385141633,1.9768499902203915,1785,20,pca
frida,neznamy,False,"['ang3_1_4', 'dist5_14', 'ang4_2_4', 'ang5_3_4', 'dist2_13', 'dist14_16', 'dist1_3', 'dist3_8', 'ang4_2_5', 'ang4_3_5', 'ang1_2_4', 'dist2_4', 'dist3_4', 'dist3_5', 'dist3_14', 'dist5_8', 'dist7_15', 'dist8_14', 'dist8_16', 'dist13_17']",random_forest,20.57483126616491,10.831236846328132,10.298578557044387,1786,20,pca
frida,neznamy,False,"['dist3_5', 'ang1_4_3', 'dist2_4', 'dist3_8', 'ang2_3_4', 't3_4_5', 'dist7_13', 'dist9_14', 'dist3_9', 'dist5_14', 'dist9_16', 'ang3_2_5', 'ang2_1_4', 'ang1_3_4', 't3_5_10', 'dist4_9', 'ang4_2_5', 'ang4_2_4', 'dist2_11', 'dist12_15']",random_forest,25.654303542988842,14.242745648410246,13.330298410666746,1787,20,pca
frida,nokia,False,"['dist5_14', 'ang1_3_4', 'ang1_4_3', 'dist3_5', 'ang1_3_5', 'ang2_3_4', 't2_3_7', 'dist3_15', 'dist2_7', 'dist1_3', 'dist1_2', 'dist1_13', 'dist3_16', 'dist4_14', 'dist10_15', 'ang3_2_4', 'ang5_3_4', 'ang3_4_3', 'dist2_17', 'dist3_8']",random_forest,35.64384363683223,14.961143462610933,20.911619475628033,1788,20,pca
frida,nokia,False,"['ang1_4_3', 'ang1_3_4', 'dist3_5', 'dist3_16', 't13_14_15', 'dist1_9', 'ang6_9_10', 'dist3_6', 'dist4_14', 'dist6_12', 'dist6_16', 'dist6_17', 'dist11_14', 'dist13_16', 'dist14_16', 'ang4_3_5', 'ang3_2_4', 'ang3_4_3', 't3_4_5', 't4_6_10']",random_forest,29.233406452138397,9.877407059913086,19.486282718382117,1789,20,pca
frida,noel,False,"['dist1_3', 'ang1_2_5', 'ang1_4_3', 'dist2_4', 'dist2_13', 'dist2_14', 'dist4_7', 'dist4_8', 'ang3_2_5', 'ang1_3_5', 'dist8_14', 'dist3_17', 'dist3_5', 'ang2_1_5', 'dist1_9', 'dist3_16', 'dist4_9', 'dist5_7', 'dist13_17', 'dist16_17']",random_forest,28.144401077190558,14.102353688271485,14.129681077756736,1790,20,pca
frida,noel,False,"['dist8_16', 'ang1_3_5', 't2_4_5', 'ang1_3_4', 'dist1_13', 'ang2_3_4', 'ang1_4_3', 'dist2_13', 'dist1_3', 'dist3_7', 'dist3_8', 'dist3_17', 'dist6_15', 'dist7_13', 'dist8_14', 'dist13_17', 'dist16_17', 'ang2_1_5', 'ang4_2_5', 'ang1_4_5']",random_forest,31.2302284582276,15.288204249756088,15.953213402478971,1791,20,pca
frida,matysek,False,"['dist12_15', 'ang1_3_5', 'dist1_15', 'dist13_14', 'dist8_16', 'dist5_14', 't13_14_16', 'ang4_2_4', 't12_15_17', 'dist5_7', 'dist4_13', 'dist5_17', 'dist9_10', 'dist16_17', 'ang4_1_5', 'ang4_2_5', 'ang4_3_5', 't2_4_7', 't2_5_6', 'dist1_10']",random_forest,21.12909844388333,6.6437645838186565,14.485333879403246,1792,20,pca
frida,matysek,False,"['dist1_15', 'dist5_6', 'dist12_15', 'ang1_3_5', 'dist2_14', 'dist5_12', 'dist9_16', 'dist13_14', 'ang3_2_5', 'ang5_1_4', 'dist1_2', 'dist1_5', 'dist1_6', 'dist1_13', 'dist2_4', 'dist4_13', 'dist5_7', 'dist5_17', 'dist6_9', 'dist6_17']",random_forest,21.571504593431907,10.235185355207499,11.925205226651132,1793,20,pca
frida,lucka,False,"['dist13_14', 't2_4_5', 'dist6_17', 'dist1_8', 'dist1_15', 'dist2_14', 'dist12_15', 't1_3_5', 't2_4_8', 't13_14_16', 'dist1_4', 'dist2_3', 'dist2_4', 'dist2_5', 'dist4_13', 'dist5_7', 'dist5_14', 'dist10_11', 'dist10_15', 't3_4_5']",random_forest,7.884325343767998,0.6158137560798472,8.49172688050432,1794,20,pca
frida,lucka,False,"['t7_8_17', 't2_4_8', 'dist13_14', 'dist1_4', 'dist1_8', 'dist2_14', 'dist5_16', 't7_8_16', 'dist1_10', 'dist1_15', 'dist2_4', 'dist2_11', 'dist5_6', 'dist5_12', 'dist6_9', 'dist6_17', 'dist10_11', 'dist10_15', 'dist12_15', 'ang6_10_4']",random_forest,13.752869609483591,4.75204007090528,9.161969386071947,1795,20,pca
frida,nuernberg_1,False,"['dist6_10', 'dist6_17', 'dist12_15', 't2_4_5', 'ang3_2_5', 'dist2_14', 'dist3_17', 'dist4_8', 'dist5_6', 'dist5_12', 'dist6_7', 'dist6_8', 'dist6_9', 'dist6_15', 'dist7_8', 'dist7_13', 'dist7_15', 'dist8_16', 'dist13_14', 'dist15_17']",random_forest,14.85963905553063,7.6667037134201586,7.211460347349433,1796,20,pca
frida,nuernberg_1,False,"['dist6_9', 'dist13_14', 'dist5_7', 'dist7_14', 'dist2_3', 'dist4_8', 'dist4_9', 'dist5_6', 'dist6_8', 'dist6_12', 'dist6_17', 'ang1_3_5', 'ang2_1_4', 'ang4_9_5', 'ang6_10_4', 'dist7_8', 'dist12_15', 'dist3_9', 'dist3_16', 'dist5_16']",random_forest,17.23412521933662,6.623713716155245,11.12760707284984,1797,20,pca
frida,leni,False,"['dist1_8', 'dist5_13', 'dist4_10', 'dist5_14', 'dist12_15', 'dist2_13', 'dist16_17', 'dist1_9', 'dist3_17', 'dist10_15', 'ang2_4_3', 't3_7_16', 't3_4_5', 'dist7_15', 'dist8_16', 'ang4_1_5', 't13_14_16', 'dist1_4', 'dist1_5', 't2_4_8']",random_forest,9.247524140025922,6.058453984251071,4.432855696453258,1798,20,pca
frida,leni,False,"['t3_4_5', 't1_3_5', 'dist5_14', 'dist1_13', 'dist5_6', 'ang4_2_4', 'ang4_2_5', 'ang4_3_5', 'ang2_7_5', 't2_4_5', 'dist7_17', 'dist8_16', 'dist3_7', 'dist4_5', 'dist9_14', 'dist3_8', 'ang1_3_5', 'ang2_4_5', 'dist9_15', 'dist11_13']",random_forest,22.09552243282353,7.894107375382976,14.286036056983061,1799,20,pca
frida,innsbruck_1,False,"['dist16_17', 't2_4_5', 'dist3_8', 'dist8_16', 'dist14_16', 'dist4_8', 'dist5_9', 'dist8_14', 't2_3_5', 't13_14_17', 'dist2_3', 'dist3_5', 'dist3_9', 'dist3_11', 'dist7_9', 'dist9_14', 'dist12_16', 't1_3_5', 't3_5_7', 't3_5_10']",random_forest,9.773097141547048,0.45412975907407577,9.459389571675962,1800,20,pca
frida,innsbruck_1,False,"['dist4_9', 'ang1_3_4', 'dist3_8', 'dist8_14', 'dist9_14', 'ang1_4_3', 'ang6_9_10', 'ang6_10_4', 't1_3_5', 't2_3_5', 't2_4_5', 't13_14_17', 'dist3_5', 'dist3_16', 'dist3_17', 'dist4_8', 'dist6_12', 'dist7_13', 'dist7_15', 'dist13_15']",random_forest,24.717829852501794,9.15258960985409,15.685135175635777,1801,20,pca
frida,shorfy,False,"['dist2_11', 't3_4_5', 't2_4_8', 't3_5_10', 'dist1_4', 'dist1_5', 'dist1_8', 'dist2_4', 'dist2_9', 'dist3_10', 'dist4_12', 'dist7_10', 'dist11_14', 'dist11_16', 'dist12_15', 'ang1_2_5', 'ang2_3_4', 't6_7_9', 't2_4_7', 't2_5_10']",random_forest,21.21499435695326,10.216285416748244,14.071961443509421,1802,20,pca
frida,shorfy,False,"['t2_4_5', 't3_5_10', 't2_4_8', 'dist1_2', 'dist5_14', 'dist1_4', 'dist2_8', 'dist4_10', 'dist10_16', 'ang1_2_5', 't2_5_10', 'dist2_4', 'dist2_9', 'dist2_14', 'dist2_17', 'dist3_10', 'dist4_13', 'dist8_10', 'ang6_10_4', 't1_2_7']",random_forest,16.949774307662718,2.9913259650158803,14.679399010643737,1803,20,pca
frida,paulinchen,False,"['dist7_17', 'dist4_14', 'dist2_6', 'dist5_14', 't7_8_17', 'ang1_3_4', 'dist1_17', 'dist15_17', 'dist7_15', 'dist4_7', 'dist3_6', 'dist9_11', 'dist5_16', 'dist1_6', 'dist1_9', 'dist6_12', 'dist7_9', 'dist1_11', 'dist3_14', 'dist9_10']",random_forest,1.2285329909851082,9.267997777142071,8.160307103294384,1804,20,pca
frida,paulinchen,False,"['dist3_6', 'dist12_17', 'dist2_11', 'dist7_12', 'dist7_11', 'dist9_12', 'dist11_17', 'dist6_9', 't3_6_10', 'dist9_15', 'dist9_10', 'dist2_6', 'dist3_15', 'dist4_11', 'dist7_17', 'dist11_13', 'dist15_17', 't2_4_5', 't12_15_17', 'dist8_15']",random_forest,6.896484277443355,5.968931605056678,0.9580130344808095,1805,20,pca
frida,mette,False,"['dist4_10', 'dist3_6', 'dist3_7', 'dist3_10', 'dist6_17', 'dist11_14', 't3_7_16', 't6_7_9', 't2_4_7', 'dist4_9', 'dist1_4', 'dist2_4', 'dist2_6', 'dist2_15', 'dist3_13', 'dist3_14', 'dist4_11', 'dist5_14', 'dist6_16', 'dist7_9']",random_forest,4.996443401396148,1.9217632993448897,3.370015994561772,1806,20,pca
frida,mette,False,"['dist5_14', 'dist2_6', 'dist7_10', 'dist8_10', 'dist3_6', 'dist6_8', 'dist9_10', 't2_3_7', 't2_5_10', 'dist3_13', 'dist1_12', 'dist3_14', 'dist4_7', 'dist9_12', 'dist14_17', 'ang2_3_4', 't3_4_7', 't4_7_8', 't6_9_10', 't2_4_5']",random_forest,21.94651480614322,10.435082778534673,11.719973004188398,1807,20,pca
frida,zewe,False,"['t3_5_10', 't2_4_5', 'dist5_16', 't2_4_8', 'dist2_4', 'dist5_14', 'dist7_15', 'dist9_10', 'dist13_14', 'ang1_3_4', 't2_5_10', 'dist4_12', 'dist5_6', 'dist6_16', 'dist6_17', 'dist7_10', 'dist10_16', 'dist12_15', 't6_7_9', 't13_14_17']",random_forest,15.317266541659807,6.840000471236986,9.689486849377843,1808,20,pca
frida,zewe,False,"['t2_4_5', 'dist12_15', 'dist13_14', 'ang2_3_4', 't4_5_8', 't2_4_8', 'dist1_4', 'dist2_4', 'dist5_16', 't3_4_5', 't2_5_10', 'dist6_17', 'dist1_5', 'dist4_7', 'dist4_13', 'dist5_13', 'dist6_15', 'ang2_1_5', 't2_3_5', 't2_5_9']",random_forest,21.754019911344464,10.853305582356517,10.92071316094105,1809,20,pca
frida,gesa,False,"['dist2_11', 'dist1_8', 'dist3_10', 't7_8_17', 'dist1_4', 'dist1_5', 'dist2_4', 'dist3_6', 'dist4_12', 'dist9_15', 'dist10_11', 'dist10_14', 'dist11_16', 'dist12_15', 'dist13_14', 'ang1_2_5', 't4_7_8', 't2_4_7', 't3_5_10', 't13_14_15']",random_forest,14.238566945504685,1.5316071863637593,14.846688945593346,1810,20,pca
frida,gesa,False,"['dist2_11', 'dist3_10', 't4_7_8', 'dist3_6', 'dist3_12', 'dist4_8', 'dist4_12', 'dist5_14', 'dist9_15', 'dist10_16', 'dist11_14', 'dist11_16', 'dist12_13', 'ang2_3_4', 't6_7_9', 't7_8_17', 't8_9_17', 't2_4_7', 't13_14_17', 'dist1_4']",random_forest,12.19060871661026,11.120494676352688,5.9591141577438975,1811,20,pca
frida,vladimir,False,"['dist5_6', 't2_4_5', 'dist2_8', 'dist3_8', 'dist2_6', 'dist6_13', 'dist5_7', 'dist10_11', 'dist1_8', 'dist13_16', 'dist3_6', 'dist8_14', 'dist2_11', 'dist1_7', 'dist1_9', 'dist5_14', 'dist7_14', 'dist4_7', 'ang2_7_5', 't3_4_5']",random_forest,24.758917725502847,10.017698505100508,15.00292803561553,1812,20,pca
frida,vladimir,False,"['dist8_14', 'dist9_14', 'dist8_16', 'dist3_8', 'dist3_17', 'dist7_13', 'dist10_11', 'dist1_8', 'dist11_15', 't13_14_16', 'dist13_16', 'dist2_3', 'dist3_7', 'dist4_8', 'ang1_2_4', 't2_3_7', 't2_4_5', 'dist5_14', 'dist8_15', 't3_5_10']",random_forest,12.034792592599048,4.74152146171184,7.604832848549833,1813,20,pca
esta,zanetka,False,"['t2_4_5', 'dist2_14', 'dist5_16', 'dist14_16', 'dist1_5', 'dist4_11', 'dist5_12', 'dist7_9', 'dist8_15', 'dist11_14', 'dist12_15', 'dist13_14', 'dist13_15', 'dist15_16', 'dist15_17', 'ang6_10_4', 't2_3_7', 't3_7_16', 't5_8_9', 't1_3_5']",random_forest,13.11851074216895,8.23246569739649,7.233455125602371,1814,20,pca
esta,zanetka,False,"['dist5_16', 'dist7_10', 't3_7_16', 'dist2_3', 'dist2_11', 'dist2_14', 'dist4_11', 'dist7_12', 'dist8_15', 'dist9_15', 'dist11_14', 'dist12_15', 'dist12_16', 'dist15_16', 'dist15_17', 'ang6_10_4', 't2_3_7', 't4_7_8', 't5_8_9', 't13_14_15']",random_forest,16.376455610668675,8.262949483764261,12.948234765119192,1815,20,pca
esta,sam,False,"['ang6_10_4', 'dist7_8', 'dist6_9', 'dist7_13', 'dist6_8', 't7_8_17', 'dist5_6', 'dist6_16', 'dist7_17', 't2_5_6', 't6_7_17', 'dist2_6', 'dist6_17', 'dist5_7', 'dist7_16', 't2_4_5', 'dist8_10', 'dist8_17', 'ang2_1_4', 'ang2_3_4']",random_forest,10.010561910726583,7.706224948978321,2.4283412348715143,1816,20,pca
esta,sam,False,"['t3_5_10', 'dist3_9', 't1_2_7', 'dist4_10', 'dist9_14', 'dist14_16', 'dist3_10', 'dist7_13', 'dist10_14', 'ang6_10_4', 'dist3_8', 'dist7_8', 'dist1_3', 'dist1_6', 'dist1_13', 'dist3_11', 'dist3_16', 'dist3_17', 'dist12_13', 'ang1_3_4']",random_forest,18.046540060986477,6.073668946946724,13.449045715812973,1817,20,pca
esta,rosie,False,"['t8_9_17', 'dist3_7', 't2_3_7', 'dist2_3', 'dist7_10', 't3_7_16', 'dist3_6', 'dist8_14', 'dist1_3', 'dist1_15', 'dist5_6', 'dist5_9', 'dist7_14', 'dist7_16', 'dist8_9', 'dist9_14', 'dist10_17', 'dist11_14', 'dist14_15', 't2_3_5']",random_forest,3.3304972866319513,0.21721124944836068,3.166118629635113,1818,20,pca
esta,rosie,False,"['t2_3_7', 'dist2_3', 'dist5_14', 'dist2_4', 'dist3_6', 'dist3_7', 'dist3_10', 'dist4_10', 'dist4_11', 'dist4_12', 'dist5_9', 'dist5_10', 'dist5_16', 'dist8_17', 'dist9_14', 'dist12_15', 'dist13_14', 'ang6_10_4', 't4_5_8', 't5_8_9']",random_forest,10.196650788670341,8.235539857570298,4.004985737093834,1819,20,pca
esta,otella,False,"['t2_4_5', 't3_4_5', 'dist2_3', 'dist5_16', 'dist14_16', 'dist2_14', 'dist3_5', 'dist15_16', 'dist15_17', 't5_8_9', 't13_14_16', 'dist5_6', 'dist5_7', 'dist6_17', 'dist7_15', 'dist8_9', 'dist9_15', 't6_7_9', 't1_3_5', 't2_3_5']",random_forest,7.856120989916008,0.47623868483089093,7.700232878922472,1820,20,pca
esta,otella,False,"['t8_9_17', 't7_8_9', 'dist7_10', 't6_7_9', 't2_4_5', 'dist2_11', 'dist2_14', 'dist2_16', 'dist7_9', 'dist8_9', 'dist8_10', 't2_3_5', 'dist1_15', 'dist7_12', 'dist7_15', 'dist8_17', 'dist9_12', 'dist13_14', 'ang6_10_4', 't13_14_15']",random_forest,12.427460050345625,6.958159268718433,11.839165448704934,1821,20,pca
esta,japet,False,"['dist5_14', 'dist12_17', 't3_5_10', 'dist3_10', 'dist11_14', 'ang6_10_4', 't4_5_8', 't2_4_8', 'dist2_11', 'dist3_5', 'dist3_8', 'dist4_11', 'dist4_12', 'dist7_11', 'dist7_12', 'dist10_16', 'dist11_16', 'dist11_17', 'dist12_13', 'dist12_14']",random_forest,15.754069703355448,8.550905357547055,7.819228057549571,1822,20,pca
esta,japet,False,"['dist11_14', 't3_4_5', 'dist4_10', 'ang6_10_4', 't1_3_5', 't3_5_10', 't13_14_15', 'dist10_16', 'dist2_11', 'dist2_12', 'dist3_10', 'dist3_12', 'dist4_11', 'dist4_12', 'dist5_10', 'dist6_11', 'dist7_12', 'dist8_12', 'dist10_14', 'dist11_16']",random_forest,16.559947430894375,8.84039859870365,10.550516508454532,1823,20,pca
esta,nuernberg_2,False,"['dist5_15', 'ang6_10_4', 't2_4_5', 'dist12_13', 'dist3_7', 'ang2_7_5', 'dist4_10', 'dist7_13', 'dist11_13', 't2_3_5', 't5_9_10', 'dist4_11', 'dist2_7', 'dist3_15', 'dist3_17', 't3_7_16', 'dist1_15', 't5_8_9', 't6_7_17', 'dist6_15']",random_forest,13.199061096094319,8.637595630274012,13.724739159883407,1824,20,pca
esta,nuernberg_2,False,"['t2_4_5', 'dist7_10', 'dist2_7', 'ang6_10_4', 't2_5_6', 'dist2_14', 'dist7_13', 'dist5_7', 'dist5_10', 'ang3_2_5', 't8_9_17', 'dist3_7', 'ang4_2_5', 't2_5_9', 't2_3_7', 'dist7_17', 'dist8_14', 't6_7_17', 'dist1_2', 'dist6_8']",random_forest,11.9168298585068,10.248349319079324,5.181844400350338,1825,20,pca
esta,neznamy,False,"['ang2_1_4', 'dist7_13', 'ang1_2_4', 'ang6_10_4', 'ang2_3_5', 'dist4_10', 'dist8_16', 'ang4_1_5', 'dist1_13', 'dist2_4', 'dist5_14', 't8_9_17', 'dist2_13', 'dist11_16', 't3_5_10', 'dist3_5', 'ang3_2_5', 't3_4_5', 'dist5_7', 'dist9_15']",random_forest,22.8117418865802,13.01489015886038,9.8662285081607,1826,20,pca
esta,neznamy,False,"['dist1_3', 'ang1_2_4', 't6_7_17', 'dist3_10', 'dist4_11', 'dist8_14', 'ang6_10_4', 'dist5_14', 'dist3_14', 'dist3_9', 'dist7_17', 'dist4_8', 'ang4_2_4', 'dist12_13', 'dist14_15', 'ang2_1_4', 'ang1_4_5', 't1_2_7', 't4_5_8', 'dist7_13']",random_forest,19.102053759872312,8.540163844447447,10.63843482612695,1827,20,pca
esta,nokia,False,"['dist5_6', 'dist5_14', 'dist5_7', 'dist6_12', 'dist3_8', 'dist1_13', 'ang1_3_5', 'dist7_17', 'dist1_2', 't1_2_7', 'dist2_11', 'dist4_7', 'dist5_10', 'dist6_8', 'dist8_10', 'ang2_3_4', 'dist2_14', 'dist7_16', 'dist1_9', 'dist3_16']",random_forest,7.304819211260373,5.1861712411274965,2.159148099271719,1828,20,pca
esta,nokia,False,"['dist5_14', 't3_4_5', 'dist2_12', 'dist2_7', 'dist2_11', 't2_4_5', 'dist6_12', 'dist1_3', 'dist1_11', 'dist2_3', 'dist2_15', 'dist12_17', 'ang1_3_4', 'ang1_2_4', 'dist2_9', 'dist2_17', 'dist6_17', 'dist9_10', 't2_3_5', 'dist3_5']",random_forest,11.199037784744387,5.566931361201655,15.990876678150848,1829,20,pca
esta,noel,False,"['dist4_9', 'dist11_14', 'dist2_13', 'ang1_2_4', 't2_4_5', 'dist3_6', 'dist3_17', 'dist1_3', 'dist1_13', 'dist2_14', 'dist4_10', 'dist4_11', 'dist4_17', 'dist6_13', 'dist7_12', 'dist8_14', 'dist11_16', 'dist14_17', 'ang2_1_5', 'ang1_4_5']",random_forest,18.416126357249556,7.554255360927084,11.21201316602461,1830,20,pca
esta,noel,False,"['t2_4_5', 'dist1_3', 'dist11_14', 'ang4_9_5', 'dist2_14', 'dist4_8', 'dist12_13', 'dist1_2', 'dist1_13', 'dist2_4', 'dist3_7', 'dist3_8', 'dist3_11', 'dist4_10', 'dist4_11', 'dist5_15', 'dist5_16', 'dist7_12', 'ang2_1_5', 'ang1_3_5']",random_forest,17.12586801362582,2.0264728835688572,15.103798877422767,1831,20,pca
esta,matysek,False,"['dist1_2', 'ang6_10_4', 'dist5_8', 'dist13_14', 'dist5_14', 't5_8_9', 'ang1_3_5', 'dist5_7', 'dist1_6', 'dist5_6', 'dist5_17', 't4_7_8', 'ang4_1_5', 'dist1_11', 'dist6_12', 'dist14_16', 'dist9_15', 'dist8_16', 'ang3_2_5', 'dist12_15']",random_forest,15.270717686693889,10.44427787954918,5.845578936910345,1832,20,pca
esta,matysek,False,"['dist8_16', 'dist1_6', 'dist2_9', 'dist8_15', 'ang6_10_4', 'dist9_13', 'dist3_8', 'dist4_10', 'dist5_6', 'dist5_8', 'ang2_1_4', 'dist4_8', 'dist5_14', 'dist14_16', 'dist4_9', 'dist5_9', 'dist13_14', 'dist1_3', 'dist3_14', 'dist3_9']",random_forest,9.16086563028173,8.185762247561927,1.0253625248446827,1833,20,pca
esta,lucka,False,"['dist5_9', 'dist6_9', 'dist13_14', 't1_3_5', 'dist5_6', 'dist1_15', 'dist2_3', 'dist2_11', 'dist2_14', 'dist3_6', 'dist4_13', 'dist5_12', 'dist5_14', 'dist5_16', 'dist6_15', 'dist6_17', 'dist10_15', 'dist12_15', 'ang1_3_5', 'ang6_10_4']",random_forest,19.03015629600787,9.466771826330586,9.61114788274572,1834,20,pca
esta,lucka,False,"['dist6_17', 'dist2_11', 'dist2_14', 'dist3_6', 'dist4_12', 'dist5_9', 'dist5_16', 'dist6_9', 'dist9_10', 'dist10_15', 'dist12_15', 'dist14_16', 'ang6_10_4', 't2_3_7', 't5_8_9', 't6_7_9', 't7_8_17', 't8_9_17', 't1_3_5', 't3_4_5']",random_forest,14.552618143949328,7.293907058500859,8.731745178290463,1835,20,pca
esta,nuernberg_1,False,"['dist4_8', 'dist7_13', 'dist4_9', 'dist7_10', 'dist3_9', 'dist1_13', 'dist3_8', 'dist3_16', 'dist4_10', 'ang6_10_4', 't1_2_7', 'dist7_8', 'dist8_14', 't3_4_5', 'ang6_4_10', 'dist3_5', 'dist2_9', 'dist2_14', 'dist3_17', 'dist4_16']",random_forest,11.630985022432784,6.8333847498883005,5.336927428036352,1836,20,pca
esta,nuernberg_1,False,"['dist5_14', 'dist3_10', 'ang6_10_4', 't7_8_17', 'dist2_14', 'dist3_16', 'dist4_8', 'dist5_9', 'dist7_13', 'ang1_3_5', 'dist1_5', 'dist2_6', 'dist5_6', 'dist6_9', 'dist6_12', 'dist7_15', 'dist8_14', 'dist13_14', 'ang3_4_3', 't3_4_16']",random_forest,20.925203859490335,9.918006233856309,11.031471817776021,1837,20,pca
esta,leni,False,"['dist12_13', 'dist12_17', 'dist1_3', 'dist3_12', 'dist4_11', 'dist6_13', 'dist7_11', 'dist7_13', 'dist11_16', 'dist12_16', 'ang1_3_5', 't2_4_8', 'dist2_3', 'dist2_8', 'dist3_9', 'dist3_11', 'dist3_15', 'dist3_17', 'dist4_12', 'dist8_12']",random_forest,7.6307964093686245,1.8401786607353385,5.844846418664316,1838,20,pca
esta,leni,False,"['dist4_9', 'dist4_8', 'ang2_4_5', 'dist1_13', 'dist3_8', 'dist4_11', 'dist5_9', 'dist7_13', 'dist12_13', 'dist12_17', 'ang1_3_5', 'ang6_10_4', 't2_4_8', 't3_6_10', 't4_6_10', 'dist3_10', 'dist3_15', 'dist4_12', 'dist8_10', 'dist11_13']",random_forest,21.79099326875413,8.575527319318981,13.98637468841426,1839,20,pca
esta,innsbruck_1,False,"['dist11_14', 't3_5_10', 't3_4_5', 'dist2_11', 'dist4_10', 'ang6_10_4', 't4_5_8', 't2_4_5', 'dist1_13', 'dist3_10', 'dist3_15', 'dist3_17', 'dist4_8', 'dist4_12', 'dist5_9', 'dist7_12', 'dist7_13', 'dist8_14', 'dist11_16', 'dist12_13']",random_forest,16.044191607792435,7.163314797954839,10.340507045952835,1840,20,pca
esta,innsbruck_1,False,"['dist12_17', 'dist2_11', 't1_3_5', 't2_4_5', 't3_5_10', 'dist3_8', 'dist3_10', 'dist4_8', 'dist4_10', 'dist4_12', 'dist7_10', 'dist7_12', 'dist7_13', 'dist8_10', 'dist8_12', 'dist9_10', 'dist11_16', 'dist12_16', 'ang6_10_4', 't2_3_7']",random_forest,20.99349302970411,7.011236845923334,14.673412774917226,1841,20,pca
esta,shorfy,False,"['dist3_16', 't2_4_5', 'dist3_10', 'dist1_2', 'dist5_14', 't3_4_16', 't2_3_5', 't2_5_10', 't3_5_10', 'dist1_13', 'dist2_4', 'dist1_16', 'dist2_9', 'dist2_16', 'dist4_10', 'dist6_9', 'dist9_10', 'dist12_15', 'ang2_1_4', 'ang1_2_4']",random_forest,15.49902903697324,4.569103349677527,11.712178663352887,1842,20,pca
esta,shorfy,False,"['dist5_14', 't2_4_5', 'dist2_3', 'dist8_9', 'dist2_4', 't2_3_5', 'dist7_15', 't6_7_9', 'dist2_9', 'dist2_11', 'dist5_16', 'dist7_10', 'dist11_16', 'dist13_16', 't8_9_17', 'dist2_12', 'dist4_12', 'dist2_17', 'dist1_15', 'dist2_6']",random_forest,4.188192760089029,0.26072941169314434,3.9579633470228037,1843,20,pca
esta,paulinchen,False,"['t8_9_17', 'ang2_7_5', 'ang1_3_4', 'dist13_14', 'dist5_14', 'dist1_9', 'dist5_9', 'dist6_8', 'ang6_10_4', 'dist1_17', 'dist7_10', 'dist3_14', 't3_7_16', 'dist4_10', 'dist8_17', 'ang7_6_10', 'dist3_12', 'dist12_15', 'ang1_2_5', 'dist2_6']",random_forest,21.280585175134725,3.437477669551719,21.014665911221506,1844,20,pca
esta,paulinchen,False,"['dist7_11', 'dist8_16', 'dist3_6', 'dist9_13', 'dist1_17', 'dist1_8', 'dist8_15', 'ang6_10_4', 'dist11_13', 'dist1_9', 'dist2_9', 'dist9_15', 'dist7_12', 'dist7_10', 'dist8_12', 'dist1_5', 'dist2_11', 'dist5_9', 'dist13_17', 'dist2_8']",random_forest,7.453835643244053,8.581611094793693,1.3145439088834185,1845,20,pca
esta,mette,False,"['dist2_11', 'dist6_8', 'dist3_6', 'dist6_17', 'dist2_12', 'dist2_15', 'dist3_7', 'dist11_14', 't3_7_16', 'dist11_16', 'dist2_6', 'dist6_9', 'dist7_8', 'dist7_10', 'dist8_10', 'dist9_10', 'dist12_13', 'dist12_16', 'dist12_17', 'ang6_10_4']",random_forest,9.505434054134227,8.697055529728033,2.8260988816457644,1846,20,pca
esta,mette,False,"['dist3_7', 'dist3_6', 'dist6_17', 'dist11_14', 'dist5_6', 'dist5_14', 'dist8_10', 'dist9_10', 't3_7_16', 't2_5_6', 'dist11_16', 'dist6_9', 'dist1_12', 'dist2_15', 'dist3_17', 'dist6_8', 'dist6_10', 'dist11_17', 'ang1_3_4', 't7_8_9']",random_forest,11.043579051070791,2.051358689556322,9.146213828676798,1847,20,pca
esta,zewe,False,"['t2_4_5', 'dist7_10', 't3_4_5', 'dist5_16', 't5_9_10', 't1_3_5', 't2_5_10', 't3_5_10', 'dist1_5', 'dist2_5', 'dist3_5', 'dist5_6', 'dist8_9', 'dist8_10', 'dist10_17', 'dist11_14', 'ang6_10_4', 't5_8_9', 't8_9_17', 't2_3_5']",random_forest,7.338194733735747,7.0714477642851055,8.213315471617594,1848,20,pca
esta,zewe,False,"['t2_4_5', 't6_7_9', 'dist5_16', 'dist7_10', 'dist8_9', 'dist8_10', 'dist10_17', 'dist13_14', 't1_3_5', 'dist5_14', 'dist5_7', 'dist7_9', 't4_7_8', 't3_4_5', 'dist1_4', 'dist1_10', 'dist1_15', 'dist4_12', 'dist6_17', 't3_4_16']",random_forest,4.499023683833035,0.5306380664844905,4.866252583531479,1849,20,pca
esta,gesa,False,"['dist2_11', 't3_7_16', 'dist2_3', 'dist2_14', 'dist3_6', 'dist4_12', 'dist6_8', 'dist6_17', 'dist7_12', 'dist9_15', 'dist11_16', 'dist11_17', 'dist12_13', 'dist12_16', 't2_3_7', 't7_8_16', 't5_8_9', 't6_7_9', 't3_5_10', 't13_14_15']",random_forest,13.104256856329126,1.3831069251487855,14.163084046103405,1850,20,pca
esta,gesa,False,"['dist2_11', 't7_8_17', 'dist11_14', 't2_3_7', 't3_7_16', 't7_8_16', 'dist3_6', 'dist3_12', 'dist3_15', 'dist4_11', 'dist4_12', 'dist5_15', 'dist6_8', 'dist7_9', 'dist7_10', 'dist7_15', 'dist8_9', 'dist9_15', 'dist11_16', 'dist11_17']",random_forest,3.442570474776654,0.4222742520394492,3.814622296389154,1851,20,pca
esta,frida,False,"['dist5_9', 'dist6_9', 't8_9_17', 'dist1_6', 'ang2_4_3', 't2_4_5', 'dist9_12', 'dist8_10', 'dist2_8', 't6_9_10', 'dist6_10', 'dist4_14', 'dist2_17', 'dist6_17', 'dist9_15', 'dist2_6', 'dist2_10', 'dist9_14', 'dist2_7', 'dist7_9']",random_forest,7.213186352378984,1.0253493414343333,8.236080415399604,1852,20,pca
esta,frida,False,"['dist12_17', 'dist5_9', 'dist6_10', 'dist1_2', 'dist1_9', 't7_8_17', 'dist8_12', 'ang6_4_10', 'dist4_13', 'dist6_9', 'ang6_9_10', 'dist7_13', 'ang1_3_4', 'dist4_14', 'dist9_13', 'dist13_16', 'dist2_4', 'dist2_16', 'ang4_3_5', 'dist1_7']",random_forest,9.662507424226606,0.9301561188329623,8.854565557378043,1853,20,pca
esta,fousek,False,"['t4_5_8', 'dist9_13', 'dist2_7', 'dist3_8', 'dist4_8', 'dist8_16', 't7_8_17', 't6_10_11', 'ang6_10_4', 'dist4_10', 'dist5_14', 'ang2_1_4', 'dist6_8', 'dist10_15', 't6_7_17', 't2_4_5', 'dist11_15', 'dist7_11', 't1_2_7', 'dist3_9']",random_forest,12.47098551527172,7.412963203470715,5.058203224947452,1854,20,pca
esta,fousek,False,"['ang6_10_4', 'dist5_9', 'dist12_15', 'dist5_7', 'dist4_10', 'ang4_3_5', 'dist12_17', 'dist4_14', 'dist7_15', 'dist9_12', 'dist9_15', 'dist8_12', 't1_2_7', 'dist5_12', 'dist10_16', 'ang4_2_4', 'dist7_14', 'dist2_7', 'ang6_4_10', 'ang1_4_5']",random_forest,23.80589281646962,10.864489439819337,13.09100318783642,1855,20,pca
esta,vladimir,False,"['dist7_13', 'dist2_3', 'dist8_14', 'dist3_13', 'dist1_9', 'ang6_10_4', 't1_3_5', 'dist10_14', 't4_5_8', 'dist4_8', 't2_3_7', 'dist4_9', 'dist2_9', 'dist2_17', 'dist5_14', 'dist5_15', 'dist12_15', 'dist13_16', 'ang2_3_4', 'dist3_8']",random_forest,13.08399910696139,8.478325469799424,5.811749664071169,1856,20,pca
esta,vladimir,False,"['t2_4_5', 't3_4_5', 't2_4_8', 'dist1_4', 'dist1_8', 'dist1_17', 'dist2_8', 'dist4_9', 'dist7_13', 'dist1_5', 'dist2_4', 'dist2_9', 'dist4_8', 'dist4_10', 'dist5_14', 'dist7_12', 'dist10_15', 'ang4_3_5', 'ang1_4_3', 'ang6_10_4']",random_forest,18.152265762485673,9.616579444297015,9.916244232851447,1857,20,pca
cibak,zanetka,False,"['dist5_14', 'dist1_3', 'dist1_16', 'dist2_3', 'dist2_11', 'dist3_6', 'dist3_7', 'dist4_12', 'dist5_16', 'dist7_13', 'dist11_16', 'dist12_15', 'dist12_16', 'dist14_16', 'dist16_17', 't4_7_8', 't7_8_16', 't4_5_8', 't5_8_9', 't8_9_17']",random_forest,5.501899804940177,2.0475826756930053,3.6019874720510052,1858,20,pca
cibak,zanetka,False,"['dist4_10', 'dist5_14', 't3_4_5', 'dist1_4', 'dist2_8', 'dist2_9', 'dist2_11', 'dist3_7', 'dist3_10', 'dist4_11', 'dist4_12', 'dist11_16', 'dist12_15', 'dist12_16', 't3_7_16', 't4_7_8', 't4_5_8', 't8_9_17', 't2_4_8', 't13_14_17']",random_forest,11.04238384056957,3.662400808986808,7.401023649438358,1859,20,pca
cibak,sam,False,"['t7_8_16', 't7_8_9', 'dist3_6', 'dist6_16', 't6_7_9', 't4_6_10', 'dist7_9', 'dist6_9', 'dist6_17', 't3_6_10', 't2_5_6', 'dist7_16', 'dist5_14', 'ang4_2_5', 't7_8_17', 'dist10_11', 'dist4_7', 't6_7_17', 't4_7_8', 'dist11_15']",random_forest,10.229451009398808,7.898335079486267,2.761518118072621,1860,20,pca
cibak,sam,False,"['t4_5_8', 'dist8_16', 'dist11_15', 'dist5_6', 't6_7_17', 'dist6_10', 't6_7_9', 'dist2_4', 'dist1_11', 'dist7_17', 'dist6_8', 'dist5_14', 'dist9_16', 'dist3_6', 'dist11_13', 'dist15_17', 'dist6_17', 't8_9_17', 'dist6_15', 'dist16_17']",random_forest,2.4891078464846994,2.070035155938916,0.6107249909480438,1861,20,pca
cibak,rosie,False,"['dist1_4', 'dist1_8', 'dist3_6', 'dist5_14', 'dist8_16', 't2_4_8', 'dist2_3', 'dist2_8', 'dist2_9', 'dist3_7', 'dist3_10', 'dist4_8', 'dist4_12', 't3_7_16', 't4_7_8', 't6_7_9', 't8_9_17', 't1_3_5', 't3_4_5', 't2_5_6']",random_forest,10.642231763501677,3.9888053865567157,6.788326196341242,1862,20,pca
cibak,rosie,False,"['dist5_14', 'dist8_16', 't3_4_5', 'dist16_17', 'dist4_8', 'dist3_5', 'dist7_13', 't7_8_16', 'dist1_2', 't2_4_8', 'dist2_8', 't4_5_8', 'dist1_13', 'dist3_7', 'dist8_13', 'ang1_2_5', 't13_14_16', 'ang1_3_4', 't1_3_5', 'dist9_16']",random_forest,15.142288264464755,5.078089728116863,10.133941389779476,1863,20,pca
cibak,otella,False,"['dist6_8', 'dist6_10', 'dist6_17', 'dist7_9', 't7_8_16', 'dist2_9', 'dist3_10', 'dist5_6', 'dist5_9', 'dist6_9', 'dist6_14', 'dist6_16', 'dist9_16', 'dist9_17', 'dist10_14', 'dist12_16', 't6_7_9', 't8_9_17', 't2_5_6', 't12_15_17']",random_forest,8.6046774022439,3.3375508724641607,5.7243969665440835,1864,20,pca
cibak,otella,False,"['dist8_16', 'dist11_14', 'dist7_13', 't3_4_5', 't6_10_11', 'dist1_13', 'dist1_15', 'dist2_9', 'dist5_11', 'dist5_12', 'dist5_14', 'dist5_16', 'dist6_9', 'dist6_14', 'dist9_16', 'dist13_17', 't7_8_16', 't4_5_8', 't6_9_10', 't1_3_5']",random_forest,5.599308806879109,2.792789866686722,2.91802726104841,1865,20,pca
cibak,japet,False,"['dist14_16', 'dist3_14', 'dist4_8', 'ang2_1_4', 'ang4_2_5', 'dist5_15', 'dist12_14', 'dist2_14', 'dist9_11', 'dist2_16', 'dist6_12', 'dist8_16', 't8_9_17', 'dist1_14', 'dist3_15', 'dist4_9', 'ang2_7_5', 'dist9_15', 'dist9_13', 'dist10_15']",random_forest,12.784623029600457,9.143213031150498,3.6465062268792576,1866,20,pca
cibak,japet,False,"['dist14_16', 'dist8_16', 'dist12_17', 'dist8_15', 't5_8_9', 't2_3_5', 'dist5_8', 'ang2_1_4', 'dist10_15', 'dist2_14', 'dist3_4', 'dist3_5', 'dist15_17', 'dist16_17', 'ang3_1_4', 'ang4_9_5', 'ang2_7_5', 't7_8_16', 't2_4_5', 'dist3_8']",random_forest,19.019376630090733,9.456963478325273,10.231877817615194,1867,20,pca
cibak,ducky,False,"['t3_4_5', 'dist14_16', 'dist3_5', 'dist5_16', 't5_8_9', 't2_3_5', 'dist2_14', 'dist2_15', 'dist3_14', 't3_4_16', 'dist8_16', 'ang2_1_4', 'dist3_4', 'dist5_8', 'dist13_14', 't4_5_8', 't2_4_5', 't2_4_7', 't3_5_7', 't2_4_8']",random_forest,14.896790149003277,4.385260082609816,13.88668143563263,1868,20,pca
cibak,ducky,False,"['t3_4_5', 'dist14_16', 'dist2_14', 'ang4_9_5', 'dist10_15', 'ang2_7_5', 't1_3_5', 'dist3_5', 't5_8_9', 't2_3_5', 'dist12_15', 'dist1_8', 'dist1_11', 'dist5_9', 't3_4_16', 't2_4_5', 't2_3_7', 't8_9_17', 't6_9_17', 't13_14_16']",random_forest,14.108767167218375,8.940701202420238,5.40807926139799,1869,20,pca
cibak,nuernberg_2,False,"['dist5_14', 'dist6_10', 't8_9_17', 't2_5_6', 't6_7_9', 'dist9_17', 'dist5_6', 'dist7_10', 't7_8_16', 't4_5_8', 'dist7_9', 'dist9_16', 'dist6_15', 'dist8_9', 'dist6_9', 't4_7_8', 't7_8_9', 't3_4_5', 't5_6_10', 'dist8_15']",random_forest,4.618425309331389,4.3180020518930124,0.33788595011254297,1870,20,pca
cibak,nuernberg_2,False,"['dist5_14', 'dist6_10', 't8_9_17', 'dist5_6', 'dist5_13', 't7_8_9', 't6_7_9', 't2_4_5', 'dist8_16', 'dist1_3', 'dist13_16', 'dist6_9', 't6_9_17', 't2_5_9', 'dist9_17', 't2_5_6', 't2_3_5', 't13_14_17', 'dist1_4', 't2_4_8']",random_forest,6.286925756559099,4.700354096464416,1.8289334665974963,1871,20,pca
cibak,neznamy,False,"['ang3_1_4', 'dist6_10', 'dist3_16', 'dist8_16', 'dist1_8', 'dist7_17', 'dist4_8', 'dist13_17', 'dist9_11', 'ang4_9_5', 'dist5_6', 'dist6_9', 'ang2_7_5', 'dist8_14', 'ang2_1_5', 't8_9_17', 'ang5_3_4', 'ang4_3_5', 't7_8_16', 'dist11_15']",random_forest,12.006348869634788,9.07387299849649,7.365442750427476,1872,20,pca
cibak,neznamy,False,"['ang4_9_5', 'ang5_3_4', 'dist7_9', 'ang4_3_5', 'ang4_2_4', 'ang1_2_5', 'dist1_8', 'ang2_4_5', 'dist14_16', 'dist4_14', 'dist9_11', 'ang3_4_3', 'dist8_16', 'dist2_15', 'dist9_10', 'dist2_12', 'dist2_8', 'dist1_3', 'ang2_1_5', 'dist2_3']",random_forest,12.321925495760354,0.3699338330356114,11.964819784784968,1873,20,pca
cibak,nokia,False,"['ang4_9_5', 'dist4_8', 'dist6_16', 't8_9_17', 'ang4_2_5', 'ang2_4_5', 'dist6_10', 't4_6_10', 'dist8_9', 'dist4_9', 'dist3_6', 'dist4_6', 'dist5_6', 'dist5_11', 'dist9_16', 'dist10_15', 'dist10_17', 'dist16_17', 'ang3_1_4', 'ang1_2_4']",random_forest,22.81555992563905,5.6895571762646195,17.75380865318929,1874,20,pca
cibak,nokia,False,"['dist9_16', 't3_6_10', 't4_5_8', 'dist3_6', 'dist4_8', 'dist6_16', 'dist10_15', 't7_8_16', 't8_9_17', 't4_6_10', 'dist3_7', 'dist1_15', 'dist4_9', 'dist5_6', 'dist6_14', 'dist6_17', 'dist8_16', 'dist9_14', 'dist16_17', 'ang4_2_4']",random_forest,12.302114149701122,7.75950280436157,4.640987086068361,1875,20,pca
cibak,noel,False,"['t7_8_9', 'dist6_9', 'dist1_6', 'dist6_10', 't8_9_17', 't3_4_5', 'dist9_17', 'dist7_9', 'dist9_10', 'dist1_13', 'dist8_16', 'dist12_13', 't5_6_10', 'dist14_15', 'dist5_6', 'dist5_14', 'dist6_15', 'dist8_15', 'dist6_8', 'dist4_7']",random_forest,2.556106983854833,2.8673289014250214,0.31795071045730716,1876,20,pca
cibak,noel,False,"['t8_9_17', 't2_4_5', 'dist8_16', 'dist5_14', 'dist2_8', 'dist7_9', 'dist9_17', 'ang2_1_4', 't3_4_5', 'ang6_10_4', 't3_4_7', 't7_8_16', 'dist1_12', 'dist1_13', 'dist4_16', 'ang2_3_4', 'dist2_13', 'dist5_16', 't7_8_9', 'dist5_12']",random_forest,11.158021256641316,6.410658038755499,13.205598123558062,1877,20,pca
cibak,matysek,False,"['t8_9_17', 'dist10_17', 'dist7_13', 'dist6_9', 't4_5_8', 'dist6_15', 'dist9_17', 'dist1_6', 't13_14_17', 't2_3_7', 'dist3_6', 'dist9_13', 't5_8_9', 't3_5_10', 't13_14_16', 'dist5_10', 'dist5_12', 'dist8_15', 'dist11_14', 't2_5_10']",random_forest,6.483197816714397,4.6369236416277335,1.8482039973625473,1878,20,pca
cibak,matysek,False,"['t8_9_17', 'dist10_17', 'ang2_7_5', 'dist7_13', 'dist5_6', 't2_3_7', 't13_14_16', 'ang1_2_5', 'dist5_12', 'dist3_6', 'dist14_17', 't4_5_8', 'dist13_14', 'dist4_8', 'dist14_16', 'dist9_17', 'dist2_14', 'ang1_3_5', 'dist3_16', 'dist6_17']",random_forest,18.05279100091489,9.146934307090397,13.307960054866372,1879,20,pca
cibak,lucka,False,"['dist1_4', 'dist7_14', 'dist1_3', 'dist5_7', 'dist13_14', 't2_4_5', 't3_4_5', 't2_4_8', 'dist1_15', 'dist2_3', 'dist2_14', 'dist5_6', 'dist5_16', 'dist6_10', 'dist7_9', 'dist10_11', 'dist10_15', 'dist12_15', 'dist13_17', 't4_7_8']",random_forest,7.082075544073285,1.9973943438163848,5.2969752767861955,1880,20,pca
cibak,lucka,False,"['dist1_4', 'dist5_14', 'dist6_17', 't3_4_5', 't2_4_8', 'dist2_9', 'dist2_11', 'dist3_7', 'dist3_10', 'dist4_12', 'dist7_13', 'dist10_15', 'dist12_15', 'dist13_17', 'dist14_16', 't6_7_9', 't8_9_17', 't13_14_17', 't13_14_16', 'dist1_3']",random_forest,10.71189811137268,3.494258235642883,7.301298974772089,1881,20,pca
cibak,nuernberg_1,False,"['t7_8_17', 'dist5_16', 'dist6_9', 'dist7_15', 'dist16_17', 't7_8_16', 't8_9_17', 't2_5_6', 'dist3_6', 'dist9_16', 'dist4_16', 'dist6_8', 'dist6_10', 'dist6_16', 'dist6_17', 'dist7_14', 'dist7_16', 'dist7_17', 'dist11_15', 'ang2_4_5']",random_forest,8.375835386770738,2.9201621261403927,7.016143407920092,1882,20,pca
cibak,nuernberg_1,False,"['dist7_8', 't7_8_17', 't8_9_17', 'dist8_16', 'dist7_9', 'dist16_17', 't7_8_9', 'dist7_16', 't3_4_16', 't7_8_16', 'dist8_17', 'dist7_17', 'dist3_6', 'dist3_16', 'dist5_16', 'dist6_8', 'dist6_17', 'dist7_10', 'dist3_4', 'ang2_7_5']",random_forest,8.512447747306569,7.940147616309903,0.9970331153758688,1883,20,pca
cibak,leni,False,"['dist1_8', 'dist8_16', 't8_9_17', 'dist1_15', 't2_4_5', 'dist9_17', 'dist5_14', 'ang6_10_4', 'ang2_4_3', 'dist15_17', 't7_8_16', 'dist3_4', 'ang2_4_5', 'dist7_10', 'dist1_16', 'dist8_12', 'dist1_4', 'dist5_6', 'dist9_12', 'dist10_12']",random_forest,11.537351539434132,5.025777478891859,8.553796752646438,1884,20,pca
cibak,leni,False,"['dist8_16', 'dist5_9', 't2_4_7', 'dist11_12', 'dist1_8', 'dist11_15', 'dist4_16', 'dist9_15', 'dist1_16', 'dist1_4', 't2_4_5', 't8_9_17', 'dist4_7', 'ang1_2_5', 'dist8_15', 't2_5_6', 'dist5_16', 'ang4_9_5', 'ang6_4_10', 'ang2_1_4']",random_forest,3.9765424126472406,5.215725814698779,3.5812922837496926,1885,20,pca
cibak,innsbruck_1,False,"['dist9_10', 't1_3_5', 'dist3_5', 'dist5_16', 'dist14_16', 't3_4_16', 't2_3_5', 't3_4_5', 'dist2_8', 'dist2_14', 'ang2_1_4', 't4_5_8', 't2_4_8', 'dist3_4', 'dist5_8', 'dist8_17', 'dist13_14', 'ang1_2_4', 'ang2_7_5', 't5_8_9']",random_forest,20.518480670573297,8.15916845853356,13.784769561472869,1886,20,pca
cibak,innsbruck_1,False,"['dist6_9', 'ang2_1_4', 'ang2_1_5', 'ang2_7_5', 'dist5_6', 'dist5_14', 'dist14_16', 'ang4_9_5', 't4_5_8', 'dist7_16', 't3_4_5', 'dist8_16', 'dist3_5', 'dist5_9', 'dist5_17', 't3_4_16', 'dist4_16', 'dist2_16', 't7_8_16', 'ang1_2_5']",random_forest,25.445102872591313,9.07391540780282,18.816984011693126,1887,20,pca
cibak,shorfy,False,"['dist1_8', 'dist1_4', 'dist5_14', 'dist2_8', 't4_5_8', 't3_4_5', 't2_4_8', 't3_6_10', 'dist6_8', 'dist10_16', 'dist1_2', 'dist1_3', 'dist1_13', 'dist1_16', 'dist2_9', 'dist7_10', 'dist8_16', 'dist9_16', 'dist10_14', 't6_7_9']",random_forest,10.0816289878697,5.002067032309375,5.110240116887139,1888,20,pca
cibak,shorfy,False,"['dist5_14', 't2_3_7', 't3_4_5', 'dist2_6', 'dist3_5', 'dist3_6', 't4_5_8', 't8_9_17', 'dist2_9', 'dist2_11', 'dist4_12', 'dist6_10', 'dist6_14', 'dist9_17', 'dist12_16', 't3_7_16', 't6_7_9', 't2_3_5', 't2_4_5', 't2_5_10']",random_forest,8.472957982439807,3.2949248905167687,5.365168441541939,1889,20,pca
cibak,paulinchen,False,"['t4_5_8', 'dist3_6', 't2_3_7', 'dist4_9', 'dist11_14', 'dist3_7', 'dist7_17', 'dist8_16', 'dist16_17', 'dist5_14', 't3_4_5', 'dist3_17', 'dist5_9', 'dist3_9', 'dist3_10', 'dist7_14', 'dist9_11', 'dist10_16', 'dist8_14', 'dist2_6']",random_forest,3.522518393638703,2.028865210500893,1.50668230541196,1890,20,pca
cibak,paulinchen,False,"['dist6_15', 'dist7_9', 'dist1_8', 'ang2_7_5', 't4_5_8', 'dist3_7', 'dist4_8', 't1_6_7', 'dist15_17', 'dist9_16', 'dist1_15', 'dist4_7', 't3_6_10', 't4_6_10', 't5_6_10', 'ang4_9_5', 'dist1_4', 'dist5_14', 'dist8_15', 't3_7_16']",random_forest,23.077894050206176,10.573196858500486,12.985045780180386,1891,20,pca
cibak,mette,False,"['dist5_14', 'dist2_11', 'dist3_7', 'dist11_14', 't2_3_7', 'dist3_6', 'dist3_10', 'dist3_12', 'dist4_7', 'dist5_6', 'dist6_13', 'dist6_17', 'dist7_10', 'dist7_13', 'dist12_13', 'dist13_16', 'dist16_17', 'ang1_2_5', 't3_7_16', 't4_7_8']",random_forest,11.820897093613036,3.2836346213991487,8.825312965559183,1892,20,pca
cibak,mette,False,"['dist5_14', 'dist3_7', 'dist7_13', 't2_3_7', 't7_8_16', 't8_9_17', 't3_6_10', 'dist2_9', 'dist3_6', 'dist3_10', 'dist3_12', 'dist4_9', 'dist5_11', 'dist6_17', 'dist7_10', 'dist8_9', 'dist9_10', 'dist11_14', 't3_7_16', 't4_7_8']",random_forest,10.770193376123753,5.056819786498922,5.714631864859685,1893,20,pca
cibak,zewe,False,"['dist5_14', 't3_4_5', 't2_4_8', 't2_3_7', 't4_5_8', 't2_4_5', 'dist6_15', 'dist1_4', 'dist2_9', 'dist4_8', 'dist4_10', 'ang4_1_5', 't3_7_16', 't4_7_8', 't7_8_16', 't8_9_17', 't6_9_10', 't2_4_7', 't3_5_10', 't3_6_10']",random_forest,12.436685582062546,6.389601663831244,6.052026811097457,1894,20,pca
cibak,zewe,False,"['dist8_16', 't2_4_5', 't3_4_5', 't2_5_6', 'dist2_8', 'dist5_14', 't1_3_5', 't2_4_8', 'dist1_15', 'dist2_9', 'dist3_7', 'dist4_6', 'dist4_8', 'dist7_10', 'dist13_17', 'dist16_17', 't3_7_16', 't4_7_8', 't7_8_16', 't4_5_8']",random_forest,9.924860392019431,3.8944639899984335,6.199397303528231,1895,20,pca
cibak,gesa,False,"['dist2_11', 'dist5_14', 'dist3_10', 'dist6_17', 'dist1_8', 'dist2_9', 'dist3_6', 'dist3_7', 'dist4_12', 'dist8_16', 'dist11_16', 'dist12_16', 'dist16_17', 't3_7_16', 't4_7_8', 't4_5_8', 't6_7_9', 't7_8_17', 't8_9_17', 't2_4_8']",random_forest,6.69097290093255,2.7855304473194833,3.9106011460183145,1896,20,pca
cibak,gesa,False,"['dist2_11', 'dist5_14', 't2_4_8', 'dist1_8', 'dist3_7', 'dist3_10', 'dist3_15', 'dist4_12', 'dist6_17', 'dist7_15', 'dist8_16', 'dist11_16', 'dist12_13', 'dist12_16', 't2_3_7', 't3_7_16', 't4_7_8', 't4_5_8', 't6_7_9', 't7_8_17']",random_forest,7.065793972447936,2.8048617605879143,4.26155881885855,1897,20,pca
cibak,frida,False,"['t4_5_8', 'dist4_9', 'dist8_16', 'dist4_8', 'dist7_13', 'dist11_14', 'dist3_9', 'dist9_16', 't7_8_16', 'dist16_17', 'dist3_8', 'ang6_10_4', 'dist3_17', 'dist8_14', 'dist2_4', 'dist3_10', 'dist5_14', 'dist6_15', 'dist8_13', 'dist11_15']",random_forest,10.801451634010435,4.7657397012258835,6.143336652002629,1898,20,pca
cibak,frida,False,"['dist1_2', 'dist8_16', 'dist11_14', 't3_5_10', 'dist1_13', 'dist9_13', 'dist2_8', 'dist3_8', 'dist5_8', 'dist7_13', 'dist9_16', 'dist13_17', 'dist1_3', 'dist2_13', 'dist3_11', 'dist5_11', 'dist5_17', 'dist12_14', 't1_2_7', 'dist4_16']",random_forest,5.019462370322918,3.0282244640691895,2.023304541242189,1899,20,pca
cibak,fousek,False,"['t1_3_5', 'ang5_3_4', 'dist9_11', 't2_5_10', 'dist4_11', 'ang2_4_5', 'dist5_12', 'ang5_1_4', 'dist4_15', 'ang3_4_3', 't4_5_8', 'dist8_17', 't8_9_17', 'dist6_15', 't5_8_9', 'dist5_17', 'dist5_6', 'dist2_13', 'dist5_8', 'ang4_3_5']",random_forest,10.022281538115717,4.001058598845226,9.042611492548783,1900,20,pca
cibak,fousek,False,"['dist9_11', 't13_14_15', 'dist10_11', 'dist6_16', 'dist1_12', 'dist5_12', 'dist6_14', 'dist6_15', 't2_3_7', 't2_5_6', 't13_14_17', 'ang4_9_5', 'dist2_13', 'dist6_9', 'dist8_15', 'ang3_1_4', 'dist5_8', 'dist8_11', 'ang2_1_4', 'dist7_12']",random_forest,8.367839210810324,7.863752045731322,1.0659031550151017,1901,20,pca
cibak,esta,False,"['dist11_14', 'dist8_16', 't4_5_8', 'dist4_8', 'dist10_17', 'dist11_15', 'dist7_13', 'dist9_11', 'ang6_10_4', 'ang2_7_5', 'dist9_16', 'ang2_1_4', 'dist2_9', 'dist5_11', 'dist5_14', 'dist6_15', 'dist9_13', 'ang4_9_5', 'dist3_8', 'dist3_17']",random_forest,17.811713822478833,10.210572616909856,9.553272613929362,1902,20,pca
cibak,esta,False,"['dist5_14', 'dist8_16', 't3_4_5', 't3_5_10', 'dist3_8', 'dist4_9', 'dist9_16', 'ang2_1_4', 'dist1_3', 'ang5_1_4', 'dist2_13', 'dist3_16', 'dist4_8', 'dist8_13', 'dist9_17', 'dist13_17', 'ang4_2_4', 't3_6_10', 't4_6_10', 'dist3_17']",random_forest,15.492261817011055,9.405790064636353,6.6387927504437,1903,20,pca
cibak,vladimir,False,"['t8_9_17', 'dist6_16', 'dist3_6', 'ang6_9_10', 't7_8_16', 'ang4_9_5', 'dist2_6', 'dist5_11', 'dist6_14', 'dist10_11', 'dist4_13', 'ang2_4_5', 'dist6_9', 'dist3_7', 'dist4_8', 'dist7_9', 'dist7_14', 'dist9_16', 't5_6_10', 'dist1_13']",random_forest,15.139520164522306,4.625478709949184,12.916449500771943,1904,20,pca
cibak,vladimir,False,"['ang4_9_5', 'dist5_15', 'ang2_7_5', 'ang2_4_5', 'dist10_11', 'dist5_14', 'dist5_9', 'ang6_9_10', 't3_4_5', 't2_4_5', 'dist11_12', 'dist5_10', 'dist15_17', 'dist1_4', 'dist4_13', 'dist14_17', 'dist2_14', 'dist3_11', 'ang3_1_5', 'dist8_15']",random_forest,33.659755372675555,8.60865721224394,25.18275679800284,1905,20,pca
cibak,ecki,False,"['dist5_14', 'ang1_3_4', 'ang1_4_3', 'ang3_1_4', 'ang3_2_5', 'dist1_8', 'dist1_15', 'ang1_3_5', 'ang5_1_4', 'ang4_2_4', 'dist1_4', 'dist3_9', 'dist3_16', 'dist5_12', 'dist9_12', 'dist9_16', 'ang4_1_5', 'ang2_3_4', 'ang6_9_10', 'dist3_7']",random_forest,51.77084117575044,10.405634744266102,41.41261720284016,1906,20,pca
cibak,ecki,False,"['dist5_14', 'dist3_5', 'dist3_8', 'ang2_1_5', 'ang1_3_4', 'ang2_3_4', 'ang1_4_3', 'ang1_2_5', 'ang3_1_4', 'ang1_3_5', 'ang2_4_3', 't3_4_5', 'ang5_1_4', 'dist3_17', 'dist4_14', 'dist8_16', 'dist9_14', 'dist12_15', 'ang5_3_4', 'dist15_17']",random_forest,49.73749910546791,9.032006271549653,40.710105235097046,1907,20,pca
anton,zanetka,False,"['dist1_8', 'dist1_4', 't7_8_17', 'dist1_3', 'dist2_3', 'dist2_4', 'dist2_11', 'dist3_6', 'dist4_12', 'dist6_17', 'dist11_16', 'dist12_15', 'dist15_17', 't2_3_7', 't4_5_8', 't5_8_9', 't8_9_17', 't1_3_5', 't3_4_5', 't3_5_10']",random_forest,9.473320151664113,2.3760716142545126,7.360300741367434,1908,20,pca
anton,zanetka,False,"['dist2_11', 'dist5_14', 'dist7_12', 'dist1_4', 'dist1_16', 'dist2_4', 'dist3_7', 'dist4_12', 'dist5_16', 'dist10_15', 'dist12_15', 'dist13_17', 'dist14_16', 't4_7_8', 't5_8_9', 't6_7_9', 't2_4_7', 't13_14_17', 't12_15_17', 't13_14_16']",random_forest,13.85183457946721,4.822907354430978,9.321009530747133,1909,20,pca
anton,sam,False,"['dist6_8', 'dist6_16', 'dist16_17', 't7_8_16', 'dist1_8', 't1_2_7', 'ang4_3_5', 'ang3_4_3', 't1_6_7', 'dist2_12', 't6_7_17', 'dist4_6', 'dist6_17', 'dist7_8', 'dist7_16', 'ang3_4_5', 'ang3_1_4', 'ang5_3_4', 'ang4_2_5', 'dist3_15']",random_forest,23.910883704266382,16.1997399862404,7.8405074928673,1910,20,pca
anton,sam,False,"['t7_8_17', 'dist7_8', 'dist11_15', 't4_7_8', 'dist7_17', 't2_4_7', 'ang4_3_5', 'ang1_3_4', 'ang5_3_4', 'ang3_4_3', 't7_8_16', 'dist16_17', 'dist1_6', 'dist11_14', 'dist11_16', 'ang3_1_4', 'ang3_2_4', 'ang2_3_4', 'dist2_12', 'dist6_8']",random_forest,35.33858516343157,16.222933945878506,19.418512874699427,1911,20,pca
anton,rosie,False,"['ang1_3_4', 'ang1_4_5', 'ang5_3_4', 't13_14_17', 'ang4_3_5', 'ang3_4_3', 'ang3_1_4', 't4_5_8', 'dist9_16', 'dist1_4', 'dist4_11', 'dist13_17', 't7_8_17', 'dist12_15', 'dist8_16', 'dist1_16', 't2_4_8', 't2_4_7', 't4_7_8', 'dist10_16']",random_forest,25.248513283132482,14.395261534258275,12.69165444630486,1912,20,pca
anton,rosie,False,"['dist5_14', 't7_8_17', 'dist1_4', 'dist1_16', 'dist2_4', 'dist2_11', 't7_8_16', 't13_14_15', 'dist2_3', 'dist2_16', 'dist3_17', 'dist4_8', 'dist4_12', 'dist7_8', 'dist12_16', 'dist13_16', 'dist13_17', 'ang3_4_3', 't2_3_7', 't4_7_8']",random_forest,16.773686188204312,9.72793792190137,9.458350514188254,1913,20,pca
anton,otella,False,"['dist1_3', 't2_4_5', 'dist1_4', 'dist4_13', 'dist7_15', 'dist11_14', 'dist11_17', 't6_10_11', 'dist2_11', 'dist2_12', 'dist4_10', 'dist4_12', 'dist6_17', 'dist7_10', 'dist7_12', 'dist8_12', 'dist10_11', 'dist11_16', 'dist13_16', 'dist15_16']",random_forest,5.919746554594883,2.6379786830845253,3.2879707089360606,1914,20,pca
anton,otella,False,"['dist2_8', 'dist3_10', 'dist4_10', 'dist11_14', 't2_4_8', 't3_5_10', 'dist1_3', 'dist1_4', 'dist1_16', 'dist2_3', 'dist2_4', 'dist2_9', 'dist4_11', 'dist4_12', 'dist5_13', 'dist5_14', 'dist11_16', 'dist12_15', 'dist13_14', 't2_3_7']",random_forest,5.930276645463554,1.0715287093152688,4.986471629793699,1915,20,pca
anton,japet,False,"['dist4_14', 'dist8_16', 'ang1_3_4', 'dist2_11', 'ang2_4_5', 'ang1_4_3', 'dist3_15', 'dist7_17', 'dist11_12', 'dist14_16', 'ang3_1_4', 'ang7_6_10', 'dist10_17', 'dist3_10', 'dist15_17', 'ang6_10_4', 'dist3_14', 'ang2_3_4', 'dist1_13', 'dist7_9']",random_forest,21.234929260009814,5.550617832914741,15.833686850571091,1916,20,pca
anton,japet,False,"['dist11_14', 'ang4_9_5', 'dist3_15', 'dist5_12', 't3_4_5', 't13_14_15', 't12_15_17', 'dist4_11', 'dist3_10', 'dist6_10', 'dist9_17', 'dist12_13', 'dist6_11', 'dist7_12', 'dist11_17', 'dist12_14', 'dist14_15', 'dist15_16', 'ang3_4_3', 'ang6_10_4']",random_forest,20.208732685639877,9.450706642885411,16.450378957991934,1917,20,pca
anton,ducky,False,"['dist14_16', 'dist8_14', 't3_4_5', 'dist3_5', 'dist3_7', 'dist4_8', 'dist5_14', 't4_5_8', 't2_4_5', 'dist2_14', 'ang5_3_4', 't2_4_8', 'dist8_17', 'dist5_8', 'dist5_16', 'ang5_1_4', 'ang3_4_3', 't3_4_16', 't5_8_9', 't2_5_10']",random_forest,15.327694560387599,6.524432609568635,11.99379206520581,1918,20,pca
anton,ducky,False,"['dist14_16', 'ang6_10_4', 't1_2_7', 't3_5_10', 'ang2_4_5', 'dist5_6', 'dist5_9', 'ang2_3_4', 'dist11_12', 'dist1_13', 'dist2_9', 'dist5_16', 'dist11_14', 'ang4_3_5', 'ang1_4_3', 't13_14_17', 't2_4_8', 't13_14_16', 'dist7_14', 'ang1_2_5']",random_forest,20.02879105848045,10.325177281636945,11.538885593144775,1919,20,pca
anton,nuernberg_2,False,"['t7_8_16', 't7_8_17', 'ang2_3_4', 't7_8_9', 'dist11_12', 'dist1_8', 'ang4_9_5', 'dist11_15', 'dist14_16', 'ang1_4_3', 'dist7_8', 't2_4_5', 'dist4_8', 'ang1_3_4', 'dist5_7', 'dist7_9', 'ang1_4_5', 'ang7_6_10', 't8_9_17', 'dist2_4']",random_forest,15.539999169049974,7.998361777290899,9.059953403220334,1920,20,pca
anton,nuernberg_2,False,"['dist5_14', 'dist1_4', 'dist11_15', 'dist4_13', 'dist7_10', 'dist4_10', 'dist4_11', 'ang1_3_5', 't7_8_17', 'dist5_15', 'dist2_3', 'dist2_12', 'dist3_12', 'dist3_13', 'dist6_17', 'dist10_14', 'dist13_16', 'ang2_4_5', 't2_4_5', 'dist2_4']",random_forest,13.092853671246102,10.858738291934706,3.427857197481218,1921,20,pca
anton,neznamy,False,"['dist5_7', 'dist4_16', 'ang3_1_4', 't2_4_8', 'dist2_16', 'dist4_13', 't3_4_16', 'dist9_15', 'dist2_3', 'ang6_10_4', 't8_9_17', 'ang4_2_4', 'dist1_4', 'dist7_13', 'ang1_2_4', 'dist2_4', 'ang3_4_3', 't2_4_5', 'ang2_4_3', 't13_14_16']",random_forest,12.04808987615689,8.90711121530394,7.848879029040956,1922,20,pca
anton,neznamy,False,"['t7_8_17', 'dist7_17', 'dist5_7', 'dist9_14', 'dist7_8', 'dist10_12', 'dist3_9', 'dist2_4', 't7_8_9', 't4_5_8', 'ang1_4_3', 'ang3_4_3', 'dist1_13', 'dist7_13', 'ang5_1_4', 'ang2_4_5', 'ang4_2_4', 'dist1_15', 'ang1_3_5', 'dist7_9']",random_forest,9.555075299707086,10.186512019600872,9.815378737247094,1923,20,pca
anton,nokia,False,"['dist11_15', 'ang2_4_5', 'dist4_11', 'dist4_13', 'dist6_15', 'dist6_16', 'dist8_17', 'ang1_4_5', 't3_7_16', 't7_8_9', 'dist4_9', 'dist9_10', 'dist6_10', 'dist1_4', 'dist7_15', 'dist8_9', 'dist8_10', 'ang4_3_5', 'ang3_4_3', 'dist7_8']",random_forest,24.835377092917454,13.803001474723942,11.148849267200882,1924,20,pca
anton,nokia,False,"['ang1_3_4', 'ang3_4_3', 'dist4_9', 'ang2_4_5', 'dist11_12', 'ang1_4_3', 'ang4_3_5', 'ang1_4_5', 'ang3_2_4', 'ang5_3_4', 'ang4_2_5', 'dist8_17', 'dist4_14', 'dist2_11', 'ang3_4_5', 'ang3_1_4', 'ang7_6_10', 't1_2_7', 'dist5_10', 'dist7_10']",random_forest,39.83961271544936,21.853347514247936,19.264128349321105,1925,20,pca
anton,noel,False,"['t7_8_9', 't2_4_5', 'dist2_4', 't7_8_17', 'dist5_15', 'dist1_8', 'dist2_11', 'dist4_8', 'dist7_17', 'dist2_16', 'dist6_8', 'dist6_10', 'dist6_11', 'dist7_8', 'dist7_9', 'dist7_10', 'dist12_13', 'dist12_16', 't1_2_7', 't2_3_7']",random_forest,2.926246745230217,1.7955980606552557,2.2734586406176267,1926,20,pca
anton,noel,False,"['ang1_3_5', 'dist1_13', 'dist14_16', 'ang2_3_4', 'ang1_3_4', 'ang1_4_3', 'dist7_8', 'dist2_4', 'ang4_3_5', 'dist2_16', 'ang4_9_5', 'ang2_7_5', 'dist5_15', 'dist8_14', 'dist1_2', 'dist3_7', 'dist3_16', 'dist3_17', 'dist6_13', 't7_8_9']",random_forest,38.83925709004388,10.31147738210605,29.057479148970252,1927,20,pca
anton,matysek,False,"['dist7_10', 'dist1_6', 'dist10_17', 'dist9_10', 'dist2_14', 'dist12_15', 'dist5_9', 'dist6_12', 'dist4_10', 'dist6_8', 'dist8_10', 't2_5_10', 't13_14_16', 't2_5_9', 'dist1_10', 'dist2_3', 't1_6_7', 't2_5_6', 'dist10_14', 'dist15_17']",random_forest,3.8180983922033063,1.9373217223535604,1.9005103704402888,1928,20,pca
anton,matysek,False,"['dist1_8', 'dist7_10', 't2_4_7', 'dist12_15', 'dist1_4', 'dist1_10', 'dist2_14', 'dist5_9', 't2_4_5', 't2_5_10', 'dist1_5', 'dist1_16', 'dist1_17', 'dist2_3', 'dist2_4', 'dist5_6', 'dist5_12', 'dist8_10', 'dist13_14', 'dist14_16']",random_forest,4.481646701478746,2.157704496887304,2.402337616324466,1929,20,pca
anton,lucka,False,"['dist1_3', 'dist1_4', 'dist2_14', 'dist7_12', 'dist13_14', 't1_3_5', 'dist1_8', 'dist2_3', 'dist2_4', 'dist5_6', 'dist5_7', 'dist5_9', 'dist5_13', 'dist5_16', 'dist6_17', 'dist7_15', 'dist10_11', 'dist11_14', 'dist12_15', 'ang6_10_4']",random_forest,16.01229818341013,6.63967349674361,9.608937822095612,1930,20,pca
anton,lucka,False,"['dist1_8', 't2_4_5', 'dist2_8', 'dist5_16', 'dist13_14', 't7_8_16', 'dist1_4', 'dist2_3', 'dist2_4', 'dist2_14', 'dist3_6', 'dist5_6', 'dist5_13', 'dist6_17', 'dist7_12', 'dist9_12', 'dist10_11', 'dist10_12', 'dist10_15', 'dist12_15']",random_forest,5.884530644905798,1.6672425574133134,4.261932595344433,1931,20,pca
anton,nuernberg_1,False,"['t7_8_17', 't7_8_16', 'dist6_8', 'dist7_8', 'dist7_13', 'dist8_17', 'dist7_17', 'ang1_3_4', 'dist2_3', 'dist7_10', 'dist15_16', 'dist5_7', 'dist7_16', 'ang2_7_5', 't7_8_9', 't8_9_17', 'dist6_16', 't2_4_5', 'dist10_11', 'dist5_16']",random_forest,5.954035358718988,4.430007982629268,3.935233298473864,1932,20,pca
anton,nuernberg_1,False,"['t7_8_17', 'dist7_8', 'dist6_8', 'dist5_16', 'dist6_16', 't6_7_9', 'dist9_16', 'dist1_8', 'dist7_17', 'dist2_7', 'dist3_8', 'dist5_17', 'dist7_16', 'dist8_9', 'dist8_17', 'dist13_14', 'dist15_16', 'ang1_3_4', 'ang6_10_4', 'dist7_10']",random_forest,14.027844178926259,8.070778791026429,6.070366925735455,1933,20,pca
anton,leni,False,"['ang1_3_5', 'dist8_14', 'dist3_8', 'dist3_17', 'dist3_9', 'dist1_13', 'dist7_13', 'dist12_17', 'dist9_11', 'dist7_12', 'dist11_17', 'dist10_11', 'dist9_15', 'dist4_9', 'dist9_13', 'dist9_16', 't6_10_11', 't6_7_17', 'dist4_16', 'dist5_6']",random_forest,5.876186593587108,2.8283141194027843,7.360027410316852,1934,20,pca
anton,leni,False,"['dist2_17', 'dist3_17', 'dist6_13', 'dist7_13', 'dist2_7', 't2_4_7', 't2_3_7', 'dist1_9', 't2_5_9', 'ang7_6_10', 'dist3_6', 'dist2_9', 'dist4_9', 'dist5_12', 'dist6_9', 't1_6_7', 't2_4_8', 't13_14_17', 'dist3_9', 'dist5_17']",random_forest,6.485929637438184,3.8008616422055574,7.214139715542067,1935,20,pca
anton,innsbruck_1,False,"['dist2_11', 'dist12_13', 'dist7_13', 'dist2_9', 'dist2_15', 'dist4_9', 'dist11_13', 't2_4_5', 't2_5_9', 't7_8_17', 'dist3_15', 'dist4_15', 'dist6_8', 'dist14_16', 'ang2_4_5', 'ang2_1_4', 't1_2_7', 't5_8_9', 'dist6_9', 'dist9_13']",random_forest,12.44150068364295,8.872086913799974,11.36629409530915,1936,20,pca
anton,innsbruck_1,False,"['dist6_8', 'dist6_17', 'dist2_7', 'dist3_16', 'dist6_9', 'ang1_2_5', 'ang6_9_10', 't4_5_8', 'dist6_16', 'ang1_2_4', 't2_5_9', 't7_8_17', 'dist3_6', 'dist4_13', 'dist7_13', 'dist8_14', 'ang3_1_4', 't7_8_16', 't7_8_9', 'dist6_7']",random_forest,24.21799402255758,3.096041401707647,26.20367617707957,1937,20,pca
anton,shorfy,False,"['dist5_14', 'dist2_11', 'dist2_12', 't3_4_5', 'dist3_12', 'ang4_3_5', 'dist1_4', 'dist1_12', 'dist2_6', 'dist2_9', 'dist4_12', 'dist7_15', 'dist9_10', 'dist10_17', 'dist11_14', 't3_7_16', 't5_8_9', 't8_9_17', 't3_6_10', 't13_14_17']",random_forest,10.035961770883526,5.675049033399387,5.305857614738149,1938,20,pca
anton,shorfy,False,"['dist2_11', 'dist5_14', 'dist1_3', 'dist1_4', 'dist1_5', 'dist1_8', 'dist2_4', 'dist2_8', 'dist3_10', 'dist4_12', 'dist5_16', 'dist7_12', 'dist11_16', 'dist12_13', 'dist12_15', 'dist13_14', 'ang4_3_5', 't7_8_16', 't5_8_9', 't8_9_17']",random_forest,8.135338946705525,5.478227148553,3.4334164807858323,1939,20,pca
anton,paulinchen,False,"['ang1_4_5', 'dist2_12', 'dist11_14', 'dist3_12', 'dist8_15', 'dist6_16', 'ang2_4_5', 'ang3_2_5', 'dist3_5', 'dist3_7', 'dist1_9', 'dist4_13', 'dist5_14', 'dist8_17', 'dist12_13', 't3_7_16', 'dist10_15', 'ang5_3_4', 't12_13_15', 'dist14_17']",random_forest,19.425804550452558,13.504702706043412,6.385785197543558,1940,20,pca
anton,paulinchen,False,"['t2_4_5', 'dist7_12', 'ang2_4_5', 'dist10_11', 'dist14_16', 'dist11_17', 'dist9_11', 'dist6_13', 'dist4_14', 'ang3_4_3', 'dist7_10', 'dist7_15', 'ang3_2_4', 'dist10_12', 'dist2_11', 'dist11_13', 'dist12_17', 'ang1_3_4', 'dist7_11', 't13_14_15']",random_forest,13.693589232208597,13.621000857957355,4.039152989710695,1941,20,pca
anton,mette,False,"['dist5_14', 'dist3_6', 't7_8_17', 'dist1_4', 'dist4_11', 'dist8_9', 'dist8_10', 'dist10_17', 't2_3_7', 'dist2_6', 'dist4_7', 'dist4_13', 'dist7_8', 'dist7_10', 'dist7_12', 'dist7_16', 'dist9_10', 'dist10_14', 'ang1_4_5', 't3_7_16']",random_forest,12.059324029072616,4.189598366083516,7.869725680660181,1942,20,pca
anton,mette,False,"['dist5_14', 'dist6_17', 't7_8_17', 'dist3_6', 'dist3_10', 't3_6_10', 'dist1_4', 'dist1_8', 'dist2_4', 'dist2_11', 'dist4_9', 'dist4_10', 'dist4_11', 'dist5_6', 'dist6_8', 'dist6_10', 'dist7_10', 'dist8_9', 'dist8_10', 'dist11_15']",random_forest,9.340313876312464,4.251838034365234,5.155198412644625,1943,20,pca
anton,zewe,False,"['dist1_8', 'dist1_4', 'dist1_16', 'dist1_3', 'dist4_13', 'ang4_3_5', 'ang1_3_4', 't2_4_5', 't2_4_7', 'dist2_4', 'dist4_11', 'dist5_12', 'dist7_15', 'dist9_15', 'dist11_16', 'ang3_4_3', 't4_5_8', 't5_8_9', 't1_3_5', 't2_4_8']",random_forest,25.781199072149015,7.607104669988902,18.267825348754073,1944,20,pca
anton,zewe,False,"['dist1_4', 't3_5_10', 'dist3_10', 'dist8_10', 'dist11_14', 'ang1_4_5', 'ang3_4_3', 't2_5_10', 'dist10_14', 'dist1_3', 'dist1_8', 'dist2_4', 'dist5_7', 'dist5_14', 'dist5_16', 'dist6_15', 'dist11_16', 'ang2_4_5', 'ang7_6_10', 't8_9_17']",random_forest,23.694853418879067,14.294673326254049,11.673089238662595,1945,20,pca
anton,gesa,False,"['dist1_8', 'dist2_11', 'dist3_10', 't2_4_7', 'dist1_3', 'dist1_4', 'dist2_4', 'dist3_6', 'dist4_12', 'dist7_12', 'dist10_11', 'dist11_14', 'dist11_16', 'dist11_17', 'dist12_15', 'dist12_17', 'ang3_4_3', 't7_8_16', 't6_7_9', 't8_9_17']",random_forest,11.660492313553029,8.660150121950016,4.279884794646865,1946,20,pca
anton,gesa,False,"['dist2_11', 'dist6_17', 'dist1_4', 'dist3_10', 'dist1_3', 'dist1_8', 'dist3_6', 'dist4_12', 'dist7_12', 'dist7_15', 'dist9_15', 'dist11_17', 'dist12_14', 'dist12_16', 'dist12_17', 't4_7_8', 't7_8_16', 't1_3_5', 't2_4_8', 't2_4_7']",random_forest,8.520976504674842,2.905037305522001,5.713708453126524,1947,20,pca
anton,frida,False,"['t3_4_5', 'dist4_9', 'dist3_8', 't7_8_17', 't2_4_5', 'dist10_16', 'dist4_10', 'dist3_9', 't3_5_10', 'dist3_17', 'dist7_8', 't4_7_8', 'dist16_17', 'dist3_12', 'dist5_14', 'dist6_9', 'ang1_3_5', 'ang4_3_5', 'ang2_4_5', 'ang7_6_10']",random_forest,21.738797206700443,12.903878747913577,9.037893555822022,1948,20,pca
anton,frida,False,"['dist11_14', 't13_14_15', 'dist7_15', 'dist2_12', 'dist4_11', 'dist11_16', 'dist4_10', 'dist10_11', 'dist12_14', 'dist6_11', 'dist3_8', 'dist3_11', 'dist5_14', 'dist7_17', 'dist9_11', 'dist13_15', 'ang6_4_10', 'dist7_8', 'ang1_4_3', 'ang6_10_4']",random_forest,8.994746156985501,8.422380498498036,9.405576541844592,1949,20,pca
anton,fousek,False,"['dist14_16', 'ang1_3_4', 't3_4_5', 'dist2_9', 'dist3_8', 'dist9_11', 'dist11_17', 'dist2_17', 'dist3_5', 'dist7_15', 'dist7_12', 'ang1_2_5', 'ang3_4_3', 'dist9_13', 'dist2_7', 'ang7_6_10', 't5_8_9', 'dist1_13', 'dist2_8', 'dist7_11']",random_forest,12.947968208586785,11.770641474896246,6.108570836769349,1950,20,pca
anton,fousek,False,"['dist5_7', 'dist2_3', 'dist5_9', 'ang6_10_4', 'dist10_15', 'dist7_10', 't2_4_7', 'dist4_7', 't4_7_8', 'dist15_17', 'dist4_6', 'dist7_15', 't5_8_9', 't13_14_15', 't6_7_17', 'dist4_13', 'dist2_9', 't2_4_5', 'dist4_12', 'dist4_10']",random_forest,16.066182753848327,8.828391643783874,7.520592824414118,1951,20,pca
anton,esta,False,"['dist4_10', 'dist11_14', 'ang4_3_5', 'ang3_4_3', 't4_5_8', 't2_4_8', 'dist1_12', 'dist3_12', 'ang2_4_5', 'ang5_3_4', 'dist2_12', 'dist4_9', 'dist1_15', 'dist3_6', 'dist3_7', 'dist3_17', 'dist4_11', 'dist4_12', 'dist11_16', 'dist12_13']",random_forest,33.69860879394286,16.861731592164375,16.871926174342093,1952,20,pca
anton,esta,False,"['ang4_2_4', 'dist11_14', 'ang1_4_5', 't3_5_10', 'dist2_13', 'dist12_13', 'dist7_12', 'dist14_15', 'dist9_16', 'dist11_15', 'dist1_12', 'dist4_17', 'ang5_1_4', 'dist3_12', 'dist4_10', 'dist4_8', 'dist10_16', 'dist16_17', 't3_4_16', 'dist4_11']",random_forest,11.557324960848742,5.748109352671834,7.468958612116441,1953,20,pca
anton,cibak,False,"['ang2_4_5', 'dist1_8', 'ang3_4_3', 'dist3_16', 'ang5_3_4', 'dist10_12', 'dist8_14', 'dist6_9', 't2_3_5', 'ang4_9_5', 't2_4_5', 'dist2_3', 'ang5_1_4', 'dist7_13', 'dist1_4', 'ang3_4_5', 'ang1_3_4', 'dist14_16', 'ang1_4_3', 'ang4_3_5']",random_forest,24.351769350771768,17.325378385077652,9.310384372675726,1954,20,pca
anton,cibak,False,"['dist8_16', 'dist6_9', 'dist8_14', 'dist9_17', 'ang2_4_5', 'dist9_10', 'dist4_8', 'dist2_8', 't1_2_7', 'dist1_4', 't7_8_17', 'dist2_9', 'dist5_8', 'dist7_8', 'dist6_10', 'dist7_13', 'dist3_8', 'dist4_7', 'dist12_17', 'dist8_10']",random_forest,7.682638149032208,9.810546082288264,2.5462055836244724,1955,20,pca
anton,vladimir,False,"['dist2_11', 'dist8_15', 'dist2_6', 'dist15_17', 'ang6_10_4', 'dist2_8', 'dist2_12', 'dist6_15', 'dist11_14', 'dist3_14', 'dist7_16', 'dist1_7', 'dist1_8', 'dist2_9', 'dist5_7', 'dist11_16', 'dist16_17', 'ang1_3_5', 't3_4_5', 'dist4_6']",random_forest,12.570623267115684,7.595448367044082,5.76261927627707,1956,20,pca
anton,vladimir,False,"['t6_7_17', 't6_7_9', 'dist6_8', 'dist5_9', 'dist1_7', 'dist6_7', 'dist6_17', 'dist1_13', 'dist1_9', 'dist7_10', 'dist10_11', 't7_8_17', 'dist8_17', 'dist13_17', 't1_2_7', 't7_8_16', 'dist9_15', 'dist15_16', 'dist9_13', 'dist7_17']",random_forest,1.8361423943480542,1.9646100095034438,0.5640024742860246,1957,20,pca
anton,ecki,False,"['ang1_3_4', 'ang1_3_5', 'dist12_15', 'dist5_10', 'ang1_2_5', 'ang1_4_3', 'ang4_9_5', 'dist5_6', 'ang5_3_4', 'ang1_4_5', 'dist1_13', 'dist13_14', 'ang3_1_5', 'ang5_1_4', 'dist1_4', 'dist1_9', 'ang2_1_5', 't13_14_16', 'ang3_2_5', 'ang3_1_4']",random_forest,36.50291532423696,9.054811706226573,36.4793975628107,1958,20,pca
anton,ecki,False,"['ang3_1_4', 'ang1_3_4', 'ang1_4_3', 'ang1_3_5', 'ang2_3_4', 'ang1_2_5', 'dist1_2', 'dist5_6', 'dist6_15', 'dist11_12', 'dist13_14', 'ang2_4_3', 'ang3_2_5', 'ang4_9_5', 'dist5_14', 'dist4_14', 'dist6_13', 'ang2_1_5', 'dist6_9', 'ang3_1_5']",random_forest,46.18134917737266,3.6683707625502118,42.525999569797825,1959,20,pca
vladimir,zanetka,False,"['dist1_8', 'dist12_15', 't2_4_8', 't3_5_10', 'dist1_3', 'dist1_4', 'dist1_5', 'dist1_15', 'dist1_16', 'dist2_3', 'dist2_4', 'dist2_9', 'dist2_14', 'dist4_9', 'dist4_10', 'dist4_11', 'dist5_14', 'dist7_14', 'dist13_14', 'dist14_16']",random_forest,7.695013148866094,2.719323538830076,5.152054691772629,1960,20,pca
vladimir,zanetka,False,"['dist1_8', 'dist12_15', 't3_5_10', 'dist1_4', 'dist1_15', 'dist1_16', 'dist2_3', 'dist2_4', 'dist2_9', 'dist2_14', 'dist3_10', 'dist4_10', 'dist4_11', 'dist5_12', 'dist5_14', 'dist13_16', 'dist16_17', 't2_4_8', 't13_14_17', 't12_15_17']",random_forest,11.564117583524695,3.4209301055362595,8.641978827811304,1961,20,pca
vladimir,zewe,False,"['dist1_8', 'dist2_8', 'dist4_10', 'dist13_14', 't2_4_8', 't3_5_10', 'dist2_14', 'dist3_10', 'dist4_9', 'dist12_15', 't2_4_5', 't2_5_10', 'dist1_4', 'dist1_5', 'dist1_10', 'dist1_16', 'dist2_3', 'dist2_4', 'dist2_9', 'dist4_13']",random_forest,9.700657204478212,4.2650118829271175,5.569770648479533,1962,20,pca
vladimir,zewe,False,"['t3_5_10', 'dist1_4', 'dist2_8', 't2_5_10', 'dist2_3', 'dist2_4', 'dist3_8', 'dist3_10', 'ang2_1_5', 'ang2_7_5', 't2_4_8', 'dist1_8', 'dist2_7', 'dist2_9', 'dist3_9', 'dist4_8', 'dist4_9', 'dist4_13', 'dist10_15', 'ang6_10_4']",random_forest,27.041449908807085,16.928340341609143,11.608271530255758,1963,20,pca
ecki,zanetka,False,"['dist2_11', 't2_4_7', 'dist1_8', 'dist2_4', 'dist2_14', 'dist4_12', 'dist5_16', 'dist9_15', 'dist10_15', 'dist12_15', 't3_7_16', 't4_7_8', 't8_9_17', 't3_4_5', 't3_5_10', 't13_14_17', 't13_14_16', 'dist1_3', 'dist1_4', 'dist1_12']",random_forest,12.878023890484501,3.9248972342311417,9.349748377214576,1964,20,pca
ecki,zanetka,False,"['dist2_11', 't2_4_8', 'dist1_4', 'dist2_4', 'dist3_7', 'dist4_12', 'dist5_9', 'dist5_14', 'dist5_16', 'dist9_15', 'dist10_15', 'dist12_15', 'ang1_2_5', 'ang3_1_4', 't4_7_8', 't8_9_17', 't2_4_5', 't13_14_17', 't13_14_16', 'dist1_3']",random_forest,17.57310799139078,14.487294813985166,8.315088648490553,1965,20,pca
ecki,sam,False,"['dist5_10', 'dist6_17', 'ang1_3_4', 't4_7_8', 't6_7_17', 'dist5_12', 'dist5_14', 'dist6_8', 'dist16_17', 'ang3_4_3', 't7_8_16', 'dist1_4', 'dist4_14', 'dist5_6', 'dist6_9', 'dist7_14', 'dist12_15', 'ang1_3_5', 'ang3_1_4', 'ang1_2_4']",random_forest,41.16164531213037,32.34343607309961,9.445038376481175,1966,20,pca
ecki,sam,False,"['dist1_8', 'ang3_1_4', 'ang3_2_5', 'ang1_3_4', 'ang1_4_3', 'ang3_4_3', 'dist11_15', 'dist1_4', 'dist3_13', 'ang2_3_4', 'ang2_1_4', 'dist1_15', 'dist2_4', 'dist3_16', 'dist4_13', 'dist5_7', 'dist7_16', 'dist12_15', 'dist16_17', 'ang2_4_3']",random_forest,44.01531141478496,41.13605795317296,3.118887794902084,1967,20,pca
ecki,rosie,False,"['dist1_8', 'dist1_4', 'dist1_15', 'ang4_3_5', 't3_7_16', 't4_5_8', 'dist1_16', 'dist2_3', 'dist3_13', 'dist4_8', 'dist4_12', 'dist4_14', 'dist7_12', 'dist12_15', 'dist13_14', 'dist13_17', 'ang3_1_4', 'ang3_4_3', 'ang4_9_5', 't2_3_7']",random_forest,34.558404824051884,20.72027059812037,13.85584090763184,1968,20,pca
ecki,rosie,False,"['dist1_8', 'dist1_4', 'dist2_13', 'dist12_15', 'dist13_14', 'ang3_4_3', 't7_8_16', 't12_15_17', 'dist1_15', 'dist2_8', 'dist4_11', 'dist4_12', 'dist5_12', 'dist7_15', 'dist7_16', 'dist8_12', 'dist9_12', 'ang1_2_5', 'ang3_1_4', 'ang1_3_4']",random_forest,32.332492942404414,29.936576794036814,3.035610009525042,1969,20,pca
ecki,otella,False,"['dist9_12', 'ang1_3_4', 'dist1_8', 'dist1_16', 'dist6_9', 'dist6_8', 'dist1_9', 'dist1_4', 'dist4_12', 'dist5_15', 'dist7_9', 'dist7_10', 'dist11_17', 'ang1_3_5', 'ang3_2_4', 'ang2_3_4', 'ang1_4_3', 'ang3_4_3', 't8_9_17', 'dist1_2']",random_forest,40.69314636864124,40.35301008013076,2.2663687157219226,1970,20,pca
ecki,otella,False,"['dist1_8', 'dist2_11', 'dist6_8', 'dist9_12', 'ang1_4_3', 't12_15_17', 'dist1_15', 'dist2_4', 'dist4_11', 'dist4_12', 'dist5_7', 'dist5_12', 'dist5_15', 'dist6_9', 'dist6_15', 'dist7_9', 'dist7_12', 'dist7_15', 'dist9_15', 'dist11_16']",random_forest,12.605630513779941,14.41752286011345,5.215769449892014,1971,20,pca
ecki,japet,False,"['dist5_14', 'dist5_16', 'ang3_1_4', 't2_3_5', 't3_4_5', 'dist8_14', 'ang2_1_5', 'ang3_2_5', 'ang1_3_5', 'ang1_3_4', 'ang2_3_4', 'ang3_4_3', 'dist1_13', 'dist1_16', 'dist3_5', 'dist3_17', 'dist4_14', 'ang2_3_5', 'ang4_3_5', 'ang2_1_4']",random_forest,59.81124315600639,43.868424617688206,16.0955600155408,1972,20,pca
ecki,japet,False,"['dist5_14', 'dist5_16', 'ang3_1_4', 'ang2_3_4', 'ang1_4_3', 't3_4_5', 'ang3_4_3', 'ang2_1_5', 'ang1_2_5', 'ang1_3_5', 't2_3_5', 't2_4_5', 'dist2_6', 'dist3_5', 'dist3_9', 'dist3_14', 'ang3_2_5', 'ang2_1_4', 'ang1_2_4', 'ang1_3_4']",random_forest,57.42535999726826,45.51440778834866,12.05320952002756,1973,20,pca
ecki,nuernberg_2,False,"['dist7_9', 'dist1_4', 'ang2_3_4', 'dist1_3', 'dist7_10', 'dist7_17', 'dist1_16', 't7_8_9', 'dist1_8', 'dist4_14', 'dist13_16', 'ang1_2_4', 'ang1_4_3', 'ang3_4_3', 't4_7_8', 'dist4_7', 'dist5_12', 'dist7_15', 'dist1_2', 'dist1_10']",random_forest,32.17470031716429,30.916966111961923,4.578270282498099,1974,20,pca
ecki,nuernberg_2,False,"['dist1_16', 'ang1_3_4', 'ang2_3_4', 'ang1_4_3', 'dist7_9', 'ang3_2_5', 'ang3_4_3', 't4_7_8', 'dist14_16', 'dist16_17', 'dist3_16', 'dist4_12', 'dist5_6', 'dist5_10', 'dist6_8', 'dist6_13', 'ang3_2_4', 'ang2_4_3', 'dist3_5', 'dist5_12']",random_forest,45.56661910495163,42.96832793956432,2.75378816862625,1975,20,pca
ecki,neznamy,False,"['dist5_14', 'ang1_2_5', 'ang2_3_4', 'ang1_4_3', 'dist13_14', 'ang3_1_4', 'ang3_4_3', 'ang2_1_5', 'ang3_2_5', 'ang1_3_4', 'ang4_9_5', 'dist3_5', 'dist3_8', 'dist6_10', 'dist6_13', 'ang1_3_5', 'ang2_7_5', 't3_4_5', 'dist1_4', 'dist5_10']",random_forest,54.99521205608242,51.43451272309479,3.7009209026511085,1976,20,pca
ecki,neznamy,False,"['ang3_1_4', 'ang1_3_4', 'ang1_2_5', 'ang4_9_5', 'ang3_2_5', 'dist5_12', 'dist5_14', 'dist13_14', 'ang2_3_5', 'dist1_4', 'dist3_5', 'dist4_13', 'dist9_12', 'dist12_15', 'ang2_1_5', 'ang3_1_5', 'ang4_2_5', 'ang1_3_5', 'ang2_3_4', 'ang1_4_3']",random_forest,55.932977031779515,46.78589211371237,9.21371598596235,1977,20,pca
ecki,nokia,False,"['dist5_14', 'dist11_15', 'ang1_2_5', 'ang4_9_5', 'dist4_9', 'dist16_17', 'ang2_4_5', 'ang1_3_4', 'ang2_3_4', 'ang1_4_3', 'ang3_4_3', 'dist1_13', 'dist1_16', 'dist3_5', 'dist4_8', 'dist4_10', 'ang2_1_5', 'ang1_3_5', 'ang4_3_5', 'ang3_1_4']",random_forest,64.46769930807291,42.655797819436025,23.12890410362799,1978,20,pca
ecki,nokia,False,"['dist5_14', 'ang2_4_5', 'dist4_10', 'dist5_6', 'ang3_1_4', 'ang1_2_4', 'ang1_3_4', 'ang1_4_3', 'ang4_9_5', 't4_7_8', 'dist1_4', 'dist4_9', 'dist6_16', 'dist6_17', 'dist11_15', 'ang2_1_5', 'ang1_3_5', 'ang2_3_4', 'ang3_4_3', 't5_8_9']",random_forest,58.01120635726716,44.034256703038245,16.70564126935426,1979,20,pca
ecki,noel,False,"['dist5_6', 'dist6_8', 'dist13_14', 'ang1_3_5', 'ang2_3_4', 'dist1_8', 'dist6_9', 'dist6_10', 'ang1_2_5', 'ang1_3_4', 'ang1_4_3', 'ang5_3_4', 'dist1_4', 'dist2_4', 'dist5_7', 'dist7_8', 'dist7_9', 'dist12_15', 'ang3_2_5', 'ang3_1_4']",random_forest,55.448926876130315,40.174893136021254,15.347665166160818,1980,20,pca
ecki,noel,False,"['dist8_14', 'dist3_8', 'ang1_4_3', 'dist3_17', 'dist7_9', 'ang2_3_4', 'dist3_7', 'dist1_5', 'ang3_2_5', 't2_3_7', 'dist1_13', 'dist3_16', 'dist5_7', 'dist6_13', 'dist7_8', 'dist12_15', 'ang1_3_5', 'ang3_2_4', 'ang1_3_4', 't3_7_16']",random_forest,56.260903265521485,37.2818077655915,18.992505425277496,1981,20,pca
ecki,matysek,False,"['dist4_11', 'dist8_10', 'dist1_8', 'dist1_11', 'dist2_11', 'dist2_13', 'dist2_15', 'dist3_6', 'dist3_12', 'dist4_7', 'dist4_12', 'dist5_10', 'dist5_15', 'dist6_11', 'dist7_12', 'dist7_16', 'dist9_10', 'dist11_13', 'dist11_16', 'dist12_14']",random_forest,3.4728238394279987,2.510384235041199,1.0082975435602477,1982,20,pca
ecki,matysek,False,"['dist15_17', 'dist5_10', 'dist8_15', 'dist4_7', 'ang2_7_5', 'dist11_15', 'dist1_15', 'dist4_16', 'dist1_8', 'dist4_11', 'dist7_14', 'dist12_17', 'ang1_2_5', 'ang1_3_4', 'ang2_3_4', 'ang1_4_3', 'ang2_4_3', 'ang4_9_5', 't5_8_9', 'dist2_13']",random_forest,49.564834748865756,44.39055426424718,11.690574263703619,1983,20,pca
ecki,lucka,False,"['dist1_8', 'dist2_14', 'dist5_16', 't5_8_9', 'dist1_3', 'dist1_4', 'dist2_4', 'dist2_11', 'dist5_7', 'dist5_9', 'dist5_14', 'dist6_16', 'dist6_17', 'dist9_15', 'dist10_15', 'dist12_15', 'dist13_14', 'dist15_17', 'ang3_1_4', 'ang3_4_3']",random_forest,12.52000996436072,17.09546254160244,4.595049406492544,1984,20,pca
ecki,lucka,False,"['dist1_8', 'dist6_17', 't2_4_7', 'dist1_3', 'dist1_4', 'dist1_15', 'dist2_4', 'dist2_11', 'dist2_14', 'dist5_9', 'dist5_16', 'dist7_9', 'dist9_15', 'dist10_15', 'dist12_15', 'dist15_17', 'ang3_1_4', 'ang1_3_4', 'ang3_4_3', 't4_7_8']",random_forest,23.94383287745867,27.12260551389346,3.2285282089268224,1985,20,pca
ecki,nuernberg_1,False,"['dist5_14', 'dist6_9', 'dist6_17', 'ang6_10_4', 'dist1_8', 'dist2_14', 'dist5_16', 'dist7_9', 'dist7_10', 'dist7_15', 'dist8_9', 'dist8_14', 'dist9_15', 'dist11_15', 'dist12_15', 'ang3_2_5', 'ang1_3_5', 'ang3_1_4', 'ang1_3_4', 'ang2_3_4']",random_forest,44.731823017934154,35.816110265070904,10.74229150969154,1986,20,pca
ecki,nuernberg_1,False,"['dist6_17', 'ang1_3_4', 'dist1_8', 'dist5_7', 'dist12_15', 'dist13_14', 'ang1_2_5', 't12_15_17', 'dist3_5', 'dist1_4', 'dist5_6', 'dist5_12', 'dist6_8', 'dist6_16', 'dist7_16', 'dist11_15', 'dist11_16', 'dist16_17', 'ang3_1_4', 'ang2_3_4']",random_forest,39.39142608481843,35.14811833686666,4.252209815507411,1987,20,pca
ecki,leni,False,"['ang3_1_4', 'dist5_14', 'dist8_14', 'dist3_17', 'dist6_9', 'dist12_16', 'ang1_3_4', 'ang2_3_4', 'dist1_15', 'dist3_5', 'dist3_16', 'dist5_12', 'dist6_11', 'dist9_11', 'dist9_12', 'dist12_17', 'dist13_17', 'dist14_16', 'ang4_1_5', 'ang1_3_5']",random_forest,34.640609658327094,33.48126380312425,4.106446541812957,1988,20,pca
ecki,leni,False,"['dist3_5', 'ang1_4_3', 'dist6_13', 'dist7_13', 'dist8_14', 'ang1_2_5', 'ang3_1_4', 't3_5_10', 'ang3_2_5', 'dist2_9', 'dist3_8', 'dist3_9', 'dist3_10', 'dist3_17', 'dist4_14', 'dist5_9', 'dist5_12', 'dist5_17', 'ang2_1_5', 'ang4_1_5']",random_forest,31.246636963921276,26.704629914012695,5.712621930797978,1989,20,pca
ecki,innsbruck_1,False,"['dist9_10', 'dist2_8', 'dist2_14', 'dist3_5', 'dist3_10', 't3_5_10', 'dist2_9', 'dist3_8', 'dist6_9', 'dist7_13', 'dist8_14', 'dist10_15', 'dist13_17', 'dist14_16', 'ang2_1_5', 'ang1_2_5', 'ang1_3_5', 'ang1_3_4', 'ang2_3_4', 'ang1_4_3']",random_forest,52.20720889394074,40.53989451778325,14.249187899945627,1990,20,pca
ecki,innsbruck_1,False,"['dist5_14', 'ang6_10_4', 't3_4_5', 'dist8_14', 'ang1_3_5', 'dist2_7', 'dist3_17', 'ang2_1_5', 'ang1_2_5', 'ang2_3_4', 'ang1_4_3', 'dist1_13', 'dist2_3', 'dist3_5', 'dist3_9', 'dist3_10', 'dist5_16', 'dist6_9', 'dist7_9', 'dist9_10']",random_forest,47.63488549820315,34.31159838149417,17.692543490531325,1991,20,pca
ecki,shorfy,False,"['dist1_8', 'dist2_11', 'dist1_16', 'dist2_7', 'dist2_8', 'dist2_9', 'dist3_6', 'dist3_10', 'dist5_6', 'dist6_17', 'dist8_9', 'dist9_16', 'dist10_16', 'dist11_16', 'dist12_15', 'dist12_16', 'dist13_14', 'ang2_3_4', 'ang3_4_3', 't6_7_9']",random_forest,27.225298368778294,28.774872386173453,2.332087154472433,1992,20,pca
ecki,shorfy,False,"['dist2_8', 'dist4_12', 'dist6_10', 'dist8_10', 'dist9_10', 'dist4_10', 'dist1_8', 'dist2_9', 'dist2_11', 'dist4_13', 'dist5_6', 'dist6_9', 'dist6_15', 'dist6_17', 'dist7_10', 'dist7_12', 'dist12_14', 'ang3_1_4', 'ang2_3_4', 'ang3_4_3']",random_forest,25.95666115135575,27.45646941507261,2.8416399056109443,1993,20,pca
ecki,paulinchen,False,"['dist5_9', 'ang3_1_4', 'ang1_3_4', 'ang1_4_3', 'ang3_4_3', 't4_5_8', 't5_8_9', 'dist4_7', 'dist4_10', 'dist5_8', 'dist5_10', 'dist5_12', 'dist5_17', 'dist7_15', 'dist8_15', 'dist10_15', 'dist14_17', 'ang4_3_5', 't4_7_8', 't7_8_16']",random_forest,23.447647266017814,29.748546681309403,6.341325096238236,1994,20,pca
ecki,paulinchen,False,"['ang3_1_4', 'dist8_15', 'ang1_3_4', 'ang2_3_4', 'dist15_17', 'ang2_1_4', 'ang3_4_3', 't13_14_15', 'ang2_7_5', 'dist9_15', 'ang4_9_5', 'dist4_12', 'dist5_7', 'dist10_15', 'dist13_14', 'ang2_1_5', 'dist4_7', 't2_4_7', 'dist1_4', 'ang3_4_5']",random_forest,44.715133869462896,45.877228267654864,7.507976705721944,1995,20,pca
ecki,mette,False,"['dist1_8', 'dist1_4', 'dist3_6', 't3_7_16', 'dist1_16', 'dist2_11', 'dist4_12', 'dist6_17', 'dist7_10', 'dist7_12', 'dist11_16', 'dist12_16', 't6_7_9', 't8_9_17', 't2_5_6', 't3_5_10', 't13_14_17', 'dist1_3', 'dist1_9', 'dist2_7']",random_forest,9.776120423649632,5.218395878975075,4.690856879229386,1996,20,pca
ecki,mette,False,"['dist1_4', 'dist1_3', 'dist1_8', 'dist1_15', 'dist1_16', 'dist2_4', 'dist3_6', 'dist3_7', 'dist4_12', 'dist5_12', 'dist7_12', 'dist12_15', 'dist16_17', 'ang3_1_4', 'ang1_3_4', 't3_7_16', 't4_5_8', 't8_9_17', 't2_4_5', 't13_14_17']",random_forest,14.779621524604204,21.332955237222272,9.399472908112175,1997,20,pca
ecki,zewe,False,"['t3_5_10', 'dist1_4', 'dist5_16', 'dist12_15', 'ang2_3_4', 'ang3_4_3', 'dist1_3', 'dist1_5', 'dist2_4', 'dist4_9', 'dist4_10', 'dist4_12', 'dist4_13', 'dist4_16', 'dist5_6', 'dist5_14', 'dist10_16', 'dist13_14', 'ang1_3_4', 't4_7_8']",random_forest,34.20551957380518,34.07408419734775,3.609293992428631,1998,20,pca
ecki,zewe,False,"['dist1_8', 'dist6_17', 't8_9_17', 't2_4_8', 'dist1_3', 'dist1_4', 'dist2_4', 'dist2_11', 'dist2_14', 'dist4_8', 'dist4_10', 'dist11_16', 'dist12_15', 'ang2_4_5', 'ang3_1_4', 'ang1_3_4', 'ang2_3_4', 'ang3_4_3', 't7_8_16', 't2_4_5']",random_forest,51.254878041004346,34.394679002753755,21.329278255831458,1999,20,pca
ecki,gesa,False,"['dist2_11', 'dist1_3', 'dist1_4', 'dist1_8', 'dist1_16', 'dist3_6', 'dist3_15', 'dist4_12', 'dist9_15', 'dist12_13', 'dist12_17', 'ang2_4_5', 'ang1_2_4', 'ang2_3_4', 'ang3_4_3', 't8_9_17', 't13_14_17', 'dist1_12', 'dist1_15', 'dist2_3']",random_forest,30.1828074884975,28.628272112280573,7.041488517589723,2000,20,pca
ecki,gesa,False,"['dist1_8', 'dist2_11', 'dist3_10', 'dist1_4', 'dist2_4', 'dist3_6', 'dist4_12', 'dist9_15', 'dist10_15', 'ang1_2_4', 'ang3_4_3', 't3_7_16', 't8_9_17', 't2_4_7', 't13_14_17', 'dist1_3', 'dist1_9', 'dist1_12', 'dist1_16', 'dist2_3']",random_forest,24.311842344421862,19.735876358917267,4.59890245462081,2001,20,pca
ecki,frida,False,"['dist13_14', 'dist1_8', 'dist1_2', 't13_14_17', 'dist1_3', 'dist1_5', 'dist1_16', 'dist4_9', 'dist12_15', 'ang4_9_5', 'dist1_4', 'dist1_7', 'dist5_8', 'dist5_16', 'dist12_16', 'ang4_1_5', 'ang4_3_5', 'ang3_1_4', 't12_15_17', 'dist4_12']",random_forest,16.62938942205155,14.228995516989073,4.479438403479926,2002,20,pca
ecki,frida,False,"['dist1_4', 'dist1_16', 'dist4_9', 'dist6_11', 'dist11_14', 'ang2_1_5', 't6_10_11', 't12_15_17', 'dist1_2', 'dist3_12', 'dist4_11', 'dist4_12', 'dist4_13', 'dist5_10', 'dist6_15', 'dist6_16', 'dist8_12', 'dist12_14', 'dist12_15', 'dist12_16']",random_forest,17.143803379128737,15.995945838436251,1.174518462781546,2003,20,pca
ecki,fousek,False,"['dist5_14', 'dist3_5', 'ang1_4_3', 't3_4_5', 'dist15_17', 'dist8_15', 'ang1_2_4', 'ang1_3_4', 'dist5_10', 'ang3_4_3', 'dist2_17', 'dist7_14', 'dist8_12', 'dist9_10', 'dist9_11', 'ang2_1_5', 'ang1_3_5', 'ang3_1_4', 't5_8_9', 'dist5_15']",random_forest,41.7470799362922,35.25832340771584,8.431420962251893,2004,20,pca
ecki,fousek,False,"['ang3_1_4', 'dist5_14', 't3_4_5', 'dist3_5', 'dist8_15', 'dist15_17', 'ang4_3_5', 'ang1_2_4', 'ang1_3_4', 'ang1_4_3', 'ang3_4_3', 'dist2_9', 'dist3_8', 'dist3_16', 'dist4_5', 'dist5_12', 'dist6_9', 'ang3_4_5', 'ang2_7_5', 't12_15_17']",random_forest,43.512987137196255,43.355845441597445,0.883203132765404,2005,20,pca
ecki,esta,False,"['ang3_1_4', 'ang1_3_4', 'dist4_10', 'ang1_4_3', 'dist4_11', 'ang1_2_4', 'ang2_3_4', 'ang5_3_4', 't7_8_16', 'dist10_16', 'ang2_4_5', 'ang3_4_3', 'dist4_9', 'ang4_3_5', 'ang2_1_4', 't4_7_8', 't1_6_7', 'dist4_7', 'dist12_17', 'dist1_16']",random_forest,49.346773401348266,42.193525005717426,16.396119012274784,2006,20,pca
ecki,esta,False,"['ang3_1_4', 'dist13_14', 'ang1_3_4', 'dist1_5', 'dist4_10', 'ang2_1_5', 'ang1_3_5', 'ang2_3_4', 'ang5_3_4', 't4_7_8', 'dist1_2', 'dist4_13', 'dist4_14', 'dist5_10', 'dist12_15', 'ang1_2_5', 'ang2_1_4', 'ang1_2_4', 'ang1_4_3', 'ang2_4_3']",random_forest,42.96511865568753,43.354024870563784,2.913140989840425,2007,20,pca
ecki,vladimir,False,"['dist5_14', 'dist15_17', 'dist3_8', 'dist12_17', 'dist16_17', 'ang3_1_4', 'ang1_3_4', 't7_8_16', 't3_4_5', 'dist2_11', 'dist3_5', 'dist4_14', 'dist5_9', 'dist5_15', 'dist5_17', 'dist6_8', 'dist6_9', 'dist6_17', 'dist7_15', 'dist9_15']",random_forest,16.39699473434027,22.961793040719698,6.87949578117073,2008,20,pca
ecki,vladimir,False,"['ang1_3_4', 'dist5_17', 'dist11_17', 'ang2_3_4', 'dist5_12', 'dist8_15', 'ang2_1_4', 'ang2_7_5', 't5_9_10', 't2_4_5', 'dist2_11', 'dist3_8', 'dist4_11', 'dist4_14', 'dist5_6', 'dist5_9', 'dist5_14', 'dist5_15', 'dist6_15', 'dist7_12']",random_forest,46.95448914916625,37.92829237479912,13.787982494690592,2009,20,pca
sam,sam,True,"['ang1_4_3', 'dist5_14', 'ang3_2_5', 'ang1_3_4', 't3_5_10', 'ang3_1_4', 'ang2_3_4', 'dist3_8', 'ang1_3_5', 'dist3_16', 'dist1_3', 'dist1_13', 'dist2_13', 'dist10_15', 'ang3_2_4', 'ang2_4_3', 't1_6_7', 'dist4_12', 'dist1_12', 'dist1_6']",random_forest,27.455266173364652,26.956503607833053,0.5041875115770078,2010,20,pca
sam,sam,True,"['dist6_9', 't2_5_6', 'dist1_9', 'dist3_12', 'dist10_11', 'dist8_10', 't6_7_9', 't7_8_17', 'dist9_10', 't3_6_10', 'ang4_9_5', 'dist3_7', 'dist1_17', 'dist6_16', 'dist8_15', 'dist1_15', 'dist4_6', 'ang1_2_5', 't6_9_17', 'dist10_13']",random_forest,3.6380452687566907,4.215848752020349,2.9525814066426004,2011,20,pca
rosie,rosie,True,"['t4_5_8', 'dist7_10', 't7_8_9', 'dist14_16', 'dist6_16', 'dist8_14', 'dist2_7', 'dist7_9', 'dist5_17', 'dist4_7', 'dist14_17', 'dist1_2', 'dist2_6', 'dist2_11', 't3_5_10', 't2_3_7', 'dist5_9', 'dist2_15', 'dist5_7', 'dist5_10']",random_forest,2.852572362821596,4.768321933261528,1.9757644257399223,2012,20,pca
rosie,rosie,True,"['dist2_13', 't2_4_8', 'ang2_4_3', 't1_2_7', 'dist9_14', 'dist5_14', 'dist1_7', 'dist12_17', 'dist7_8', 'ang1_2_5', 'dist5_9', 'dist12_15', 'dist5_12', 'dist10_15', 'dist1_5', 'dist4_5', 'dist5_13', 't13_14_17', 'dist2_16', 't13_14_16']",random_forest,4.779096906053704,5.633230699477741,3.3934922573276385,2013,20,pca
otella,otella,True,"['dist10_11', 'ang4_2_4', 't3_5_10', 'ang2_1_4', 'dist5_10', 'dist4_14', 'ang6_4_10', 'ang4_9_5', 't1_2_7', 'ang6_9_10', 'dist2_13', 'dist13_15', 'dist14_15', 'dist8_15', 'dist1_2', 'dist2_8', 'dist10_12', 'dist10_14', 'dist15_17', 'dist2_14']",random_forest,4.704789207143942,4.2671644743889,2.7075088791670163,2014,20,pca
otella,otella,True,"['t7_8_17', 'dist7_8', 'dist5_17', 'dist11_15', 'dist2_16', 'dist1_16', 'dist1_13', 'dist9_12', 'dist11_12', 'dist7_17', 'dist1_8', 'dist5_6', 'dist9_14', 'ang2_1_4', 'ang2_1_5', 'dist9_16', 'dist10_14', 't7_8_9', 'ang1_2_5', 'dist1_15']",random_forest,2.1594039978581514,1.6007609323700163,1.2453670658197418,2015,20,pca
japet,japet,True,"['ang4_9_5', 'ang4_3_5', 'dist5_14', 'ang5_3_4', 'dist1_8', 't2_3_7', 'dist7_8', 'ang1_4_5', 'dist3_7', 'dist4_11', 'dist7_17', 'dist2_6', 'dist2_13', 'ang2_4_5', 'dist3_17', 'ang4_2_4', 'ang3_4_3', 'dist2_17', 't4_7_8', 'ang3_1_4']",random_forest,13.72464157741846,7.327816518566064,9.966646825816936,2016,20,pca
japet,japet,True,"['dist4_13', 'dist5_6', 'dist3_13', 'dist10_14', 'dist13_16', 't7_8_17', 'dist1_4', 'dist1_15', 'dist14_16', 'dist6_17', 'dist1_2', 't13_14_16', 'dist12_15', 'dist7_8', 'dist1_5', 'dist1_8', 'dist5_17', 'dist3_6', 'dist5_14', 't2_5_10']",random_forest,3.3567067842375793,5.492743139351353,2.5236353483849885,2017,20,pca
ducky,ducky,True,"['dist11_12', 'dist11_17', 'dist5_14', 'dist1_6', 'dist10_11', 'dist1_12', 'dist9_11', 'dist2_7', 'ang4_2_4', 'dist2_16', 'dist2_3', 'dist6_12', 'dist5_9', 'ang4_1_5', 't2_4_5', 'ang2_3_4', 'ang1_2_5', 'dist4_16', 'ang3_4_3', 't12_15_17']",random_forest,6.803338190657494,11.017127487533996,9.249435939732622,2018,20,pca
ducky,ducky,True,"['dist5_7', 'dist5_16', 't5_8_9', 'dist5_9', 'dist5_17', 'dist5_8', 't2_5_6', 'dist8_14', 'dist13_14', 'dist6_15', 'dist1_5', 'ang1_4_5', 't1_3_5', 't2_5_10', 'dist5_11', 'dist2_14', 't13_14_17', 't4_7_8', 't13_14_16', 'dist11_15']",random_forest,6.337673094442477,18.09450518690121,12.244170531612257,2019,20,pca
nuernberg_2,nuernberg_2,True,"['t2_5_9', 'dist3_5', 'dist1_4', 'dist2_8', 'dist7_10', 'dist2_14', 'dist1_2', 'dist5_6', 'dist1_13', 'ang2_1_5', 'ang6_10_4', 't2_4_5', 't2_3_5', 'dist6_10', 'dist3_6', 'ang2_1_4', 't3_4_5', 't13_14_16', 'dist3_17', 'dist1_15']",random_forest,7.046657106544128,8.239780226232904,1.5911070950666013,2020,20,pca
nuernberg_2,nuernberg_2,True,"['dist7_10', 'dist1_4', 'dist7_17', 'ang4_2_4', 'dist9_16', 'dist2_16', 'dist3_6', 'dist6_11', 'dist8_17', 't13_14_17', 'dist13_16', 'dist7_9', 'dist7_14', 'ang1_2_5', 'dist3_5', 'dist12_15', 'ang1_3_4', 'dist9_11', 'dist1_7', 'dist7_16']",random_forest,7.051606693009199,5.8171366420672594,3.160664619794301,2021,20,pca
nuernberg_1,nuernberg_1,True,"['dist3_7', 't2_3_7', 't3_7_16', 'dist13_17', 'ang2_7_5', 'dist3_13', 'dist5_14', 'ang1_2_5', 'dist13_16', 'dist3_17', 'dist2_13', 'dist1_8', 'dist2_7', 'ang7_6_10', 't13_14_17', 'dist3_4', 'dist7_13', 'ang3_1_4', 'dist16_17', 'dist3_14']",random_forest,10.459079586458525,4.992475778603194,10.877524714976671,2022,20,pca
nuernberg_1,nuernberg_1,True,"['ang3_2_4', 't4_5_8', 'dist1_16', 'dist7_10', 'dist1_9', 'dist8_9', 'dist2_9', 't8_9_17', 'ang6_10_4', 't7_8_9', 'dist9_11', 'dist9_14', 'dist11_15', 'dist9_16', 'dist1_13', 'dist7_8', 'dist9_15', 'dist1_12', 'ang3_2_5', 'ang1_4_3']",random_forest,3.543343712291096,9.713418613564203,6.226135857320666,2023,20,pca
leni,leni,True,"['dist1_13', 'dist4_9', 'dist5_14', 'ang7_6_10', 'dist1_4', 'ang1_3_5', 'ang6_10_4', 'ang2_4_5', 'dist1_10', 'ang3_1_5', 't12_13_15', 'dist9_16', 'ang4_1_5', 'dist6_8', 'dist6_12', 'ang1_4_3', 'dist8_12', 'dist10_16', 't2_3_7', 't6_7_17']",random_forest,14.1554836229697,6.908366542832576,17.14768372407057,2024,20,pca
leni,leni,True,"['dist1_8', 'dist8_15', 't2_5_9', 't1_3_5', 'dist2_8', 'dist8_13', 'dist2_16', 'dist1_7', 'dist13_17', 'dist3_8', 'dist8_16', 'dist9_15', 'dist6_10', 'dist11_13', 'dist12_15', 'ang3_4_3', 'dist3_5', 't7_8_17', 'dist3_9', 'dist14_16']",random_forest,4.44986601177804,8.73236160878692,6.642335035603074,2025,20,pca
innsbruck_1,innsbruck_1,True,"['dist6_13', 'dist4_7', 'dist1_4', 'dist9_12', 'dist1_15', 'dist13_17', 'dist2_12', 'dist8_9', 'dist3_13', 'ang1_3_4', 'dist2_11', 'dist5_8', 'dist13_16', 'dist4_16', 't8_9_17', 'dist1_6', 'dist1_5', 'dist3_9', 'dist7_17', 't13_14_16']",random_forest,4.802072310314287,7.7488030390463525,5.947927179208116,2026,20,pca
innsbruck_1,innsbruck_1,True,"['dist6_9', 'ang1_4_5', 'ang6_9_10', 'dist5_10', 'ang3_1_5', 't3_4_5', 'ang6_10_4', 't2_3_7', 'ang5_3_4', 't3_7_16', 'dist3_7', 'dist5_14', 'ang2_7_5', 'ang3_2_4', 'dist11_12', 'dist5_7', 'dist14_16', 'dist2_4', 'dist4_16', 'dist4_14']",random_forest,6.013457953303935,15.95258603866353,10.173920620034208,2027,20,pca
shorfy,shorfy,True,"['dist9_10', 'dist1_12', 'dist4_10', 'dist1_4', 'ang1_2_5', 'dist1_8', 'dist10_14', 'dist8_12', 't2_4_5', 't2_3_7', 'dist5_14', 't3_4_5', 'dist1_16', 'dist8_10', 'dist3_17', 'ang2_3_4', 'dist8_15', 'ang3_1_4', 'dist4_6', 'dist6_7']",random_forest,5.890891204539736,9.791059357959773,9.256608160337635,2028,20,pca
shorfy,shorfy,True,"['ang1_2_5', 'dist5_16', 't1_3_5', 'dist3_5', 'ang4_9_5', 'ang4_1_5', 'dist7_10', 't7_8_9', 'ang5_1_4', 't2_4_5', 'dist5_14', 't5_9_10', 'ang1_3_5', 'dist2_16', 'dist1_15', 'dist2_13', 't2_3_5', 'dist2_11', 'dist1_17', 'dist4_5']",random_forest,10.799232954705404,14.746311415940859,6.857236927465208,2029,20,pca
paulinchen,paulinchen,True,"['ang6_9_10', 'ang3_4_3', 'dist13_14', 'ang7_6_10', 'dist8_17', 't8_9_17', 'dist5_9', 'dist12_14', 'dist1_10', 'dist12_16', 'dist4_16', 'dist3_12', 'ang1_3_4', 'dist1_15', 'dist3_6', 'dist11_14', 'dist6_9', 'ang4_3_5', 't1_3_5', 'dist4_10']",random_forest,7.444276845257513,7.24032075998766,4.242085843021114,2030,20,pca
paulinchen,paulinchen,True,"['ang1_2_5', 'ang2_1_4', 't2_4_7', 'ang1_4_5', 'dist6_10', 'ang3_1_4', 'ang3_4_5', 'dist3_16', 't4_5_8', 't1_2_7', 'ang3_4_3', 'ang1_4_3', 'dist1_15', 'ang3_1_5', 'dist4_6', 't2_3_7', 'dist2_11', 'dist2_7', 'dist5_8', 'dist4_8']",random_forest,10.0444311350406,5.676617398417418,7.707674997666066,2031,20,pca
mette,mette,True,"['t2_5_10', 'ang1_3_4', 'dist1_15', 'dist4_14', 'dist5_14', 'dist11_15', 'dist2_6', 'dist4_9', 'dist4_13', 'dist15_16', 'dist2_17', 'ang1_3_5', 'dist1_10', 'dist13_16', 'dist6_13', 'dist6_15', 'dist9_10', 'dist1_13', 'ang6_4_10', 'dist2_10']",random_forest,12.679139580685424,6.309003315239403,18.98743728914502,2032,20,pca
mette,mette,True,"['t7_8_9', 'dist13_15', 'dist7_16', 'dist10_12', 'dist8_15', 'ang3_1_4', 'dist7_10', 't2_3_7', 'ang7_6_10', 'dist3_16', 'dist1_9', 't4_6_10', 't12_13_15', 'dist1_16', 'dist6_8', 'dist12_13', 'dist1_3', 'ang4_3_5', 't13_14_15', 'dist9_12']",random_forest,5.764876644783701,10.508821653199371,8.925057472318256,2033,20,pca
zewe,zewe,True,"['dist4_10', 'dist8_16', 'ang6_10_4', 'dist5_10', 'dist10_16', 'dist10_17', 'dist4_7', 't6_7_17', 't2_4_7', 'dist2_8', 'dist11_12', 'dist8_14', 'dist3_8', 'dist3_10', 'ang2_1_4', 'dist5_11', 'ang6_9_10', 'dist9_16', 'dist4_16', 'ang4_1_5']",random_forest,10.42505228918554,9.35885925950789,1.8615025956391573,2034,20,pca
zewe,zewe,True,"['dist3_5', 'dist2_11', 'ang2_7_5', 't3_4_5', 'ang4_9_5', 'dist1_6', 'dist7_12', 'ang1_3_5', 't7_8_16', 't4_7_8', 'dist1_13', 'dist4_16', 'ang2_4_3', 'dist3_4', 't2_3_5', 'dist3_7', 'dist5_14', 'dist7_8', 'dist9_16', 'ang4_3_5']",random_forest,16.50297566729901,2.9569958160856187,14.57359786863598,2035,20,pca
frida,frida,True,"['t3_5_10', 'dist8_14', 'dist4_10', 't6_7_17', 'dist9_14', 't2_5_6', 'dist10_16', 'dist6_17', 'dist3_8', 'dist9_10', 't3_6_10', 'dist1_5', 'dist3_17', 'dist3_10', 't2_5_10', 'dist9_11', 'ang3_4_3', 'ang3_1_5', 'ang2_3_4', 'dist10_14']",random_forest,9.043909287461348,12.510206427837284,17.860880377211643,2036,20,pca
frida,frida,True,"['dist14_16', 'dist7_8', 'ang7_6_10', 't3_4_5', 'dist11_12', 'dist11_15', 'dist15_17', 'dist8_15', 'dist1_16', 'ang4_3_5', 'dist1_8', 't2_3_7', 't4_7_8', 't5_8_9', 'dist4_10', 'dist12_15', 'dist8_9', 'dist5_6', 'dist5_9', 'dist1_17']",random_forest,6.3120246276940195,4.3070865684324895,2.20400676537425,2037,20,pca
anton,anton,True,"['dist7_15', 'dist7_12', 'dist1_11', 'dist4_13', 'dist2_12', 'dist1_12', 'dist7_11', 'dist12_17', 'dist12_13', 'dist4_11', 'dist15_16', 'dist6_15', 't6_10_11', 'dist4_12', 'dist10_11', 'dist2_11', 'dist6_12', 't12_15_17', 'dist8_16', 'dist14_16']",random_forest,4.784165127055729,1.3030683397156069,6.0508978804529,2038,20,pca
anton,anton,True,"['ang4_9_5', 'dist5_9', 'dist1_10', 'dist4_14', 'ang5_3_4', 'dist11_12', 'dist15_17', 'ang6_10_4', 'dist6_8', 'ang2_3_4', 'dist4_9', 'dist7_9', 'dist10_14', 'dist4_6', 'dist6_9', 'ang4_2_4', 'dist8_14', 'dist7_17', 'ang2_4_3', 'dist7_10']",random_forest,11.682557088969071,4.284166002964683,12.697639199835274,2039,20,pca
sam,shorfy,False,"['dist10_17', 't3_5_10', 'dist3_10', 'ang1_2_5', 'dist3_16', 'ang1_3_4', 'dist5_14', 'dist8_10', 'dist10_16', 'ang1_2_4', 'dist2_11', 't3_4_5', 'dist1_4', 't4_5_8', 'dist1_2', 'dist1_3', 'dist2_12', 'dist9_14', 'ang1_4_3', 't2_3_5']",random_forest,22.30997304178659,11.443595175725893,12.81458220369274,2040,20,pca
sam,shorfy,False,"['dist3_8', 'dist5_14', 'dist7_10', 'dist1_3', 'dist3_6', 'dist12_13', 't3_6_10', 'dist6_10', 'dist1_2', 'dist2_11', 'dist2_13', 'dist2_17', 'dist3_10', 'dist3_16', 'dist4_9', 'dist6_13', 'dist9_16', 'dist10_16', 'dist11_14', 'dist11_16']",random_forest,7.65432387772237,1.894814948233487,5.76215310172258,2041,20,pca
sam,zewe,False,"['ang6_10_4', 'dist1_3', 'dist7_12', 'dist1_4', 'dist4_9', 'dist8_12', 'dist9_16', 'dist11_14', 'dist4_11', 't2_4_8', 'dist6_12', 'dist9_10', 'dist9_13', 'dist12_17', 't1_3_5', 't3_4_5', 'dist3_10', 'dist6_15', 'dist11_17', 't12_15_17']",random_forest,19.01443390895981,12.359812106649859,7.10687643987513,2042,20,pca
sam,zewe,False,"['t3_5_10', 'dist4_10', 'dist1_4', 'dist8_10', 'dist9_10', 'dist11_14', 't2_4_8', 'dist10_16', 'dist3_10', 'dist4_9', 'dist4_11', 'dist8_9', 't8_9_17', 't2_5_10', 'dist1_3', 'dist2_11', 'dist3_15', 'dist4_12', 'dist9_14', 'dist12_17']",random_forest,5.967750809895835,2.012252238469462,4.123816272125346,2043,20,pca
sam,vladimir,False,"['dist1_6', 'dist13_14', 'dist1_5', 'dist10_11', 'dist5_14', 'dist1_2', 'dist1_8', 'ang6_9_10', 'dist6_11', 'dist1_4', 't2_4_8', 'dist11_15', 'ang6_4_10', 'dist5_15', 'dist9_15', 'dist1_10', 'dist12_15', 'dist8_15', 'ang1_2_5', 't2_4_5']",random_forest,23.78993966991343,12.932942331329874,10.88662622834771,2044,20,pca
sam,vladimir,False,"['dist1_8', 'dist2_16', 'ang6_9_10', 'dist1_17', 'dist2_8', 'dist2_17', 'dist2_9', 'dist8_16', 'dist13_16', 't2_4_5', 'dist1_9', 'dist5_15', 't7_8_16', 'dist4_13', 'dist8_13', 'dist9_13', 't3_4_5', 'dist5_12', 'dist10_14', 'dist8_15']",random_forest,18.52674901597654,7.450032731073454,11.164487353796908,2045,20,pca
rosie,sam,False,"['dist2_13', 't2_4_8', 'dist8_16', 'dist16_17', 't3_4_5', 't2_3_7', 't3_7_16', 'dist6_11', 'dist8_14', 'dist3_7', 'dist4_8', 'ang6_9_10', 'ang4_9_5', 'ang1_3_5', 'dist6_10', 'dist4_11', 'dist12_16', 'dist3_5', 't2_4_7', 'dist2_9']",random_forest,20.173986004035925,10.423478624925693,9.816220469428838,2046,20,pca
rosie,sam,False,"['dist3_7', 'dist3_8', 't2_3_7', 't3_7_16', 'dist8_14', 'dist12_13', 'ang1_3_5', 'ang4_9_5', 'dist1_3', 'dist3_9', 'dist4_8', 't2_4_8', 'dist2_3', 'dist2_9', 'dist3_17', 'dist4_9', 'dist4_10', 'dist14_17', 'dist16_17', 'ang1_4_3']",random_forest,20.144367865603872,10.711300486414123,10.731587137736684,2047,20,pca
rosie,shorfy,False,"['t6_7_17', 'ang1_2_5', 'dist3_5', 'dist3_7', 'dist2_15', 'dist4_16', 'dist2_17', 'dist7_12', 'dist11_14', 'dist2_12', 'dist5_16', 'dist2_6', 't6_7_9', 'dist8_10', 'dist12_17', 't3_5_10', 'dist7_13', 'dist11_17', 'dist6_10', 'dist3_10']",random_forest,11.44822409124093,3.267070306631342,11.531931356302316,2048,20,pca
rosie,shorfy,False,"['t6_7_17', 'dist10_11', 't2_3_7', 'dist12_17', 'dist4_9', 'dist8_12', 'dist3_16', 'dist4_8', 'dist1_11', 'dist9_11', 'dist10_17', 'dist7_12', 'dist7_13', 'dist3_7', 'dist5_6', 't6_7_9', 'dist7_11', 'dist7_15', 'dist9_10', 'dist12_16']",random_forest,2.4812865906458414,2.106369893493966,3.156645266666645,2049,20,pca
rosie,zewe,False,"['dist7_13', 'dist10_15', 'ang7_6_10', 'dist10_14', 'dist2_17', 'dist3_16', 'dist1_13', 'ang1_4_5', 'dist4_9', 'ang1_4_3', 'dist4_16', 'dist12_13', 'ang1_3_5', 't2_5_10', 'ang6_10_4', 'dist5_15', 'dist5_13', 'dist7_10', 't7_8_16', 'dist9_10']",random_forest,8.046793434885792,8.823994307500863,6.009403932906345,2050,20,pca
rosie,zewe,False,"['dist3_8', 'dist3_16', 'dist3_17', 'dist7_13', 'dist11_14', 'dist9_14', 'ang2_3_4', 'dist3_9', 'dist1_13', 'dist2_13', 'dist3_15', 'dist4_11', 't3_7_16', 'dist5_15', 'dist2_17', 'ang6_9_10', 't2_4_8', 'dist16_17', 'dist14_15', 'dist2_3']",random_forest,10.33911341006011,5.868056386445475,8.213973196620229,2051,20,pca
rosie,vladimir,False,"['dist8_15', 'dist8_16', 'dist5_14', 'dist15_17', 'dist3_8', 'dist1_4', 'ang2_4_5', 'dist4_8', 'dist2_3', 'dist2_7', 'dist2_9', 'dist12_15', 'dist13_16', 'ang1_4_5', 'dist2_8', 'dist1_3', 'ang4_3_5', 't1_2_7', 'dist4_13', 'dist1_8']",random_forest,22.894701106779248,14.576935885501452,9.053618791574438,2052,20,pca
rosie,vladimir,False,"['dist2_8', 't2_4_8', 'dist1_8', 'dist4_8', 'dist4_9', 'dist12_15', 'dist16_17', 't3_7_16', 'dist1_4', 'dist1_5', 'dist1_15', 'dist2_3', 'dist2_4', 'dist2_7', 'dist2_9', 'dist3_16', 'dist3_17', 'dist4_16', 'dist7_13', 'dist8_14']",random_forest,5.679063147392662,3.5858978909975137,2.1834008978728376,2053,20,pca
otella,sam,False,"['ang1_3_5', 'dist8_9', 'dist8_10', 'ang1_2_5', 'dist10_17', 'dist6_17', 'dist6_8', 'dist2_17', 'dist3_17', 't3_4_5', 'dist4_10', 't2_5_9', 'dist4_11', 'dist10_16', 'dist2_7', 'dist2_11', 'ang1_4_5', 'ang3_2_4', 'ang6_9_10', 'dist3_10']",random_forest,14.078032224155121,6.930394698249804,7.722350008067687,2054,20,pca
otella,sam,False,"['dist14_16', 't3_5_10', 'dist5_15', 'dist8_15', 'ang4_3_5', 't2_5_10', 'dist15_17', 'dist6_11', 't6_9_10', 'dist7_13', 'dist3_15', 'dist9_13', 'ang6_10_4', 'dist12_14', 'dist8_9', 'dist9_14', 'dist11_14', 't13_14_15', 'dist3_9', 't2_3_5']",random_forest,20.299990520013633,8.731841525558435,13.323227081336025,2055,20,pca
otella,rosie,False,"['ang1_3_5', 'ang1_4_5', 'dist4_9', 'dist9_11', 'dist5_14', 'ang2_7_5', 'dist3_17', 'dist3_8', 'dist3_7', 'dist8_14', 't2_4_8', 'dist5_17', 'dist3_6', 'dist6_13', 'dist8_16', 'dist11_17', 'dist9_14', 'dist15_17', 't3_5_7', 'dist8_15']",random_forest,16.987998397217865,5.919950935247298,12.882706910777596,2056,20,pca
otella,rosie,False,"['dist5_14', 'dist6_13', 'dist9_10', 'dist4_9', 't2_3_7', 'dist8_12', 'dist9_14', 'ang1_4_3', 'dist3_7', 'dist4_10', 'dist3_17', 'ang1_3_5', 't5_8_9', 'dist4_8', 'dist8_15', 'dist3_13', 'dist9_11', 'dist1_3', 'dist3_14', 'dist5_11']",random_forest,9.129803822721838,1.5995816643827072,7.78165887580744,2057,20,pca
otella,shorfy,False,"['dist5_14', 'ang1_2_5', 'ang5_1_4', 't4_5_8', 'ang6_4_10', 'ang5_3_4', 'dist3_8', 'ang1_3_5', 'ang3_4_5', 'ang4_2_4', 'ang3_2_5', 't2_4_8', 'ang3_4_3', 'ang4_1_5', 'dist2_3', 'dist5_9', 'dist5_16', 'ang2_1_5', 'dist5_7', 'ang4_9_5']",random_forest,20.498410168843225,9.819499075880039,14.444177881540334,2058,20,pca
otella,shorfy,False,"['dist5_14', 'ang4_2_4', 'ang1_2_5', 'ang4_2_5', 'ang5_1_4', 'ang4_1_5', 'ang1_3_5', 'ang1_4_3', 'dist5_9', 'ang1_2_4', 'ang5_3_4', 'ang3_2_5', 'ang2_3_5', 'ang1_3_4', 'dist1_3', 'ang1_4_5', 't6_7_17', 'dist2_14', 'dist7_8', 'dist13_14']",random_forest,24.999229347392106,9.706114759381759,18.844812460498133,2059,20,pca
otella,paulinchen,False,"['t2_4_5', 'dist4_11', 'dist5_6', 't1_3_5', 't2_4_8', 'dist1_4', 'dist1_8', 'dist6_10', 'dist12_15', 't2_5_9', 'dist2_8', 'dist2_9', 'dist2_16', 'dist6_15', 'dist9_12', 'dist12_14', 'dist12_16', 't2_4_7', 't2_5_6', 't3_6_10']",random_forest,8.925180653999977,8.46290463595203,1.8373117697258108,2060,20,pca
otella,paulinchen,False,"['dist7_12', 't2_4_5', 't2_5_9', 't1_6_7', 'dist2_16', 'dist9_12', 'dist13_14', 't2_4_8', 'dist12_17', 'dist6_10', 'dist2_3', 'dist2_4', 'dist2_9', 'dist3_5', 'dist4_14', 'dist5_16', 'dist9_13', 'ang6_4_10', 't6_9_17', 't1_3_5']",random_forest,7.988734280281924,6.579140456160529,1.5406509560623347,2061,20,pca
otella,zewe,False,"['dist6_10', 'dist6_11', 'ang6_4_10', 't12_15_17', 't6_10_11', 'dist5_15', 't8_9_17', 'dist12_17', 'dist15_17', 'dist9_10', 'dist1_4', 'dist4_14', 'dist9_15', 'dist9_11', 'dist9_12', 'ang2_4_5', 'ang6_10_4', 'dist7_10', 'dist3_15', 'dist8_15']",random_forest,16.52114649862619,9.755341400349796,11.893279796905635,2062,20,pca
otella,zewe,False,"['ang3_4_3', 't4_5_8', 't5_8_9', 'dist6_11', 'dist5_14', 'ang5_3_4', 'dist9_14', 'ang6_4_10', 'dist11_12', 'dist4_8', 't6_10_11', 'ang3_4_5', 'dist5_15', 'ang7_6_10', 'dist10_12', 'dist4_14', 'dist11_15', 'ang1_2_5', 'dist2_14', 'dist3_13']",random_forest,16.762647297283785,5.580201578046049,12.643417381024408,2063,20,pca
otella,vladimir,False,"['dist6_9', 'dist2_16', 't2_4_5', 'dist2_9', 't2_4_8', 'dist7_10', 'dist6_17', 'dist1_8', 'dist1_10', 'dist1_17', 'dist2_8', 'ang2_7_5', 'dist12_15', 'dist2_14', 'dist3_8', 'dist7_9', 'dist13_14', 'dist13_16', 't6_7_9', 't2_3_5']",random_forest,29.330375550755225,12.037284263528893,17.29558665901792,2064,20,pca
otella,vladimir,False,"['dist1_8', 'dist1_17', 'dist7_9', 'dist1_4', 'dist1_7', 'dist1_10', 'dist1_16', 'dist2_8', 'dist2_16', 'dist6_9', 'dist13_16', 'ang4_9_5', 't1_2_7', 'dist6_17', 'dist2_9', 'dist2_17', 'dist5_14', 'dist13_17', 't6_7_9', 't6_9_17']",random_forest,14.249279648124833,4.571506305853348,9.804185325377597,2065,20,pca
japet,sam,False,"['dist2_14', 't3_4_5', 'dist7_14', 'dist2_3', 't3_7_16', 't7_8_17', 't2_4_5', 'dist3_14', 'dist1_5', 'dist4_12', 'dist11_16', 'dist13_14', 't2_3_5', 't7_8_9', 't4_7_8', 't3_5_7', 't6_7_9', 't12_15_17', 'dist9_15', 'dist8_12']",random_forest,7.368970331442486,6.799511153549899,0.7537663963089902,2066,20,pca
japet,sam,False,"['dist3_5', 't2_3_5', 'dist12_17', 't2_4_5', 't1_6_7', 't3_4_5', 't1_3_5', 'dist7_14', 't7_8_16', 'ang2_1_5', 'dist10_15', 'dist2_14', 't13_14_15', 'dist5_12', 'dist13_14', 'dist2_5', 't4_5_8', 'dist11_14', 'dist3_14', 'dist11_16']",random_forest,10.847576439450364,13.277850553557517,3.682695961918741,2067,20,pca
japet,rosie,False,"['dist2_11', 'dist5_14', 'dist3_10', 't3_7_16', 't7_8_17', 't3_4_5', 't2_4_8', 't3_5_10', 'dist2_4', 'dist2_14', 'dist3_7', 'dist4_12', 'dist10_15', 'dist12_13', 'dist12_17', 't4_7_8', 't7_8_16', 't13_14_17', 'dist1_4', 'dist1_8']",random_forest,13.152486368270232,5.954622413815197,7.302691812701572,2068,20,pca
japet,rosie,False,"['dist2_11', 'dist5_14', 'dist3_10', 't2_4_8', 'dist2_4', 'dist2_14', 'dist3_7', 'dist4_12', 'dist7_12', 'dist9_15', 'dist11_16', 'dist12_15', 't3_7_16', 't4_7_8', 't6_7_9', 't8_9_17', 't3_4_5', 't13_14_17', 't13_14_16', 'dist1_4']",random_forest,12.147743668421546,5.176388492422932,7.092041299481802,2069,20,pca
japet,otella,False,"['dist1_8', 'dist2_11', 'dist3_10', 'dist5_14', 'dist6_17', 't2_4_8', 'dist2_4', 'dist2_8', 'dist2_14', 'dist4_12', 'dist7_12', 'dist11_16', 'dist12_15', 'dist12_17', 't6_7_9', 't3_4_5', 't3_5_10', 't13_14_17', 'dist1_4', 'dist1_10']",random_forest,12.622866434827243,7.827336293163782,4.796057194380129,2070,20,pca
japet,otella,False,"['dist2_11', 'dist3_10', 'dist7_12', 'dist7_13', 'dist11_17', 't3_5_10', 'dist1_4', 'dist1_8', 'dist2_4', 'dist2_8', 'dist2_14', 'dist3_6', 'dist4_11', 'dist5_14', 'dist7_10', 'dist7_15', 'dist11_14', 'dist11_16', 't3_4_5', 't13_14_17']",random_forest,9.53969818968547,5.655770577932294,3.994987061558689,2071,20,pca
japet,nuernberg_2,False,"['ang2_7_5', 'dist1_6', 'dist2_16', 'dist9_14', 'dist2_3', 'dist12_13', 't3_4_5', 'dist3_8', 'dist10_14', 'dist1_7', 'dist11_16', 'dist1_8', 'dist2_9', 'dist3_11', 't3_4_16', 'dist1_9', 'dist7_12', 'dist11_14', 'dist4_12', 'dist1_3']",random_forest,22.888753766833954,9.02608599467384,14.107907960455988,2072,20,pca
japet,nuernberg_2,False,"['dist5_14', 't4_5_8', 't3_4_5', 't3_5_10', 'dist11_14', 'dist11_17', 't2_4_5', 'dist1_9', 'dist2_3', 'dist2_4', 'dist4_12', 'dist5_16', 'dist7_10', 'dist7_12', 'dist8_12', 'dist12_13', 'dist12_17', 'dist13_15', 'ang2_7_5', 't2_4_8']",random_forest,27.205129461743994,12.361107849345903,15.654719193712726,2073,20,pca
japet,nokia,False,"['dist4_9', 'dist11_17', 'dist8_10', 'dist12_13', 'dist4_11', 'dist2_15', 'dist4_10', 'dist10_17', 'dist15_16', 'dist1_15', 'dist2_11', 'dist4_12', 'dist4_15', 'dist6_8', 'dist9_16', 'dist11_14', 'ang2_4_5', 'ang1_3_4', 't8_9_17', 't5_9_10']",random_forest,9.681934812287013,3.868187449407063,13.489669591106708,2074,20,pca
japet,nokia,False,"['dist4_10', 'ang2_4_5', 'dist4_9', 'dist8_10', 'dist10_16', 'dist4_8', 't5_9_10', 'dist10_14', 'ang2_3_5', 'dist2_3', 'ang1_4_5', 'dist5_6', 'dist3_6', 't3_5_10', 't4_7_8', 'dist5_10', 'dist4_16', 'dist8_9', 't2_3_7', 't4_6_10']",random_forest,15.73851919961749,9.219297329646347,9.435845984413652,2075,20,pca
japet,noel,False,"['t7_8_17', 'dist9_12', 'dist3_14', 'dist7_9', 'ang2_7_5', 'dist7_10', 't7_8_9', 'dist7_8', 'dist2_16', 'dist2_14', 'dist5_16', 'dist3_5', 'dist1_9', 'dist2_5', 'dist2_7', 'dist5_13', 'dist7_15', 'ang1_4_5', 't7_8_16', 't3_4_5']",random_forest,26.7657611013895,5.2749597927152365,21.60308567152106,2076,20,pca
japet,noel,False,"['ang2_1_4', 't3_4_5', 'dist3_5', 'dist2_14', 'dist5_16', 'dist2_16', 't2_4_5', 't2_3_5', 'dist2_3', 'ang1_4_5', 'ang2_7_5', 'dist1_2', 'dist2_4', 'dist3_13', 'dist1_6', 'dist4_8', 'ang1_2_4', 'dist3_7', 'ang3_1_4', 'dist13_14']",random_forest,26.327293300260386,5.456260509584077,21.393235891444295,2077,20,pca
japet,matysek,False,"['dist8_15', 't3_5_10', 'dist4_7', 'dist7_15', 'dist12_13', 'dist14_16', 'dist15_17', 'dist2_15', 'dist4_12', 'dist4_14', 'dist6_11', 'dist7_12', 'dist8_10', 'dist9_12', 'dist10_15', 'dist10_17', 'dist11_14', 'dist12_14', 'dist12_17', 't5_9_10']",random_forest,5.706941216080998,4.224466893234956,1.5839068522846005,2078,20,pca
japet,matysek,False,"['t3_5_10', 'dist7_13', 'dist10_14', 'dist2_11', 'dist3_10', 'dist7_12', 'dist3_15', 'dist4_14', 'dist5_14', 'dist6_11', 'dist7_15', 'dist12_15', 'dist12_16', 'dist14_16', 'ang3_1_4', 't3_4_16', 't3_4_5', 't2_4_7', 't3_6_10', 'dist10_15']",random_forest,9.48938468722073,7.830956025164187,1.6613236039008157,2079,20,pca
japet,lucka,False,"['dist1_8', 'dist2_11', 'dist5_14', 'dist3_10', 'dist6_17', 't2_4_8', 'dist2_4', 'dist2_8', 'dist2_14', 'dist4_12', 'dist7_12', 'dist10_15', 'dist12_15', 't3_7_16', 't6_7_9', 't8_9_17', 't3_4_5', 't13_14_17', 'dist1_3', 'dist1_4']",random_forest,11.760127674590581,5.073744228238258,6.740457658876559,2080,20,pca
japet,lucka,False,"['dist1_8', 'dist5_14', 'dist6_17', 't2_4_8', 'dist1_3', 'dist2_3', 'dist2_4', 'dist2_8', 'dist2_11', 'dist2_14', 'dist3_10', 'dist4_12', 'dist7_12', 'dist10_15', 'dist12_15', 'dist15_17', 't3_4_16', 't4_5_8', 't6_7_9', 't3_4_5']",random_forest,9.134196768102973,5.260944502715469,3.924560266354606,2081,20,pca
japet,nuernberg_1,False,"['dist6_17', 'dist2_11', 'dist5_16', 'dist11_14', 't6_7_9', 't2_4_5', 't3_4_5', 'dist2_12', 'dist2_14', 'dist3_5', 'dist4_12', 'dist6_8', 'dist6_9', 'dist7_12', 'dist7_15', 'dist9_12', 'dist9_15', 'dist10_15', 'dist11_17', 'dist12_14']",random_forest,5.48889079328273,4.64331504986987,0.9580100798384114,2082,20,pca
japet,nuernberg_1,False,"['dist2_11', 'dist6_17', 'dist3_5', 'dist5_16', 'dist6_8', 't2_4_5', 't3_4_5', 't12_15_17', 'dist2_3', 'dist2_14', 'dist4_12', 'dist5_14', 'dist6_9', 'dist6_16', 'dist7_12', 'dist7_15', 'dist9_12', 'dist9_15', 'dist10_15', 'dist11_17']",random_forest,11.330624095433203,8.53785646345289,2.875365933337251,2083,20,pca
japet,leni,False,"['dist2_11', 'dist12_17', 'dist5_16', 'dist7_12', 'dist8_12', 'dist8_15', 'dist11_14', 'dist11_17', 'ang2_4_5', 't12_15_17', 'dist3_15', 'dist3_17', 'dist6_11', 'dist6_15', 'dist7_15', 'dist9_11', 'dist10_15', 'dist12_13', 'dist12_14', 'dist12_16']",random_forest,14.786397457048952,11.011256121246372,11.55739197708399,2084,20,pca
japet,leni,False,"['ang2_4_5', 'dist15_17', 'dist3_14', 'ang4_3_5', 'ang3_1_4', 'ang3_4_3', 'dist12_17', 'dist2_14', 'dist2_17', 'ang5_3_4', 'dist8_15', 't12_15_17', 'dist4_8', 't2_4_8', 'dist4_14', 'dist12_15', 'dist2_7', 'dist7_12', 'dist15_16', 't2_3_5']",random_forest,23.140162134143267,10.343543007510084,16.590868936092352,2085,20,pca
japet,shorfy,False,"['t3_4_5', 'dist2_11', 'dist5_14', 'dist3_10', 'dist11_14', 't2_4_5', 'dist1_8', 'dist2_3', 'dist2_4', 'dist2_9', 'dist2_14', 'dist4_10', 'dist4_11', 'dist4_12', 'dist8_9', 'dist8_10', 'dist8_15', 'dist10_16', 'dist12_13', 'dist12_17']",random_forest,7.8590775444765075,4.539295001074891,3.3502749967611787,2086,20,pca
japet,shorfy,False,"['dist1_8', 'dist5_14', 'ang1_2_5', 'dist7_12', 't3_4_5', 't2_4_8', 't2_5_10', 't3_5_10', 'dist1_3', 'dist1_4', 'dist1_16', 'dist2_4', 'dist2_8', 'dist2_11', 'dist2_14', 'dist3_10', 'dist4_10', 'dist10_16', 'dist11_14', 't1_3_5']",random_forest,17.12172858045992,5.728442925731442,12.327924337944788,2087,20,pca
japet,paulinchen,False,"['dist2_11', 'dist3_6', 'dist12_13', 'dist2_12', 'dist3_10', 'dist7_12', 'dist11_14', 'dist11_17', 'dist3_15', 'dist3_17', 'dist4_12', 'dist6_13', 'dist7_15', 'dist9_11', 'dist10_14', 'dist11_16', 'dist12_16', 'dist14_17', 'ang2_3_4', 't1_3_5']",random_forest,19.963501215723657,12.905240313100569,7.410039537508688,2088,20,pca
japet,paulinchen,False,"['dist8_15', 'dist11_14', 'dist14_17', 'dist9_14', 'dist4_11', 'dist12_13', 'ang1_3_5', 't4_5_8', 'dist3_12', 'dist2_11', 'dist3_6', 'dist6_11', 'dist7_12', 'dist11_13', 'ang1_4_3', 'dist8_9', 'dist2_12', 'ang2_4_3', 'dist6_13', 'dist1_3']",random_forest,15.527938621400978,7.161233621775176,8.58486544678537,2089,20,pca
japet,mette,False,"['dist3_6', 'dist3_10', 'dist4_10', 'dist9_12', 't3_7_16', 't3_5_10', 'dist2_8', 'dist3_12', 'dist4_11', 'dist5_12', 'dist7_10', 'dist8_10', 'dist11_14', 'dist12_13', 'dist13_16', 'dist14_16', 't1_3_5', 't2_3_5', 't3_4_5', 't2_5_10']",random_forest,12.860676602289152,7.514124953277,5.377554354853333,2090,20,pca
japet,mette,False,"['dist1_8', 'dist2_11', 'dist3_10', 'dist5_14', 't3_5_10', 'dist1_16', 'dist2_4', 'dist2_8', 'dist3_6', 'dist4_12', 'dist6_17', 'dist7_12', 'dist11_16', 'dist12_17', 't3_7_16', 't3_4_16', 't8_9_17', 't3_4_5', 't2_4_8', 't13_14_17']",random_forest,12.00649236461292,7.708628520748266,4.299663788143576,2091,20,pca
japet,zewe,False,"['dist1_8', 'dist1_5', 'dist2_8', 'dist3_10', 'dist5_14', 't3_4_5', 't2_4_8', 'dist2_14', 'dist4_10', 'dist4_12', 'dist7_10', 'dist12_15', 'dist12_16', 't7_8_16', 't4_5_8', 't6_7_9', 't7_8_17', 't1_3_5', 't13_14_17', 'dist1_3']",random_forest,12.318403074382282,6.506036567084655,5.814190143879345,2092,20,pca
japet,zewe,False,"['dist5_14', 'dist3_10', 'dist4_10', 'dist7_10', 'dist7_15', 't2_4_8', 'dist1_5', 'dist2_4', 'dist2_8', 'dist2_9', 'dist2_14', 'dist3_5', 'dist12_13', 'dist13_14', 't2_3_7', 't3_7_16', 't4_7_8', 't3_4_5', 't2_5_6', 't12_15_17']",random_forest,12.282046383914272,7.706895090993025,4.839814114694828,2093,20,pca
japet,vladimir,False,"['dist2_11', 'dist7_12', 'dist10_11', 'dist11_14', 'dist12_13', 'dist15_16', 'dist2_12', 'dist2_15', 'dist4_11', 'dist7_11', 'dist7_15', 'dist9_11', 'dist12_14', 'dist12_16', 'dist5_17', 'dist3_15', 'dist5_8', 'dist5_9', 'dist5_12', 'dist5_15']",random_forest,4.3045630930449486,3.8315813613878937,0.5193333466770601,2094,20,pca
japet,vladimir,False,"['dist2_11', 'dist7_11', 'dist15_16', 'dist11_14', 'dist11_16', 't3_5_10', 'dist2_15', 'dist5_9', 'dist8_15', 'dist9_11', 'dist15_17', 'dist12_13', 'dist4_11', 'dist9_15', 't5_6_10', 'dist5_12', 'dist5_15', 'dist12_14', 'ang2_3_4', 'dist6_8']",random_forest,11.571189385614014,12.824126647812419,1.2575362332929605,2095,20,pca
ducky,sam,False,"['t2_4_8', 'dist12_15', 't2_4_5', 'dist2_14', 'dist3_5', 'dist5_7', 'dist5_16', 'dist7_8', 'dist7_15', 't1_3_5', 't3_4_5', 't2_5_9', 'dist5_14', 't7_8_17', 'dist1_5', 'dist1_8', 'dist2_4', 'dist2_8', 'dist4_13', 'dist5_13']",random_forest,10.554532332660015,10.763380790489371,0.3689865669544268,2096,20,pca
ducky,sam,False,"['t2_4_5', 't3_4_5', 'dist2_14', 'dist2_15', 'dist3_5', 'dist11_14', 'dist15_16', 't3_4_16', 't6_7_9', 't2_4_8', 'dist2_4', 'dist2_11', 'dist3_6', 'dist3_7', 'dist3_15', 'dist4_12', 'dist5_16', 'dist7_15', 'dist8_15', 'dist11_13']",random_forest,8.20096345626577,7.671773003398168,0.5306036109330028,2097,20,pca
ducky,rosie,False,"['dist2_11', 'dist5_14', 'dist6_17', 't2_4_8', 'dist1_8', 'dist2_4', 'dist2_14', 'dist3_10', 'dist7_12', 'dist7_13', 'dist10_15', 'dist12_15', 't6_7_9', 't3_4_5', 't13_14_17', 't13_14_16', 'dist1_3', 'dist1_4', 'dist1_16', 'dist2_3']",random_forest,19.350958926046992,12.325352151378702,7.025621948081904,2098,20,pca
ducky,rosie,False,"['dist2_11', 'dist5_14', 'dist6_17', 't2_4_8', 'dist1_8', 'dist2_4', 'dist2_8', 'dist3_10', 'dist4_12', 'dist7_12', 'dist7_13', 'dist10_15', 'dist12_17', 't4_7_8', 't6_7_9', 't1_3_5', 't3_4_5', 't13_14_17', 't12_15_17', 'dist1_12']",random_forest,21.02744971025189,12.699654130127978,8.406955352530055,2099,20,pca
ducky,otella,False,"['dist5_14', 'dist2_11', 'dist3_10', 'dist7_12', 't2_4_8', 'dist2_4', 'dist2_8', 'dist2_14', 'dist4_12', 'dist6_9', 'dist7_13', 'dist10_15', 'dist12_15', 'dist12_17', 't3_4_16', 't6_7_9', 't8_9_17', 't1_3_5', 't3_4_5', 't3_5_10']",random_forest,12.573444135580669,9.288823836106133,3.286610224349452,2100,20,pca
ducky,otella,False,"['dist2_11', 't2_4_8', 't3_5_10', 'dist2_4', 'dist2_8', 'dist2_14', 'dist3_10', 'dist4_11', 'dist4_12', 'dist6_10', 'dist6_17', 'dist7_12', 'dist7_13', 'dist10_15', 'dist11_14', 't3_4_16', 't6_7_9', 't8_9_17', 't1_3_5', 't2_4_5']",random_forest,16.237781047376558,10.835945753921655,5.420015543131973,2101,20,pca
ducky,japet,False,"['t4_5_8', 't2_4_7', 't2_4_8', 't2_4_5', 't3_4_5', 't2_5_9', 'dist2_15', 'dist5_14', 'dist11_15', 'ang1_3_4', 'dist1_5', 'dist5_16', 'ang2_1_5', 't2_3_5', 'dist3_13', 'dist2_5', 'dist8_14', 'dist4_13', 'ang1_2_5', 't5_8_9']",random_forest,12.893605899894089,15.209733958983042,7.855679381349576,2102,20,pca
ducky,japet,False,"['t2_4_8', 'dist2_17', 'dist3_5', 't2_5_9', 'dist2_15', 'ang3_2_5', 'dist8_12', 'dist12_17', 'dist1_2', 'dist2_16', 't4_5_8', 'ang2_4_5', 'dist1_3', 'dist6_10', 'dist5_9', 'dist8_14', 'dist10_16', 'dist3_8', 'dist6_11', 'ang2_1_4']",random_forest,7.7378934037856,4.256990192872589,7.615757189614706,2103,20,pca
ducky,nuernberg_2,False,"['t2_4_5', 'dist1_5', 't3_5_10', 'dist2_14', 'dist5_16', 'dist13_14', 'dist13_17', 't3_4_5', 't2_4_8', 'dist1_4', 'dist1_8', 'dist1_15', 'dist2_4', 'dist2_8', 'dist2_9', 'dist3_5', 'dist3_10', 'dist12_15', 'dist13_16', 'dist14_16']",random_forest,11.123588149411223,9.455028114234446,1.9424031156068806,2104,20,pca
ducky,nuernberg_2,False,"['t2_4_5', 't2_4_8', 't3_5_10', 'dist13_14', 't2_3_7', 't4_5_8', 't3_4_5', 'dist12_15', 'dist1_5', 'dist1_15', 'dist2_4', 'dist2_9', 'dist2_11', 'dist2_14', 'dist3_13', 'dist5_6', 'dist5_13', 'dist5_16', 'dist8_14', 'dist9_10']",random_forest,10.479249322829235,9.604125602496007,1.4562720576174715,2105,20,pca
ducky,nokia,False,"['t3_5_10', 'dist3_10', 'dist5_9', 'dist7_10', 'dist10_16', 'dist12_13', 'dist1_15', 'dist3_9', 'dist4_9', 'dist4_10', 'dist4_11', 'dist6_8', 'dist6_13', 'dist8_10', 'dist10_14', 't3_4_16', 't6_7_9', 't1_3_5', 't2_4_7', 't3_6_10']",random_forest,12.450104424031885,13.080425364358241,2.314978532301526,2106,20,pca
ducky,nokia,False,"['dist9_14', 'dist10_14', 'dist4_10', 'dist2_14', 'dist4_8', 'dist5_6', 'dist6_8', 'dist7_10', 't2_4_8', 't3_6_10', 't4_6_10', 'dist1_13', 'dist4_9', 'dist5_9', 'dist5_10', 'dist10_16', 'dist14_16', 't3_4_16', 't6_7_9', 't2_5_10']",random_forest,12.213060991417262,10.54833101708826,2.1309634553303183,2107,20,pca
ducky,noel,False,"['dist5_14', 't3_4_5', 'ang2_7_5', 't2_4_5', 'dist2_16', 't2_3_5', 'dist5_16', 'dist2_14', 'dist3_4', 'dist3_14', 'ang2_1_4', 't2_4_8', 'ang4_9_5', 'dist2_4', 'dist2_5', 'dist3_5', 'dist13_14', 't4_5_8', 't2_5_6', 'dist2_9']",random_forest,32.65189079789887,9.41555807105006,23.292983719460267,2108,20,pca
ducky,noel,False,"['t3_4_5', 't2_4_5', 'dist5_7', 't2_4_8', 't2_4_7', 't4_5_8', 'dist13_14', 'dist2_14', 'dist5_16', 'dist14_16', 't2_5_9', 't3_4_16', 'dist1_5', 't1_3_5', 'dist2_4', 'dist2_16', 'dist3_4', 'dist3_5', 'dist5_8', 'dist5_13']",random_forest,12.538350841347901,12.711454526188994,0.32070265181840457,2109,20,pca
ducky,matysek,False,"['dist3_10', 'dist5_14', 'dist11_14', 'dist14_16', 't2_4_5', 't2_4_8', 'dist2_9', 'dist2_11', 'dist4_8', 'dist4_12', 'dist7_12', 'dist7_13', 'dist7_14', 'dist9_10', 'dist11_17', 'dist12_13', 'dist12_15', 'dist13_15', 't3_4_16', 't4_5_8']",random_forest,7.597990621928971,7.33949104964582,0.5200364502162927,2110,20,pca
ducky,matysek,False,"['dist7_13', 'dist11_14', 'dist14_16', 't3_4_5', 't2_4_8', 'dist2_11', 'dist3_10', 'dist4_12', 'dist5_9', 'dist5_11', 'dist5_14', 'dist7_10', 'dist7_12', 'dist7_14', 'dist7_15', 'dist10_14', 'dist11_17', 'dist12_15', 'dist13_15', 'dist15_17']",random_forest,6.09399040795174,5.7976837968807,0.6174589342999256,2111,20,pca
ducky,lucka,False,"['dist1_8', 'dist6_17', 'dist7_12', 't2_4_8', 'dist1_4', 'dist2_4', 'dist2_8', 'dist2_11', 'dist2_14', 'dist4_12', 'dist5_16', 'dist10_15', 'dist12_15', 'dist15_17', 't6_7_9', 't7_8_17', 't3_4_5', 't2_4_7', 't3_5_10', 't13_14_17']",random_forest,18.225027465415454,11.829179883035682,6.463675836453881,2112,20,pca
ducky,lucka,False,"['dist1_8', 'dist7_12', 'dist2_14', 'dist6_17', 't2_4_8', 't12_15_17', 'dist1_4', 'dist2_4', 'dist2_8', 'dist4_12', 'dist5_16', 'dist9_12', 'dist10_15', 'dist11_14', 'dist12_15', 'dist14_16', 't3_4_16', 't6_7_9', 't3_4_5', 't2_4_7']",random_forest,16.782210909113793,9.41562543366471,7.413020506601698,2113,20,pca
ducky,nuernberg_1,False,"['dist1_8', 'dist2_11', 'dist3_10', 'dist6_17', 't2_4_8', 'dist2_4', 'dist2_14', 'dist4_12', 'dist6_8', 'dist7_12', 'dist11_17', 'dist12_15', 't7_8_16', 't6_7_9', 't1_3_5', 't3_4_5', 't2_5_6', 't3_5_10', 't13_14_17', 't12_15_17']",random_forest,20.692787166354726,17.70135221408417,3.848334935654415,2114,20,pca
ducky,nuernberg_1,False,"['t2_4_5', 'dist2_11', 'dist6_17', 'dist11_16', 't2_4_8', 'dist2_4', 'dist2_14', 'dist2_15', 'dist3_10', 'dist4_12', 'dist6_8', 'dist11_14', 'dist12_15', 'dist12_17', 'dist15_17', 'ang3_4_3', 't6_7_9', 't1_3_5', 't3_4_5', 't2_5_6']",random_forest,17.247623328156905,12.336251769989524,6.747337463884115,2115,20,pca
ducky,leni,False,"['t2_4_5', 'dist5_9', 'dist5_16', 'dist8_14', 'dist10_15', 'dist3_5', 't5_8_9', 'dist15_17', 'dist2_14', 'dist2_15', 'dist14_16', 'dist15_16', 't4_5_8', 'dist5_7', 'dist5_6', 'dist6_15', 'dist7_15', 'dist9_15', 't3_4_5', 't2_5_9']",random_forest,8.180129528411399,10.609141868102753,2.5349280191698487,2116,20,pca
ducky,leni,False,"['dist14_16', 'dist13_14', 'dist5_7', 'dist5_17', 'dist12_15', 'dist6_15', 't2_4_5', 't3_5_7', 't13_14_16', 'dist1_15', 'dist2_15', 'dist5_9', 'dist10_15', 't5_8_9', 't12_15_17', 'dist5_13', 'dist12_14', 't1_3_5', 'dist1_5', 'dist5_6']",random_forest,10.296464902343134,14.520396748134406,4.294851779757238,2117,20,pca
ducky,innsbruck_1,False,"['t4_5_8', 'dist5_8', 'dist8_14', 'dist9_10', 'dist4_16', 'dist2_16', 'dist2_8', 'dist10_12', 'dist2_17', 'dist9_17', 'dist14_16', 'dist1_8', 'dist6_13', 'dist12_13', 'dist7_13', 't2_3_7', 't3_4_16', 'dist11_15', 'dist1_11', 't2_3_8']",random_forest,2.385713214393521,4.3174093041532515,4.363843160041156,2118,20,pca
ducky,innsbruck_1,False,"['dist11_15', 't2_4_5', 'dist5_16', 'dist9_11', 'dist2_4', 'dist1_15', 'dist6_9', 't2_3_5', 'dist7_9', 'dist14_16', 'dist5_11', 'dist1_8', 'dist2_5', 'dist11_12', 'ang1_2_5', 't3_4_16', 'dist4_7', 'dist13_14', 'ang6_9_10', 't12_15_17']",random_forest,18.410534412813142,10.43998594109703,17.594084872285297,2119,20,pca
ducky,shorfy,False,"['dist1_8', 'dist2_11', 'dist5_14', 'dist6_17', 't3_4_5', 'dist1_3', 'dist1_5', 'dist1_16', 'dist2_4', 'dist2_8', 'dist2_14', 'dist3_10', 'dist4_12', 'dist7_12', 'dist7_13', 'dist12_15', 't6_7_9', 't2_4_8', 't13_14_17', 't12_15_17']",random_forest,18.37740543345578,14.185149186163008,4.192395374076272,2120,20,pca
ducky,shorfy,False,"['dist11_14', 'dist2_11', 'dist3_10', 'dist8_10', 'dist12_17', 'dist2_4', 'dist2_12', 'dist2_14', 'dist4_10', 'dist4_12', 'dist6_10', 'dist7_12', 'dist12_15', 'dist14_16', 'ang1_2_5', 't3_4_16', 't1_3_5', 't2_4_5', 't3_4_5', 't2_4_8']",random_forest,21.635276771420152,11.288304543781766,11.738808495179759,2121,20,pca
ducky,paulinchen,False,"['dist5_14', 'dist2_11', 'dist3_10', 't3_4_5', 't2_4_8', 'dist2_3', 'dist2_4', 'dist3_7', 'dist4_11', 'dist4_12', 'dist7_12', 'dist10_15', 'dist11_14', 'dist11_17', 'dist12_13', 'dist13_14', 'dist14_16', 't3_4_16', 't4_5_8', 't2_4_5']",random_forest,9.42862854084066,9.376509657887745,0.9628323938932468,2122,20,pca
ducky,paulinchen,False,"['dist2_11', 'dist5_14', 'dist8_15', 'dist11_17', 'dist3_12', 'dist5_16', 'dist7_15', 'dist14_16', 't4_5_8', 'dist5_9', 'dist3_5', 'dist3_7', 'dist4_7', 'dist4_11', 'dist7_12', 'dist8_14', 'dist9_11', 'dist10_11', 'dist11_14', 'dist11_16']",random_forest,4.85695190287559,4.317597819781116,0.5707427854362112,2123,20,pca
ducky,mette,False,"['dist2_11', 'dist3_10', 'dist5_14', 'dist6_17', 't2_4_8', 'dist1_8', 'dist2_4', 'dist2_8', 'dist2_14', 'dist3_7', 'dist4_12', 'dist6_10', 'dist7_12', 'dist8_9', 'dist11_16', 't3_4_16', 't6_7_9', 't1_3_5', 't3_4_5', 't3_5_10']",random_forest,15.045328713544327,11.379424223560552,3.6948557802777993,2124,20,pca
ducky,mette,False,"['dist2_11', 't3_5_10', 'dist1_8', 'dist3_10', 'dist6_17', 't2_4_8', 'dist2_4', 'dist2_8', 'dist2_14', 'dist4_12', 'dist5_11', 'dist7_13', 'dist11_16', 'dist12_15', 't3_7_16', 't3_4_5', 't13_14_17', 'dist1_4', 'dist1_11', 'dist1_12']",random_forest,13.432048455478734,10.141416939071316,3.299490584809689,2125,20,pca
ducky,zewe,False,"['dist2_11', 'dist3_10', 't2_4_8', 'dist1_4', 'dist2_4', 'dist2_9', 'dist4_8', 'dist4_10', 'dist4_11', 'dist4_12', 'dist5_9', 'dist5_14', 'dist7_13', 'dist10_15', 'dist14_16', 't4_7_8', 't3_4_16', 't4_5_8', 't6_7_9', 't2_4_5']",random_forest,10.96480960424435,6.8904104592217195,4.074906970449553,2126,20,pca
ducky,zewe,False,"['dist2_11', 'dist5_14', 'dist2_8', 't3_4_5', 'dist2_4', 'dist2_14', 'dist3_8', 'dist3_9', 'dist3_10', 'dist5_11', 'dist7_12', 't3_4_16', 't2_4_8', 't2_5_6', 't13_14_17', 't13_14_16', 'dist1_4', 'dist1_5', 'dist1_8', 'dist2_7']",random_forest,15.630658388790735,10.441897630416191,5.195105851156835,2127,20,pca
ducky,gesa,False,"['dist2_11', 't2_4_8', 'dist2_8', 'dist3_7', 'dist3_10', 'dist4_12', 'dist6_17', 'dist7_12', 'dist10_15', 'dist12_16', 't4_7_8', 't4_5_8', 't6_7_9', 't1_3_5', 't3_4_5', 't2_4_7', 't3_5_10', 't13_14_17', 't12_15_17', 'dist1_3']",random_forest,23.953896651967778,14.863104592790334,9.145029190253204,2128,20,pca
ducky,gesa,False,"['dist2_11', 'dist6_17', 't2_4_8', 'dist2_8', 'dist3_10', 'dist4_12', 'dist7_12', 'dist10_15', 'dist12_15', 'dist12_16', 'dist12_17', 't4_7_8', 't6_7_9', 't3_4_5', 't2_4_7', 't3_5_10', 't13_14_17', 't12_15_17', 't13_14_16', 'dist1_3']",random_forest,23.33507089848106,14.28513833428965,9.123732337850418,2129,20,pca
ducky,frida,False,"['dist5_14', 't2_4_8', 'dist2_8', 'dist8_14', 'dist8_16', 't2_4_5', 't3_4_5', 'dist3_5', 'dist4_8', 'dist5_9', 'dist7_13', 'dist7_14', 'dist10_15', 'dist14_16', 't3_5_7', 'dist12_15', 'dist2_7', 'dist2_14', 'dist5_11', 'dist5_16']",random_forest,8.296973893310629,8.369881045799389,0.14253581661208056,2130,20,pca
ducky,frida,False,"['t3_4_5', 't2_4_8', 'dist8_14', 'dist3_5', 'dist2_14', 'dist3_16', 'dist5_13', 'dist12_15', 't1_3_5', 't13_14_16', 'dist2_11', 'dist3_8', 'dist3_9', 'dist14_16', 't3_4_16', 't4_5_8', 't2_3_5', 't2_4_5', 'dist13_14', 'dist2_8']",random_forest,10.975134180897488,11.32148539251882,0.4667962287283108,2131,20,pca
ducky,esta,False,"['t3_4_5', 'dist5_14', 't2_4_5', 'dist11_14', 'dist3_10', 'dist4_10', 't2_4_8', 't3_5_10', 'dist2_14', 'dist3_5', 'dist3_7', 'dist3_8', 'dist4_8', 'dist4_11', 'dist4_12', 'dist7_12', 'dist7_13', 'dist11_16', 'dist12_17', 'dist14_15']",random_forest,10.980874622000806,10.141364644230753,1.0821655096562617,2132,20,pca
ducky,esta,False,"['t2_4_5', 'dist11_14', 't3_4_5', 't2_4_8', 't3_5_10', 'dist3_10', 'dist7_15', 'dist11_17', 'ang6_10_4', 'dist2_11', 'dist2_14', 'dist2_15', 'dist3_7', 'dist3_8', 'dist3_15', 'dist3_17', 'dist4_8', 'dist4_11', 'dist4_12', 'dist7_12']",random_forest,11.908164057580853,10.16389357176979,5.66355816117162,2133,20,pca
ducky,vladimir,False,"['dist2_11', 'dist7_12', 'dist14_16', 'dist11_14', 't12_15_17', 'dist15_16', 'dist2_17', 'dist7_11', 'dist9_11', 'dist12_13', 't12_13_15', 'dist2_12', 'dist2_15', 'dist5_11', 'dist6_15', 'dist10_11', 'dist10_15', 'dist11_17', 't5_8_9', 't6_7_9']",random_forest,15.887405312002215,17.31149391446097,1.4519328759378114,2134,20,pca
ducky,vladimir,False,"['dist14_16', 'dist2_11', 'dist5_9', 'dist15_16', 'dist2_12', 'dist2_15', 'dist3_15', 'dist6_15', 'dist8_15', 'dist11_14', 'dist9_11', 'dist4_11', 'dist5_12', 'dist5_15', 'dist6_11', 'dist7_11', 'dist7_15', 'dist10_15', 'dist11_17', 'dist12_14']",random_forest,4.107949988501442,3.5149941466355887,0.8762865217823074,2135,20,pca
ducky,ecki,False,"['ang1_2_5', 'dist3_8', 'dist3_5', 'dist8_14', 'ang3_1_4', 't4_5_8', 't3_4_5', 'dist5_16', 'dist14_16', 't2_4_5', 't2_4_8', 't3_5_10', 'dist2_14', 'dist3_17', 'dist5_13', 'dist5_14', 'ang2_1_5', 'ang1_2_4', 'ang1_3_4', 'ang2_3_4']",random_forest,41.33730206476816,5.885040394754459,39.0897938241404,2136,20,pca
ducky,ecki,False,"['dist5_14', 't3_4_5', 'dist8_14', 'ang1_2_5', 'dist3_5', 'dist5_16', 'dist14_16', 'ang1_3_5', 'ang3_1_4', 'ang1_3_4', 'ang1_4_3', 't2_3_5', 't2_4_5', 'dist1_13', 'dist1_14', 'dist2_14', 'dist3_17', 'ang2_1_5', 'ang3_4_3', 'ang2_7_5']",random_forest,53.03443562301851,10.843446425684652,42.19173689688489,2137,20,pca
nuernberg_2,sam,False,"['t1_3_5', 'dist13_14', 'dist1_3', 'ang4_2_4', 'dist16_17', 'dist3_13', 'dist6_8', 'dist6_17', 't6_7_17', 'dist6_16', 'dist7_17', 't13_14_16', 'dist1_6', 'dist3_4', 'dist1_15', 'dist1_16', 't7_8_16', 'dist1_4', 'ang5_1_4', 'ang1_4_3']",random_forest,7.321116016369634,3.092331176904648,5.8345415805582554,2138,20,pca
nuernberg_2,sam,False,"['dist7_13', 't1_2_7', 'dist7_16', 'dist3_5', 't2_4_5', 'dist1_2', 'dist10_15', 'dist1_16', 't2_3_7', 'dist1_3', 'ang6_10_4', 'dist7_17', 'dist1_12', 't1_3_5', 'dist9_13', 'dist1_6', 'dist6_8', 'dist3_4', 'dist2_16', 'ang1_4_3']",random_forest,10.84559719001802,2.089901094327025,9.148935574046225,2139,20,pca
nuernberg_2,rosie,False,"['dist6_11', 'dist7_12', 'dist9_12', 'dist9_15', 'dist10_15', 'dist4_12', 'dist11_17', 'dist3_5', 't4_5_8', 'dist4_5', 'dist4_10', 'dist2_7', 'dist2_11', 'dist3_6', 'dist4_11', 'dist6_12', 'dist11_14', 'dist11_16', 'dist12_16', 'dist15_16']",random_forest,3.854636513061085,1.2297161240697154,2.7638805528114485,2140,20,pca
nuernberg_2,rosie,False,"['dist3_7', 'dist11_14', 't2_3_7', 'dist3_6', 't13_14_15', 'dist2_11', 'dist3_15', 'dist3_17', 'dist5_12', 'dist12_13', 'dist13_15', 't4_5_8', 'dist4_10', 'dist1_3', 'dist3_9', 'dist4_9', 'dist4_11', 'dist6_13', 'dist12_14', 'dist14_15']",random_forest,10.967853013107261,0.46180554921420025,11.424197442529044,2141,20,pca
nuernberg_2,otella,False,"['dist11_17', 'dist12_17', 'dist2_15', 'dist7_11', 'dist9_12', 'dist12_13', 't13_14_15', 'dist5_12', 'dist5_15', 'dist8_15', 'dist11_13', 'dist14_15', 't6_7_9', 't4_5_8', 'dist15_16', 'dist2_11', 'dist3_15', 'dist7_10', 'dist12_14', 'dist13_15']",random_forest,9.796278907099753,1.3342259538857237,8.474035761236964,2142,20,pca
nuernberg_2,otella,False,"['dist5_10', 'dist6_8', 't2_5_10', 'dist2_11', 't3_5_10', 't3_7_16', 'dist6_16', 'dist12_13', 't5_6_10', 't13_14_17', 'dist10_11', 'dist1_6', 't2_4_8', 'dist8_10', 'dist5_9', 'dist15_16', 't2_5_6', 'dist1_15', 't6_9_17', 'ang2_3_5']",random_forest,6.93591889122045,1.6196355965497624,6.258852031551292,2143,20,pca
nuernberg_2,shorfy,False,"['dist2_11', 'dist5_14', 'dist2_15', 'dist3_15', 'dist12_13', 't3_5_10', 'dist3_12', 'dist2_12', 'dist3_7', 'dist6_11', 'dist11_14', 'dist15_16', 't3_7_16', 'dist3_6', 'dist1_6', 'dist4_11', 'dist6_14', 'dist7_11', 'dist12_14', 't2_3_7']",random_forest,6.191612904857377,1.6237837900981746,4.7068758960332,2144,20,pca
nuernberg_2,shorfy,False,"['dist2_7', 'dist2_11', 'dist2_6', 't3_5_10', 'dist14_15', 'dist12_13', 'dist4_10', 'dist11_13', 'dist16_17', 't8_9_17', 't2_5_6', 'dist8_10', 'dist12_16', 'dist6_11', 'dist3_6', 'dist3_10', 'dist3_12', 'dist6_8', 'dist7_10', 'dist8_9']",random_forest,5.5955100990087665,0.06143306537392882,5.61764038881788,2145,20,pca
nuernberg_2,paulinchen,False,"['ang2_7_5', 'dist4_13', 'dist1_4', 'dist8_15', 'dist1_16', 'dist1_17', 't2_4_5', 'dist1_9', 'dist2_4', 'dist3_13', 'dist5_13', 't3_4_5', 'dist3_15', 'dist11_17', 'dist9_10', 'dist9_15', 'dist13_16', 'dist2_8', 't2_4_8', 'dist1_8']",random_forest,21.562277790704,10.861485830793098,10.724679486866647,2146,20,pca
nuernberg_2,paulinchen,False,"['dist5_15', 'dist12_13', 'dist2_16', 'dist2_4', 'dist3_6', 'dist3_11', 't3_5_10', 'dist11_13', 'dist5_9', 'dist2_3', 'dist2_11', 'dist2_15', 'dist8_15', 'dist8_17', 'dist11_14', 'dist11_16', 'dist3_5', 'dist5_11', 'ang2_7_5', 'dist9_10']",random_forest,27.395357837332014,10.826878559838297,16.57045155452737,2147,20,pca
nuernberg_2,zewe,False,"['dist4_10', 'dist3_10', 'ang5_3_4', 'dist4_11', 'dist10_14', 'dist4_5', 'dist4_9', 'dist9_10', 't2_4_7', 'ang4_2_5', 'ang4_1_5', 'dist4_8', 't5_9_10', 'ang4_2_4', 'dist2_7', 'dist10_17', 't3_5_10', 't2_4_8', 'ang4_3_5', 'dist3_8']",random_forest,11.680940069091076,5.455382678338039,6.832241497757379,2148,20,pca
nuernberg_2,zewe,False,"['dist5_12', 'dist7_10', 'dist8_10', 'dist3_10', 'dist2_6', 'dist9_10', 'ang2_3_4', 't4_5_8', 't2_5_6', 'dist8_12', 'dist4_10', 't6_7_9', 'dist1_6', 'dist2_11', 'dist2_15', 'dist5_10', 'dist5_15', 'dist8_15', 'dist10_16', 'dist12_17']",random_forest,7.7578862753824005,2.6511214765812143,9.944920430523673,2149,20,pca
nuernberg_2,vladimir,False,"['dist1_8', 'dist2_8', 'dist13_14', 'dist13_16', 'dist5_14', 'dist8_15', 'dist1_4', 't2_4_5', 'dist7_9', 'dist1_16', 'dist4_13', 'ang6_10_4', 'dist2_16', 'dist1_9', 'dist1_10', 'dist2_3', 'dist2_4', 'dist5_15', 'dist15_16', 't3_4_5']",random_forest,8.344273573973386,4.048983403145471,4.788346199632639,2150,20,pca
nuernberg_2,vladimir,False,"['dist8_15', 'dist2_11', 'dist10_11', 'dist1_8', 'dist5_15', 'dist15_16', 'dist11_15', 'dist2_16', 'dist4_13', 'dist5_13', 'dist15_17', 't2_4_7', 'dist10_15', 'dist1_9', 'dist2_3', 'dist5_11', 'dist5_14', 'dist9_15', 'dist11_13', 'dist11_16']",random_forest,3.4480957262540977,1.5463428818308893,1.9956626857913704,2151,20,pca
nokia,sam,False,"['dist2_16', 'ang4_9_5', 't7_8_17', 'dist8_12', 't6_7_17', 'dist7_17', 'dist9_15', 'dist2_15', 'dist12_17', 'dist7_8', 'dist1_15', 'dist12_16', 'ang4_2_4', 'dist7_15', 'ang5_3_4', 'dist4_8', 'dist2_17', 'dist12_14', 'dist8_17', 'ang3_4_3']",random_forest,9.652592964136746,11.978935214862654,10.060525553727228,2152,20,pca
nokia,sam,False,"['dist4_9', 't2_4_5', 'ang4_9_5', 'dist5_15', 't3_4_5', 'dist5_14', 'dist7_8', 'dist4_13', 'dist5_7', 'dist5_13', 'dist3_5', 'ang4_2_4', 'dist12_15', 'dist4_8', 'dist5_6', 'dist2_8', 'dist13_16', 'dist4_10', 't12_15_17', 'dist2_7']",random_forest,10.62666908550587,8.053052718424896,2.715262651701509,2153,20,pca
nokia,rosie,False,"['dist1_8', 'dist2_11', 'dist5_14', 'dist14_16', 't3_4_5', 't2_4_8', 'dist1_3', 'dist1_4', 'dist1_16', 'dist2_4', 'dist4_12', 'dist7_12', 'dist7_13', 'dist10_15', 'dist12_13', 'dist12_15', 'dist13_14', 't2_3_7', 't3_4_16', 't7_8_17']",random_forest,6.615732138747916,1.6098003621484733,5.139213763143248,2154,20,pca
nokia,rosie,False,"['dist5_14', 'dist2_11', 't2_4_8', 'dist3_8', 'dist3_15', 'dist4_12', 'dist13_17', 't2_3_7', 't3_7_16', 't2_4_5', 'dist1_2', 'dist2_9', 'dist3_12', 'dist11_13', 'dist13_16', 't3_4_16', 't3_4_5', 't13_14_15', 't13_14_17', 'dist1_3']",random_forest,15.851522007409459,4.395661589093658,11.498223661022859,2155,20,pca
nokia,otella,False,"['dist8_12', 'dist2_11', 'dist5_14', 'dist15_17', 't2_4_5', 't3_4_5', 't13_14_16', 'dist2_9', 'dist3_5', 'dist6_10', 'dist7_15', 'dist8_15', 'dist9_12', 'dist9_15', 'dist11_17', 'dist12_13', 'dist12_14', 'dist13_15', 'ang1_2_5', 'ang4_3_5']",random_forest,11.323656190197495,10.244025140601886,1.188385712151075,2156,20,pca
nokia,otella,False,"['dist7_12', 'dist2_11', 'dist5_14', 'dist4_12', 'dist5_13', 'dist8_12', 'dist11_17', 'dist12_13', 't12_15_17', 'dist1_8', 'dist1_15', 'dist2_4', 'dist4_13', 'dist6_11', 'dist8_15', 'dist9_15', 'dist11_14', 'dist12_17', 'dist13_14', 'dist15_16']",random_forest,7.902385031458481,2.35609138920236,5.554050762243878,2157,20,pca
nokia,nuernberg_2,False,"['dist5_14', 't3_4_5', 'dist2_16', 'ang4_9_5', 'dist5_13', 't2_4_5', 'dist1_5', 'dist4_8', 'dist7_10', 'dist1_3', 'dist13_14', 'ang2_4_5', 'dist3_5', 'dist2_5', 'dist5_7', 'dist7_17', 'dist4_13', 'dist3_6', 'dist3_13', 't2_3_5']",random_forest,17.717379306624025,9.76258275718902,9.309825592946035,2158,20,pca
nokia,nuernberg_2,False,"['ang4_2_5', 'dist5_14', 'ang4_2_4', 'dist2_16', 'ang5_3_4', 't1_2_7', 'dist2_4', 'ang2_4_5', 'dist4_13', 'ang4_3_5', 'ang1_2_4', 'ang1_2_5', 't7_8_9', 'dist13_16', 't6_9_10', 'dist1_8', 'dist2_17', 'dist2_11', 'ang3_1_4', 'dist2_15']",random_forest,20.70747937656897,17.564182129838972,3.6766057848239,2159,20,pca
nokia,nuernberg_1,False,"['dist8_15', 'dist4_10', 'dist5_7', 'dist5_16', 'ang4_9_5', 'dist1_5', 'dist2_14', 'dist7_8', 'dist8_12', 'dist10_15', 'dist15_17', 't7_8_17', 't2_3_5', 'dist9_15', 'dist2_16', 'dist4_8', 'dist4_9', 'dist6_8', 'dist7_11', 'dist7_15']",random_forest,15.02630633379104,9.583342087812925,5.443396739882619,2160,20,pca
nokia,nuernberg_1,False,"['dist4_10', 'dist4_9', 'ang2_4_5', 'dist4_8', 'dist7_8', 'ang4_9_5', 'dist4_16', 'ang4_2_4', 'ang3_4_3', 'dist8_12', 'ang6_4_10', 'dist3_9', 'ang4_2_5', 'dist7_17', 'dist4_14', 'dist4_17', 'dist7_13', 'dist12_15', 't4_6_10', 'dist8_15']",random_forest,23.782257041525845,11.713469228694626,12.070666285515493,2161,20,pca
nokia,shorfy,False,"['dist5_14', 'dist2_16', 'dist4_13', 'dist13_16', 'dist13_17', 'dist1_3', 't1_2_7', 't2_3_5', 't3_4_5', 'dist1_8', 'dist1_13', 'dist1_16', 'dist1_17', 'dist3_4', 'dist3_5', 'dist5_13', 'dist7_11', 't1_3_5', 'ang4_9_5', 't1_6_7']",random_forest,14.243796301295983,6.575143104702984,7.778287897319908,2162,20,pca
nokia,shorfy,False,"['dist5_14', 'dist1_4', 'ang1_2_5', 'dist1_8', 'dist2_8', 'dist3_5', 'dist4_13', 'ang1_2_4', 'ang4_9_5', 't2_3_5', 't2_4_5', 't3_4_5', 'dist1_2', 'dist1_10', 'dist2_9', 'dist3_10', 'dist13_16', 'dist13_17', 'ang3_1_5', 'dist12_13']",random_forest,29.481114987203036,17.31268874195265,13.065539309725423,2163,20,pca
nokia,paulinchen,False,"['dist2_12', 'dist4_10', 'dist2_11', 'ang1_3_4', 'dist9_15', 'dist5_14', 'dist10_15', 'dist3_12', 'dist4_8', 'dist15_17', 'ang2_4_5', 'ang1_2_4', 'dist1_12', 'ang1_2_5', 'dist5_6', 'dist6_11', 'dist1_11', 'dist2_6', 'dist5_8', 'dist4_9']",random_forest,20.98225166608019,16.465895569943992,4.962819428181571,2164,20,pca
nokia,paulinchen,False,"['dist15_17', 'ang4_2_5', 'ang2_4_5', 'dist2_11', 'ang1_3_4', 'dist7_11', 'dist10_15', 'dist11_14', 'ang3_1_4', 'ang3_4_3', 'dist9_15', 'dist1_12', 'dist4_11', 'dist7_15', 'dist13_15', 'ang1_2_4', 't3_7_16', 'dist2_12', 'dist12_13', 't7_8_17']",random_forest,22.908445155534157,16.9439951238419,6.333006502405811,2165,20,pca
nokia,zewe,False,"['dist5_14', 't2_4_5', 'dist3_16', 'dist5_13', 'dist4_13', 'dist14_16', 't3_4_16', 't4_5_8', 't5_8_9', 't3_4_5', 't2_4_8', 't2_5_10', 't3_5_10', 'dist1_2', 'dist1_4', 'dist2_4', 'dist3_4', 'dist3_5', 'dist3_10', 'dist5_16']",random_forest,9.444480659061288,2.4052278131837608,7.201135788015167,2166,20,pca
nokia,zewe,False,"['dist5_14', 'dist1_2', 'dist5_13', 'dist7_10', 'dist4_13', 'dist1_4', 'dist2_11', 't13_14_15', 'dist8_10', 't2_3_5', 'dist2_4', 'dist2_9', 'dist2_12', 'dist2_16', 'ang1_2_5', 't1_2_7', 't1_3_5', 't2_4_5', 't3_4_5', 't3_5_10']",random_forest,19.673761356922196,9.467067954253054,10.207061448808822,2167,20,pca
nokia,vladimir,False,"['dist15_17', 'dist8_15', 'dist4_8', 'dist5_15', 'dist6_11', 'dist10_11', 'dist2_11', 'dist9_15', 'dist2_12', 'dist1_9', 'dist2_3', 'dist2_15', 'dist4_16', 'dist10_15', 'ang1_4_5', 'ang2_4_5', 'ang1_2_4', 'ang6_9_10', 'dist7_15', 't6_10_11']",random_forest,26.67089129856529,12.864499708697457,14.544138756762328,2168,20,pca
nokia,vladimir,False,"['dist6_11', 'dist15_17', 't6_10_11', 'dist8_15', 'dist7_11', 'dist2_3', 'dist4_8', 'dist5_12', 'dist5_15', 'dist7_15', 'ang2_4_5', 'dist1_9', 'dist7_12', 'dist11_17', 'dist4_13', 'dist4_9', 'dist8_12', 'dist9_15', 'dist10_11', 'dist10_15']",random_forest,17.151603355443573,8.85849618683438,8.303855717728938,2169,20,pca
noel,sam,False,"['t2_3_7', 'ang2_1_4', 'dist1_6', 'ang6_10_4', 'ang4_9_5', 'dist4_12', 'dist16_17', 't2_3_5', 'dist4_8', 'dist2_12', 'dist4_6', 'ang3_1_5', 't4_7_8', 't3_5_10', 'dist4_7', 't13_14_15', 'dist2_14', 'dist10_15', 't2_4_5', 'dist8_9']",random_forest,7.883346182414891,12.699940188595845,7.028831287993098,2170,20,pca
noel,sam,False,"['ang2_1_4', 'dist16_17', 'ang2_7_5', 'ang6_9_10', 't4_7_8', 'dist3_12', 'dist3_6', 'dist3_7', 'dist4_10', 't2_4_7', 'dist1_6', 'dist4_7', 'dist4_11', 'dist4_12', 't2_3_7', 't2_5_6', 'dist2_11', 'dist12_13', 't3_7_16', 'ang4_9_5']",random_forest,21.5005271881808,23.58736546930239,10.663359071084592,2171,20,pca
noel,rosie,False,"['dist2_11', 'dist4_10', 'dist5_14', 'dist1_4', 'dist3_6', 'dist3_7', 'dist12_13', 't7_8_16', 'dist2_12', 'dist3_10', 'dist3_15', 'dist7_12', 'dist8_14', 'dist11_14', 'dist11_16', 'dist12_16', 't3_7_16', 't4_7_8', 't3_5_10', 'dist1_3']",random_forest,7.771661583388527,3.2236836998179217,4.570209915003318,2172,20,pca
noel,rosie,False,"['dist1_3', 'dist1_2', 'dist1_4', 'ang1_4_3', 'dist2_11', 'dist3_8', 'dist4_12', 'ang1_3_5', 'dist8_16', 'dist3_13', 'dist3_12', 'dist4_8', 'dist4_15', 'dist7_13', 'dist9_11', 'ang2_4_3', 't1_2_7', 'dist2_8', 'dist7_12', 'dist4_9']",random_forest,19.533013528738813,12.536917258673173,7.188304162085953,2173,20,pca
noel,otella,False,"['dist2_11', 'dist11_14', 'dist12_13', 'dist1_13', 'dist2_12', 'dist3_6', 'dist7_12', 'dist3_7', 'dist1_3', 'dist4_11', 'dist4_12', 'dist7_11', 'dist8_12', 'dist9_11', 'dist9_15', 'dist10_11', 'dist11_16', 'dist11_17', 'dist12_14', 'dist12_16']",random_forest,4.6218641075543285,2.6966386591333262,1.9513166314403143,2174,20,pca
noel,otella,False,"['dist2_11', 'dist12_17', 'dist3_6', 'dist5_15', 'dist7_12', 'dist11_14', 'dist1_4', 'dist2_12', 'dist3_15', 'dist4_11', 'dist4_12', 'dist6_11', 'dist7_11', 'dist7_13', 'dist7_15', 'dist9_11', 'dist9_15', 'dist11_17', 'dist12_13', 'dist12_14']",random_forest,4.50213910820979,2.675600932852147,1.8436704049440158,2175,20,pca
noel,nuernberg_2,False,"['dist1_3', 'dist1_4', 'dist1_13', 'dist1_2', 'dist4_7', 'dist13_17', 'dist14_17', 't4_5_8', 'dist3_12', 'dist3_7', 'dist3_9', 'dist3_17', 'dist9_13', 'dist9_14', 'dist7_13', 'ang1_3_5', 't4_7_8', 'dist4_11', 'dist3_13', 't3_4_7']",random_forest,11.739106382583806,7.385103403696618,4.3953288504181245,2176,20,pca
noel,nuernberg_2,False,"['dist1_3', 't2_3_7', 'dist1_2', 'dist3_14', 'ang3_1_4', 'dist9_16', 'dist6_8', 'dist3_7', 'dist3_13', 'dist11_14', 't3_7_16', 'dist5_16', 't4_7_8', 'dist1_16', 'dist2_12', 'dist16_17', 'dist13_16', 'dist10_11', 'dist4_13', 't3_5_10']",random_forest,3.1663148311143403,3.502801246684851,0.9538694582407844,2177,20,pca
noel,nokia,False,"['dist4_8', 'dist4_9', 'ang2_1_4', 'ang4_9_5', 'ang2_7_5', 'ang6_4_10', 't2_3_5', 'dist4_10', 'dist2_4', 'dist5_16', 'dist2_5', 'ang4_2_4', 'dist3_14', 'ang3_1_4', 't4_5_8', 't3_4_5', 't3_5_10', 'dist3_7', 'dist5_15', 'ang1_2_4']",random_forest,38.65880506770804,23.57927258079322,15.87990622786114,2178,20,pca
noel,nokia,False,"['ang4_9_5', 'dist4_9', 'dist4_8', 'ang4_2_4', 'dist16_17', 'dist2_16', 'ang2_7_5', 't2_4_5', 'dist3_6', 'dist4_10', 'dist5_10', 'ang2_1_4', 'dist2_4', 'dist6_13', 'ang3_1_4', 'dist3_4', 'ang2_4_3', 't4_7_8', 't3_4_5', 'dist3_7']",random_forest,33.99978635500931,23.024842805290547,11.01709546991439,2179,20,pca
noel,nuernberg_1,False,"['dist5_15', 'dist6_13', 't3_7_16', 'dist8_15', 'dist6_8', 'ang2_4_3', 'ang2_7_5', 't2_3_7', 'dist2_11', 'dist7_16', 'dist2_12', 'dist16_17', 'ang3_1_4', 'dist3_4', 'dist3_7', 'dist15_16', 't3_4_5', 't2_5_6', 'dist11_17', 'dist1_9']",random_forest,18.1504767024813,21.48350864720758,3.3424378845288527,2180,20,pca
noel,nuernberg_1,False,"['dist3_6', 'dist3_12', 'dist6_8', 'dist6_13', 't3_7_16', 'dist6_10', 'dist9_11', 'dist8_15', 'dist11_16', 'dist3_7', 'dist11_17', 'ang6_10_4', 'dist9_15', 'dist2_11', 'dist5_12', 'dist7_16', 'dist11_13', 'dist12_16', 'dist16_17', 'ang2_7_5']",random_forest,18.63004340703053,20.775761411753287,7.503630158572655,2181,20,pca
noel,shorfy,False,"['dist2_11', 'dist5_14', 'dist2_12', 'dist8_15', 'dist9_10', 'dist9_11', 'dist11_17', 'dist12_13', 't4_5_8', 'dist14_15', 'dist1_4', 'dist2_6', 'dist4_7', 'dist4_11', 'dist4_12', 'dist7_11', 'dist7_15', 'dist9_15', 'dist10_11', 'dist10_15']",random_forest,5.366351366622215,2.412365482339794,2.9544164944576847,2182,20,pca
noel,shorfy,False,"['dist2_12', 'dist3_12', 'dist2_11', 'dist3_6', 'dist5_14', 'dist12_13', 'dist9_10', 'dist11_14', 'dist11_16', 'dist3_11', 'dist3_15', 'dist4_11', 'dist8_10', 'ang1_3_5', 'ang4_2_4', 'ang2_7_5', 't3_7_16', 'dist6_11', 'dist11_17', 'dist15_16']",random_forest,19.087562290906913,22.014483515042098,10.50472457159631,2183,20,pca
noel,paulinchen,False,"['dist2_11', 'dist3_7', 'dist12_13', 'dist3_15', 'dist11_14', 'dist16_17', 'ang2_7_5', 'dist2_12', 'dist3_6', 'dist4_11', 'dist4_12', 'dist5_15', 'dist6_8', 'dist7_11', 'dist7_15', 'dist9_14', 'dist9_15', 'dist11_13', 'dist11_16', 'dist12_14']",random_forest,34.32089989107821,20.415246797966564,13.905826300262595,2184,20,pca
noel,paulinchen,False,"['dist8_15', 'dist12_13', 'dist2_11', 'dist3_12', 'dist3_15', 'dist4_11', 'dist7_15', 'dist1_7', 'dist1_8', 'dist1_9', 'dist2_12', 'dist3_6', 'dist3_9', 'dist3_10', 'dist4_7', 'dist4_8', 'dist4_12', 'dist5_15', 'dist9_15', 'dist10_15']",random_forest,3.8357272897487458,2.6036516406617545,1.360706255872303,2185,20,pca
noel,zewe,False,"['dist1_4', 't4_5_8', 'dist1_2', 'dist1_3', 'dist3_6', 'dist4_10', 'dist7_12', 'dist12_13', 't13_14_15', 'dist2_11', 'dist2_13', 'dist3_7', 'dist3_9', 'dist3_15', 'dist3_17', 'dist4_7', 'dist4_12', 'dist5_14', 'dist8_14', 'dist11_14']",random_forest,14.429610039635147,7.584467672295072,6.871200395748292,2186,20,pca
noel,zewe,False,"['dist2_11', 'dist1_4', 'dist3_6', 'dist7_12', 'dist11_14', 't12_15_17', 'dist1_2', 'dist1_3', 'dist2_6', 'dist3_7', 'dist3_17', 'dist4_7', 'dist4_11', 'dist4_13', 'dist8_14', 'dist12_13', 'dist12_16', 'dist13_17', 'ang6_4_10', 't3_7_16']",random_forest,8.419635720283127,4.8151321099904045,3.894152563050327,2187,20,pca
noel,vladimir,False,"['dist8_15', 'dist2_12', 'dist15_17', 'dist2_8', 'dist2_11', 'dist5_15', 'ang4_9_5', 'ang2_7_5', 'dist2_4', 't2_4_5', 'dist1_8', 'dist4_8', 'dist13_14', 'dist4_9', 'dist1_17', 'dist2_6', 'dist10_15', 'ang1_3_5', 'dist3_5', 'dist12_13']",random_forest,42.041103409406524,22.96992774363915,19.184094137540264,2188,20,pca
noel,vladimir,False,"['dist8_15', 'dist2_12', 'ang2_7_5', 'dist1_8', 'dist5_15', 't2_4_5', 'dist1_5', 'dist2_11', 'dist10_11', 'ang1_4_3', 'dist12_13', 'dist4_8', 'dist5_9', 'dist3_6', 'dist7_11', 'dist9_15', 'dist11_16', 'dist15_16', 'dist15_17', 'dist2_4']",random_forest,38.98323593237657,22.022148635614286,17.104181835883395,2189,20,pca
matysek,sam,False,"['dist15_17', 't8_9_17', 'dist10_17', 'ang6_10_4', 'dist5_9', 'ang4_3_5', 'ang3_4_3', 't5_8_9', 'dist5_13', 't6_7_17', 'dist5_17', 'dist1_10', 'dist5_10', 'dist5_15', 'dist12_13', 't5_9_10', 't3_5_10', 't13_14_16', 'dist2_17', 'dist6_17']",random_forest,21.903549583154636,7.121726606724912,17.02852782213597,2190,20,pca
matysek,sam,False,"['dist8_15', 't6_7_9', 'dist6_8', 't3_7_16', 'dist11_12', 'dist8_16', 'dist4_6', 'dist11_15', 'dist8_10', 'ang4_9_5', 'ang4_2_5', 'dist6_17', 't6_7_17', 'dist14_17', 'ang7_6_10', 'ang4_2_4', 't6_9_17', 'dist12_15', 'dist14_15', 't3_4_16']",random_forest,13.93408675992589,3.6836053625081036,10.87696316959043,2191,20,pca
matysek,rosie,False,"['ang2_4_5', 'ang1_4_5', 'dist8_15', 't2_4_8', 'dist5_14', 'ang3_4_3', 'dist4_14', 'dist8_16', 'dist2_8', 'dist4_9', 'dist3_8', 'dist4_8', 'dist1_3', 'dist9_16', 'dist13_17', 'ang1_3_5', 'dist1_12', 'dist6_11', 'dist1_13', 'dist2_9']",random_forest,34.007380555736255,12.389621301189644,21.74419065708034,2192,20,pca
matysek,rosie,False,"['dist5_14', 'dist4_9', 'dist1_3', 'dist4_8', 'ang3_4_3', 'dist1_16', 'dist3_8', 'dist9_16', 'ang2_4_5', 't2_4_8', 't7_8_9', 'dist1_8', 'dist3_9', 'dist3_17', 'dist8_13', 'dist8_16', 'dist9_14', 'dist13_16', 'dist13_17', 'ang1_4_5']",random_forest,29.028205694080917,10.969250158025757,18.067784396241954,2193,20,pca
matysek,otella,False,"['ang2_4_5', 'dist8_16', 'dist7_12', 'ang2_7_5', 'dist5_17', 'dist7_9', 'dist2_9', 'dist6_8', 'dist7_10', 'dist9_16', 't6_7_9', 'dist1_2', 'dist9_17', 'ang1_4_5', 't6_7_17', 'dist5_9', 'dist9_13', 't2_4_5', 'dist2_16', 'dist3_5']",random_forest,25.41005085236054,15.338406341407984,11.57487999265267,2194,20,pca
matysek,otella,False,"['dist2_16', 't2_4_8', 't6_10_11', 'dist2_8', 'dist2_9', 't6_7_9', 't2_4_5', 'dist2_4', 'dist7_9', 'dist6_10', 'dist5_14', 'dist7_10', 'dist2_17', 'dist1_6', 'dist4_11', 'dist6_8', 'dist6_9', 't7_8_9', 't8_9_17', 'dist8_13']",random_forest,4.365782865008596,0.2363815870332948,4.224721815310682,2195,20,pca
matysek,nuernberg_2,False,"['dist1_11', 'dist5_15', 'ang1_2_5', 'dist15_17', 'dist5_9', 'ang2_7_5', 'dist8_15', 'dist12_13', 'dist5_14', 'dist11_15', 'dist7_13', 'dist4_14', 'dist9_12', 'ang3_4_3', 'dist1_6', 'dist3_15', 'dist5_12', 'dist15_16', 'ang1_4_5', 'dist1_10']",random_forest,27.9036186465888,16.508553188167543,11.40366886043496,2196,20,pca
matysek,nuernberg_2,False,"['dist8_15', 'ang1_2_5', 'dist5_15', 'dist5_10', 'dist4_14', 'dist2_9', 'dist5_6', 'dist3_15', 'dist15_17', 'dist5_12', 'dist1_8', 'dist1_6', 'dist6_13', 'ang1_4_5', 'ang2_3_4', 't5_9_10', 't2_5_6', 'dist10_15', 'dist1_2', 'dist5_9']",random_forest,18.00852765671844,9.859396958868148,9.300752914882318,2197,20,pca
matysek,nokia,False,"['dist14_16', 'dist15_17', 'ang4_2_4', 'dist1_15', 'dist13_16', 'ang3_4_3', 't3_4_16', 'dist3_16', 'dist6_11', 'dist5_13', 'ang3_1_4', 't8_9_17', 'dist12_15', 'dist6_8', 'dist8_15', 'ang4_2_5', 't13_14_16', 'dist1_11', 'dist3_15', 'dist10_15']",random_forest,16.08845253127348,7.203904325945887,8.896040455528915,2198,20,pca
matysek,nokia,False,"['dist15_17', 'ang3_4_3', 'dist3_16', 'dist5_15', 't3_4_16', 'dist14_16', 'ang4_2_5', 'dist12_13', 'dist8_15', 'dist1_12', 'ang3_1_4', 'dist3_15', 'dist1_15', 'dist4_9', 'dist1_10', 'dist2_4', 'dist4_14', 'dist6_11', 't3_4_5', 'dist3_5']",random_forest,14.701626516657713,6.662742225009065,8.126600252766606,2199,20,pca
matysek,noel,False,"['dist4_7', 'ang2_7_5', 'dist5_15', 'dist14_16', 'dist1_15', 'dist11_14', 'dist12_15', 'dist1_4', 'dist1_6', 'dist2_11', 'dist5_11', 't2_3_7', 't3_4_7', 't13_14_16', 'dist5_17', 'dist3_7', 'dist4_11', 'dist9_15', 't5_8_9', 't3_6_10']",random_forest,32.58822770997353,11.912122794629536,20.68664328543437,2200,20,pca
matysek,noel,False,"['ang2_7_5', 'dist14_16', 'dist1_15', 'dist12_13', 'dist4_10', 'dist1_6', 'dist4_7', 'dist3_12', 'dist5_9', 'dist5_10', 'dist3_15', 'dist5_6', 'dist5_15', 'dist7_13', 'dist11_17', 'dist14_17', 'dist15_17', 'ang2_1_4', 't2_3_7', 't3_7_16']",random_forest,32.940296777976016,11.85035372001001,21.334002537877968,2201,20,pca
matysek,nuernberg_1,False,"['dist3_16', 'dist14_16', 'dist1_11', 'dist4_16', 'dist5_15', 'dist6_8', 'dist7_13', 'ang4_9_5', 't2_3_7', 'dist3_17', 'ang4_2_5', 'dist3_15', 'dist4_8', 'dist14_17', 't3_4_16', 'dist12_13', 't7_8_17', 't6_9_17', 't2_4_7', 't3_4_7']",random_forest,9.74298172662928,4.204112180045511,7.297606224363635,2202,20,pca
matysek,nuernberg_1,False,"['dist3_16', 'dist6_9', 'dist2_7', 'dist4_8', 'dist4_16', 't3_4_16', 'dist1_6', 'dist6_8', 'dist7_13', 'ang7_6_10', 'ang6_10_4', 't6_7_9', 't6_7_17', 'ang4_9_5', 'dist6_10', 'dist14_16', 'dist3_7', 'dist6_16', 'dist14_17', 't6_9_17']",random_forest,16.1358019807497,2.307702009937125,14.145327979231519,2203,20,pca
matysek,shorfy,False,"['dist5_14', 't3_4_5', 'dist7_10', 'ang1_2_5', 'ang5_3_4', 'dist2_9', 'dist7_9', 'dist2_16', 'dist1_2', 'dist1_8', 'ang4_3_5', 'dist2_17', 'dist6_8', 'dist8_13', 'ang1_3_5', 'ang1_4_5', 't6_7_9', 'dist1_3', 'dist5_9', 'dist1_6']",random_forest,21.885850652639487,13.42072491822301,9.762167978812256,2204,20,pca
matysek,shorfy,False,"['dist1_2', 'dist13_16', 'dist5_14', 'dist1_3', 'dist3_5', 'dist5_15', 'dist2_16', 'dist13_17', 'dist1_4', 'dist2_8', 'dist8_9', 't6_7_17', 'ang1_2_5', 'dist7_17', 'dist8_13', 'dist9_13', 'ang3_2_5', 'ang1_3_5', 'ang5_1_4', 't3_4_5']",random_forest,17.032704191214453,9.079690486643134,8.031138336273735,2205,20,pca
matysek,paulinchen,False,"['ang2_1_4', 't7_8_9', 'ang3_1_4', 'dist1_8', 'dist8_9', 'ang1_4_5', 't7_8_17', 'ang1_2_5', 'dist3_6', 'dist2_9', 'dist10_12', 'dist1_10', 'ang2_1_5', 'ang1_4_3', 'dist7_9', 't8_9_17', 'dist4_6', 'dist13_14', 't12_15_17', 'dist1_17']",random_forest,18.053351056130186,10.573076771181734,9.73666279418341,2206,20,pca
matysek,paulinchen,False,"['dist14_16', 'ang1_3_5', 'dist8_9', 't8_9_17', 'dist1_6', 'dist13_14', 'dist4_14', 'ang1_4_5', 'dist1_8', 't3_4_5', 'ang1_2_5', 'dist5_9', 'dist2_12', 'dist9_17', 'dist3_13', 'dist5_17', 'dist8_15', 'dist1_17', 'dist4_9', 't4_5_8']",random_forest,9.37446876421399,11.814373611231888,2.4422699529026324,2207,20,pca
matysek,mette,False,"['dist5_14', 'dist1_2', 't7_8_9', 'dist14_16', 'dist2_12', 'dist7_9', 'dist6_8', 'dist9_16', 'dist5_9', 'ang1_4_5', 'dist1_3', 'dist1_13', 'dist13_16', 't3_7_16', 't6_7_9', 'dist6_9', 't13_14_16', 'dist2_17', 'dist6_10', 't6_7_17']",random_forest,15.383322260156977,8.23894056272189,7.544732618721204,2208,20,pca
matysek,mette,False,"['dist5_14', 'dist1_2', 'dist7_9', 'dist6_16', 'dist14_16', 'dist2_9', 'dist9_16', 'dist2_6', 'dist6_8', 'dist7_10', 'dist6_10', 'dist9_13', 'dist3_6', 'dist1_3', 'dist2_12', 'dist5_17', 'ang1_3_5', 't6_7_9', 'dist9_11', 'dist4_14']",random_forest,13.531920568307475,5.774963967028065,7.875523998414246,2209,20,pca
matysek,zewe,False,"['t2_4_8', 'dist4_9', 'ang3_4_3', 't8_9_17', 'dist1_2', 'ang5_3_4', 't3_4_5', 'dist1_4', 'dist9_16', 'ang4_3_5', 't4_6_10', 't7_8_9', 't6_7_9', 'dist2_8', 'dist4_14', 'ang4_2_5', 'ang1_3_5', 't4_5_8', 'dist6_7', 'ang2_7_5']",random_forest,31.682247491326923,15.7291019187065,18.067761564887476,2210,20,pca
matysek,zewe,False,"['dist5_14', 't2_4_5', 'dist1_4', 't4_5_8', 't2_4_8', 'dist1_2', 'dist2_8', 'dist3_5', 't3_4_5', 'ang3_4_3', 'dist4_13', 'dist1_16', 't1_2_7', 'dist5_16', 'dist1_17', 'dist2_9', 'ang1_4_5', 't6_7_17', 'ang1_2_5', 'ang4_9_5']",random_forest,20.596650325905735,11.604892477583338,8.992199025714545,2211,20,pca
matysek,vladimir,False,"['dist1_8', 'dist1_6', 't2_4_7', 'dist1_15', 't2_4_5', 'dist12_15', 'dist13_16', 'dist7_13', 't3_4_5', 't13_14_16', 'dist13_14', 'ang1_2_4', 't2_3_7', 'dist1_10', 'dist4_13', 'dist14_16', 'dist1_4', 't13_14_17', 'ang6_9_10', 'dist5_6']",random_forest,13.045349207141411,2.864055769641185,11.694341992387384,2212,20,pca
matysek,vladimir,False,"['dist1_8', 'dist1_6', 'dist12_15', 't3_4_16', 'dist1_11', 'dist1_15', 'dist5_12', 'dist1_4', 'dist7_13', 't2_4_5', 'dist13_14', 'ang6_9_10', 't13_14_16', 'dist1_2', 'dist1_5', 'dist4_13', 'dist13_16', 't2_3_7', 't3_4_5', 't1_3_5']",random_forest,12.392370061486206,1.354028856259707,11.833209018735966,2213,20,pca
lucka,sam,False,"['dist13_14', 't2_4_5', 't12_15_17', 'dist1_4', 'dist5_12', 'dist12_15', 't2_3_5', 't2_4_7', 't13_14_16', 'dist1_8', 'dist2_11', 'dist2_13', 'dist5_9', 'dist7_12', 'dist11_14', 'dist12_16', 'dist13_16', 't3_4_16', 't1_3_5', 't13_14_17']",random_forest,10.649788320448772,11.47931203279269,0.8859159820068717,2214,20,pca
lucka,sam,False,"['dist5_16', 'dist1_4', 'dist5_7', 'dist5_13', 'dist10_15', 'dist12_15', 'dist14_16', 'dist15_17', 't2_4_5', 't3_4_5', 'dist1_5', 'dist1_8', 'dist1_15', 'dist2_3', 'dist2_4', 'dist2_11', 'dist2_13', 'dist4_13', 'dist5_12', 'dist7_15']",random_forest,4.509980398449854,4.9617429139247236,1.0551327679875846,2215,20,pca
lucka,rosie,False,"['dist10_15', 'ang4_9_5', 'dist3_14', 'dist3_8', 't12_15_17', 'dist8_16', 'dist9_12', 'dist5_8', 'dist5_16', 'dist4_14', 'dist4_8', 'ang3_4_3', 'dist5_6', 'dist6_15', 't5_8_9', 't2_3_5', 'dist3_4', 'dist2_14', 'dist8_15', 'dist13_14']",random_forest,18.023552601266164,5.3857631619723545,12.649430068396198,2216,20,pca
lucka,rosie,False,"['ang3_4_3', 'dist11_17', 't6_7_17', 'dist8_16', 'dist12_17', 'ang5_3_4', 'dist5_15', 'dist8_15', 'dist2_15', 'dist6_8', 'dist7_12', 'dist8_9', 'ang1_4_5', 'ang3_1_4', 't5_8_9', 'dist2_11', 'dist7_10', 'dist7_11', 'dist10_15', 'ang6_10_4']",random_forest,18.7470312892982,7.498458281360531,12.565564368234952,2217,20,pca
lucka,otella,False,"['t2_4_5', 'dist10_15', 'dist11_14', 'dist5_13', 'dist12_15', 't2_3_5', 't3_4_5', 't2_4_7', 'dist3_5', 'dist14_16', 'dist5_9', 'dist3_13', 'dist5_14', 't5_8_9', 'dist15_17', 'dist1_5', 'dist2_3', 'dist2_5', 'ang6_10_4', 't3_5_10']",random_forest,11.190573086307872,10.77291579588671,4.816719260050307,2218,20,pca
lucka,otella,False,"['dist5_9', 't4_5_8', 'dist5_7', 't1_3_5', 'ang6_10_4', 'dist1_5', 'dist2_8', 't5_8_9', 't2_4_8', 't3_4_5', 't2_4_5', 'dist6_13', 'dist6_15', 'dist12_15', 't13_14_16', 'dist1_4', 'dist4_17', 'dist10_15', 'dist14_16', 'dist5_13']",random_forest,12.903970993517836,11.827175094612013,4.274951779025216,2219,20,pca
lucka,nuernberg_2,False,"['dist8_12', 'dist9_12', 'dist10_11', 'ang6_10_4', 't7_8_17', 't12_15_17', 'dist2_11', 'dist5_12', 'dist9_11', 't6_10_11', 'dist6_11', 'dist9_15', 'dist3_15', 'dist5_6', 'dist5_16', 'dist6_9', 'dist6_10', 'dist8_15', 'dist10_12', 'dist10_15']",random_forest,12.553251224829172,10.63000977615967,2.106016428060156,2220,20,pca
lucka,nuernberg_2,False,"['dist2_11', 'dist6_17', 'dist3_7', 'dist5_9', 'dist7_12', 'dist2_14', 'dist3_6', 'dist3_15', 'dist4_12', 'dist5_15', 'dist7_15', 'dist9_15', 'dist10_15', 'dist11_14', 'dist12_13', 'dist12_14', 'dist12_16', 'dist12_17', 'dist14_16', 't4_7_8']",random_forest,4.183481811170683,3.8507241282032614,0.4608845944122718,2221,20,pca
lucka,nokia,False,"['dist5_14', 'dist10_15', 'dist13_14', 'dist14_16', 't2_4_5', 't2_4_8', 'dist1_4', 'dist1_5', 'dist1_8', 'dist2_3', 'dist2_4', 'dist2_11', 'dist2_14', 'dist4_13', 'dist5_13', 'dist5_15', 'dist9_12', 'dist10_12', 'dist12_15', 't3_4_16']",random_forest,6.230423562158111,4.6700943859337904,1.5654925606627303,2222,20,pca
lucka,nokia,False,"['dist1_8', 'ang6_10_4', 't2_4_5', 'dist1_4', 'dist2_14', 'dist14_16', 't1_3_5', 'dist2_3', 'dist2_4', 'dist2_11', 'dist3_5', 'dist3_13', 'dist5_13', 'dist5_14', 'dist6_11', 'dist8_12', 'dist9_12', 'dist10_15', 'dist12_15', 'dist13_14']",random_forest,12.033196405722077,9.52790555640694,2.6511128424993693,2223,20,pca
lucka,noel,False,"['dist1_4', 't2_4_5', 'dist1_3', 'dist1_15', 'dist4_12', 'dist7_12', 't4_7_8', 't12_15_17', 'dist1_8', 'dist2_4', 'dist2_13', 'dist3_13', 'dist5_9', 'dist9_15', 'dist10_11', 'dist10_15', 'dist12_15', 'dist14_16', 't4_5_8', 't5_8_9']",random_forest,9.089570852037214,7.469319884605567,2.210250369924124,2224,20,pca
lucka,noel,False,"['dist1_4', 't2_4_5', 'dist1_8', 'dist1_15', 'dist2_13', 'dist5_9', 'dist7_12', 't12_15_17', 'dist3_7', 'dist3_13', 'dist4_12', 'dist5_12', 'dist7_15', 'dist10_11', 'dist10_15', 'dist12_15', 'dist12_16', 'dist12_17', 'dist14_16', 't4_7_8']",random_forest,9.074515957978743,7.34674779053471,2.411062688929542,2225,20,pca
lucka,matysek,False,"['dist5_14', 'dist7_12', 't2_4_5', 'dist1_4', 'dist2_11', 'dist1_3', 'dist1_16', 'dist2_4', 'dist2_8', 'dist3_6', 'dist4_12', 'dist6_8', 'dist6_17', 'dist7_15', 'dist8_9', 'dist11_16', 'dist11_17', 'dist12_17', 'dist13_17', 't6_7_9']",random_forest,4.67405010790135,4.754421123314776,0.2456377054206856,2226,20,pca
lucka,matysek,False,"['t2_4_5', 'dist1_4', 'dist2_16', 'dist1_16', 'dist5_13', 't1_3_5', 'dist2_8', 'dist1_8', 'dist6_15', 'dist13_16', 'dist5_6', 'dist2_11', 'dist10_11', 't2_3_5', 't2_4_8', 't12_15_17', 'dist6_9', 'dist12_14', 'dist8_13', 't7_8_17']",random_forest,7.288650593254372,9.253416718527607,2.4295761914435214,2227,20,pca
lucka,nuernberg_1,False,"['t2_4_8', 'dist2_8', 'dist3_5', 'dist10_15', 't2_4_5', 't3_4_5', 'dist1_9', 'dist2_4', 'dist1_8', 'dist2_3', 'dist2_9', 'dist2_13', 'dist3_16', 'dist4_16', 'dist5_14', 'dist9_12', 't3_4_16', 't4_5_8', 't1_3_5', 't3_5_10']",random_forest,7.565568691821134,7.632619797589486,1.3336099192038637,2228,20,pca
lucka,nuernberg_1,False,"['dist1_8', 'dist2_8', 't2_4_5', 't12_15_17', 'dist1_4', 'dist2_11', 'dist10_15', 'dist12_15', 'dist12_17', 'dist13_14', 'dist14_16', 't3_4_5', 't2_4_8', 't2_4_7', 'dist1_16', 'dist2_4', 'dist2_16', 'dist3_5', 'dist5_13', 'dist9_12']",random_forest,8.56184504922558,7.97892991532517,0.860429399081507,2229,20,pca
lucka,shorfy,False,"['dist14_16', 'dist5_7', 'dist2_4', 'dist5_17', 'ang6_10_4', 'dist11_12', 'dist2_3', 'dist3_4', 'dist5_8', 'dist13_14', 'dist2_14', 'dist10_17', 'dist5_9', 't2_4_5', 't1_3_5', 'ang1_2_5', 'dist10_12', 'dist1_2', 'ang1_4_3', 'dist8_10']",random_forest,15.04775751163468,8.273003078470973,11.31069741789557,2230,20,pca
lucka,shorfy,False,"['ang6_10_4', 'dist5_17', 'dist11_12', 'dist3_14', 'dist10_17', 'dist14_16', 'dist2_13', 'dist7_14', 'dist5_9', 'dist7_10', 'ang5_1_4', 'dist1_6', 'ang1_2_5', 'dist1_8', 'dist13_16', 'dist8_17', 'dist10_16', 'dist3_4', 'ang4_2_4', 'dist5_14']",random_forest,17.75162530684099,8.241784710776116,12.308975017980819,2231,20,pca
lucka,paulinchen,False,"['dist1_8', 'dist2_16', 'dist5_16', 'dist13_14', 't2_4_5', 'dist1_4', 'dist1_15', 'dist1_16', 'dist11_12', 'dist12_15', 't3_4_5', 't2_4_8', 't3_5_10', 'dist1_9', 'dist2_3', 'dist2_4', 'dist5_13', 'dist13_16', 'dist14_16', 't1_2_7']",random_forest,6.912367940138546,5.733457705005692,1.231562452845146,2232,20,pca
lucka,paulinchen,False,"['dist1_8', 'dist2_8', 't3_5_10', 't1_3_5', 'dist1_9', 'dist6_17', 'dist9_12', 'dist12_15', 'dist12_17', 't2_4_5', 't3_4_5', 'dist1_3', 'dist1_10', 'dist1_16', 'dist2_3', 'dist2_4', 'dist2_9', 'dist3_5', 'dist3_9', 'dist5_12']",random_forest,6.835361634016872,8.00646328303896,1.4604589598810147,2233,20,pca
lucka,mette,False,"['dist1_8', 'dist1_15', 'dist13_14', 't1_3_5', 't2_4_8', 'dist5_13', 'dist12_15', 'dist2_14', 'dist2_16', 'dist5_12', 'dist9_10', 'dist1_4', 'dist1_5', 'dist1_16', 'dist1_17', 'dist2_3', 'dist3_4', 'dist5_6', 'dist6_15', 'dist10_15']",random_forest,4.339183770116752,6.059566723356793,1.7212199070136251,2234,20,pca
lucka,mette,False,"['t1_3_5', 'dist5_12', 'dist12_15', 't12_15_17', 'dist6_15', 'dist1_15', 'dist2_3', 'dist2_14', 'dist10_15', 'dist5_13', 't2_4_5', 'dist12_14', 'dist2_16', 'dist1_16', 'dist5_7', 'dist3_4', 'dist1_5', 'dist3_14', 'dist5_6', 'dist13_14']",random_forest,5.879897373129202,8.941837165590972,3.062796919226741,2235,20,pca
lucka,zewe,False,"['dist5_12', 'ang4_3_5', 'dist4_14', 'dist5_6', 'dist5_15', 'dist10_12', 'ang2_4_5', 'ang5_3_4', 'ang3_4_3', 'dist14_16', 'ang2_3_4', 'dist6_11', 'dist7_15', 'dist11_13', 'ang1_4_5', 'ang3_2_4', 't6_10_11', 'dist11_12', 'dist3_14', 'dist3_16']",random_forest,30.684811385566586,8.474020026353056,23.03917194595828,2236,20,pca
lucka,zewe,False,"['dist10_11', 't1_3_5', 'dist10_15', 'ang6_10_4', 'dist2_3', 'dist9_12', 'dist14_15', 'dist1_16', 't2_4_5', 'dist2_13', 'dist5_6', 'dist6_17', 'dist8_12', 'dist9_11', 't12_13_15', 't13_14_16', 'dist6_9', 'dist10_12', 'dist12_13', 't13_14_17']",random_forest,15.31091572684412,16.721875104189383,6.877712265477834,2237,20,pca
lucka,vladimir,False,"['dist1_8', 't2_4_5', 'dist2_4', 'dist2_14', 'dist5_16', 'dist10_15', 't3_7_16', 't2_4_8', 't2_4_7', 'dist1_4', 'dist1_15', 'dist1_16', 'dist2_3', 'dist2_8', 'dist2_16', 'dist3_13', 'dist5_6', 'dist5_7', 'dist12_15', 'dist13_14']",random_forest,8.490754768646736,4.691874242274024,3.8306402484330464,2238,20,pca
lucka,vladimir,False,"['dist1_8', 'dist2_8', 'dist5_14', 'dist6_17', 'dist7_12', 't2_4_8', 'dist2_4', 'dist2_11', 'dist2_14', 'dist3_17', 'dist4_12', 'dist10_15', 'dist12_15', 'dist13_17', 't3_7_16', 't7_8_16', 't6_7_9', 't3_5_10', 't13_14_17', 't12_15_17']",random_forest,12.40989390576345,9.700736842180977,3.3709285710742503,2239,20,pca
nuernberg_1,sam,False,"['t2_4_7', 'dist3_16', 'dist4_8', 'dist2_9', 't3_4_16', 'dist4_16', 't7_8_17', 'dist5_14', 't3_4_5', 'dist7_17', 'dist3_7', 'dist8_17', 'dist9_11', 'ang3_1_5', 'ang3_2_5', 'dist2_7', 'dist2_4', 't4_5_8', 'dist4_10', 'dist8_15']",random_forest,6.858170422861199,7.847867360460297,2.499682384593052,2240,20,pca
nuernberg_1,sam,False,"['ang4_3_5', 'dist3_7', 't2_4_7', 'ang5_3_4', 'ang2_4_5', 'dist2_7', 'dist4_8', 'dist5_17', 'dist4_14', 't2_3_7', 'dist3_16', 'ang3_4_3', 'dist7_8', 'dist13_14', 't5_8_9', 'dist1_13', 'dist4_16', 'dist6_10', 'ang6_4_10', 'dist7_15']",random_forest,23.00416336925143,10.206075015984194,13.312126777590855,2241,20,pca
nuernberg_1,rosie,False,"['ang1_4_5', 'dist5_14', 'ang2_4_5', 'dist4_8', 'ang3_4_3', 't2_4_8', 'dist7_13', 'dist3_16', 'ang4_9_5', 'dist4_10', 'dist2_8', 'dist6_12', 'ang1_2_5', 'ang1_3_5', 't2_3_7', 't6_7_17', 'dist7_8', 'ang7_6_10', 't3_4_16', 't3_4_5']",random_forest,29.434675478386954,16.17897086058234,13.438325568580758,2242,20,pca
nuernberg_1,rosie,False,"['dist5_14', 't3_4_5', 'dist4_8', 'dist3_5', 'dist6_12', 'ang4_3_5', 'ang2_4_5', 'dist3_8', 'ang5_3_4', 'ang3_4_3', 'dist7_8', 'ang4_2_5', 'dist2_7', 'dist3_9', 'dist3_10', 'ang1_4_5', 'ang4_9_5', 't4_5_8', 't2_4_7', 'dist2_11']",random_forest,25.82316826438871,12.922361500306616,14.128608644747036,2243,20,pca
nuernberg_1,otella,False,"['dist5_14', 'dist7_13', 't2_4_8', 'dist2_8', 'dist3_7', 'dist4_8', 'dist12_17', 't3_4_5', 't2_5_10', 't3_5_10', 'dist1_4', 'dist2_4', 'dist2_9', 'dist2_16', 'dist3_8', 'dist3_9', 'dist3_10', 'dist4_10', 'dist4_11', 't3_7_16']",random_forest,5.583021198762493,1.7571859151443991,3.8424911617246638,2244,20,pca
nuernberg_1,otella,False,"['dist3_8', 'dist1_10', 'dist4_9', 'ang2_4_5', 'dist2_11', 'dist5_15', 't1_2_7', 'dist2_9', 'dist3_10', 'dist12_13', 't3_4_16', 'dist4_8', 'dist1_4', 'dist4_10', 'dist3_9', 'dist8_14', 'ang1_3_5', 't2_4_8', 'ang4_3_5', 'dist4_12']",random_forest,10.593258168254287,8.67233304814994,2.3990510049107985,2245,20,pca
nuernberg_1,nuernberg_2,False,"['dist6_8', 'dist5_6', 't2_5_6', 't6_7_17', 'dist6_17', 'dist6_9', 'dist2_6', 'dist3_6', 'ang6_10_4', 't7_8_17', 'dist2_15', 'dist7_8', 'dist5_11', 'dist6_7', 'dist6_14', 'dist6_16', 't7_8_16', 't6_7_9', 'dist2_11', 'ang1_4_3']",random_forest,11.902280210644562,9.608187668451542,2.4230887682516262,2246,20,pca
nuernberg_1,nuernberg_2,False,"['t1_2_7', 't2_5_6', 'ang2_7_5', 't2_4_5', 'dist4_13', 'dist5_14', 'dist7_8', 'dist9_14', 'dist1_8', 'dist4_8', 'dist6_17', 'dist2_16', 'dist3_16', 'dist5_15', 'dist6_10', 'dist5_6', 'dist6_8', 'dist7_13', 'dist8_17', 'dist11_13']",random_forest,10.756230659901806,1.6854728751849326,11.597658796898552,2247,20,pca
nuernberg_1,shorfy,False,"['dist5_14', 't3_4_5', 'dist10_14', 'dist2_9', 'ang1_3_4', 'dist3_16', 'dist8_14', 'ang1_3_5', 't3_4_16', 'dist2_16', 'ang2_1_5', 'dist12_13', 'dist3_4', 'dist4_16', 'dist5_6', 'dist6_11', 'ang1_2_5', 'ang3_1_4', 'ang7_6_10', 'dist2_17']",random_forest,20.912804590372577,8.112454739216533,13.309010415606473,2248,20,pca
nuernberg_1,shorfy,False,"['dist5_14', 'dist3_8', 'dist3_10', 't3_4_5', 't2_5_10', 'dist3_16', 'dist4_9', 'dist7_13', 'dist8_14', 'dist10_14', 't2_4_8', 't3_5_10', 'dist4_10', 'dist1_12', 'dist2_9', 'dist2_11', 'dist3_4', 'dist3_5', 'dist3_9', 'dist3_17']",random_forest,6.136138139461506,0.6452720195573428,5.675106038717428,2249,20,pca
nuernberg_1,paulinchen,False,"['dist4_10', 'dist1_8', 'ang3_1_4', 'dist6_9', 'dist4_9', 'dist3_16', 'dist4_8', 't3_4_16', 'dist8_14', 'dist4_16', 'dist11_12', 'dist2_3', 'dist3_4', 'dist3_8', 'dist3_10', 'dist13_14', 'ang1_3_5', 'ang1_4_5', 'ang4_9_5', 't2_5_10']",random_forest,15.061556529100628,11.148609634775426,4.1162867964987315,2250,20,pca
nuernberg_1,paulinchen,False,"['dist13_14', 'dist12_15', 'ang4_9_5', 'dist1_8', 'ang3_1_4', 't6_7_17', 'dist1_5', 'dist5_13', 'dist5_16', 'dist6_17', 't6_9_17', 't3_4_16', 'dist4_7', 'dist3_4', 'dist3_7', 'ang3_1_5', 't3_7_16', 'dist1_17', 't12_15_17', 't13_14_16']",random_forest,8.899081434330657,7.160499183027601,1.7435195143696804,2251,20,pca
nuernberg_1,zewe,False,"['dist1_4', 't3_4_5', 'ang2_4_5', 'ang3_4_3', 't4_5_8', 't1_3_5', 't2_4_5', 't2_4_8', 't2_4_7', 't13_14_16', 'dist1_3', 'dist2_4', 'dist3_4', 'dist3_5', 'dist3_9', 'dist3_10', 'dist4_8', 'dist4_11', 'dist4_12', 'dist4_13']",random_forest,26.645689924480447,10.184998725990766,16.669124419048835,2252,20,pca
nuernberg_1,zewe,False,"['t3_5_10', 't3_4_5', 't4_5_8', 'dist4_10', 'dist3_10', 'dist4_9', 'dist8_14', 'ang4_3_5', 'ang2_4_5', 'ang3_4_3', 't2_4_5', 't2_4_8', 'dist1_3', 'dist1_4', 'dist2_4', 'dist3_4', 'dist3_5', 'dist3_8', 'dist3_9', 'dist3_17']",random_forest,23.799601918476395,7.876826441188063,16.00790223254705,2253,20,pca
nuernberg_1,vladimir,False,"['dist13_14', 'dist6_9', 'dist2_16', 'dist1_8', 't3_4_5', 't2_4_5', 'dist1_16', 'dist7_8', 'ang1_4_3', 'dist7_9', 'dist12_15', 'dist1_9', 'dist5_15', 'dist3_5', 'dist4_13', 'dist6_11', 'dist1_5', 'ang4_9_5', 'dist13_16', 'dist2_11']",random_forest,16.749718859795852,6.459211544959076,10.726054245324757,2254,20,pca
nuernberg_1,vladimir,False,"['dist1_16', 'dist13_14', 'dist2_3', 'dist6_9', 'dist12_15', 'dist2_16', 'dist6_17', 't6_7_9', 'dist13_16', 't2_4_5', 'ang4_9_5', 't6_7_17', 'dist1_8', 'dist5_6', 'dist5_7', 'dist5_14', 'dist5_15', 'dist5_16', 'dist6_8', 't2_3_7']",random_forest,16.014483922435918,5.820941019504782,10.205923071760223,2255,20,pca
leni,sam,False,"['t7_8_17', 't2_4_5', 't6_7_9', 'ang3_4_3', 'dist1_4', 'ang1_4_3', 't6_7_17', 'dist7_10', 'dist2_16', 'ang5_3_4', 'dist4_7', 'ang4_2_4', 'ang2_4_5', 't2_5_6', 'dist7_8', 'ang4_3_5', 'ang1_3_4', 't2_4_7', 't3_6_10', 'dist2_4']",random_forest,24.132315616122536,15.046136573023803,13.424061887775592,2256,20,pca
leni,sam,False,"['dist1_8', 'dist1_16', 'dist2_16', 'dist16_17', 't7_8_16', 'ang1_4_3', 't7_8_17', 'dist2_8', 'dist6_8', 'dist7_8', 'ang1_2_5', 't6_7_17', 'dist6_13', 'dist1_10', 'dist1_15', 'dist1_17', 'dist2_3', 'dist4_6', 'dist4_9', 'ang4_3_5']",random_forest,11.660769840693662,4.807705431371031,8.627196368050257,2257,20,pca
leni,rosie,False,"['dist1_3', 'dist1_4', 'dist1_8', 't3_4_5', 'dist5_14', 'dist7_8', 'dist7_10', 't2_3_7', 't3_7_16', 't2_4_5', 't2_4_8', 'dist2_4', 'dist3_15', 'dist4_6', 'dist4_12', 'dist6_9', 'dist13_17', 't6_7_9', 't7_8_17', 't8_9_17']",random_forest,7.481947803074442,3.654092293670936,4.022768381092898,2258,20,pca
leni,rosie,False,"['dist1_8', 't3_4_5', 'dist12_17', 'dist4_12', 'dist7_12', 'dist7_13', 't2_4_8', 'dist1_4', 'dist1_16', 'dist2_7', 'dist2_8', 'dist2_11', 'dist2_16', 'dist3_5', 'dist3_9', 'dist6_17', 'dist8_16', 'dist12_13', 'dist12_16', 'dist13_17']",random_forest,7.201182918411762,3.316351642561575,3.8877278357357823,2259,20,pca
leni,otella,False,"['dist1_8', 'dist1_4', 'dist6_8', 'dist6_17', 'dist7_13', 'dist12_17', 't1_6_7', 'dist2_4', 'dist2_5', 'dist2_11', 'dist4_12', 'dist6_16', 'dist7_10', 'dist7_12', 'dist9_11', 'dist9_12', 'ang1_2_4', 't4_7_8', 't8_9_17', 't1_3_5']",random_forest,10.14789574684374,8.739448069278202,2.9318430815763015,2260,20,pca
leni,otella,False,"['dist1_8', 'dist2_11', 't3_5_10', 'dist3_10', 'dist6_17', 'dist7_13', 't2_4_8', 'dist2_4', 'dist2_8', 'dist2_14', 'dist3_8', 'dist6_10', 'dist7_12', 'dist8_12', 'dist11_16', 't6_7_9', 't1_3_5', 't3_4_5', 't2_4_7', 't13_14_17']",random_forest,11.76726592061577,7.423134068809248,4.428648838874327,2261,20,pca
leni,nuernberg_2,False,"['t2_4_8', 'dist2_4', 't2_4_5', 't7_8_16', 't3_5_10', 'dist2_3', 'dist6_16', 'dist13_17', 'ang1_4_5', 't2_3_5', 'dist3_8', 'dist4_10', 'dist3_9', 'dist4_9', 'ang3_4_3', 'dist1_17', 'dist4_11', 't7_8_9', 'ang4_3_5', 'dist7_13']",random_forest,18.191970521258778,13.164616902571899,5.0329352999394406,2262,20,pca
leni,nuernberg_2,False,"['dist1_8', 't2_4_5', 'dist1_9', 't6_7_9', 'dist1_10', 'dist1_17', 'dist2_4', 'dist7_9', 'dist7_10', 't1_6_7', 't7_8_9', 't3_4_5', 'dist2_3', 'dist2_13', 'dist9_12', 'ang2_4_5', 't4_5_8', 't2_4_8', 't3_6_10', 'dist1_16']",random_forest,14.811689848606086,12.555911470942482,2.259362159256262,2263,20,pca
leni,nokia,False,"['dist1_10', 'ang2_4_5', 'dist4_10', 'dist8_9', 'dist10_15', 'dist1_4', 'dist3_13', 'dist7_13', 't4_6_10', 'dist3_6', 'ang3_1_4', 'ang4_3_5', 'ang1_3_4', 't4_5_8', 'dist7_10', 'dist9_14', 'dist10_16', 'ang1_2_4', 'ang5_3_4', 't7_8_9']",random_forest,32.01768421148477,17.510456439931755,15.172673935452243,2264,20,pca
leni,nokia,False,"['ang6_4_10', 'ang4_9_5', 'dist4_10', 'dist1_9', 'ang1_2_5', 'ang2_4_5', 't1_6_7', 'dist4_9', 'ang1_3_4', 'ang6_9_10', 'dist3_9', 'dist1_6', 'ang1_2_4', 'dist6_16', 'ang1_4_3', 'dist1_4', 'dist10_15', 'dist7_9', 'dist6_9', 'dist3_7']",random_forest,25.313100014436404,6.095608408510106,19.218166374258193,2265,20,pca
leni,noel,False,"['dist1_2', 'dist2_4', 'dist1_8', 'dist1_9', 'dist2_14', 't2_3_5', 't3_4_5', 'dist5_16', 'dist6_9', 'ang4_9_5', 'dist9_11', 'dist2_5', 'ang2_7_5', 'dist11_12', 'ang5_1_4', 'dist2_11', 'dist10_15', 't2_4_5', 't7_8_9', 'dist4_5']",random_forest,25.441567102119112,4.4169807841237025,22.76266609237867,2266,20,pca
leni,noel,False,"['t2_4_5', 'dist2_4', 'dist1_8', 't7_8_17', 'dist1_17', 'dist2_16', 'dist2_3', 't2_4_8', 'dist5_9', 'dist2_5', 'dist3_4', 'dist6_9', 'dist2_14', 'dist7_9', 't2_3_5', 't3_4_5', 't7_8_9', 'dist7_17', 'ang3_4_3', 'ang2_7_5']",random_forest,21.82683280853985,5.032421153684384,20.61748582588594,2267,20,pca
leni,matysek,False,"['dist4_10', 'dist6_13', 'dist2_7', 'dist2_9', 'dist3_10', 'dist4_9', 'dist5_9', 'dist7_14', 't2_3_7', 't3_5_10', 't3_6_10', 'dist1_8', 'dist3_9', 'dist4_8', 'dist7_13', 'dist11_14', 'dist14_17', 't3_4_16', 't4_5_8', 't2_5_10']",random_forest,9.451039005173017,7.614396443611109,2.0776664805024825,2268,20,pca
leni,matysek,False,"['dist4_7', 'dist1_11', 'dist1_6', 'dist1_8', 'dist1_4', 'dist7_14', 'dist13_14', 'dist12_17', 'dist1_12', 'dist1_13', 'dist7_13', 'dist8_15', 'dist10_17', 'dist14_16', 't3_4_16', 't1_6_7', 'dist1_15', 'dist15_16', 't12_15_17', 'ang1_2_5']",random_forest,7.712701450038145,2.540552512392702,6.561149754207032,2269,20,pca
leni,lucka,False,"['dist1_8', 'dist2_11', 'dist5_14', 'dist6_17', 't2_4_8', 'dist2_4', 'dist2_8', 'dist2_14', 'dist4_12', 'dist7_12', 'dist12_15', 'dist13_17', 't6_7_9', 't3_4_5', 't13_14_17', 'dist1_3', 'dist1_4', 'dist1_12', 'dist1_16', 'dist2_3']",random_forest,11.328423443117686,4.715323857768131,6.616092300227141,2270,20,pca
leni,lucka,False,"['dist1_8', 'dist6_17', 'dist2_14', 't6_7_9', 't2_4_8', 't12_15_17', 'dist1_3', 'dist2_3', 'dist2_4', 'dist2_11', 'dist3_4', 'dist4_12', 'dist5_16', 'dist8_12', 'dist9_12', 'dist10_11', 'dist10_15', 'dist12_15', 'dist13_14', 't3_4_16']",random_forest,8.810817027063264,2.1982701501587147,6.721957048418753,2271,20,pca
leni,nuernberg_1,False,"['dist1_8', 'dist6_17', 'dist13_14', 't7_8_16', 't7_8_17', 'dist5_7', 'dist6_8', 'dist6_9', 'dist6_16', 'dist7_10', 'dist9_12', 'dist1_4', 'dist2_5', 'dist5_16', 'dist6_7', 'dist8_12', 'dist10_11', 'dist10_12', 'dist12_15', 't4_7_8']",random_forest,3.4556128423826835,2.6344651216617017,1.1450132215219802,2272,20,pca
leni,nuernberg_1,False,"['t1_3_5', 't2_4_5', 'dist6_8', 'dist6_17', 'dist13_14', 'dist16_17', 'dist1_16', 'dist3_6', 't6_7_17', 't12_15_17', 'dist7_10', 'dist1_8', 't2_5_6', 'dist1_3', 'dist4_6', 'dist5_6', 'dist5_16', 'dist6_7', 'dist6_14', 'dist6_16']",random_forest,8.026923374244817,5.63982629514995,2.4469310928845123,2273,20,pca
leni,shorfy,False,"['dist1_8', 'dist2_11', 't3_4_5', 'dist2_8', 'dist6_17', 'dist1_3', 'dist1_4', 'dist2_4', 'dist3_6', 'dist4_12', 'dist5_14', 'dist6_9', 'dist7_10', 'dist7_12', 'dist11_16', 'dist12_15', 'dist12_17', 't6_7_9', 't1_3_5', 't2_4_8']",random_forest,10.313318712436836,4.051872189034708,6.261973233646633,2274,20,pca
leni,shorfy,False,"['dist5_14', 't3_4_5', 'dist3_5', 't2_4_5', 'dist7_10', 'dist2_11', 'dist3_6', 't2_3_5', 'dist1_8', 'dist4_13', 'dist6_7', 'dist12_13', 't1_6_7', 't6_7_17', 't2_4_7', 't2_5_6', 't3_5_10', 't13_14_15', 'dist1_4', 'dist6_8']",random_forest,14.41100199919348,4.5103540063931895,9.904406710875493,2275,20,pca
leni,paulinchen,False,"['dist3_12', 'dist14_15', 'dist8_15', 'dist12_13', 'dist4_7', 'dist6_17', 'dist7_15', 'dist3_7', 'dist1_12', 'dist3_6', 'dist3_11', 'dist4_11', 'dist6_9', 'dist6_10', 'dist6_16', 'dist11_13', 'dist11_14', 'dist11_17', 'dist12_14', 'ang4_2_4']",random_forest,4.2641524664745525,2.8782326360232795,1.4152264245163957,2276,20,pca
leni,paulinchen,False,"['dist3_6', 't3_5_10', 'dist2_11', 'dist2_12', 'dist3_10', 'dist4_12', 'dist12_13', 't4_5_8', 'dist2_4', 'dist2_9', 'dist3_7', 'dist3_9', 'dist3_15', 'dist3_17', 'dist4_8', 'dist4_9', 'dist6_14', 'dist9_14', 'dist14_17', 'dist15_16']",random_forest,4.668725113879836,3.6001646932485105,1.3087909275061578,2277,20,pca
leni,mette,False,"['dist2_11', 'dist3_10', 'dist5_14', 'dist6_17', 't2_4_8', 'dist1_4', 'dist1_8', 'dist2_4', 'dist2_9', 'dist3_7', 'dist4_12', 'dist11_16', 't3_7_16', 't4_7_8', 't7_8_16', 't6_7_9', 't3_4_5', 't3_5_10', 't13_14_17', 't12_15_17']",random_forest,13.618200710544308,8.79267462528492,4.846773757540795,2278,20,pca
leni,mette,False,"['dist2_11', 'dist3_10', 'dist5_14', 'dist6_17', 't2_4_8', 'dist1_4', 'dist2_3', 'dist2_4', 'dist2_8', 'dist2_9', 'dist3_6', 'dist3_7', 'dist4_9', 'dist4_11', 'dist4_12', 'dist7_10', 'dist7_13', 'dist7_15', 'dist13_16', 't3_7_16']",random_forest,5.197100080196202,2.8553139519346575,2.4412799583393734,2279,20,pca
leni,zewe,False,"['dist1_4', 't3_4_5', 't2_4_8', 'dist1_3', 'dist2_4', 'dist2_8', 'dist2_9', 'dist3_10', 'dist4_10', 'dist4_12', 'dist7_13', 'ang2_4_5', 'ang3_4_3', 't4_7_8', 't4_5_8', 't6_7_9', 't1_3_5', 't3_5_10', 't13_14_17', 'dist1_8']",random_forest,33.45806217121638,19.138807708524965,14.332907169929094,2280,20,pca
leni,zewe,False,"['dist1_8', 't3_4_5', 'dist1_4', 'dist5_14', 'dist12_15', 't7_8_17', 't2_4_8', 'dist1_5', 'dist1_16', 'dist2_4', 'dist3_4', 'dist3_6', 'dist4_12', 'dist4_16', 'dist5_7', 't3_7_16', 't6_7_9', 't8_9_17', 't2_4_5', 't2_4_7']",random_forest,8.544536765747594,4.723546818157523,3.9002687870830806,2281,20,pca
leni,vladimir,False,"['dist10_11', 'dist6_8', 'dist11_14', 't7_8_17', 'dist2_11', 'dist2_6', 'dist15_17', 'ang2_7_5', 'dist15_16', 'dist7_14', 'dist4_11', 'dist9_15', 'ang6_9_10', 'ang6_10_4', 'dist4_7', 'dist5_12', 'dist6_16', 'dist12_13', 'ang4_9_5', 't6_7_9']",random_forest,26.52655883643219,5.72396811136416,21.45500912385704,2282,20,pca
leni,vladimir,False,"['ang4_9_5', 'dist2_11', 'dist5_12', 'dist6_8', 'dist2_6', 'dist6_16', 'dist10_11', 'ang6_10_4', 'dist10_15', 'dist11_14', 'dist2_15', 'dist7_11', 'dist5_15', 'dist15_16', 'dist5_9', 'dist4_9', 'dist4_15', 'ang6_9_10', 'dist3_6', 'dist5_11']",random_forest,16.947753693609762,5.78415211163532,12.169322895596927,2283,20,pca
innsbruck_1,sam,False,"['t2_4_5', 't2_4_8', 'dist8_14', 't2_3_7', 't1_3_5', 'dist2_3', 'dist2_11', 'dist3_17', 'dist5_14', 'dist13_17', 'dist14_16', 't4_5_8', 'dist2_8', 'dist1_10', 'dist2_4', 'dist2_9', 'dist5_16', 't5_8_9', 't2_3_5', 't3_4_5']",random_forest,8.21443686661356,7.786540319545747,0.6227390036267881,2284,20,pca
innsbruck_1,sam,False,"['dist4_9', 'dist4_10', 't2_4_5', 't3_5_10', 'dist2_3', 'dist2_4', 'dist2_14', 'dist3_10', 'dist10_14', 't2_3_7', 't2_4_8', 'dist1_10', 'dist2_7', 'dist2_9', 'dist2_11', 'dist7_10', 'dist9_10', 'dist13_16', 't1_2_7', 't4_5_8']",random_forest,8.980013405423607,8.73251042985474,0.7152729145010617,2285,20,pca
innsbruck_1,rosie,False,"['dist7_12', 't3_5_10', 'dist2_11', 'dist4_10', 't4_5_8', 't2_4_8', 'dist1_4', 'dist2_4', 'dist3_7', 'dist3_10', 'dist3_17', 'dist4_12', 'dist5_14', 'dist11_16', 'dist12_13', 'dist14_16', 'ang1_2_5', 'ang6_9_10', 't4_7_8', 't7_8_16']",random_forest,26.28614707258661,20.023627512053544,6.453964641180887,2286,20,pca
innsbruck_1,rosie,False,"['dist2_11', 't3_4_5', 't2_4_8', 'dist1_3', 'dist1_8', 'dist1_16', 'dist2_8', 'dist3_5', 'dist12_17', 'ang1_2_5', 't2_4_5', 'dist1_13', 'dist2_3', 'dist2_4', 'dist2_16', 'dist3_10', 'dist5_14', 'dist7_12', 'dist8_16', 'dist12_13']",random_forest,19.21052130725422,12.251088204785587,7.091036149623662,2287,20,pca
innsbruck_1,otella,False,"['dist2_11', 'dist7_13', 't2_4_8', 'dist1_4', 'dist2_4', 'dist3_7', 'dist3_10', 'dist7_12', 'dist8_16', 'dist9_15', 'dist11_14', 'dist11_16', 'dist12_13', 'dist13_17', 't2_3_7', 't3_7_16', 't3_4_5', 't2_4_7', 't3_5_10', 't13_14_17']",random_forest,12.196007210449263,7.207355124286429,5.007552283459267,2288,20,pca
innsbruck_1,otella,False,"['dist1_8', 't2_4_8', 'dist2_4', 'dist2_8', 'dist2_9', 'dist2_11', 'dist2_14', 'dist3_10', 'dist4_12', 'dist5_9', 'dist7_13', 'dist8_14', 'dist11_14', 'dist11_16', 'dist12_15', 'dist12_17', 'ang6_10_4', 't3_7_16', 't8_9_17', 't3_4_5']",random_forest,10.36496824355436,7.662885660415041,2.767707097926043,2289,20,pca
innsbruck_1,japet,False,"['dist4_8', 'dist9_11', 'dist11_17', 't1_2_7', 'ang3_1_4', 'dist4_10', 'dist1_12', 'dist7_9', 'dist1_13', 'dist7_13', 'dist2_16', 't4_5_8', 'dist6_9', 'dist9_17', 'dist13_17', 'dist10_11', 'dist2_7', 'dist7_15', 'dist10_15', 't2_3_7']",random_forest,2.3799749151866645,3.207223412345964,3.1263933442300185,2290,20,pca
innsbruck_1,japet,False,"['dist3_8', 'dist10_11', 'dist2_8', 'ang4_9_5', 'dist16_17', 't1_2_7', 't2_3_7', 'dist2_7', 'dist11_12', 'dist11_17', 'dist9_14', 'dist1_2', 'ang2_3_4', 'dist1_17', 'dist2_17', 'dist5_10', 'dist7_12', 'dist8_16', 'dist9_16', 'ang1_2_4']",random_forest,14.584976170614192,5.71046899676067,10.627040505563548,2291,20,pca
innsbruck_1,nuernberg_2,False,"['dist2_11', 't2_4_8', 'dist3_10', 'dist4_10', 'dist8_14', 'dist9_10', 'ang6_10_4', 't4_5_8', 't2_4_5', 't3_4_5', 't2_5_10', 't3_5_10', 'dist1_3', 'dist2_4', 'dist3_11', 'dist3_15', 'dist4_8', 'dist7_12', 'dist11_14', 'ang1_2_5']",random_forest,24.283290971679193,17.609300376452406,6.726782490113385,2292,20,pca
innsbruck_1,nuernberg_2,False,"['dist5_14', 'dist2_11', 'ang6_10_4', 't2_4_5', 't3_4_5', 't2_3_7', 't4_5_8', 'dist2_4', 'dist2_7', 'dist2_9', 'dist3_10', 'dist4_8', 'dist4_12', 'dist7_12', 'dist11_14', 'dist12_13', 'dist12_17', 'dist13_15', 'dist13_16', 'ang1_2_5']",random_forest,23.217726114828277,16.73153634286609,6.525020437475192,2293,20,pca
innsbruck_1,nokia,False,"['dist1_10', 'dist4_9', 'dist6_10', 'dist3_6', 'dist6_13', 'dist7_10', 'dist9_16', 't2_4_8', 'dist2_4', 'dist3_10', 'dist8_10', 'dist10_16', 't3_6_10', 'dist1_3', 'dist2_9', 'dist3_9', 'dist5_6', 'dist7_13', 'dist10_17', 'dist13_17']",random_forest,7.622082738089539,6.8477036682080765,1.0441460959986133,2294,20,pca
innsbruck_1,nokia,False,"['dist4_10', 'dist4_9', 'dist3_17', 'dist3_5', 'dist3_16', 'dist8_16', 't4_6_10', 't2_4_8', 'ang6_9_10', 'dist13_17', 'dist3_8', 't3_4_5', 'dist4_17', 'dist5_14', 'dist7_13', 'dist8_14', 'ang2_4_5', 'ang4_2_4', 'ang6_10_4', 't2_3_7']",random_forest,19.69781579691305,18.022996038098675,8.947158607687513,2295,20,pca
innsbruck_1,noel,False,"['t2_4_5', 't2_3_5', 'dist3_5', 'ang4_9_5', 'ang2_7_5', 'dist2_4', 'dist2_14', 'dist3_13', 'dist3_14', 't2_5_9', 't3_4_5', 't2_4_8', 'ang3_1_4', 'dist2_5', 'ang2_1_5', 'ang2_1_4', 't4_5_8', 't5_8_9', 'dist5_13', 'ang6_10_4']",random_forest,35.182365295358636,11.521593645009212,24.53895324182686,2296,20,pca
innsbruck_1,noel,False,"['t2_4_5', 't2_3_5', 'ang2_7_5', 'dist1_5', 'dist14_16', 'dist2_4', 'dist2_13', 'dist2_14', 'ang2_1_4', 't3_5_10', 'dist3_4', 'dist2_16', 't13_14_16', 'dist1_10', 'dist5_14', 't1_2_7', 't3_4_5', 'dist12_15', 'dist3_5', 'dist13_14']",random_forest,32.84148208746637,14.18896884862594,21.049545504104987,2297,20,pca
innsbruck_1,matysek,False,"['dist9_10', 't2_3_7', 't3_5_10', 'dist7_13', 'dist8_14', 't2_4_5', 'dist1_11', 'dist2_6', 'dist2_7', 'dist2_11', 'dist2_17', 'dist3_7', 'dist3_8', 'dist3_10', 'dist3_15', 'dist10_17', 'dist12_13', 'dist13_15', 'dist14_16', 't3_4_16']",random_forest,9.179277845351956,7.931977950138531,1.4306846998347957,2298,20,pca
innsbruck_1,matysek,False,"['dist5_9', 'dist14_16', 't2_3_7', 't3_5_10', 'dist7_13', 'dist1_13', 'dist8_14', 'dist11_14', 't5_8_9', 'dist2_7', 'dist2_11', 'dist3_10', 'dist14_17', 'ang4_3_5', 't4_5_8', 't2_3_5', 't3_4_5', 't2_3_8', 'dist8_9', 't1_6_7']",random_forest,11.697452160724914,8.54208471210553,4.766257956512232,2299,20,pca
innsbruck_1,lucka,False,"['dist1_8', 'dist5_14', 'dist12_15', 'dist13_14', 't2_4_8', 'dist1_3', 'dist1_4', 'dist1_5', 'dist2_3', 'dist2_4', 'dist2_8', 'dist2_14', 'dist5_16', 'dist7_13', 'dist10_15', 't2_3_7', 't4_7_8', 't4_5_8', 't1_3_5', 't2_4_5']",random_forest,12.522505294160835,5.503934377649891,7.029023001188134,2300,20,pca
innsbruck_1,lucka,False,"['dist1_8', 'dist2_14', 'dist12_15', 't2_4_8', 't12_15_17', 'dist1_3', 'dist1_5', 'dist2_4', 'dist2_8', 'dist2_11', 'dist4_8', 'dist5_6', 'dist5_16', 'dist6_10', 'dist7_13', 'dist13_14', 'dist13_16', 'dist14_16', 't3_4_16', 't3_4_5']",random_forest,12.248555511125977,5.894444853753309,6.806470152729683,2301,20,pca
innsbruck_1,nuernberg_1,False,"['dist2_11', 'dist7_12', 'dist11_14', 't2_4_8', 'dist1_3', 'dist2_3', 'dist2_12', 'dist2_14', 'dist3_10', 'dist4_11', 'dist4_12', 'dist5_9', 'dist11_16', 'dist12_13', 'dist12_15', 'dist14_16', 't1_3_5', 't2_4_5', 't2_4_7', 't13_14_17']",random_forest,10.111528410174644,8.754400851789482,1.3585026832700877,2302,20,pca
innsbruck_1,nuernberg_1,False,"['dist2_11', 'dist1_8', 'dist11_14', 't2_4_8', 't3_5_10', 'dist1_3', 'dist1_16', 'dist2_4', 'dist2_9', 'dist3_6', 'dist3_10', 'dist4_11', 'dist4_12', 'dist5_9', 'dist8_16', 'dist12_15', 'dist14_16', 't2_4_5', 't2_4_7', 't13_14_17']",random_forest,12.072197715466643,11.932028913898844,0.21072300821523668,2303,20,pca
innsbruck_1,leni,False,"['dist14_16', 'dist5_17', 'dist5_9', 'ang2_1_4', 't5_9_10', 'dist15_17', 't2_4_5', 't6_7_17', 'ang1_2_4', 't2_5_9', 't13_14_15', 'ang1_2_5', 'dist9_10', 'dist3_15', 'dist6_13', 'ang5_3_4', 't5_8_9', 'dist11_13', 't12_15_17', 'dist6_9']",random_forest,15.812328304365574,19.090802969614824,6.764006936474459,2304,20,pca
innsbruck_1,leni,False,"['ang1_2_5', 'ang2_1_4', 't2_5_9', 'ang1_2_4', 'dist5_9', 'dist2_12', 'ang2_4_5', 'ang2_1_5', 'dist6_8', 'dist9_13', 'dist6_9', 'ang2_3_4', 'ang3_2_5', 't5_8_9', 't5_9_10', 't2_4_5', 't2_5_6', 't4_5_8', 'ang4_2_5', 'dist2_13']",random_forest,34.82574826101498,20.306784096764236,15.016567650774263,2305,20,pca
innsbruck_1,shorfy,False,"['t4_5_8', 't3_4_5', 'dist2_3', 'dist3_10', 'dist5_13', 'dist5_14', 'dist8_14', 'dist9_10', 'dist14_16', 't2_3_7', 't3_5_10', 'ang1_3_4', 'dist3_5', 'dist1_4', 'dist3_16', 'dist4_12', 'dist6_11', 'dist12_13', 'ang2_1_5', 'ang2_1_4']",random_forest,21.94184068175554,13.464177304447619,8.492692406845887,2306,20,pca
innsbruck_1,shorfy,False,"['dist14_16', 't3_5_10', 'dist2_3', 'dist3_10', 'dist9_10', 'ang1_2_5', 't4_5_8', 't2_4_5', 't3_4_5', 't2_5_10', 'dist1_4', 'dist2_4', 'dist2_11', 'dist2_14', 'dist3_6', 'dist3_9', 'dist4_10', 'dist5_13', 'dist7_10', 'dist7_12']",random_forest,24.526176328916307,14.578473693118479,9.997491245914757,2307,20,pca
innsbruck_1,paulinchen,False,"['dist8_9', 't4_5_8', 't3_4_5', 'dist5_9', 'dist8_14', 'dist14_17', 't3_5_10', 'dist2_11', 'dist3_5', 'dist2_6', 'dist3_17', 'dist6_11', 'dist8_15', 'dist9_14', 'dist12_13', 'dist15_17', 'ang4_9_5', 't3_7_16', 't2_4_7', 'dist9_15']",random_forest,8.030287241755328,6.468719730328412,4.827432141200959,2308,20,pca
innsbruck_1,paulinchen,False,"['dist2_11', 'dist2_4', 'dist3_10', 't2_4_8', 'dist3_7', 'dist4_12', 'dist5_9', 'dist7_12', 'dist7_13', 'dist8_15', 'dist11_14', 'dist11_16', 'dist14_16', 't4_5_8', 't1_3_5', 't3_4_5', 't2_4_7', 't3_5_10', 't13_14_17', 't13_14_16']",random_forest,13.665724115809475,12.45174747996684,1.846773539367683,2309,20,pca
innsbruck_1,mette,False,"['dist2_11', 'dist1_16', 'dist3_7', 'dist5_14', 't3_4_5', 't2_4_8', 'dist1_4', 'dist2_4', 'dist3_8', 'dist3_10', 'dist4_10', 'dist4_12', 'dist7_10', 'dist7_12', 'dist7_13', 't2_3_7', 't3_7_16', 't6_7_9', 't3_5_10', 't13_14_17']",random_forest,12.949907157279172,8.57076661275837,4.39047529290943,2310,20,pca
innsbruck_1,mette,False,"['dist11_14', 'dist7_10', 't2_3_7', 't3_4_5', 't2_4_8', 't3_5_10', 'dist1_4', 'dist2_3', 'dist2_4', 'dist3_6', 'dist3_7', 'dist3_8', 'dist3_10', 'dist4_10', 'dist4_11', 'dist6_10', 'dist7_12', 'dist14_16', 't13_14_17', 't13_14_16']",random_forest,11.9613766852409,7.84935723219061,4.237496711797648,2311,20,pca
innsbruck_1,zewe,False,"['dist1_16', 'dist3_8', 'dist4_10', 't1_3_5', 't3_4_5', 't2_4_8', 't3_5_10', 'dist1_3', 'dist1_4', 'dist1_13', 'dist2_3', 'dist2_4', 'dist2_9', 'dist3_4', 'dist3_10', 'dist4_12', 'dist7_13', 'dist8_16', 'dist12_13', 'dist13_16']",random_forest,12.533216859918554,7.954255026386678,4.582481338536539,2312,20,pca
innsbruck_1,zewe,False,"['dist1_4', 'dist1_16', 'dist4_10', 'dist5_14', 'dist13_14', 't3_4_5', 't2_5_10', 'dist2_3', 'dist2_4', 'dist2_7', 'dist3_5', 'dist3_10', 'dist4_12', 'dist7_12', 'dist7_13', 'dist12_15', 'dist13_16', 't2_3_7', 't3_4_16', 't4_5_8']",random_forest,9.036703718800858,5.159579078484656,3.8848746162932524,2313,20,pca
innsbruck_1,vladimir,False,"['t3_5_10', 'dist2_11', 'dist5_9', 'dist8_15', 'dist2_15', 'dist4_12', 'dist11_14', 'dist14_16', 'dist3_15', 'dist5_12', 'dist5_17', 'dist6_11', 'dist7_15', 'dist8_9', 'dist8_14', 'dist9_14', 'dist10_16', 'dist11_16', 'dist12_13', 'dist13_14']",random_forest,5.882337158213463,7.317751599824182,1.850793742675442,2314,20,pca
innsbruck_1,vladimir,False,"['dist5_9', 'dist2_11', 'dist14_16', 'dist11_16', 'dist4_9', 'dist2_15', 'dist4_11', 'dist5_12', 'dist8_15', 'dist11_14', 'dist12_13', 't12_15_17', 'dist5_15', 'dist2_12', 'dist3_15', 'dist4_8', 'dist15_16', 'ang1_2_4', 'ang4_9_5', 't4_5_8']",random_forest,16.141151955775136,6.410833603136841,11.329841528648553,2315,20,pca
shorfy,zewe,False,"['dist1_2', 'dist8_16', 'dist1_13', 'dist11_15', 'ang1_3_5', 'ang3_2_5', 'dist6_11', 'ang6_4_10', 'ang1_3_4', 'dist7_12', 'dist10_12', 'ang1_4_3', 'dist7_17', 'dist13_15', 'dist5_14', 'dist3_8', 'dist5_8', 'dist11_13', 'ang3_1_4', 'dist1_8']",random_forest,13.6125947235936,11.274692358051004,3.926966805545396,2316,20,pca
shorfy,zewe,False,"['ang6_4_10', 'ang3_4_3', 'ang5_3_4', 'dist12_17', 'dist6_17', 'dist1_2', 'ang4_3_5', 'dist1_16', 'dist9_11', 'dist11_17', 'dist7_12', 'dist5_14', 'dist1_8', 'dist15_17', 't3_4_16', 'dist10_15', 't6_10_11', 'dist4_14', 'dist4_16', 'dist10_17']",random_forest,12.743604594059489,4.025539215928852,10.346368466426524,2317,20,pca
shorfy,vladimir,False,"['dist1_8', 'dist1_4', 'dist2_8', 'dist10_14', 't2_4_8', 't2_5_10', 't3_5_10', 'dist3_9', 'dist1_2', 'dist1_3', 'dist1_16', 'dist2_3', 'dist2_9', 'dist3_10', 'dist4_8', 'dist4_9', 'dist4_10', 'dist6_10', 'dist7_13', 'dist12_15']",random_forest,9.384003004158235,6.643212112113533,2.869498275338288,2318,20,pca
shorfy,vladimir,False,"['dist1_8', 'dist2_11', 'dist5_14', 't3_5_10', 'dist1_15', 'dist2_8', 'dist13_14', 't1_3_5', 't13_14_17', 'dist1_4', 'dist1_16', 'dist2_3', 'dist2_4', 'dist2_9', 'dist3_13', 'dist4_12', 'dist5_13', 'dist7_15', 'dist12_15', 'dist13_16']",random_forest,12.582670362449424,8.413898626794442,4.2168915042557895,2319,20,pca
paulinchen,sam,False,"['dist8_15', 'ang1_4_3', 'dist2_12', 'dist3_17', 'dist11_14', 'dist1_17', 'ang2_3_4', 'dist14_17', 'dist8_14', 'dist11_17', 'dist2_11', 'dist3_16', 'ang2_4_3', 'ang1_3_4', 'ang5_3_4', 'dist2_14', 'dist5_14', 'dist5_15', 'dist6_12', 'dist3_6']",random_forest,15.527217908171853,4.458618930852126,11.130552288933197,2320,20,pca
paulinchen,sam,False,"['ang4_9_5', 'dist3_7', 'dist8_15', 'dist11_14', 'dist4_11', 'dist8_9', 'ang7_6_10', 'dist2_11', 'dist11_13', 'dist3_12', 't1_6_7', 'dist8_16', 'dist1_17', 'dist2_12', 'dist4_12', 'ang2_7_5', 't5_8_9', 'dist1_9', 'dist3_15', 'dist9_11']",random_forest,25.91096630619836,20.501313249571975,6.158201684951741,2321,20,pca
paulinchen,rosie,False,"['dist1_4', 't3_5_10', 't2_4_8', 'dist4_10', 'dist9_14', 't4_5_8', 'dist4_8', 'dist4_9', 'dist4_12', 'dist7_13', 'dist13_17', 't1_2_7', 'dist1_16', 'dist3_9', 'dist2_3', 'dist3_8', 'dist16_17', 't1_3_5', 't2_4_5', 't4_6_10']",random_forest,8.136766471337637,2.1951880156789016,9.240707680612434,2322,20,pca
paulinchen,rosie,False,"['dist1_8', 't2_4_8', 'dist2_8', 'dist4_8', 't3_4_5', 't3_5_10', 't2_4_5', 'dist3_8', 'dist7_13', 't4_5_8', 'dist3_5', 'dist4_9', 'dist1_4', 't1_2_7', 'dist3_9', 'dist1_9', 'dist1_15', 'dist1_17', 'dist8_13', 'dist9_13']",random_forest,5.51956763616271,1.3325956599256754,6.364116620323684,2323,20,pca
paulinchen,shorfy,False,"['t2_4_5', 't2_3_5', 'dist1_8', 'dist5_14', 'dist2_9', 'dist5_16', 't3_4_5', 't2_4_8', 'ang4_9_5', 'dist3_6', 'dist3_5', 'dist2_16', 'dist2_5', 'dist13_16', 't3_5_7', 't2_5_6', 'ang1_2_4', 't13_14_16', 'dist4_13', 'dist6_15']",random_forest,14.050505346849837,1.4565826143397531,12.594152221223975,2324,20,pca
paulinchen,shorfy,False,"['t2_4_5', 'dist3_5', 't3_4_5', 't2_3_5', 'dist1_8', 'ang4_9_5', 'dist2_16', 't1_3_5', 'dist11_17', 'dist1_9', 'dist13_16', 'ang6_10_4', 'dist10_17', 'ang4_2_5', 'dist1_4', 'dist5_13', 'dist10_14', 'ang1_2_5', 'dist2_5', 'dist4_10']",random_forest,10.366331484999913,5.119479894382784,7.5795066619814975,2325,20,pca
paulinchen,zewe,False,"['t2_4_5', 'dist1_8', 'dist1_17', 't2_4_8', 'dist1_9', 'dist2_8', 'dist12_15', 'dist2_14', 't2_4_7', 'dist13_14', 'dist2_16', 't2_5_10', 'dist2_17', 'ang2_7_5', 'dist1_4', 'dist1_5', 'ang2_3_4', 'ang5_3_4', 'dist2_9', 't3_4_5']",random_forest,22.059697502819834,13.221223012845408,9.262132488181935,2326,20,pca
paulinchen,zewe,False,"['t2_4_5', 'dist3_5', 'ang2_7_5', 't4_5_8', 't3_4_5', 'dist1_4', 'ang1_4_5', 't2_4_8', 'dist4_9', 'dist5_16', 'dist2_4', 'dist2_8', 'dist1_8', 'dist2_14', 'dist4_16', 'dist8_16', 'ang2_4_5', 'ang3_4_3', 't13_14_16', 'dist8_15']",random_forest,30.91007485890714,15.785698961494715,18.131982397942984,2327,20,pca
paulinchen,vladimir,False,"['dist4_7', 'dist1_6', 'ang6_4_10', 'dist1_12', 'dist4_13', 'dist7_16', 'dist2_3', 't3_4_5', 'ang7_6_10', 'dist10_17', 'dist10_14', 'dist5_14', 'ang4_2_5', 't7_8_16', 'dist3_13', 't3_5_10', 'ang4_1_5', 't1_2_7', 'dist5_6', 'ang2_4_5']",random_forest,15.454616348468932,9.285325974191817,10.073581149308835,2328,20,pca
paulinchen,vladimir,False,"['ang2_4_5', 'dist4_7', 'dist4_13', 't4_5_8', 'dist1_2', 'dist2_3', 'dist5_9', 'dist5_14', 'ang7_6_10', 'dist11_15', 'dist6_9', 'ang1_2_5', 'ang4_1_5', 'ang5_3_4', 'ang6_9_10', 'ang4_9_5', 'ang1_2_4', 'dist10_14', 'dist12_13', 't2_3_7']",random_forest,9.60164726122833,3.132690938835393,10.059911296329947,2329,20,pca
mette,sam,False,"['dist3_16', 't3_7_16', 'dist3_12', 'ang1_3_5', 'dist1_3', 'dist7_13', 'dist12_13', 'dist13_16', 'dist9_10', 'dist1_2', 'dist5_14', 'dist8_9', 'dist10_17', 'dist11_14', 't2_3_7', 't3_4_16', 'dist3_7', 'dist8_10', 't3_5_10', 'dist3_17']",random_forest,8.880079392333343,5.383538211372994,3.518022906643267,2330,20,pca
mette,sam,False,"['dist5_14', 'dist7_10', 'dist11_14', 'dist3_12', 'dist7_13', 'dist8_9', 't3_5_10', 'dist2_11', 'dist3_7', 'dist3_10', 'dist4_10', 'dist12_13', 't2_3_7', 't3_7_16', 'dist3_16', 'dist4_11', 'dist4_12', 'dist10_17', 'dist11_13', 't1_2_7']",random_forest,5.171087220788318,3.4153786890629587,1.7997731673155388,2331,20,pca
mette,rosie,False,"['ang3_1_4', 'dist7_8', 't2_3_7', 't7_8_17', 'dist7_9', 'dist9_10', 'dist9_14', 'ang1_3_4', 't7_8_9', 'dist4_9', 'dist5_9', 't4_5_8', 't2_4_8', 'dist4_8', 'dist6_8', 'dist8_16', 'ang5_3_4', 'ang1_4_3', 'ang5_1_4', 'dist2_7']",random_forest,14.792980712855579,14.864199158386945,9.215015296982616,2332,20,pca
mette,rosie,False,"['dist11_15', 'dist2_3', 'dist7_17', 't2_3_7', 'dist13_16', 'dist9_14', 'dist5_10', 'ang4_3_5', 'dist11_14', 'ang1_4_3', 'dist7_13', 't5_8_9', 'ang2_4_5', 'dist4_9', 'dist5_17', 't5_9_10', 'ang1_3_4', 'dist7_9', 'dist15_16', 'dist3_12']",random_forest,14.135401378507265,10.955431916276078,9.087461287943924,2333,20,pca
mette,otella,False,"['dist5_14', 'dist9_14', 'dist1_8', 'dist15_16', 'ang1_3_5', 'dist10_11', 'dist5_12', 'dist11_12', 'dist4_8', 'ang1_4_3', 'dist2_8', 'dist4_14', 'dist6_11', 'dist4_10', 'dist8_15', 'dist3_7', 'dist4_9', 'dist9_11', 'dist10_15', 'dist4_13']",random_forest,7.1716241965730445,4.605182536211121,2.868719219877327,2334,20,pca
mette,otella,False,"['ang1_3_5', 'dist5_14', 'dist2_14', 'dist3_7', 't12_15_17', 't3_7_16', 'dist1_8', 'ang1_3_4', 'dist3_14', 'dist4_9', 'dist1_2', 'dist1_9', 'dist5_17', 'dist2_6', 'ang1_2_5', 'ang5_3_4', 'dist2_3', 'dist5_10', 'dist13_14', 'dist3_17']",random_forest,15.731972444864663,12.071288658039434,4.28472862416661,2335,20,pca
mette,nuernberg_2,False,"['dist11_14', 'dist3_7', 'dist3_6', 'dist3_10', 'dist3_17', 't2_5_6', 'dist4_10', 'dist14_15', 'dist2_6', 'dist12_13', 'dist4_9', 't12_13_15', 'dist2_11', 'dist2_12', 'dist3_12', 'dist3_15', 'dist6_13', 'dist6_17', 'dist12_14', 'dist13_15']",random_forest,8.63380845535748,7.995291619909068,0.6813566574483714,2336,20,pca
mette,nuernberg_2,False,"['dist3_6', 't3_7_16', 'dist5_12', 'dist5_15', 't3_5_10', 'dist3_7', 'dist3_10', 'dist3_17', 'dist6_13', 'dist12_13', 'dist1_11', 'dist1_13', 'dist2_11', 'dist3_15', 'dist4_10', 'dist5_11', 'dist11_14', 'dist11_16', 'dist13_17', 'dist15_16']",random_forest,4.340797772927848,3.5021928260692605,1.1652323475835618,2337,20,pca
mette,nokia,False,"['dist2_11', 'dist5_14', 'dist3_16', 'dist7_11', 'dist13_16', 'dist2_12', 'dist2_15', 'dist4_12', 'dist12_14', 't13_14_15', 'dist3_4', 'dist4_13', 'dist7_15', 'dist9_15', 'dist11_14', 'dist11_17', 'dist12_13', 't3_4_16', 't1_3_5', 't3_4_5']",random_forest,11.225874974852326,7.286187334254767,4.006611493849469,2338,20,pca
mette,nokia,False,"['dist3_5', 'dist3_6', 'dist11_14', 't3_4_5', 'dist14_15', 'dist7_14', 'ang3_1_4', 'dist1_10', 'dist2_11', 'dist5_7', 'dist7_10', 'dist7_15', 'dist8_15', 'dist12_17', 't8_9_17', 't1_3_5', 't3_5_7', 't3_5_10', 't13_14_17', 'dist6_17']",random_forest,10.138039059178665,5.845968161028638,4.741882300069595,2339,20,pca
mette,noel,False,"['dist3_7', 'dist3_10', 'dist4_10', 'dist6_13', 'dist12_13', 't3_7_16', 't7_8_16', 't13_14_15', 'dist2_11', 'dist2_15', 'dist3_6', 'dist3_17', 'dist4_12', 'dist5_11', 'dist6_17', 'dist7_10', 'dist11_14', 'dist11_16', 'dist12_14', 'ang1_3_5']",random_forest,20.681978184749862,10.450167523849041,10.334999028394963,2340,20,pca
mette,noel,False,"['dist3_7', 'dist7_15', 'dist1_3', 'dist2_11', 'dist3_10', 'dist3_15', 'dist4_10', 'dist6_13', 'dist11_14', 'dist12_13', 't3_7_16', 't13_14_15', 'dist3_6', 'dist4_12', 'dist5_11', 'dist5_15', 'dist8_15', 'dist9_10', 'dist11_13', 'dist11_16']",random_forest,13.06387801802368,5.2448760057375985,7.830470119274327,2341,20,pca
mette,nuernberg_1,False,"['dist7_13', 'dist3_10', 'ang1_3_5', 't2_3_7', 't3_7_16', 't3_5_10', 'dist4_10', 't3_4_16', 't3_6_10', 't2_4_7', 'dist2_11', 'dist3_7', 'dist3_8', 'dist3_9', 'dist3_17', 'dist5_6', 'dist5_14', 'dist5_17', 'dist9_14', 'dist10_14']",random_forest,13.444324586149206,9.373267479491034,5.2472215563700155,2342,20,pca
mette,nuernberg_1,False,"['dist4_10', 'dist7_13', 'dist3_6', 'dist4_9', 't3_5_10', 'dist3_8', 'dist3_10', 'dist3_17', 'dist4_8', 'dist6_13', 'dist10_14', 'ang4_9_5', 't2_3_7', 't3_6_10', 't2_5_10', 'ang2_4_5', 'dist2_9', 'dist3_7', 'dist3_9', 'dist8_13']",random_forest,16.613163344044978,7.624271660893741,9.68634915016342,2343,20,pca
mette,shorfy,False,"['ang6_10_4', 'dist8_15', 'dist8_16', 'dist10_15', 'dist1_13', 'dist1_8', 'ang4_9_5', 'dist1_16', 'dist6_11', 'ang2_3_4', 'dist3_7', 'ang1_2_4', 'ang2_7_5', 't1_3_5', 't2_4_5', 'dist5_16', 'dist2_16', 'ang4_3_5', 'dist6_12', 'dist2_8']",random_forest,22.25131885474173,16.987423765486568,5.271218482827948,2344,20,pca
mette,shorfy,False,"['ang1_3_4', 'dist5_16', 'dist3_6', 'dist2_8', 'ang3_2_4', 'dist1_16', 'dist2_14', 'dist1_8', 'dist3_7', 'dist1_7', 't3_7_16', 'ang1_4_5', 'ang1_4_3', 't6_9_17', 't8_9_17', 't2_4_8', 'ang2_4_5', 'ang2_3_4', 'dist14_16', 'dist1_17']",random_forest,17.973071568134557,18.397900967308026,2.172524995745084,2345,20,pca
mette,paulinchen,False,"['dist1_9', 'dist1_17', 'dist1_8', 'dist2_9', 'dist1_10', 'dist4_9', 'dist6_17', 't13_14_16', 'dist6_10', 'dist13_14', 'dist4_10', 't3_5_7', 'dist2_16', 'dist12_15', 'dist6_8', 'dist13_16', 'dist5_13', 'dist3_17', 'dist2_8', 'dist10_14']",random_forest,2.818991751484342,2.7682687171064773,1.096503203560122,2346,20,pca
mette,paulinchen,False,"['dist6_17', 'dist3_6', 't6_7_17', 'dist3_12', 'dist5_6', 'dist6_9', 'dist9_11', 'dist6_10', 'dist1_17', 'dist6_8', 'dist6_13', 'dist6_14', 'dist6_16', 'dist12_14', 'dist12_16', 'dist13_16', 'dist13_17', 't2_3_7', 't6_7_9', 't3_6_10']",random_forest,5.769307893687678,7.1610121538724,1.5301279364856726,2347,20,pca
mette,zewe,False,"['dist5_16', 't4_5_8', 'dist3_5', 'ang3_4_3', 'dist13_14', 't3_4_5', 't5_8_9', 'dist5_8', 'dist2_4', 'ang2_7_5', 'dist4_16', 'dist11_14', 'dist1_4', 'ang6_4_10', 'dist6_8', 'ang3_2_5', 'ang1_3_4', 'dist14_16', 't2_4_5', 'dist5_7']",random_forest,21.502567965038693,15.099853073698831,8.504277949675085,2348,20,pca
mette,zewe,False,"['dist6_8', 'dist7_16', 'dist6_10', 't7_8_17', 'dist2_6', 'dist5_9', 'dist6_9', 'dist6_17', 'dist11_13', 'dist5_16', 'dist7_8', 'dist2_4', 'dist3_6', 'dist3_11', 'dist6_13', 'dist6_16', 'dist14_15', 'ang6_4_10', 't2_3_7', 't3_7_16']",random_forest,6.353025872231412,4.30071250162454,2.8519179165406823,2349,20,pca
mette,vladimir,False,"['dist5_14', 'dist2_8', 'dist4_9', 'dist1_8', 'dist1_16', 'dist2_9', 'dist3_10', 'dist3_17', 'dist4_8', 't1_3_5', 'dist3_9', 'dist1_4', 'dist1_9', 'dist3_6', 'dist3_13', 'dist4_13', 'dist7_9', 'dist7_12', 'dist7_13', 'dist10_14']",random_forest,5.945349496553564,2.7714027196784072,3.2860886663036615,2350,20,pca
mette,vladimir,False,"['dist5_14', 't2_4_8', 'dist4_10', 't3_5_10', 'dist1_8', 'dist1_9', 'dist3_6', 'dist4_9', 'dist7_10', 'dist7_13', 't2_3_7', 'dist1_10', 'dist2_6', 'dist2_9', 'dist2_11', 'dist3_10', 'dist3_14', 'dist4_13', 'dist7_9', 'dist10_14']",random_forest,5.917149204156457,3.225228587755435,2.7469716234312758,2351,20,pca
gesa,sam,False,"['dist2_11', 'dist7_12', 't3_7_16', 't3_5_10', 't13_14_15', 'dist1_3', 'dist1_8', 'dist3_6', 'dist3_10', 'dist4_10', 'dist4_11', 'dist4_12', 'dist5_14', 'dist7_15', 'dist8_10', 'dist9_11', 'dist9_15', 'dist11_14', 'dist11_16', 'dist11_17']",random_forest,16.26256294249252,13.126164909244187,3.1434661683099456,2352,20,pca
gesa,sam,False,"['dist2_11', 'dist1_8', 'dist3_10', 'dist7_12', 'dist11_17', 'dist3_7', 'dist4_8', 'dist4_10', 'dist4_12', 'dist5_15', 'dist7_13', 'dist7_15', 'dist8_9', 'dist9_11', 'dist11_14', 'dist11_16', 'dist12_13', 'dist12_16', 'dist14_17', 't3_7_16']",random_forest,4.196321804125588,3.5988069811353944,0.7177314394045617,2353,20,pca
gesa,rosie,False,"['dist7_10', 'dist9_10', 'dist5_14', 'dist7_13', 'ang7_6_10', 't3_4_5', 'dist7_17', 'ang1_3_5', 'dist3_16', 't3_4_16', 'dist3_5', 'ang1_4_5', 'ang3_4_3', 'dist2_11', 'dist6_11', 't7_8_17', 't7_8_9', 't12_15_17', 'dist7_16', 'ang2_3_4']",random_forest,14.107834832420869,4.197365248245797,18.23299994782121,2354,20,pca
gesa,rosie,False,"['dist9_10', 't7_8_17', 'dist12_17', 'dist5_15', 'dist7_12', 'dist3_12', 'dist8_10', 'dist5_14', 'dist7_10', 'dist7_16', 'dist3_8', 'dist4_9', 'dist3_16', 't7_8_9', 'dist7_8', 'ang7_6_10', 'dist1_6', 'dist9_12', 'dist9_11', 'dist4_16']",random_forest,9.74640130761779,11.708001505613433,2.2210645077041398,2355,20,pca
gesa,otella,False,"['dist4_10', 'dist4_8', 'ang6_4_10', 'dist4_11', 'dist9_14', 'dist12_13', 'dist14_15', 't4_6_10', 't3_5_10', 'ang2_4_5', 'dist3_6', 'dist4_16', 'dist11_14', 'dist11_16', 'ang4_3_5', 'ang3_1_4', 't4_7_8', 't4_5_8', 't5_8_9', 't3_6_10']",random_forest,10.01924976408906,9.708015985169633,6.991666433845066,2356,20,pca
gesa,otella,False,"['ang6_4_10', 't2_3_7', 'ang4_9_5', 'dist6_13', 'dist8_10', 'dist3_6', 'dist12_13', 'ang7_6_10', 'dist4_7', 'dist4_10', 'ang2_4_5', 'dist14_15', 'dist11_16', 'dist2_3', 'ang4_3_5', 'dist10_14', 'ang5_3_4', 'dist3_10', 'dist9_10', 'ang2_7_5']",random_forest,16.014474659952008,12.406476939431087,3.6213797433486787,2357,20,pca
gesa,japet,False,"['dist2_11', 'dist3_10', 't3_4_5', 't2_4_8', 'dist1_4', 'dist1_16', 'dist4_12', 'dist5_14', 'dist7_12', 'dist11_16', 'dist12_16', 't3_7_16', 't4_7_8', 't7_8_16', 't4_5_8', 't6_7_9', 't8_9_17', 't3_5_10', 't13_14_17', 'dist1_3']",random_forest,13.431651867937514,6.506144706431744,6.948365527555817,2358,20,pca
gesa,japet,False,"['dist1_8', 'dist2_11', 'dist3_10', 'dist5_14', 't2_4_8', 'dist1_4', 'dist2_4', 'dist2_8', 'dist2_14', 'dist4_12', 'dist6_17', 'dist7_12', 'dist11_16', 't6_7_9', 't8_9_17', 't3_4_5', 't13_14_17', 'dist1_3', 'dist1_12', 'dist1_16']",random_forest,9.603075912256449,5.760172865912709,3.849688965637056,2359,20,pca
gesa,nuernberg_2,False,"['dist2_11', 'dist3_6', 'dist3_10', 'dist5_15', 'dist11_17', 'dist12_13', 'dist2_13', 'dist3_15', 'dist4_10', 'dist4_11', 'dist4_12', 'dist6_11', 'dist7_15', 'dist9_10', 'dist9_15', 'dist10_16', 'dist11_14', 'dist11_16', 'dist12_14', 'dist12_16']",random_forest,4.815558712339658,3.9280875317370425,0.9323347275569005,2360,20,pca
gesa,nuernberg_2,False,"['dist2_11', 'dist12_13', 'dist3_10', 'dist5_15', 'dist11_17', 'dist2_3', 'dist3_7', 'dist4_10', 'dist4_12', 'dist7_12', 'dist7_15', 'dist9_15', 'dist11_14', 'dist12_16', 'ang2_3_4', 't3_7_16', 't4_7_8', 't2_4_7', 't3_5_7', 't3_5_10']",random_forest,11.24589170616812,5.975151146584123,8.47642383183491,2361,20,pca
gesa,nokia,False,"['dist2_11', 'dist5_14', 'dist7_12', 'dist1_8', 'dist3_5', 'dist3_6', 'dist3_10', 'dist3_15', 'dist4_10', 'dist4_12', 'dist6_11', 'dist7_13', 'dist9_15', 'dist10_15', 'dist11_17', 'dist12_17', 't3_4_16', 't1_3_5', 't2_4_8', 't3_5_10']",random_forest,8.190020991182148,5.9030779655020895,2.7567816604214617,2362,20,pca
gesa,nokia,False,"['dist1_8', 'dist2_11', 'dist5_14', 'dist7_12', 't3_7_16', 'dist1_4', 'dist2_4', 'dist3_10', 'dist4_12', 'dist7_13', 'dist9_15', 'dist9_16', 'dist10_15', 'dist12_15', 't3_4_16', 't3_5_10', 't13_14_17', 'dist1_5', 'dist1_12', 'dist1_16']",random_forest,7.7559574967519955,6.574075416152976,1.5250996592048651,2363,20,pca
gesa,noel,False,"['dist2_11', 'dist1_4', 'dist1_8', 't2_4_7', 'dist3_6', 'dist3_10', 'dist4_10', 'dist4_12', 'dist5_15', 'dist7_12', 'dist9_15', 'dist10_15', 'dist11_17', 'dist12_16', 'dist12_17', 'ang1_2_4', 't3_7_16', 't13_14_17', 't12_15_17', 'dist1_3']",random_forest,12.26225677967081,7.949520872484001,4.42118924344531,2364,20,pca
gesa,noel,False,"['dist2_11', 'dist1_4', 'dist1_8', 'dist3_10', 'dist4_10', 'dist4_12', 'dist7_12', 'dist9_15', 'dist10_15', 'dist11_17', 'dist12_16', 'dist12_17', 'ang1_2_4', 't3_7_16', 't3_5_10', 't13_14_17', 'dist1_3', 'dist1_11', 'dist1_12', 'dist1_13']",random_forest,11.786665038926795,7.589203646789989,4.218482565588588,2365,20,pca
gesa,matysek,False,"['dist1_8', 'dist2_11', 'dist1_4', 'dist6_8', 't13_14_15', 'dist1_3', 'dist2_8', 'dist3_6', 'dist3_10', 'dist4_12', 'dist4_13', 'dist5_15', 'dist7_12', 'dist7_15', 'dist8_9', 'dist9_16', 'dist10_11', 'dist11_13', 'dist11_14', 'dist11_16']",random_forest,8.895026989082128,13.026600342367946,4.134307435471939,2366,20,pca
gesa,matysek,False,"['dist1_3', 'dist2_11', 'dist5_14', 'dist3_10', 'dist7_12', 'dist11_17', 'dist12_13', 'dist1_8', 'dist2_12', 'dist3_6', 'dist3_12', 'dist3_15', 'dist4_9', 'dist4_10', 'dist4_12', 'dist6_11', 'dist8_9', 'dist9_16', 'dist11_13', 'dist11_14']",random_forest,3.076936724112781,3.6954730747054714,0.6618197630673863,2367,20,pca
gesa,lucka,False,"['ang6_10_4', 'dist3_5', 'dist4_10', 'dist10_15', 'dist9_10', 'ang3_1_4', 'dist1_3', 'dist5_8', 'dist10_16', 'dist10_17', 'ang2_4_5', 't4_7_8', 'ang3_4_3', 'dist3_4', 'dist3_14', 'dist4_14', 'dist5_6', 'dist5_14', 'dist16_17', 't2_3_5']",random_forest,14.316120893418802,6.679342404625514,7.774991097807943,2368,20,pca
gesa,lucka,False,"['ang6_10_4', 'dist4_10', 'dist9_10', 'dist10_16', 'dist14_16', 'ang3_1_4', 'dist7_10', 'dist5_14', 'dist10_17', 'ang2_4_5', 'dist3_5', 't5_8_9', 'dist10_15', 'dist5_8', 'dist3_14', 't2_5_6', 'dist4_9', 't3_4_5', 'ang2_1_5', 'dist4_11']",random_forest,7.794844076150683,3.6868718552385413,5.158700344055639,2369,20,pca
gesa,nuernberg_1,False,"['dist2_11', 'dist3_10', 'dist7_13', 'dist11_14', 't2_4_8', 'dist2_9', 'dist3_7', 'dist3_15', 'dist4_8', 'dist4_10', 'dist5_14', 'dist5_15', 'dist9_10', 'dist11_16', 'ang4_9_5', 'ang6_10_4', 't2_3_7', 't3_7_16', 't4_7_8', 't2_4_7']",random_forest,22.694611658065963,11.974829678678393,11.785566232322699,2370,20,pca
gesa,nuernberg_1,False,"['dist2_11', 't3_4_5', 'dist1_4', 'dist5_14', 't2_4_8', 'dist1_8', 'dist3_10', 'dist3_15', 'dist4_11', 'dist4_12', 'dist7_12', 'dist9_11', 'dist11_16', 'dist11_17', 'dist12_13', 'dist12_17', 'ang6_10_4', 't3_7_16', 't4_7_8', 't3_4_16']",random_forest,9.68022840156086,6.19526810235962,3.622170754381796,2371,20,pca
gesa,leni,False,"['dist1_8', 'dist2_11', 'dist6_17', 't2_4_8', 'dist1_4', 'dist2_4', 'dist3_6', 'dist3_10', 'dist4_12', 'dist7_12', 'dist9_15', 'dist11_16', 'dist12_15', 't3_7_16', 't3_4_16', 't6_7_9', 't8_9_17', 't3_4_5', 't13_14_17', 'dist1_3']",random_forest,9.863548310243784,5.899828758328904,3.966163530803281,2372,20,pca
gesa,leni,False,"['dist2_11', 'dist1_4', 'dist3_10', 'dist6_17', 't3_4_5', 't12_15_17', 'dist1_8', 'dist2_3', 'dist2_4', 'dist4_7', 'dist4_12', 'dist5_14', 'dist7_12', 'dist9_10', 'dist9_15', 'dist11_16', 'dist12_17', 't3_7_16', 't6_7_9', 't2_4_5']",random_forest,9.572339944555454,6.627399053053379,3.356238083528593,2373,20,pca
gesa,innsbruck_1,False,"['dist2_11', 'dist7_12', 't2_4_8', 'dist1_4', 'dist2_4', 'dist3_7', 'dist3_10', 'dist4_10', 'dist4_12', 'dist11_14', 'dist11_16', 'dist14_16', 'ang6_10_4', 't4_7_8', 't4_5_8', 't2_4_7', 't13_14_17', 't13_14_16', 'dist1_3', 'dist1_5']",random_forest,18.125355020037695,6.736299578272415,11.731321439759816,2374,20,pca
gesa,innsbruck_1,False,"['dist2_11', 't2_4_8', 'dist1_4', 'dist1_8', 'dist3_10', 'dist4_10', 'dist4_12', 'dist7_12', 'dist11_16', 'dist12_16', 'ang6_10_4', 't4_7_8', 't4_5_8', 't8_9_17', 't3_5_10', 't13_14_17', 'dist1_3', 'dist1_12', 'dist2_3', 'dist2_6']",random_forest,18.371312091488782,7.8919192604746415,10.895306741631185,2375,20,pca
gesa,shorfy,False,"['dist3_5', 'ang4_9_5', 't3_4_5', 'dist5_14', 'ang1_2_5', 'ang2_4_5', 'ang1_3_5', 'ang3_4_3', 'ang7_6_10', 'dist4_7', 'dist11_16', 'ang1_2_4', 'dist6_15', 'dist5_15', 'dist2_3', 'ang3_2_5', 'dist7_8', 'dist5_16', 't4_5_8', 'ang3_1_4']",random_forest,18.16884950434468,7.981164610760369,12.476176751611586,2376,20,pca
gesa,shorfy,False,"['dist5_14', 'ang4_9_5', 'dist3_5', 'ang2_4_5', 'dist2_3', 'ang1_3_4', 't3_4_5', 'dist5_15', 'ang3_1_5', 'ang4_1_5', 'ang3_4_3', 'dist5_9', 'ang1_2_5', 'ang1_2_4', 'dist4_7', 'dist5_12', 'dist8_12', 'dist6_13', 'dist1_2', 'dist5_16']",random_forest,22.92337534248244,9.915942002827293,13.067233515354596,2377,20,pca
gesa,paulinchen,False,"['t3_5_10', 'dist1_3', 'dist7_12', 'dist8_16', 'dist12_14', 'dist1_8', 'dist1_13', 'dist3_15', 'dist4_11', 'dist5_12', 'dist5_15', 'dist10_16', 'ang3_1_4', 't2_3_7', 't6_7_9', 't2_4_5', 't2_4_8', 't3_6_10', 'dist3_6', 'dist3_10']",random_forest,7.481497412206491,8.097694992352038,0.9336535414028025,2378,20,pca
gesa,paulinchen,False,"['dist2_11', 't13_14_15', 'dist1_8', 'dist2_12', 'dist9_10', 'dist11_17', 'dist12_17', 'dist1_3', 'dist1_4', 'dist2_4', 'dist3_8', 'dist3_10', 'dist4_11', 'dist4_12', 'dist7_11', 'dist7_12', 'dist11_13', 'dist11_16', 'dist12_13', 'dist12_14']",random_forest,10.9145806775604,12.782160797516703,1.9236325005350805,2379,20,pca
gesa,mette,False,"['dist15_17', 'dist4_9', 'dist4_11', 'dist5_10', 'dist10_15', 'ang1_3_5', 'ang3_1_4', 'ang3_4_3', 't3_5_10', 'dist1_4', 'dist1_12', 'dist2_3', 'dist2_11', 'dist3_16', 'dist7_11', 'dist7_15', 'dist12_13', 'ang1_3_4', 'ang2_7_5', 't4_7_8']",random_forest,19.943532702622946,9.622575042334896,16.38498286763076,2380,20,pca
gesa,mette,False,"['dist1_6', 'dist1_8', 'dist5_14', 'ang7_6_10', 'dist3_16', 'dist6_12', 'dist2_11', 'dist15_16', 'ang3_1_4', 't12_15_17', 'dist12_13', 'dist4_10', 'dist7_12', 'dist7_15', 'ang6_4_10', 't3_5_10', 'ang1_2_5', 'ang1_3_5', 'dist10_15', 'dist12_14']",random_forest,18.874326431588884,13.972220086431811,9.359355693101227,2381,20,pca
gesa,zewe,False,"['dist5_15', 'dist2_11', 'dist11_13', 'dist1_11', 'dist4_15', 'dist6_11', 'dist11_16', 'ang2_4_3', 't3_4_5', 'dist10_17', 'dist4_5', 'dist7_16', 'dist14_15', 'dist8_12', 'dist9_11', 't4_7_8', 'dist11_12', 'dist1_13', 'dist12_13', 'dist11_17']",random_forest,5.736570393506341,3.976739136188248,4.630634228261284,2382,20,pca
gesa,zewe,False,"['dist6_11', 'ang4_2_4', 't4_5_8', 'dist1_6', 'dist1_11', 'dist5_15', 'dist8_10', 'ang5_3_4', 'ang5_1_4', 'dist6_8', 'dist10_17', 'dist11_14', 'dist2_11', 'dist2_13', 'dist5_12', 'dist7_11', 'dist11_13', 'dist13_17', 'dist11_16', 'ang2_7_5']",random_forest,20.990049918069236,6.038553741309383,15.30674232727535,2383,20,pca
gesa,vladimir,False,"['dist2_11', 'dist1_4', 'dist1_8', 'dist7_10', 't7_8_17', 't2_4_8', 'dist2_8', 'dist2_9', 'dist3_6', 'dist3_10', 'dist4_8', 'dist4_12', 'dist7_13', 'dist11_16', 'dist12_13', 'dist12_16', 'ang7_6_10', 't1_3_5', 't3_4_5', 't2_4_7']",random_forest,18.210097128640953,12.772256591896078,5.701819348514101,2384,20,pca
gesa,vladimir,False,"['dist1_8', 'dist2_11', 'dist3_10', 'dist7_10', 't2_4_8', 't3_5_10', 'dist1_4', 'dist2_8', 'dist3_6', 'dist3_17', 'dist4_8', 'dist4_12', 'dist7_12', 'dist7_13', 'dist11_16', 'dist12_13', 'dist12_15', 'dist12_16', 't7_8_17', 't1_3_5']",random_forest,9.532250668535488,6.004621153003557,3.785095739013504,2385,20,pca
frida,sam,False,"['t2_4_5', 'dist4_7', 'ang1_3_4', 'dist7_8', 'ang1_4_3', 'dist1_4', 'ang3_4_3', 'dist5_7', 'dist2_13', 'dist1_12', 'ang4_3_5', 't6_7_9', 'dist6_9', 't2_3_5', 'dist3_9', 'dist6_8', 't2_4_7', 't2_5_6', 'ang5_3_4', 't6_7_17']",random_forest,24.05407672087223,13.611756762125511,10.538606456518602,2386,20,pca
frida,sam,False,"['dist6_8', 'dist1_3', 'dist3_17', 'dist2_13', 'dist6_9', 'dist11_14', 'dist3_15', 'ang2_1_4', 'dist5_6', 'ang1_4_3', 'dist3_8', 'dist5_14', 'dist1_13', 'dist3_12', 't6_7_17', 'dist3_16', 'dist12_13', 'ang1_3_5', 't1_3_5', 'dist7_13']",random_forest,18.47748388769926,11.257966366689455,8.226804357862145,2387,20,pca
frida,rosie,False,"['dist5_14', 'dist11_14', 't3_5_10', 'dist4_8', 't2_4_5', 't2_4_8', 'dist2_9', 'dist3_10', 't2_5_10', 'dist2_4', 'dist2_11', 'dist2_17', 'dist5_11', 'dist8_14', 'dist13_14', 'dist14_17', 't1_3_5', 't3_4_5', 't2_4_7', 'dist2_6']",random_forest,8.644632648412784,0.3128879072200399,8.759152540110447,2388,20,pca
frida,rosie,False,"['t2_4_7', 't2_4_5', 'dist4_8', 'dist4_9', 't2_4_8', 'dist3_7', 'dist14_17', 't4_5_8', 'ang5_3_4', 't4_7_8', 'dist5_14', 'dist2_15', 'dist3_17', 'dist4_6', 'dist4_16', 'ang1_3_4', 't5_8_9', 't6_9_10', 't3_4_5', 't3_5_10']",random_forest,15.345126547858332,10.834648496540513,8.418681838320069,2389,20,pca
frida,otella,False,"['t2_4_5', 't2_3_5', 'dist7_10', 'dist6_17', 'dist6_8', 'dist6_10', 'dist1_10', 'dist7_8', 't6_7_9', 't3_5_7', 'dist12_15', 't6_7_17', 'dist9_11', 'ang4_9_5', 'dist2_5', 'dist2_4', 'dist2_16', 'dist4_13', 'dist7_9', 'dist7_14']",random_forest,12.510260583456349,8.674122065699178,4.834391459895179,2390,20,pca
frida,otella,False,"['dist2_4', 'dist2_16', 'dist10_16', 'dist8_10', 'dist7_10', 't6_9_10', 'dist6_8', 'dist9_12', 'dist2_14', 'dist5_14', 't2_4_5', 't2_5_6', 'ang1_3_4', 'dist12_15', 't2_5_10', 't3_6_10', 't12_15_17', 't13_14_16', 'dist1_10', 'dist12_17']",random_forest,12.513309986847828,5.208545841134982,7.62928893623766,2391,20,pca
frida,japet,False,"['dist11_14', 't3_5_10', 'dist12_13', 'dist14_15', 't3_4_5', 'dist3_8', 'dist3_9', 'dist3_15', 'dist16_17', 'dist3_5', 'dist3_11', 'dist7_12', 'dist8_12', 'dist11_13', 'dist15_16', 'ang2_3_4', 'ang7_6_10', 'dist3_10', 'dist3_14', 'dist5_15']",random_forest,17.013204300099055,8.38807621500399,8.764382982235404,2392,20,pca
frida,japet,False,"['dist3_5', 'dist3_8', 'dist3_17', 'dist4_14', 'ang1_3_4', 'ang2_3_4', 'dist9_14', 'ang2_3_5', 't3_4_5', 't13_14_17', 'dist3_14', 'ang1_3_5', 'dist3_15', 'dist1_13', 'dist5_14', 'dist8_14', 'dist14_16', 'dist16_17', 'ang3_2_5', 'ang1_4_3']",random_forest,42.25152493748555,23.018582485889787,19.29666404607323,2393,20,pca
frida,nuernberg_2,False,"['dist3_8', 'dist3_17', 'ang3_2_5', 'dist6_9', 't2_4_5', 'dist7_9', 'ang3_4_3', 'ang2_4_3', 'dist3_7', 'dist8_16', 't8_9_17', 'dist1_13', 'dist5_9', 't3_4_5', 'dist2_4', 'dist1_4', 'dist5_14', 'dist4_9', 'dist7_13', 'dist13_14']",random_forest,15.603143899710924,13.55494056763667,2.0753411552075822,2394,20,pca
frida,nuernberg_2,False,"['dist3_8', 'dist3_17', 't2_4_5', 'dist5_12', 'dist7_13', 'dist12_13', 'dist4_8', 'ang2_3_4', 'dist15_16', 'dist4_9', 'dist1_13', 'dist7_9', 'ang2_4_3', 'dist13_14', 'ang4_9_5', 'dist3_15', 'dist5_16', 'dist11_13', 'dist3_14', 'dist4_11']",random_forest,15.996944642460797,8.353886845379861,8.540752924848483,2395,20,pca
frida,nokia,False,"['dist5_14', 'dist6_11', 'ang6_9_10', 'dist8_10', 't6_7_17', 't5_9_10', 'dist6_12', 'dist6_8', 'ang1_4_3', 't1_3_5', 'dist3_5', 'dist3_8', 'ang3_4_3', 't3_4_5', 'dist3_16', 'dist1_13', 'ang1_3_4', 'dist5_10', 'dist5_6', 'dist1_12']",random_forest,24.16934754431994,13.968778071744257,11.193827629815866,2396,20,pca
frida,nokia,False,"['dist6_16', 'dist6_8', 'ang1_3_4', 't6_7_9', 'dist5_14', 'dist2_17', 'ang1_3_5', 'ang1_4_3', 't8_9_17', 'dist6_17', 'dist3_5', 'dist1_2', 't7_8_9', 'dist6_9', 'dist6_10', 'dist2_3', 'dist3_17', 'dist6_12', 'dist10_15', 't1_3_5']",random_forest,21.871998957173947,11.519870676931145,10.37834080474673,2397,20,pca
frida,noel,False,"['dist11_14', 'dist14_15', 'dist2_4', 'dist12_13', 'ang1_3_5', 'ang1_4_3', 't2_4_5', 'ang2_1_4', 'dist2_14', 'dist3_8', 'dist11_16', 'dist15_16', 'dist4_8', 'dist4_9', 'ang2_3_5', 'dist2_3', 'dist2_13', 'dist3_9', 'dist3_11', 'dist3_12']",random_forest,23.04768951874612,9.409378673923458,13.700592370982383,2398,20,pca
frida,noel,False,"['ang1_4_3', 'dist12_13', 'dist3_17', 'dist11_14', 't2_4_5', 'dist14_15', 'dist9_14', 'dist2_4', 'dist3_12', 'dist4_8', 'dist4_11', 'dist11_16', 'dist7_8', 'ang1_3_4', 'dist3_9', 'dist4_12', 'dist5_9', 'dist6_13', 'ang1_3_5', 'dist3_7']",random_forest,23.972023672504083,11.516217138993198,12.650964564233048,2399,20,pca
frida,matysek,False,"['dist8_15', 'dist8_16', 'dist1_6', 't3_4_7', 'dist8_10', 'dist5_17', 'dist5_6', 't8_9_17', 'dist12_15', 'dist13_14', 'dist5_8', 'dist1_2', 'dist3_8', 'dist5_14', 'dist9_16', 'ang3_1_5', 'ang6_10_4', 'dist1_4', 'dist6_8', 'dist15_17']",random_forest,8.41012237534344,6.788155221123894,2.1339930738727966,2400,20,pca
frida,matysek,False,"['dist1_6', 'dist5_8', 'dist5_7', 'dist5_17', 'dist12_15', 'dist5_12', 'dist13_14', 'dist8_16', 'dist8_10', 'dist8_15', 'dist1_15', 'dist1_5', 't2_4_7', 't3_6_10', 'ang1_3_5', 'dist1_9', 'dist7_14', 'dist1_8', 't3_7_16', 't2_5_9']",random_forest,9.373956378195555,3.3825266839098953,6.080441100596476,2401,20,pca
frida,lucka,False,"['dist1_8', 'dist2_11', 'dist3_6', 'dist6_17', 'dist2_4', 'dist2_9', 'dist2_14', 'dist3_7', 'dist3_10', 'dist4_12', 'dist11_16', 'dist12_15', 'dist13_17', 'dist14_16', 'dist15_17', 't7_8_16', 't6_7_9', 't2_4_5', 't3_4_5', 't2_4_8']",random_forest,6.63024880435129,1.544591643011772,5.546329759577501,2402,20,pca
frida,lucka,False,"['t1_3_5', 'dist5_7', 'dist6_17', 'dist2_4', 'dist2_14', 'dist5_13', 'dist5_16', 'dist12_15', 'dist13_14', 't2_3_5', 't2_4_5', 't13_14_16', 'dist1_4', 'dist1_5', 'dist1_8', 'dist1_15', 'dist4_7', 'dist4_13', 'dist6_8', 'dist10_15']",random_forest,8.867661580909301,0.4048984606364428,8.53013708826898,2403,20,pca
frida,nuernberg_1,False,"['dist3_16', 'dist3_17', 'dist7_13', 'dist3_8', 'dist4_8', 'ang1_3_4', 'ang2_3_4', 'dist3_7', 'dist5_7', 'dist8_14', 'dist5_14', 'dist6_8', 'dist12_15', 'ang3_2_5', 'dist3_9', 'dist7_17', 'dist9_14', 'dist13_14', 'ang4_2_5', 'ang1_3_5']",random_forest,23.914609047639498,15.134312320325877,9.004249003538774,2404,20,pca
frida,nuernberg_1,False,"['dist13_14', 'dist6_9', 'dist7_10', 'dist6_8', 'dist2_14', 'dist3_16', 'dist5_7', 'dist6_10', 'dist7_14', 'ang1_3_5', 'dist1_9', 'dist3_6', 'dist3_8', 'dist3_10', 'dist7_9', 'dist7_13', 'dist8_14', 'dist10_11', 'dist12_15', 'ang3_2_5']",random_forest,17.84655884726171,10.448894897007825,7.409458525972107,2405,20,pca
frida,leni,False,"['dist11_14', 'dist4_8', 'dist3_17', 'dist7_13', 'dist12_13', 'dist16_17', 'dist2_3', 'dist3_8', 'dist3_11', 'dist13_17', 'ang1_3_5', 't2_4_8', 't3_5_10', 't12_13_15', 'dist4_10', 'dist3_9', 'dist1_13', 'dist3_15', 'dist8_12', 'dist8_14']",random_forest,13.947310494345214,5.489824368516644,9.44988812815768,2406,20,pca
frida,leni,False,"['dist3_7', 'dist8_16', 'dist3_8', 'dist3_17', 'dist8_14', 't1_3_5', 'dist1_3', 'dist7_13', 'ang6_9_10', 'ang5_3_4', 't3_7_16', 'dist16_17', 'ang2_4_3', 't13_14_17', 'dist2_3', 'dist5_14', 'dist14_17', 'ang2_3_5', 't2_4_5', 'ang2_4_5']",random_forest,19.685737644552695,10.560764682756018,11.952677674011092,2407,20,pca
frida,innsbruck_1,False,"['dist3_8', 'dist1_13', 'ang1_2_5', 't2_4_8', 'dist9_14', 't13_14_17', 'dist1_3', 'dist3_17', 'dist8_14', 'dist13_17', 'ang1_4_3', 't1_3_5', 't3_4_5', 'dist6_12', 't13_14_16', 'dist1_9', 'dist2_3', 'dist2_8', 'dist2_14', 'dist3_16']",random_forest,17.579496483195044,4.536112320220878,13.08311336285982,2408,20,pca
frida,innsbruck_1,False,"['dist1_2', 'dist2_8', 't2_4_8', 'dist3_5', 'dist2_14', 'dist8_14', 'ang1_4_3', 't1_3_5', 't13_14_17', 't13_14_16', 'dist11_14', 'dist8_16', 'dist9_14', 'dist1_3', 'dist1_13', 'dist2_9', 'dist3_8', 'dist3_15', 'dist3_16', 'dist4_8']",random_forest,15.765253948581938,8.828549236106554,8.707694377881433,2409,20,pca
frida,shorfy,False,"['dist5_14', 'dist13_14', 't3_4_5', 't3_5_10', 'dist1_5', 'dist5_13', 't2_4_5', 'dist12_15', 'dist3_10', 'dist3_13', 'dist5_16', 't1_3_5', 't2_5_10', 'dist2_4', 'dist2_9', 'dist3_5', 'dist4_13', 'dist13_16', 'ang1_2_5', 't2_3_5']",random_forest,13.285776181406186,0.8009032636913228,13.935844249972725,2410,20,pca
frida,shorfy,False,"['dist7_10', 'dist9_10', 't6_7_9', 't6_7_17', 'dist1_3', 'dist2_4', 'dist2_6', 'dist2_16', 'dist6_9', 'dist6_16', 'dist6_17', 't2_4_5', 'dist10_16', 'dist1_9', 'dist2_9', 'dist3_6', 'dist6_8', 'dist7_17', 'dist8_10', 'dist11_16']",random_forest,5.0008676747814755,1.0534435776040516,4.053708260466992,2411,20,pca
frida,paulinchen,False,"['dist3_8', 'dist8_16', 'dist10_17', 'dist5_7', 'dist9_10', 'dist2_6', 'dist6_10', 'dist5_8', 'ang2_3_4', 'dist4_14', 't2_4_7', 'dist8_9', 'ang3_2_5', 't8_9_17', 'ang4_2_5', 'dist6_11', 'dist6_12', 'dist1_8', 'dist2_7', 'dist3_14']",random_forest,14.328009718137928,15.791943780773696,2.2900096784378854,2412,20,pca
frida,paulinchen,False,"['dist3_8', 'dist2_8', 'dist7_10', 'dist9_10', 'dist10_17', 'ang2_7_5', 'dist1_7', 'dist8_16', 'dist2_17', 'dist1_13', 'dist1_17', 'dist13_16', 'dist5_6', 'dist4_7', 'dist5_8', 'ang7_6_10', 't12_15_17', 'dist10_14', 't2_4_8', 'dist7_9']",random_forest,18.273742571935905,2.730042013823421,16.05677220094696,2413,20,pca
frida,mette,False,"['dist7_10', 'dist10_16', 'dist5_14', 'dist8_10', 'dist3_6', 't6_7_17', 'dist5_6', 'dist1_9', 'dist2_6', 'dist10_17', 't3_7_16', 'dist6_14', 'dist9_10', 'dist3_10', 'dist7_9', 'dist7_14', 'dist10_14', 'dist14_17', 'dist1_3', 'dist7_16']",random_forest,2.8079107359205446,0.8328242581264036,2.371943033101558,2414,20,pca
frida,mette,False,"['t3_7_16', 'dist6_17', 'dist3_7', 'dist6_9', 'dist6_13', 'dist7_8', 'dist7_10', 'dist9_10', 't2_3_7', 'dist1_16', 'dist2_3', 'dist2_16', 'dist3_6', 'dist3_10', 'dist4_7', 'dist6_8', 'dist6_10', 'dist7_9', 'dist7_16', 'dist8_10']",random_forest,3.6802612610756738,1.2356452668071631,2.4728482320304996,2415,20,pca
frida,zewe,False,"['t2_4_5', 'dist9_10', 'dist5_14', 'dist6_15', 'dist10_17', 'dist2_4', 'ang1_4_3', 'dist4_16', 'dist8_10', 't4_5_8', 't2_5_6', 'dist4_13', 't5_8_9', 'dist4_9', 'dist5_6', 'dist11_15', 't7_8_9', 't3_6_10', 'dist4_7', 'dist10_16']",random_forest,13.088257641907628,8.244804933939207,5.494553221124699,2416,20,pca
frida,zewe,False,"['t2_4_5', 'dist9_10', 't2_5_6', 't2_5_10', 'dist4_7', 't2_3_5', 'dist8_10', 'dist6_17', 'dist10_17', 'dist4_16', 'dist3_4', 'dist2_4', 'dist2_9', 'dist5_8', 'dist5_13', 'dist6_16', 't7_8_9', 't3_4_5', 't4_6_10', 'ang2_1_4']",random_forest,11.529669360807807,7.523902861856409,5.840424525218639,2417,20,pca
frida,gesa,False,"['dist2_11', 'dist3_10', 't3_5_10', 'dist2_4', 'dist3_6', 'dist6_17', 'dist11_14', 'dist11_16', 'dist12_13', 'dist12_15', 't4_7_8', 't7_8_17', 't1_3_5', 't2_4_5', 't2_4_7', 't13_14_15', 't13_14_17', 't12_15_17', 't13_14_16', 'dist1_4']",random_forest,14.612222066866257,1.8510742980317543,16.41614913199007,2418,20,pca
frida,gesa,False,"['dist2_11', 't7_8_17', 'dist3_10', 'dist7_10', 'dist11_14', 'dist12_13', 't2_4_7', 't13_14_15', 'dist2_15', 'dist4_7', 'dist4_10', 'dist4_11', 'dist4_12', 'dist5_6', 'dist8_10', 'dist10_16', 'dist11_16', 'dist12_14', 'dist12_16', 'ang7_6_10']",random_forest,16.65848444644991,1.5906484865917854,17.467223074175674,2419,20,pca
frida,vladimir,False,"['dist7_13', 'dist3_5', 'dist5_6', 'dist3_8', 'dist8_16', 'dist13_16', 'dist13_17', 'dist3_17', 't2_3_8', 'dist1_5', 'dist2_8', 'dist2_6', 'dist9_13', 't1_3_5', 't3_4_5', 't1_2_7', 't2_4_5', 'dist5_7', 'dist6_17', 'dist10_14']",random_forest,4.919471063177215,0.9520714262189481,5.036588890405518,2420,20,pca
frida,vladimir,False,"['dist3_5', 'dist5_6', 'dist4_13', 'dist1_4', 'dist8_14', 'dist13_16', 'dist6_8', 'dist2_6', 't2_5_6', 'dist8_16', 'dist8_15', 'dist6_10', 'dist2_3', 'dist3_8', 'dist13_17', 'dist9_13', 't13_14_16', 't2_4_5', 't3_4_5', 'dist2_17']",random_forest,3.7101371792653848,2.189398835462041,4.266242902089139,2421,20,pca
esta,sam,False,"['dist7_8', 't7_8_17', 'ang6_10_4', 'dist2_4', 'dist8_12', 'dist2_7', 'dist4_10', 'dist7_13', 'dist5_7', 'dist3_9', 'dist7_17', 'dist4_9', 't6_7_17', 'dist3_8', 'dist6_12', 'dist7_10', 't2_5_6', 'dist6_13', 'ang4_9_5', 'dist1_3']",random_forest,19.25539002107266,8.829766189514272,10.539696669174727,2422,20,pca
esta,sam,False,"['ang6_10_4', 'dist7_8', 'dist5_7', 'ang1_3_5', 'dist2_7', 'dist4_10', 't2_5_6', 'dist7_13', 'ang4_9_5', 'dist6_8', 'dist3_7', 'dist3_17', 'dist12_13', 't2_4_5', 'dist3_6', 'dist11_15', 'dist5_6', 'dist5_14', 'ang2_3_5', 't6_7_9']",random_forest,17.135574502589684,10.073846285482418,7.084139584483753,2423,20,pca
esta,rosie,False,"['dist9_14', 'ang3_1_4', 'dist5_16', 'dist11_12', 't4_7_8', 'dist3_17', 'dist1_12', 'dist3_7', 't2_3_7', 'dist1_3', 'dist8_14', 't2_3_5', 'dist5_8', 't3_5_7', 't3_7_16', 'dist6_8', 'dist2_14', 'ang5_1_4', 'dist3_15', 't7_8_16']",random_forest,2.4802947362604777,1.7153743530006418,2.067050877961794,2424,20,pca
esta,rosie,False,"['dist3_6', 'dist11_14', 'dist13_14', 't2_3_7', 't1_3_5', 't3_5_10', 't13_14_16', 'dist1_5', 'dist1_15', 'dist2_3', 'dist3_7', 'dist3_13', 'dist4_11', 'dist8_9', 'dist12_13', 'dist12_15', 'dist12_16', 'dist13_16', 't3_7_16', 't4_7_8']",random_forest,7.613416506967544,1.1525218568419646,7.322303445102915,2425,20,pca
esta,otella,False,"['dist5_7', 't8_9_17', 'dist6_10', 'dist7_10', 'dist2_3', 'ang6_4_10', 'dist5_6', 't2_4_5', 'dist7_14', 'dist2_14', 'dist6_9', 'dist2_11', 't6_7_9', 't2_3_5', 'dist5_17', 'dist7_15', 't13_14_15', 'dist2_5', 'dist12_14', 't3_7_16']",random_forest,7.163251941224269,1.6985166255337982,7.916314147368587,2426,20,pca
esta,otella,False,"['t2_3_5', 't2_4_5', 'dist6_10', 'dist2_3', 'dist2_4', 'dist2_14', 'dist5_6', 'ang6_10_4', 'dist1_5', 'dist5_17', 'dist9_10', 'dist12_16', 'dist14_17', 't6_7_9', 'dist4_7', 'dist7_15', 't2_4_7', 't3_4_16', 'dist2_15', 'dist11_16']",random_forest,8.553432315444935,7.505989569070833,4.279622169530643,2427,20,pca
esta,japet,False,"['t3_5_10', 'dist11_14', 'dist12_17', 't1_3_5', 'dist3_10', 'dist4_10', 'dist4_11', 'dist5_12', 'ang6_10_4', 't3_4_5', 'dist10_16', 'dist1_13', 'dist3_11', 'dist3_15', 'dist4_12', 'dist11_16', 'dist12_13', 'dist12_15', 'dist12_16', 'dist14_15']",random_forest,14.629758852341569,8.758477289033005,7.569936768885857,2428,20,pca
esta,japet,False,"['dist1_4', 'dist5_14', 't2_4_5', 't3_5_10', 'dist3_10', 't3_4_5', 'dist11_14', 'dist11_16', 'dist12_13', 'dist1_9', 'dist3_15', 'dist4_10', 'dist4_12', 'dist5_16', 'dist6_11', 'dist7_12', 'dist7_13', 'dist12_16', 't4_5_8', 't2_3_5']",random_forest,8.975915132345254,1.1897457805587501,8.392778275572358,2429,20,pca
esta,nuernberg_2,False,"['t2_4_5', 'ang3_2_5', 'dist4_10', 't3_5_10', 'ang4_9_5', 'dist2_16', 'ang2_1_4', 'ang1_2_4', 'dist2_13', 'ang3_2_4', 'dist5_10', 'dist5_15', 'dist2_5', 'ang6_10_4', 'dist1_5', 'dist11_14', 'dist16_17', 't2_5_6', 't3_4_5', 'ang6_4_10']",random_forest,16.193900949821835,14.180035900039673,4.507406402195464,2430,20,pca
esta,nuernberg_2,False,"['t2_4_5', 'dist4_10', 'dist7_13', 't8_9_17', 'dist3_15', 'dist3_8', 'dist3_11', 'dist11_13', 't7_8_9', 't7_8_17', 't2_5_6', 'dist8_17', 'dist8_16', 'ang6_10_4', 't5_8_9', 'ang2_3_4', 'dist2_13', 'dist5_10', 'ang2_1_4', 'dist13_15']",random_forest,9.200780214635031,8.291671866436587,5.249454543042503,2431,20,pca
esta,nokia,False,"['dist5_14', 't3_4_5', 'dist3_5', 'dist3_6', 'ang3_2_4', 'dist14_15', 'dist3_8', 't1_2_7', 'dist3_10', 'dist2_3', 't6_10_11', 'dist2_9', 't6_7_17', 'dist1_13', 'dist3_11', 'ang6_4_10', 'dist5_6', 'dist8_9', 'dist3_9', 'dist6_11']",random_forest,7.429512147988205,3.3568848147920227,4.396323852403402,2432,20,pca
esta,nokia,False,"['dist5_14', 'dist8_10', 'dist3_16', 't3_4_5', 't8_9_17', 'dist3_5', 'ang6_10_4', 'dist8_9', 'dist9_11', 't1_2_7', 't4_6_10', 'dist3_6', 'dist5_6', 'dist14_17', 't5_8_9', 'ang1_3_4', 'dist6_12', 't5_6_10', 'ang4_9_5', 'dist5_7']",random_forest,13.285290936193944,4.753086009177857,11.048367050220342,2433,20,pca
esta,noel,False,"['dist3_8', 'dist1_3', 'ang1_3_5', 'dist1_13', 'dist2_14', 'dist3_6', 'dist3_17', 'dist4_8', 'ang2_3_4', 'dist4_12', 'dist3_12', 'dist3_9', 'dist2_13', 'dist4_10', 'dist5_15', 'dist11_13', 'dist11_16', 'ang2_3_5', 'ang3_1_4', 't3_7_16']",random_forest,24.561560473984713,11.222127776991885,13.342433594063657,2434,20,pca
esta,noel,False,"['dist4_9', 'dist1_3', 'dist4_8', 'ang1_3_5', 'dist4_10', 'dist1_2', 'dist2_14', 'ang2_1_4', 'dist2_16', 'dist11_14', 't4_7_8', 'dist3_6', 'dist1_13', 'dist3_7', 'dist5_10', 'ang1_4_5', 't2_4_5', 't12_13_15', 'dist12_13', 't3_7_16']",random_forest,16.58126514785892,5.089253634634326,11.910029909195675,2435,20,pca
esta,matysek,False,"['dist1_6', 't3_4_16', 'dist5_7', 'dist8_15', 'dist1_5', 'dist5_17', 'dist5_9', 'ang1_3_5', 'dist12_15', 't5_8_9', 't2_4_7', 'dist11_12', 'dist5_6', 'ang4_1_5', 'dist1_15', 'dist2_14', 'ang6_10_4', 'dist9_15', 't8_9_17', 'dist14_16']",random_forest,12.269399332511608,7.3410031072098905,6.480157359223134,2436,20,pca
esta,matysek,False,"['dist9_15', 'dist1_6', 't5_8_9', 'ang1_3_5', 'dist5_9', 't8_9_17', 'ang4_2_4', 'dist5_17', 'dist12_15', 'dist13_14', 'dist8_16', 'ang5_1_4', 't5_9_10', 'dist11_12', 'dist5_7', 'dist1_5', 'ang4_1_5', 'dist1_10', 'dist2_16', 't1_2_7']",random_forest,12.753125181379131,5.382892221062482,7.593837952205618,2437,20,pca
esta,lucka,False,"['dist13_14', 't2_4_5', 't1_3_5', 't2_5_6', 'dist1_4', 'dist1_5', 'dist2_14', 'dist5_7', 'dist5_9', 'dist5_16', 'dist10_12', 'dist12_15', 'dist1_15', 'dist2_3', 'dist2_4', 'dist2_5', 'dist2_16', 'dist5_6', 'dist6_8', 'dist6_10']",random_forest,9.410888524244365,1.7942081200259519,8.287263068062396,2438,20,pca
esta,lucka,False,"['t2_4_5', 't1_3_5', 'dist5_6', 'dist2_14', 'dist5_9', 'dist5_13', 'dist5_16', 'dist10_15', 'dist13_14', 't5_8_9', 'dist2_3', 'dist2_4', 'dist3_5', 'dist3_6', 'dist6_15', 'dist6_17', 'dist12_15', 'dist12_17', 'ang6_10_4', 't2_3_5']",random_forest,16.993526597111654,7.209820842055424,10.963862203686652,2439,20,pca
esta,nuernberg_1,False,"['dist3_8', 'dist3_16', 'dist3_17', 'dist4_8', 'dist4_9', 'dist7_8', 't7_8_16', 'dist7_13', 'dist7_10', 'ang6_4_10', 'dist4_10', 'dist3_9', 'dist3_7', 'dist5_14', 'dist8_17', 'ang3_2_5', 't7_8_17', 't3_4_5', 'dist2_4', 'dist6_10']",random_forest,14.072927672215657,6.543945621286228,7.756550608932004,2440,20,pca
esta,nuernberg_1,False,"['dist4_10', 'dist7_13', 'dist3_11', 'dist5_7', 'dist4_8', 'dist3_16', 'dist3_8', 't3_4_16', 'ang6_10_4', 'dist6_8', 'dist5_14', 'dist1_12', 'dist2_14', 'dist4_9', 'dist11_13', 'dist13_14', 'ang1_3_5', 't3_4_5', 'dist7_8', 'ang6_4_10']",random_forest,11.753266035661019,5.790686170069229,6.060675683470493,2441,20,pca
esta,leni,False,"['dist3_15', 'dist4_10', 'dist2_11', 'dist3_8', 'dist3_10', 'dist7_13', 'dist12_13', 't2_3_7', 'dist2_7', 'dist2_9', 'dist2_12', 'dist3_6', 'dist3_17', 'dist4_11', 'dist4_12', 'dist8_14', 'dist11_13', 'dist11_14', 'dist11_16', 'dist13_17']",random_forest,4.175450524181535,0.7048911058609303,3.471654583468623,2442,20,pca
esta,leni,False,"['t1_6_7', 'dist5_14', 'ang2_1_4', 'dist1_15', 'dist2_4', 't4_5_8', 't3_4_5', 'ang1_4_5', 't2_4_8', 'dist3_9', 'dist1_4', 'dist1_10', 'dist2_9', 'dist6_13', 'dist12_13', 'dist3_8', 'ang6_4_10', 'dist8_14', 'dist5_13', 't2_4_7']",random_forest,15.399853711574346,6.1731608883647215,9.79976474350798,2443,20,pca
esta,innsbruck_1,False,"['dist4_10', 't2_3_7', 't2_5_10', 't3_5_10', 'dist3_15', 'dist4_9', 'dist7_13', 'dist8_14', 'ang6_10_4', 't1_2_7', 't2_4_5', 'dist9_10', 'dist2_8', 'dist2_9', 'dist2_14', 'dist3_8', 'dist3_9', 'dist3_10', 'dist3_17', 'dist4_8']",random_forest,20.233468615521822,8.544751929147449,13.09472096546414,2444,20,pca
esta,innsbruck_1,False,"['t3_4_5', 'dist5_14', 'dist2_8', 'ang6_10_4', 't2_4_8', 't3_5_10', 'dist3_8', 'dist3_10', 'dist4_9', 'dist7_13', 'dist13_17', 't1_2_7', 't1_3_5', 'dist3_17', 'dist3_5', 'dist3_16', 'dist4_8', 't2_3_5', 't2_4_5', 'dist4_10']",random_forest,15.997644852047314,7.112960446490084,11.103260543965943,2445,20,pca
esta,shorfy,False,"['dist5_14', 'dist9_10', 'dist10_17', 't3_4_5', 'dist2_17', 'dist6_8', 'dist6_9', 'dist6_10', 't2_3_5', 't2_5_6', 'dist3_5', 'dist3_6', 'dist7_9', 'dist8_10', 't6_7_9', 't2_4_5', 't6_10_11', 'dist2_16', 'ang1_2_5', 'dist2_11']",random_forest,11.56285390051829,1.7073066760217994,9.895239059909006,2446,20,pca
esta,shorfy,False,"['t2_4_5', 'dist2_16', 'dist3_5', 'dist13_14', 't3_4_5', 'dist5_6', 'dist7_12', 't1_3_5', 'dist5_14', 't7_8_16', 't2_3_5', 't7_8_17', 'dist2_17', 'dist5_16', 'dist6_8', 'dist12_15', 't2_5_10', 't3_5_10', 't13_14_17', 'dist7_10']",random_forest,8.735205145011012,0.7500324973025186,9.157746314215709,2447,20,pca
esta,paulinchen,False,"['dist5_9', 'dist8_9', 't8_9_17', 't5_8_9', 'dist7_10', 'ang4_9_5', 'dist8_17', 'ang2_7_5', 'ang3_4_3', 't2_4_8', 't7_8_17', 'dist1_17', 'dist5_10', 'dist7_16', 't7_8_9', 'dist2_17', 'dist6_8', 'dist3_5', 'dist1_4', 't3_4_5']",random_forest,30.09995825576754,5.358477624297827,27.269132942010398,2448,20,pca
esta,paulinchen,False,"['dist9_10', 'dist2_6', 'dist6_13', 'dist1_9', 'dist1_5', 'dist5_9', 'dist7_10', 'ang1_3_4', 'dist9_15', 'dist12_15', 'dist7_15', 'dist3_6', 'dist8_17', 'dist5_15', 'dist6_16', 'dist2_9', 'dist3_13', 'dist11_13', 'dist8_10', 'ang3_4_3']",random_forest,10.610643994530355,6.214439909577237,7.036437607965954,2449,20,pca
esta,mette,False,"['dist7_10', 't3_7_16', 'dist6_17', 'dist6_10', 'dist3_7', 'dist6_8', 'dist6_9', 'dist6_16', 'dist7_9', 'dist8_17', 't7_8_9', 'dist3_6', 'dist7_8', 'dist9_10', 't8_9_17', 'dist4_6', 'dist4_11', 'dist6_13', 'dist6_14', 'dist7_15']",random_forest,2.939139329118401,0.6174070691357172,2.5935558472447635,2450,20,pca
esta,mette,False,"['t3_7_16', 'dist3_17', 'dist5_14', 'dist3_6', 'dist7_10', 'dist5_7', 'dist6_13', 't6_7_9', 'ang3_1_4', 'dist6_17', 'dist8_9', 'dist4_6', 'dist6_8', 'dist7_15', 'dist12_16', 't8_9_17', 't3_6_10', 'dist6_12', 'ang1_4_3', 'ang1_3_4']",random_forest,12.990983135286589,0.3877532085328521,13.228155832309906,2451,20,pca
esta,zewe,False,"['t2_4_5', 't4_5_8', 't2_3_5', 't3_4_5', 'dist5_16', 'dist3_5', 'dist2_4', 't8_9_17', 't1_3_5', 't2_5_6', 'ang6_10_4', 't3_5_7', 't3_4_16', 'dist5_7', 'dist9_11', 'dist2_14', 't5_8_9', 'dist9_10', 't2_5_9', 'dist8_9']",random_forest,9.36093433711067,8.334031481788326,6.3858759294039205,2452,20,pca
esta,zewe,False,"['t2_4_5', 'dist5_16', 'dist7_10', 't3_5_10', 'dist5_7', 't2_3_5', 'dist8_10', 't5_9_10', 'dist5_9', 'dist5_10', 'dist5_13', 'dist9_10', 'dist13_14', 't1_3_5', 't5_8_9', 'dist8_9', 'dist12_16', 't2_5_10', 't8_9_17', 'dist12_15']",random_forest,5.544006215838392,1.11729403437469,6.30592602039796,2453,20,pca
esta,gesa,False,"['t7_8_17', 'dist2_11', 'dist3_6', 'dist5_15', 'dist9_10', 'dist3_10', 'dist3_15', 'dist4_11', 'dist4_12', 'dist7_9', 'dist7_11', 'dist7_12', 'dist7_15', 'dist8_9', 'dist9_15', 'dist10_17', 'dist11_13', 'dist11_14', 'dist11_16', 'dist14_17']",random_forest,3.4286725217165275,0.18030878653491167,3.6087280663110115,2454,20,pca
esta,gesa,False,"['dist2_11', 't7_8_17', 'dist3_6', 'dist7_8', 'dist12_13', 't8_9_17', 'dist3_10', 'dist3_12', 'dist4_12', 'dist5_15', 'dist7_10', 'dist7_11', 'dist7_14', 'dist8_9', 'dist9_10', 'dist9_15', 'dist11_14', 'dist11_16', 'dist12_17', 'dist14_17']",random_forest,3.3224771074845947,0.3663408000767067,3.4555466296235475,2455,20,pca
esta,frida,False,"['dist1_13', 'dist2_6', 'dist3_13', 'ang1_2_5', 'ang1_4_3', 'dist9_10', 'dist1_9', 'ang1_3_4', 'dist11_15', 'dist6_13', 'dist2_17', 'dist5_9', 'dist1_2', 'dist5_6', 'dist12_15', 'ang3_4_3', 'ang6_4_10', 't7_8_9', 'dist10_16', 'dist11_12']",random_forest,18.532448660552703,3.306843624703262,15.355828739205366,2456,20,pca
esta,frida,False,"['ang1_3_4', 'dist10_17', 'ang1_4_3', 'dist6_9', 'ang2_4_3', 'dist4_14', 'dist5_9', 'dist3_17', 't2_5_6', 'dist9_10', 't2_4_5', 'dist1_6', 'dist1_13', 't5_8_9', 'dist1_2', 'dist11_12', 'dist3_6', 'ang6_9_10', 'dist7_17', 'dist7_9']",random_forest,12.989047639162848,3.1593754366458087,9.919543959827504,2457,20,pca
esta,vladimir,False,"['ang6_10_4', 'dist1_9', 'ang2_7_5', 't2_4_5', 'dist5_14', 't3_4_5', 'dist7_13', 'ang2_4_5', 't1_2_7', 't6_7_17', 'dist2_3', 'dist3_8', 'ang4_3_5', 't2_4_8', 'dist3_10', 't8_9_17', 'dist1_8', 'dist7_15', 'dist4_10', 'dist7_11']",random_forest,25.76900853342802,7.28009482547706,19.807680826132266,2458,20,pca
esta,vladimir,False,"['dist7_13', 'ang6_10_4', 'ang6_9_10', 'dist5_14', 't2_4_5', 'dist5_9', 't3_4_5', 'dist2_17', 'dist4_8', 'dist9_13', 'dist5_15', 't2_4_8', 'dist2_3', 'dist3_8', 'dist5_13', 'dist2_8', 'dist8_16', 'ang4_9_5', 'dist10_11', 't1_3_5']",random_forest,11.086690195645936,2.148604412607793,12.512550219048677,2459,20,pca
cibak,sam,False,"['t7_8_16', 't4_7_8', 'dist7_17', 't6_7_9', 'dist6_8', 't2_5_6', 'dist7_8', 'dist6_17', 'dist6_16', 'dist6_9', 't2_3_7', 'dist5_6', 'dist7_16', 'dist11_15', 'ang6_9_10', 't4_5_8', 'dist6_14', 'dist3_6', 't6_7_17', 't13_14_17']",random_forest,12.30408775680853,4.677173514289258,11.628696592651565,2460,20,pca
cibak,sam,False,"['dist16_17', 't6_7_17', 'dist8_16', 'dist6_8', 'dist5_14', 'dist6_16', 'dist9_16', 't4_7_8', 't7_8_16', 'dist3_17', 'dist7_8', 'dist7_17', 'ang4_2_4', 't7_8_17', 'dist13_17', 't6_7_9', 't6_9_17', 'dist6_17', 'ang6_9_10', 'dist7_9']",random_forest,10.158263785636143,4.627821654820605,9.396186589594203,2461,20,pca
cibak,rosie,False,"['t3_4_5', 'dist1_3', 'dist3_7', 'dist5_14', 'dist8_16', 'dist16_17', 't2_4_8', 't2_4_7', 't13_14_16', 'dist1_16', 'dist2_3', 'dist2_13', 'dist3_6', 'dist3_17', 'dist4_7', 'dist4_8', 'dist5_6', 'dist5_9', 'dist7_14', 't1_2_7']",random_forest,6.91363670225878,1.9235467230605323,5.009134177537766,2462,20,pca
cibak,rosie,False,"['t3_4_5', 'dist8_16', 'dist5_14', 't4_5_8', 'dist16_17', 't7_8_16', 'dist4_8', 'dist3_5', 'dist2_8', 'dist7_13', 'dist5_13', 'dist8_13', 'ang1_4_3', 'ang4_9_5', 't1_2_7', 't2_4_8', 'dist1_3', 'dist1_15', 'dist3_17', 't8_9_17']",random_forest,14.336968924510384,7.537422791446166,6.967537907256882,2463,20,pca
cibak,otella,False,"['dist7_13', 'dist5_14', 'dist11_14', 'dist6_10', 'dist9_16', 'dist13_15', 't1_3_5', 'dist1_9', 'dist1_15', 'dist2_9', 'dist5_16', 'dist8_16', 'dist9_11', 'dist9_17', 'dist13_17', 'dist14_16', 'dist15_16', 'dist15_17', 't4_5_8', 't8_9_17']",random_forest,5.983916120428819,2.1848756730584924,3.8022428786364095,2464,20,pca
cibak,otella,False,"['dist6_8', 't1_3_5', 'dist3_6', 'dist6_10', 't2_3_7', 't2_5_6', 'dist1_8', 'dist2_8', 'dist2_9', 'dist3_10', 'dist4_12', 'dist7_10', 'dist7_13', 'dist8_16', 'dist9_13', 'dist11_14', 't7_8_16', 't6_7_9', 't8_9_17', 't3_5_10']",random_forest,10.056983413488696,4.550039898750612,5.567339313236775,2465,20,pca
cibak,japet,False,"['dist8_15', 'ang2_1_4', 't12_15_17', 'dist3_14', 'dist11_17', 'dist5_12', 'ang2_7_5', 'dist14_16', 'dist12_17', 'ang3_1_4', 't13_14_15', 'dist8_16', 'dist3_15', 'dist15_17', 'dist3_8', 'dist4_12', 'dist9_16', 'dist10_15', 'dist3_7', 'dist3_13']",random_forest,21.86984571214316,9.232084119548537,18.634421930478943,2466,20,pca
cibak,japet,False,"['dist10_15', 't2_3_5', 'dist14_16', 'dist2_14', 'dist8_15', 'ang3_4_3', 'ang2_7_5', 't3_4_5', 'dist3_4', 'dist16_17', 'dist8_16', 'dist1_15', 'ang4_9_5', 'dist8_12', 't12_13_15', 'dist1_8', 'ang2_1_4', 'dist7_12', 'ang3_1_4', 'dist3_5']",random_forest,19.23015574535236,9.719415695172302,9.591514670360663,2467,20,pca
cibak,ducky,False,"['dist14_16', 'dist3_5', 't3_4_16', 'ang2_1_4', 't3_4_5', 'dist3_4', 'dist13_14', 't2_4_5', 't5_8_9', 'dist2_14', 'dist7_9', 't4_5_8', 'dist3_14', 'dist2_3', 'dist5_16', 'dist1_4', 'ang2_7_5', 'dist10_15', 't13_14_15', 'dist2_13']",random_forest,18.403391296542594,9.284597301601286,16.26808125840026,2468,20,pca
cibak,ducky,False,"['dist14_16', 'dist3_5', 'dist3_14', 'dist3_4', 'ang2_1_4', 't3_4_16', 'dist12_15', 't2_3_5', 'dist2_14', 'dist7_15', 't3_4_5', 'dist5_12', 't12_15_17', 'dist5_16', 't2_4_5', 'dist10_15', 'dist5_9', 'dist2_15', 'dist9_12', 'dist1_14']",random_forest,12.887213441289452,3.856142448385918,12.320587150789379,2469,20,pca
cibak,nuernberg_2,False,"['t2_4_5', 'dist7_9', 't6_7_9', 't1_3_5', 'dist5_14', 't7_8_16', 'dist9_17', 't4_7_8', 't7_8_9', 'dist1_3', 'dist1_10', 't3_4_5', 't4_6_10', 'dist3_5', 'dist3_17', 'dist8_16', 'dist6_10', 'dist5_13', 'dist1_9', 'dist9_16']",random_forest,7.264982876086739,5.286933835437344,2.6263557915649685,2470,20,pca
cibak,nuernberg_2,False,"['t7_8_16', 'dist8_16', 't2_4_8', 't8_9_17', 'dist9_13', 'dist1_3', 'dist2_9', 'dist5_14', 'dist2_8', 'dist6_9', 't3_4_5', 'dist1_4', 'dist6_10', 'dist7_10', 'dist9_16', 'dist13_16', 'dist13_17', 'dist16_17', 'dist3_8', 'dist5_8']",random_forest,3.3358041534729646,1.9250725159628592,1.4177621129567617,2471,20,pca
cibak,nokia,False,"['dist4_8', 't8_9_17', 'dist6_16', 'dist9_16', 't4_6_10', 'dist6_9', 'dist6_10', 'ang2_1_4', 'dist3_7', 'dist4_6', 'dist3_6', 'dist7_9', 't7_8_9', 'ang4_2_5', 't7_8_16', 't5_6_10', 'dist5_10', 'dist4_9', 'dist8_9', 'dist10_15']",random_forest,13.39688494488922,7.1466791604488735,6.500473352469738,2472,20,pca
cibak,nokia,False,"['dist4_8', 'ang4_9_5', 'dist9_16', 'dist16_17', 'dist8_16', 'dist5_10', 'ang4_2_4', 'dist8_14', 'dist4_9', 'dist7_9', 't6_7_9', 'dist10_15', 'dist9_15', 'ang1_4_5', 'ang2_4_5', 'ang2_1_4', 'ang3_1_4', 'dist11_12', 'dist5_6', 'dist6_16']",random_forest,18.31817760949469,5.986742767933971,12.346017293508185,2473,20,pca
cibak,noel,False,"['t8_9_17', 'ang2_7_5', 'dist8_15', 'dist9_17', 'dist6_9', 'dist5_16', 'dist1_4', 'dist10_15', 'dist5_14', 't7_8_9', 't3_4_5', 'dist3_15', 'dist1_6', 't2_4_5', 'dist5_15', 'dist4_16', 'dist3_5', 'ang3_1_5', 'ang4_9_5', 't3_5_10']",random_forest,13.815554771354527,9.407438930534521,23.12507517098699,2474,20,pca
cibak,noel,False,"['t8_9_17', 'dist5_14', 'ang2_7_5', 'dist6_9', 'dist5_16', 'dist8_15', 't3_4_5', 'dist9_17', 'dist1_6', 'ang3_2_5', 'dist5_7', 'ang4_9_5', 'dist7_9', 'dist11_15', 'dist2_8', 'ang6_4_10', 'dist3_5', 'dist15_17', 'ang3_1_5', 'dist7_17']",random_forest,13.97161055797367,10.25614509214223,23.56472978478641,2475,20,pca
cibak,matysek,False,"['t8_9_17', 'dist7_13', 't2_3_7', 'dist5_6', 'dist1_15', 'ang2_7_5', 't4_5_8', 'dist14_16', 'dist3_6', 'dist3_7', 'dist8_14', 'dist1_10', 'dist2_13', 'dist6_15', 'dist11_14', 'dist16_17', 't13_14_17', 'dist11_15', 'dist4_14', 'dist5_10']",random_forest,20.19575129206049,8.216883082939223,12.152835164087564,2476,20,pca
cibak,matysek,False,"['t8_9_17', 'dist14_16', 't3_5_10', 'dist8_14', 'dist7_13', 't4_5_8', 'dist5_6', 'dist5_12', 'dist3_6', 'ang2_7_5', 't13_14_16', 'dist6_10', 'dist1_15', 'dist1_6', 'dist13_16', 'dist14_17', 'dist9_17', 't5_6_10', 'dist5_9', 't3_5_7']",random_forest,20.574771799343615,8.521740620774596,12.254045441947053,2477,20,pca
cibak,lucka,False,"['dist1_4', 'dist5_6', 'dist12_15', 't4_5_8', 't2_4_5', 't2_4_8', 't2_4_7', 't12_15_17', 'dist1_3', 'dist2_3', 'dist4_7', 'dist5_16', 'dist6_10', 'dist6_17', 'dist7_8', 'dist7_13', 'dist7_14', 'dist10_15', 'dist13_14', 'dist13_16']",random_forest,9.462072953756484,1.6619107830567688,7.9902544220799046,2478,20,pca
cibak,lucka,False,"['dist1_3', 'dist1_4', 'dist5_6', 'dist13_14', 't3_4_5', 't2_4_8', 't12_15_17', 'dist1_5', 'dist2_3', 'dist4_7', 'dist5_14', 'dist5_16', 'dist6_8', 'dist6_17', 'dist7_8', 'dist10_15', 'dist12_15', 'dist13_17', 't4_7_8', 't7_8_16']",random_forest,8.525823606103794,2.0009706424085847,6.951288745178899,2479,20,pca
cibak,nuernberg_1,False,"['t7_8_16', 'dist6_10', 'dist5_16', 'dist6_8', 't7_8_17', 'dist8_16', 't6_7_17', 'dist3_6', 'dist4_16', 'dist6_9', 'dist6_17', 't8_9_17', 't3_6_10', 'dist9_16', 'dist16_17', 'dist4_14', 'dist6_7', 'dist6_14', 'dist6_16', 'ang2_4_5']",random_forest,10.253375175856108,4.794178406000066,8.664329298429957,2480,20,pca
cibak,nuernberg_1,False,"['dist6_8', 'dist6_17', 't7_8_16', 't8_9_17', 't2_5_6', 'dist5_16', 't7_8_17', 'dist6_9', 'dist7_16', 'dist7_17', 'dist16_17', 't7_8_9', 't6_7_17', 't6_9_17', 'dist5_6', 'dist6_10', 'dist7_8', 'dist7_10', 'dist8_16', 'dist8_17']",random_forest,6.814140116606783,3.2498905633224764,3.568377129071785,2481,20,pca
cibak,leni,False,"['dist1_8', 'dist5_12', 'ang2_1_4', 'ang2_4_5', 'dist1_13', 't5_8_9', 'dist10_12', 'dist1_4', 'dist2_16', 't2_4_5', 'dist8_14', 'dist1_6', 't2_4_7', 'dist9_12', 'dist12_17', 'ang4_3_5', 'dist1_17', 'dist4_9', 'dist1_10', 'dist6_7']",random_forest,9.215159655844356,3.3427882693681066,9.48274036975515,2482,20,pca
cibak,leni,False,"['ang2_4_5', 'dist4_16', 't2_4_5', 't3_4_16', 'dist1_6', 'dist1_17', 'dist1_8', 'dist12_13', 'ang3_4_3', 'dist8_15', 'ang6_10_4', 'dist7_13', 'dist5_9', 'ang4_9_5', 'dist4_10', 't6_7_9', 'dist9_12', 'dist12_17', 'dist7_15', 'dist2_16']",random_forest,16.3121491465,6.93242779684436,14.38251362556615,2483,20,pca
cibak,innsbruck_1,False,"['dist14_16', 't2_3_5', 'ang2_1_4', 'dist6_9', 'dist2_3', 't3_4_16', 't2_4_7', 't2_5_6', 'dist5_9', 'ang1_2_4', 'dist2_16', 'dist1_10', 'dist2_13', 'dist2_15', 'dist4_16', 'dist7_9', 'dist3_16', 't3_4_5', 'dist1_11', 't2_5_9']",random_forest,18.17973672080694,4.348212184531374,17.191550798341126,2484,20,pca
cibak,innsbruck_1,False,"['dist5_12', 'ang4_9_5', 'dist7_9', 'ang2_7_5', 't2_3_5', 'dist3_4', 'dist6_9', 'dist1_10', 'dist9_17', 't7_8_16', 't3_4_16', 'dist1_13', 'ang2_1_4', 't5_8_9', 'dist2_13', 'dist7_17', 'dist3_14', 'dist1_7', 't3_4_5', 'dist14_16']",random_forest,14.450609174630518,9.447978910554994,5.730461156383032,2485,20,pca
cibak,shorfy,False,"['dist5_14', 'dist3_5', 't2_4_5', 't3_6_10', 't4_5_8', 'ang1_2_5', 'dist2_9', 'dist3_6', 'dist5_16', 'dist6_7', 'dist9_11', 'dist10_16', 'dist11_14', 't6_9_17', 't3_4_5', 't2_5_6', 't3_5_10', 't5_6_10', 't13_14_17', 'dist6_9']",random_forest,17.39639541271876,7.147383278037609,10.979251857735813,2486,20,pca
cibak,shorfy,False,"['dist5_14', 'dist8_10', 't3_4_5', 'dist2_9', 'dist6_9', 'dist7_9', 't2_3_7', 't3_7_16', 't2_4_5', 'dist1_8', 'dist2_11', 'dist5_16', 'dist6_10', 'dist6_15', 'dist6_17', 'dist7_15', 'dist11_16', 't7_8_16', 't4_5_8', 't6_7_9']",random_forest,7.576077325893828,2.4827028328010465,5.245139075143518,2487,20,pca
cibak,paulinchen,False,"['dist3_6', 'dist11_14', 't8_9_17', 't4_6_10', 'dist16_17', 'dist6_14', 'dist7_9', 'dist9_16', 't4_7_8', 't2_5_6', 't3_6_10', 'dist2_12', 'dist3_11', 'dist7_14', 'dist8_9', 'dist9_17', 'ang4_9_5', 't2_3_7', 't7_8_16', 't3_5_10']",random_forest,16.369496625383622,8.83535004840907,7.876730714953341,2488,20,pca
cibak,paulinchen,False,"['dist3_6', 'dist16_17', 'dist2_6', 'dist6_14', 'dist6_16', 'dist8_9', 'dist9_16', 'dist9_17', 't4_7_8', 't4_6_10', 't3_7_16', 'dist9_11', 'dist10_17', 'dist3_7', 'dist7_9', 'dist7_10', 'dist7_16', 'dist10_11', 'dist11_14', 'dist14_17']",random_forest,7.096802673408455,4.721517563394939,2.3941661622624553,2489,20,pca
cibak,mette,False,"['dist5_14', 'dist3_6', 'dist11_14', 'dist4_10', 'dist3_7', 'dist7_13', 'dist1_9', 'dist1_15', 'dist2_6', 'dist2_9', 'dist4_6', 'dist4_8', 'dist5_6', 'dist5_11', 'dist6_17', 'dist8_9', 'dist8_10', 'dist8_16', 'dist16_17', 't3_7_16']",random_forest,4.044256802557855,1.7900685838188912,2.2542933066542927,2490,20,pca
cibak,mette,False,"['dist7_13', 'dist4_10', 'dist11_14', 'dist3_6', 't2_3_7', 't8_9_17', 't3_5_10', 'dist2_9', 'dist3_7', 'dist3_10', 'dist3_17', 'dist6_8', 'dist6_14', 'dist7_10', 'dist8_9', 'dist8_16', 't3_7_16', 't4_7_8', 't7_8_16', 't6_7_9']",random_forest,7.52476975920493,3.7952830847894137,3.7315161484990447,2491,20,pca
cibak,zewe,False,"['dist8_16', 't3_7_16', 't3_4_5', 't2_4_8', 'dist1_15', 'dist2_9', 'dist3_7', 'dist3_10', 'dist4_7', 'dist5_14', 'dist11_14', 'dist12_15', 't2_3_7', 't4_7_8', 't4_5_8', 't6_7_9', 't8_9_17', 't1_3_5', 't2_5_9', 't3_5_10']",random_forest,10.539133340137486,4.327093914722819,6.282279002421659,2492,20,pca
cibak,zewe,False,"['dist1_4', 'dist2_8', 'dist4_8', 'dist5_14', 't1_3_5', 't2_4_8', 'dist1_3', 'dist2_9', 'dist3_10', 'dist4_10', 'dist7_10', 'dist7_13', 'dist11_14', 'dist12_15', 'dist13_16', 't4_7_8', 't7_8_16', 't4_5_8', 't6_7_9', 't8_9_17']",random_forest,8.585898993246925,3.1970461225864777,5.555162127917969,2493,20,pca
cibak,gesa,False,"['dist1_8', 'dist2_11', 'dist5_14', 't2_4_8', 'dist2_9', 'dist3_10', 'dist4_12', 'dist10_11', 'dist11_16', 'dist12_16', 't2_3_7', 't3_7_16', 't4_5_8', 't6_7_9', 't8_9_17', 't3_4_5', 't13_14_17', 'dist1_3', 'dist1_4', 'dist1_12']",random_forest,9.776546100185291,3.7176374271320927,6.060613849244752,2494,20,pca
cibak,gesa,False,"['dist2_11', 'dist3_10', 'dist5_14', 'dist8_16', 'dist3_7', 'dist3_15', 'dist4_10', 'dist4_12', 'dist7_12', 'dist7_13', 'dist11_16', 'dist12_16', 't2_3_7', 't3_7_16', 't4_7_8', 't4_5_8', 't6_7_9', 't8_9_17', 't3_4_5', 't2_4_8']",random_forest,7.1300055718504405,2.857325543548332,4.27281545819825,2495,20,pca
cibak,frida,False,"['dist8_16', 'dist13_17', 'ang6_10_4', 'ang6_9_10', 't7_8_16', 'dist8_14', 'dist5_9', 'dist3_8', 'ang4_1_5', 'ang1_3_4', 'dist5_14', 'dist2_8', 'ang5_1_4', 'dist1_2', 'dist5_6', 'dist11_14', 'ang2_1_4', 'dist3_17', 'dist2_13', 'dist16_17']",random_forest,18.137098470444922,5.413824431066865,13.245830888956093,2496,20,pca
cibak,frida,False,"['dist8_16', 'dist8_14', 'dist11_14', 'dist7_9', 'dist9_14', 'ang6_9_10', 'dist3_17', 'dist8_9', 'dist2_13', 'dist3_9', 'ang1_3_4', 'dist9_16', 'ang2_1_4', 'dist7_11', 'ang4_9_5', 'dist1_6', 'dist4_9', 't3_5_10', 't13_14_17', 't4_5_8']",random_forest,14.644130808754394,5.307330910265208,9.343724467119765,2497,20,pca
cibak,esta,False,"['dist7_13', 'ang6_10_4', 'ang4_1_5', 'dist8_16', 'dist4_8', 'dist8_14', 'ang5_1_4', 'dist5_14', 't4_5_8', 'dist9_14', 'ang4_2_4', 'dist3_7', 'ang2_1_4', 'dist3_9', 'dist2_3', 't2_3_7', 't5_9_10', 'dist3_8', 'dist5_10', 'dist9_16']",random_forest,18.486253538080575,8.356238339078596,10.343925511443892,2498,20,pca
cibak,esta,False,"['dist7_13', 'dist4_8', 't3_7_16', 'ang6_10_4', 'dist4_9', 'dist5_14', 'dist8_14', 't7_8_16', 'ang4_9_5', 'dist5_6', 'dist5_10', 'dist9_16', 'ang4_2_5', 'ang2_1_4', 't6_9_10', 'dist6_10', 'dist1_3', 'dist3_17', 't2_3_7', 't3_6_10']",random_forest,17.64818116072978,7.833401695553492,9.994585340136704,2499,20,pca
cibak,vladimir,False,"['ang6_9_10', 'dist5_11', 't2_5_6', 'dist6_16', 'dist6_15', 'dist5_6', 'ang2_4_5', 'ang4_9_5', 'dist10_11', 'dist5_9', 'dist4_8', 't2_3_5', 'dist9_16', 't3_4_16', 'dist11_12', 't5_6_10', 'dist6_10', 'dist2_3', 'dist9_11', 't3_4_5']",random_forest,17.22830323444381,4.574001199657844,14.537155594329274,2500,20,pca
cibak,vladimir,False,"['dist5_6', 'ang6_9_10', 'dist2_6', 'ang4_9_5', 't8_9_17', 'dist1_8', 'dist6_16', 'dist10_11', 't3_4_5', 'dist4_8', 'ang2_7_5', 'dist4_13', 'dist3_6', 'ang2_4_5', 'dist6_10', 'dist5_13', 'dist5_15', 'dist6_14', 'dist8_17', 'ang2_1_4']",random_forest,29.748689005796752,9.238695117343703,20.6908640644551,2501,20,pca
cibak,ecki,False,"['ang1_4_3', 'ang1_3_5', 'ang1_3_4', 'dist5_14', 'ang3_1_4', 'dist12_17', 'ang2_3_4', 'ang2_4_3', 'ang5_1_4', 'ang2_1_5', 'ang3_4_3', 'dist3_8', 'dist8_15', 'dist3_5', 't3_4_5', 'dist3_9', 'dist8_16', 'ang4_1_5', 'ang6_10_4', 'dist8_14']",random_forest,53.33839981371306,9.929020443399189,43.54854755446467,2502,20,pca
cibak,ecki,False,"['dist5_14', 'ang1_4_3', 'ang1_3_4', 'ang1_2_5', 'ang3_2_5', 'ang2_3_4', 'ang5_1_4', 'ang2_4_3', 'dist3_17', 'ang2_1_5', 'ang3_1_4', 'dist3_16', 'dist8_14', 'dist1_13', 'dist8_15', 'ang4_1_5', 'ang2_1_4', 'ang6_9_10', 'dist3_5', 't3_4_5']",random_forest,52.540827258029,9.337729602735392,44.243132900506374,2503,20,pca
anton,sam,False,"['dist6_17', 't6_7_17', 'ang5_3_4', 't2_4_5', 't4_7_8', 'ang4_3_5', 't2_5_6', 't7_8_17', 'dist6_16', 'dist9_10', 't6_7_9', 'dist2_3', 'dist11_14', 'dist7_8', 'dist7_16', 'ang4_9_5', 'dist1_16', 'dist10_16', 'dist6_8', 'dist6_9']",random_forest,10.97444992308692,6.768348509384776,5.8333220961749905,2504,20,pca
anton,sam,False,"['t7_8_17', 'ang1_3_4', 'dist7_8', 't7_8_16', 'ang4_3_5', 'dist5_7', 'dist8_17', 'ang5_3_4', 'ang1_4_3', 'ang2_4_5', 'ang3_4_3', 'dist2_3', 'dist7_16', 'dist11_15', 'dist16_17', 'ang4_9_5', 'dist3_13', 't2_4_7', 'dist4_14', 'dist3_8']",random_forest,30.972152394655424,16.33699123774607,18.51010741768999,2505,20,pca
anton,rosie,False,"['ang5_3_4', 'ang2_4_5', 'ang4_3_5', 'ang1_4_5', 'dist4_10', 'dist1_8', 'dist7_10', 't3_4_5', 'ang3_4_3', 'dist10_17', 'dist2_8', 'ang3_4_5', 't4_7_8', 't6_7_9', 't2_4_8', 'dist10_16', 'dist2_13', 't6_7_17', 'dist7_13', 'dist4_12']",random_forest,32.079794893086735,13.07095343009521,19.02528322310318,2506,20,pca
anton,rosie,False,"['dist1_3', 'ang1_4_5', 'ang3_4_3', 'dist4_10', 'ang4_3_5', 'ang2_4_5', 't3_5_10', 'dist2_13', 'dist1_4', 'dist3_10', 'dist4_12', 'dist5_6', 'dist5_14', 'dist6_8', 'dist12_13', 'ang1_3_5', 'ang5_3_4', 't2_3_7', 't4_6_10', 'dist7_10']",random_forest,31.89781535386274,12.875667930065708,19.230083303348355,2507,20,pca
anton,otella,False,"['dist7_12', 'dist4_11', 'dist12_13', 'dist12_16', 'dist12_17', 't12_15_17', 'dist1_8', 'dist1_9', 'dist2_12', 'dist3_10', 'dist3_12', 'dist3_15', 'dist4_12', 'dist5_14', 'dist6_11', 'dist7_15', 'dist8_9', 'dist8_12', 'dist10_11', 'dist11_16']",random_forest,7.842424736752844,2.7622685178535207,5.087312857344264,2508,20,pca
anton,otella,False,"['t2_4_5', 'dist6_17', 't3_5_10', 'dist2_3', 'dist6_8', 'dist7_15', 'dist8_17', 'dist10_11', 't1_6_7', 't2_5_6', 'dist1_8', 'dist2_4', 'dist4_11', 'dist4_12', 'dist5_16', 'dist6_9', 'dist6_10', 'dist7_10', 'dist8_12', 'dist9_13']",random_forest,6.687901470649572,2.065607494942034,4.686277050877143,2509,20,pca
anton,japet,False,"['ang4_3_5', 'dist3_15', 'dist12_13', 'ang3_4_3', 'ang1_4_5', 'ang6_4_10', 'dist8_12', 'dist9_12', 't13_14_15', 'dist1_10', 'dist15_17', 'ang1_3_4', 'ang5_3_4', 'ang6_10_4', 't3_4_5', 'dist9_17', 'dist11_14', 'dist3_10', 'dist14_16', 'ang2_4_5']",random_forest,25.489871623239857,12.745537567367323,16.089422658082565,2510,20,pca
anton,japet,False,"['t3_5_10', 'ang2_4_5', 't2_4_5', 'ang6_10_4', 'ang5_3_4', 'dist6_8', 'dist4_14', 't12_13_15', 'dist5_12', 'dist5_15', 'dist1_15', 'dist3_15', 'dist6_15', 'dist7_15', 'dist13_16', 'ang1_4_5', 'dist13_15', 'dist7_9', 'dist14_16', 'dist3_9']",random_forest,16.387143865583596,12.3146412480282,14.893949416791465,2511,20,pca
anton,ducky,False,"['t3_5_10', 't2_4_5', 'dist14_16', 't2_4_8', 't2_5_10', 'dist2_9', 'dist2_15', 'dist8_14', 't3_4_5', 't13_14_17', 'dist1_13', 'dist3_5', 'dist5_9', 'dist6_10', 'dist7_14', 'dist11_14', 'dist7_13', 'dist8_16', 'dist2_7', 'dist5_6']",random_forest,10.656932231517173,2.983947020225954,13.591269514605415,2512,20,pca
anton,ducky,False,"['dist14_16', 't4_5_8', 'dist5_6', 'dist4_8', 'dist5_8', 'dist5_16', 'dist5_17', 'dist6_15', 'dist8_14', 't2_4_5', 't3_5_10', 'dist3_5', 'dist1_15', 'dist2_11', 'dist4_9', 'dist4_12', 'dist7_15', 'dist14_17', 't3_4_16', 't5_8_9']",random_forest,8.37770370773433,1.3548541124074256,9.647681836566553,2513,20,pca
anton,nuernberg_2,False,"['t2_4_5', 'ang1_4_5', 'dist5_14', 'dist4_9', 't7_8_17', 'ang3_4_3', 'dist2_16', 'dist1_4', 'ang4_3_5', 'dist1_16', 't7_8_9', 't7_8_16', 'dist7_17', 'dist11_12', 't4_7_8', 't4_5_8', 'dist9_14', 'dist4_13', 't2_4_8', 'dist1_9']",random_forest,20.19733211911017,13.004330454759064,7.282495559483344,2514,20,pca
anton,nuernberg_2,False,"['t7_8_17', 'dist1_16', 'dist4_13', 't12_15_17', 'dist11_15', 't2_4_5', 'dist2_16', 'dist3_13', 'dist1_4', 'dist7_15', 'dist11_12', 't3_4_5', 'dist5_17', 'dist7_12', 'dist11_14', 'ang6_10_4', 'dist8_9', 'dist14_16', 'dist13_16', 'dist12_15']",random_forest,5.819097034750083,7.575263052560868,2.388303922692955,2515,20,pca
anton,nokia,False,"['dist7_10', 'ang2_4_5', 'dist10_16', 'dist4_9', 'dist6_10', 't6_7_17', 'ang1_4_5', 'ang3_4_3', 'dist11_12', 'dist2_3', 'dist4_10', 'ang1_3_4', 'dist5_10', 'dist9_16', 'ang4_2_4', 'dist4_6', 'ang4_2_5', 'ang3_1_4', 'dist6_8', 'dist6_11']",random_forest,26.202964650959256,12.97619095465644,13.634246946610173,2516,20,pca
anton,nokia,False,"['dist9_16', 'ang2_4_5', 'ang1_3_4', 'dist4_10', 'ang4_3_5', 'ang1_4_5', 'ang3_4_3', 'dist11_15', 'dist6_10', 'dist3_13', 'dist7_17', 'dist9_10', 'dist1_4', 'ang3_2_4', 'dist7_10', 'dist3_6', 'dist2_3', 'dist4_14', 'dist6_7', 'dist10_16']",random_forest,29.532571556198018,16.07691441229244,14.141440337502578,2517,20,pca
anton,noel,False,"['dist7_8', 'dist2_4', 't2_4_5', 'dist8_17', 'ang1_4_3', 'ang2_7_5', 'dist6_13', 't2_3_7', 'dist7_13', 'dist3_7', 'ang4_2_4', 'ang3_4_3', 'dist5_15', 'dist11_13', 'dist12_13', 'dist4_8', 't2_4_7', 't3_7_16', 'dist3_6', 't2_3_5']",random_forest,26.195037974002005,8.047684001139373,21.256699199610726,2518,20,pca
anton,noel,False,"['dist7_8', 't7_8_9', 'dist6_8', 't2_4_5', 'dist1_16', 't7_8_17', 'dist1_4', 'dist5_7', 'dist8_17', 'dist12_15', 'dist1_5', 'dist7_9', 'dist1_2', 'dist1_8', 'dist2_5', 'dist2_4', 't1_3_5', 't2_3_5', 't3_4_5', 'dist2_3']",random_forest,6.473556995906257,5.739056736668222,1.816210832673618,2519,20,pca
anton,matysek,False,"['t12_15_17', 'dist5_9', 't2_4_7', 'dist1_15', 'dist7_10', 'dist1_4', 'dist9_10', 'dist9_15', 'dist4_10', 'dist4_12', 'dist4_14', 'dist4_16', 'dist6_15', 'dist11_14', 'dist12_13', 'ang4_1_5', 'ang1_3_5', 't13_14_16', 'dist8_10', 'dist15_17']",random_forest,6.183307530242004,2.657447126159769,7.15043294156715,2520,20,pca
anton,matysek,False,"['dist13_14', 'dist5_17', 'dist8_15', 't12_15_17', 'dist9_15', 'dist12_15', 'dist1_15', 'dist4_16', 't2_4_7', 'dist12_13', 'dist5_9', 'dist1_11', 'dist1_4', 'dist5_8', 'dist7_11', 'dist11_15', 't13_14_16', 'dist3_12', 'dist7_15', 'dist11_17']",random_forest,4.730585119397256,2.048366844297777,2.6934612923827186,2521,20,pca
anton,lucka,False,"['dist1_8', 'dist13_14', 'dist5_16', 'dist9_12', 't1_3_5', 't2_4_5', 't2_4_7', 't12_15_17', 'dist1_4', 'dist2_3', 'dist2_4', 'dist2_5', 'dist2_14', 'dist3_4', 'dist4_12', 'dist5_7', 'dist7_15', 'dist8_12', 'dist10_11', 'dist11_15']",random_forest,12.13581760941577,3.0221298921510313,9.136755004331482,2522,20,pca
anton,lucka,False,"['dist1_8', 'dist6_17', 'dist2_14', 'dist5_16', 'dist12_15', 'dist13_14', 't7_8_16', 't2_4_5', 'dist2_3', 'dist2_4', 'dist5_14', 'dist10_11', 'dist11_16', 'ang6_10_4', 't5_8_9', 't6_7_9', 't1_3_5', 't3_4_5', 't3_5_7', 't13_14_17']",random_forest,17.906170531484456,6.917326243849534,11.072042587213959,2523,20,pca
anton,nuernberg_1,False,"['dist1_8', 'dist6_8', 'dist6_17', 'dist7_10', 'dist7_15', 't7_8_17', 'dist5_7', 'dist5_16', 'ang6_10_4', 'dist1_16', 'dist3_8', 'dist5_14', 'dist6_9', 'dist6_13', 'dist10_11', 'dist12_16', 't7_8_16', 't7_8_9', 't6_7_9', 't3_5_7']",random_forest,14.642118492777268,5.050624361828649,9.82649104056235,2524,20,pca
anton,nuernberg_1,False,"['dist1_8', 'dist5_16', 'dist6_8', 'dist6_17', 'dist7_10', 'dist10_11', 't7_8_17', 't2_4_5', 't7_8_9', 'dist1_4', 'dist2_3', 'dist5_6', 'dist6_7', 'dist6_16', 'dist7_13', 'dist7_17', 'dist10_16', 'dist14_16', 't6_7_9', 't2_3_5']",random_forest,4.839088659747221,3.1432790501058308,1.7326328045408752,2525,20,pca
anton,leni,False,"['dist1_9', 't2_3_7', 'dist10_14', 'dist1_10', 't2_4_8', 'ang4_9_5', 'dist9_14', 'dist6_9', 'dist9_13', 'dist11_12', 'dist11_13', 'dist4_13', 'dist4_10', 'dist1_17', 'dist2_9', 'dist3_9', 'dist3_17', 'dist13_16', 't2_4_7', 't3_5_10']",random_forest,7.815945237712923,0.41477544893509655,7.544483364571078,2526,20,pca
anton,leni,False,"['dist4_9', 'dist2_16', 'dist11_12', 'ang4_3_5', 'dist2_9', 'dist6_9', 'dist5_9', 't6_7_17', 'ang6_10_4', 'dist2_7', 'dist1_16', 'dist1_9', 'dist3_12', 'dist4_10', 'ang1_4_5', 'dist2_6', 'dist8_12', 'dist10_11', 't1_2_7', 'dist4_13']",random_forest,6.776602852125769,7.83523047526327,11.758968709901799,2527,20,pca
anton,innsbruck_1,False,"['ang1_3_4', 'ang1_4_3', 'dist1_13', 'dist3_8', 'dist5_9', 't3_5_10', 'dist7_13', 'dist8_14', 't1_2_7', 't2_5_9', 'ang1_2_4', 'ang3_4_3', 'dist2_8', 'dist3_9', 'dist4_14', 'dist10_11', 'dist13_17', 'ang1_2_5', 'ang4_3_5', 'ang3_1_4']",random_forest,28.71558930744165,11.945450394426555,19.065020137369498,2528,20,pca
anton,innsbruck_1,False,"['ang1_4_3', 'dist9_11', 'dist11_12', 'dist6_17', 't1_2_7', 'dist4_9', 'dist8_14', 'ang6_10_4', 'dist4_10', 'ang1_3_4', 'dist14_16', 'dist6_9', 'ang5_3_4', 't4_5_8', 'dist2_7', 'dist2_11', 'dist5_9', 'ang3_4_5', 't6_7_9', 'dist7_13']",random_forest,20.666286024452873,8.160671126378727,12.860653302015564,2529,20,pca
anton,shorfy,False,"['dist5_14', 'dist7_10', 'dist9_10', 't2_4_5', 't3_4_5', 'dist1_4', 'dist10_16', 't6_7_17', 't2_3_5', 'dist4_9', 'dist2_4', 'dist2_9', 'dist6_17', 'dist8_10', 'dist10_17', 't1_3_5', 't2_5_6', 't2_5_10', 't3_6_10', 'dist5_16']",random_forest,12.36622481119465,4.288583981334645,8.125438971360701,2530,20,pca
anton,shorfy,False,"['dist1_4', 'dist1_8', 't1_3_5', 'dist2_16', 't2_4_5', 'dist1_3', 'dist2_8', 'dist5_14', 't1_2_7', 't13_14_15', 'dist2_17', 'dist1_2', 'dist1_10', 'dist2_9', 'dist7_15', 'dist8_10', 'dist11_16', 'dist12_13', 'dist13_17', 't7_8_16']",random_forest,14.633099344690837,3.71397016464443,10.919371502165383,2531,20,pca
anton,paulinchen,False,"['dist4_11', 'ang2_4_5', 'dist9_10', 'ang1_4_5', 'dist11_13', 'dist12_13', 'dist3_12', 'dist2_12', 'dist4_10', 'dist11_16', 'ang3_4_3', 't2_4_5', 'dist2_11', 'dist3_11', 'dist11_14', 't3_6_10', 't12_13_15', 'dist2_3', 'dist9_11', 'ang5_3_4']",random_forest,19.34858364659799,19.830189827746395,3.638195945665381,2532,20,pca
anton,paulinchen,False,"['t4_5_8', 'ang2_4_5', 'dist3_6', 'dist6_16', 'dist8_15', 'dist12_13', 'dist2_3', 'dist6_13', 'dist14_15', 'dist15_17', 't3_7_16', 't13_14_15', 'dist7_15', 'dist5_14', 'dist3_12', 'dist3_10', 'dist4_12', 'dist5_7', 'dist6_7', 'dist11_16']",random_forest,14.512534168273353,12.908671130686667,2.485765038547103,2533,20,pca
anton,mette,False,"['dist1_8', 'dist1_9', 't7_8_17', 'dist6_17', 'dist3_6', 'dist3_9', 'dist3_10', 'dist4_9', 'dist10_14', 'ang1_3_5', 't7_8_16', 't3_6_10', 'dist2_6', 'dist4_6', 'dist4_10', 'dist6_7', 'dist6_16', 'dist7_10', 'dist7_16', 'dist8_17']",random_forest,11.587406346582409,3.1769470052150557,8.457072970996899,2534,20,pca
anton,mette,False,"['dist7_10', 'dist1_16', 'dist3_6', 'dist1_10', 'dist2_3', 'dist5_14', 'dist8_9', 'dist3_13', 'dist3_17', 'dist4_9', 'dist4_12', 'dist6_7', 'dist8_10', 'dist9_10', 'dist11_14', 'dist12_13', 'dist13_16', 'dist16_17', 'ang4_3_5', 'ang1_4_5']",random_forest,12.474973513389383,7.630047089703836,6.016133652757272,2535,20,pca
anton,zewe,False,"['dist1_8', 'dist1_4', 'dist1_16', 't2_4_5', 'dist2_4', 'ang4_3_5', 'ang5_3_4', 't2_4_7', 't2_3_5', 'dist4_7', 'dist4_8', 'dist5_7', 'dist11_14', 't4_7_8', 't1_3_5', 't7_8_17', 'dist13_14', 'dist16_17', 'dist1_3', 'dist4_11']",random_forest,16.14965692245894,5.515527017398331,10.661256958476809,2536,20,pca
anton,zewe,False,"['dist1_4', 'dist1_16', 'dist11_14', 'dist1_3', 'dist4_7', 'ang4_3_5', 't4_7_8', 'dist2_4', 'dist4_12', 'dist12_15', 'ang2_4_5', 'ang5_3_4', 'ang6_10_4', 't1_2_7', 't5_8_9', 't2_4_5', 't3_4_5', 't2_4_8', 't2_4_7', 't13_14_15']",random_forest,22.967285720057784,7.245018355952158,15.729567233432304,2537,20,pca
anton,gesa,False,"['dist2_11', 'dist3_10', 't7_8_16', 'dist1_3', 'dist1_4', 'dist1_8', 'dist2_3', 'dist3_6', 'dist4_12', 'dist6_17', 'dist7_12', 'dist7_15', 'dist11_16', 'dist11_17', 'dist12_14', 'dist12_15', 'dist12_16', 'dist12_17', 'ang3_4_3', 't4_7_8']",random_forest,12.212723188608084,8.511559944818758,4.375166897120912,2538,20,pca
anton,gesa,False,"['dist2_11', 'dist3_10', 'dist7_12', 'dist1_4', 'dist1_16', 'dist3_6', 'dist3_15', 'dist4_7', 'dist4_10', 'dist4_11', 'dist4_12', 'dist9_15', 'dist11_13', 'dist11_16', 'dist12_16', 'dist12_17', 'dist15_17', 't3_7_16', 't4_7_8', 't7_8_16']",random_forest,5.938019346062777,1.7390019742070268,4.238564030742716,2539,20,pca
anton,frida,False,"['dist8_16', 'dist9_16', 'ang1_3_5', 'ang2_4_5', 'dist16_17', 'dist2_3', 'dist3_8', 't7_8_17', 'ang5_1_4', 'dist4_9', 'dist5_13', 'dist3_17', 't6_7_17', 't1_3_5', 'dist7_17', 'dist11_15', 'dist10_16', 'dist4_10', 'dist2_13', 'ang2_1_5']",random_forest,10.197971084955165,8.889119172111917,2.984802916671614,2540,20,pca
anton,frida,False,"['dist11_14', 'dist5_14', 'dist11_15', 'dist3_12', 'dist16_17', 'dist4_9', 'dist9_14', 'dist10_17', 'dist14_15', 'dist11_12', 'dist1_3', 'dist6_9', 'dist1_9', 'dist2_13', 't4_5_8', 'dist4_8', 't3_4_5', 't7_8_17', 'ang2_1_4', 'dist1_8']",random_forest,5.51604346228155,1.731729139252597,4.440631558030972,2541,20,pca
anton,esta,False,"['dist4_10', 'dist4_9', 't3_5_10', 'dist11_12', 'dist11_15', 'dist3_17', 'dist5_14', 'dist9_14', 'dist16_17', 'dist4_13', 'dist11_14', 'dist3_10', 'dist4_11', 'dist13_16', 'ang5_3_4', 't2_4_8', 'dist1_3', 'dist1_15', 'ang4_3_5', 'dist1_16']",random_forest,13.893429625390725,8.17716790647746,5.72801073989544,2542,20,pca
anton,esta,False,"['ang3_4_3', 'ang1_4_5', 'ang4_3_5', 'dist11_12', 'dist1_3', 'ang2_4_5', 'ang5_3_4', 'dist13_17', 'dist11_14', 'dist1_4', 'dist4_14', 't3_4_5', 'dist4_9', 'dist5_14', 'dist3_11', 'dist3_15', 't2_4_8', 'dist4_10', 'dist9_10', 'dist7_10']",random_forest,31.179940150645244,15.15099434744411,16.031354224045533,2543,20,pca
anton,cibak,False,"['ang2_4_5', 'dist8_14', 't8_9_17', 'dist3_8', 'dist5_6', 'dist4_8', 'dist8_16', 'ang3_4_3', 'dist9_10', 'ang4_9_5', 'dist1_8', 'dist10_11', 'dist7_13', 'dist7_8', 'dist2_9', 'dist5_10', 't5_6_10', 't3_7_16', 'dist12_13', 'dist9_17']",random_forest,14.56553655899434,11.187677762828663,5.635008115963088,2544,20,pca
anton,cibak,False,"['ang6_10_4', 'dist1_4', 'dist8_17', 'ang2_4_5', 'dist9_11', 'ang5_3_4', 'dist7_9', 'dist1_8', 'ang4_9_5', 'dist7_13', 'dist2_16', 'dist3_8', 'dist8_15', 'dist1_15', 'ang4_2_4', 'ang1_3_4', 'dist7_8', 'dist9_10', 'dist8_16', 't2_4_5']",random_forest,14.54959522505335,10.135211487984796,7.728657017138707,2545,20,pca
anton,vladimir,False,"['dist5_15', 'ang4_9_5', 'dist3_8', 'dist11_14', 't6_7_17', 't6_10_11', 'ang5_1_4', 'dist8_15', 'ang6_9_10', 'dist10_11', 'dist4_8', 'dist11_12', 'dist2_12', 'dist8_17', 't3_4_5', 'dist4_11', 't3_4_16', 'dist9_13', 't4_5_8', 'dist9_16']",random_forest,14.895683705147984,0.6590085089283099,14.6076305618292,2546,20,pca
anton,vladimir,False,"['dist10_11', 'ang4_9_5', 'dist1_9', 'dist9_15', 't2_4_5', 'ang6_9_10', 'dist8_15', 'dist11_12', 'dist8_17', 'dist2_17', 'dist8_9', 'dist6_15', 'dist12_15', 't2_5_9', 'dist4_8', 'dist7_10', 'dist7_13', 'dist2_16', 'ang6_10_4', 'dist5_14']",random_forest,10.112985133974357,2.6186547292374143,12.376909845303144,2547,20,pca
anton,ecki,False,"['ang1_3_4', 'ang1_4_3', 'ang3_1_4', 'dist3_8', 'dist1_9', 'ang2_3_4', 'ang3_4_3', 'dist6_9', 'dist7_17', 'dist4_14', 'dist5_12', 'ang3_2_5', 'ang5_3_4', 'ang5_1_4', 'dist5_14', 'dist9_17', 'ang2_4_3', 'ang4_9_5', 't6_9_17', 't2_3_5']",random_forest,33.88119421764384,12.764655090653088,44.213338083599815,2548,20,pca
anton,ecki,False,"['dist5_14', 'ang3_1_4', 'ang1_3_4', 'ang1_4_3', 'ang1_3_5', 'ang3_2_5', 'dist3_5', 'ang2_3_4', 'ang4_2_5', 't3_4_5', 't3_5_10', 'ang2_3_5', 'ang3_1_5', 'ang5_1_4', 'ang4_9_5', 'dist3_9', 'ang1_2_5', 'ang5_3_4', 'dist1_2', 'dist1_4']",random_forest,53.13271781455728,10.257439965710661,44.06881326847701,2549,20,pca
vladimir,zewe,False,"['dist1_8', 'dist1_5', 'dist1_16', 'dist2_8', 'dist4_8', 'dist13_17', 'dist2_4', 'dist2_9', 'dist4_13', 'dist7_13', 'dist9_16', 'dist12_15', 't2_4_8', 'dist4_10', 'dist1_4', 'dist1_10', 'dist2_3', 'dist3_8', 'dist3_9', 'dist3_10']",random_forest,5.174368827647619,2.408953973549458,2.7793795949915614,2550,20,pca
vladimir,zewe,False,"['dist1_8', 't1_2_7', 'dist1_4', 'dist1_5', 'dist1_10', 'dist1_16', 'dist1_17', 'dist2_8', 'dist4_8', 'dist5_14', 't2_4_7', 'dist12_15', 'dist2_4', 'dist2_9', 'dist4_9', 'dist7_13', 'dist8_15', 'dist10_15', 'dist13_14', 'ang4_9_5']",random_forest,11.810602316635705,9.903055900752502,2.377179388236221,2551,20,pca
ecki,sam,False,"['ang1_3_4', 'dist3_8', 'ang3_1_4', 'dist7_8', 't7_8_16', 'dist5_7', 'ang1_3_5', 'ang2_3_4', 'ang5_3_4', 'ang1_4_3', 'dist13_14', 'ang4_3_5', 'ang3_4_3', 't7_8_17', 'dist1_16', 'dist4_12', 'dist16_17', 'ang3_4_5', 'ang2_7_5', 't4_7_8']",random_forest,65.84942910219715,50.0367619107022,15.923623642583728,2552,20,pca
ecki,sam,False,"['ang1_3_4', 'dist16_17', 'dist5_7', 'dist13_14', 'ang1_2_5', 'ang1_3_5', 'ang1_4_3', 'ang3_4_3', 't4_7_8', 't7_8_16', 't7_8_17', 'dist1_8', 'dist1_15', 'dist1_16', 'dist5_6', 'dist5_12', 'dist6_9', 'dist6_16', 'dist6_17', 'dist7_16']",random_forest,43.8621522738216,34.48889181998353,10.138898653821581,2553,20,pca
ecki,rosie,False,"['dist16_17', 'dist13_14', 'ang3_4_3', 't2_4_7', 'dist1_8', 'dist1_16', 'dist8_16', 'ang3_1_4', 'ang1_3_4', 't7_8_16', 'ang3_2_5', 'dist1_3', 'dist2_7', 'dist3_7', 'dist3_13', 'dist4_14', 'dist12_15', 'dist13_16', 'ang2_3_4', 'ang2_4_3']",random_forest,36.36836564771737,37.5725464889858,2.7155745315118005,2554,20,pca
ecki,rosie,False,"['dist1_8', 'dist1_16', 'ang3_4_3', 'ang4_9_5', 't2_4_8', 'dist1_4', 'dist1_9', 'dist2_9', 'dist2_11', 'dist3_7', 'dist3_17', 'dist4_8', 'dist4_12', 'dist12_15', 'ang3_1_4', 'ang1_3_4', 'ang2_3_4', 't2_3_7', 't3_7_16', 't8_9_17']",random_forest,36.29955188793201,36.60392974398648,7.814206797426091,2555,20,pca
ecki,otella,False,"['dist1_15', 'dist6_8', 'dist11_17', 'dist13_14', 'ang3_1_4', 'ang1_4_3', 'dist1_8', 'dist2_3', 'dist2_11', 'dist4_9', 'dist4_12', 'dist6_9', 'dist7_9', 'dist7_15', 'dist9_12', 'dist11_16', 'dist12_15', 'dist12_16', 'ang3_2_5', 'ang2_3_4']",random_forest,27.41166259586497,29.787060025121004,2.906388381533599,2556,20,pca
ecki,otella,False,"['dist1_4', 'dist1_16', 'dist6_17', 'dist6_8', 'ang3_1_4', 'ang1_3_4', 'dist12_15', 'dist1_8', 'dist1_9', 'dist2_4', 'dist4_7', 'dist7_9', 'dist7_15', 'dist9_12', 'dist12_17', 'dist15_17', 'ang2_3_4', 't4_7_8', 't7_8_16', 't1_6_7']",random_forest,32.270155721723675,32.167033154781045,0.10348796993060697,2557,20,pca
ecki,japet,False,"['dist5_14', 't3_4_5', 'ang1_2_5', 'dist3_5', 'ang3_1_4', 'ang1_3_4', 'ang2_3_4', 'ang1_4_3', 'ang2_7_5', 'dist14_16', 'dist1_16', 't2_3_5', 'dist1_2', 'dist3_8', 'dist4_14', 'dist6_13', 'ang2_1_5', 'ang1_3_5', 'ang3_4_5', 'ang5_1_4']",random_forest,64.16649887004843,49.38917965429949,14.794860768903463,2558,20,pca
ecki,japet,False,"['dist5_14', 'ang1_4_3', 't3_4_5', 'ang3_1_4', 'ang2_3_4', 'dist5_16', 't2_3_5', 'ang2_1_5', 'ang3_2_5', 'ang1_3_4', 'ang3_4_3', 't3_5_10', 'dist3_5', 'dist3_8', 'dist3_15', 'ang1_3_5', 'ang1_2_4', 'ang4_9_5', 't2_3_8', 'ang1_2_5']",random_forest,57.15953268987532,44.957431948055444,13.075803879745708,2559,20,pca
ecki,nuernberg_2,False,"['dist1_16', 'ang5_3_4', 'dist11_15', 'dist12_15', 'ang2_3_4', 'ang3_2_5', 't7_8_16', 'dist4_11', 'dist7_16', 'dist1_3', 'dist1_8', 'dist3_13', 'dist4_7', 'dist5_6', 'dist6_17', 'dist7_15', 'ang2_1_5', 'ang3_1_5', 'ang4_3_5', 'ang1_3_4']",random_forest,40.74359424504647,36.19145164313863,7.187786781974306,2560,20,pca
ecki,nuernberg_2,False,"['dist1_4', 'ang5_3_4', 't4_7_8', 'dist1_8', 'dist1_2', 'ang4_3_5', 'ang2_3_4', 'ang3_4_3', 't7_8_16', 'ang1_3_4', 'ang1_4_3', 'dist7_9', 'dist1_16', 'dist3_13', 'dist4_14', 'dist16_17', 'ang3_1_4', 'ang3_2_4', 'ang2_4_3', 'dist6_9']",random_forest,52.330006917923214,45.07936557717314,8.167707015401346,2561,20,pca
ecki,nokia,False,"['dist5_14', 'ang1_4_3', 'dist4_10', 'ang1_3_4', 'ang2_4_5', 'dist11_15', 'dist4_9', 'ang2_1_5', 'ang3_1_4', 'ang2_3_4', 'ang3_4_3', 'ang6_9_10', 'ang4_9_5', 't4_7_8', 'dist4_8', 'dist4_14', 'dist5_6', 'ang1_2_5', 'ang1_3_5', 'ang1_2_4']",random_forest,65.19218383888324,45.71467491512462,19.53833762639181,2562,20,pca
ecki,nokia,False,"['dist5_14', 'ang1_2_5', 'dist4_9', 'dist4_10', 'ang1_3_4', 'ang1_4_3', 'dist3_5', 'dist5_6', 'dist11_15', 'ang2_1_5', 'ang4_3_5', 'ang2_4_5', 'ang3_1_4', 'ang2_3_4', 'ang4_9_5', 'dist1_13', 'dist4_14', 'dist16_17', 'ang1_3_5', 'ang1_2_4']",random_forest,65.11563142444038,44.68223557704281,20.831091590669494,2563,20,pca
ecki,noel,False,"['ang1_4_3', 'ang1_3_4', 'ang3_1_4', 'dist5_7', 'ang2_3_4', 'dist7_8', 'dist1_13', 'dist3_8', 'dist6_13', 'dist3_17', 'dist6_9', 'dist7_9', 'dist13_14', 'dist4_13', 'ang1_3_5', 'dist2_4', 'ang3_2_5', 'ang2_3_5', 'ang4_3_5', 'ang4_2_4']",random_forest,57.9442990553955,41.41802583240377,17.06304437057771,2564,20,pca
ecki,noel,False,"['dist6_8', 'dist1_8', 'dist4_13', 'dist6_9', 'ang1_4_3', 'dist5_6', 'dist13_14', 'ang3_2_5', 'ang1_3_4', 'ang2_3_4', 'dist7_8', 'ang3_1_4', 'dist3_17', 'dist2_14', 'dist1_9', 'ang4_2_4', 'dist5_7', 'dist6_15', 'dist7_9', 'dist7_16']",random_forest,49.23351198687184,35.51608051778473,13.774866030197568,2565,20,pca
ecki,matysek,False,"['dist15_17', 'dist8_15', 'dist7_14', 'dist5_10', 'dist7_16', 't5_8_9', 'dist2_11', 'dist4_7', 'dist4_16', 'dist5_8', 'dist5_14', 'dist6_17', 'dist9_11', 'dist12_15', 'dist13_15', 'ang2_1_5', 'ang2_1_4', 'ang2_4_3', 't2_4_7', 'dist1_16']",random_forest,23.04478924742917,20.886257799524337,2.536449595228423,2566,20,pca
ecki,matysek,False,"['dist15_17', 'dist4_7', 'dist4_16', 'ang2_7_5', 'dist5_10', 'dist7_14', 'dist9_10', 'ang2_3_4', 'dist1_15', 'dist12_15', 'dist4_12', 'dist5_14', 'dist6_11', 'dist8_15', 'ang2_4_3', 't5_8_9', 'dist8_10', 'dist14_16', 't1_3_5', 'dist1_4']",random_forest,39.48082320312175,31.888681149354028,11.904583187230513,2567,20,pca
ecki,lucka,False,"['dist1_8', 'dist2_14', 'dist6_17', 'ang3_1_4', 'ang1_3_4', 'dist1_3', 'dist1_4', 'dist2_4', 'dist2_11', 'dist2_13', 'dist5_7', 'dist6_9', 'dist7_14', 'dist9_15', 'dist10_11', 'dist10_15', 'dist12_15', 'dist13_14', 'dist15_17', 't4_7_8']",random_forest,21.25889796016805,23.093942544965195,1.8650175426569335,2568,20,pca
ecki,lucka,False,"['dist1_8', 'ang3_1_4', 't2_4_5', 'dist1_4', 'dist1_15', 'dist2_3', 'dist2_14', 'dist4_12', 'dist4_16', 'dist5_9', 'dist6_9', 'dist7_8', 'dist9_12', 'dist9_15', 'dist10_11', 'dist10_15', 'dist12_15', 'dist13_14', 'dist15_17', 't4_7_8']",random_forest,8.405716861045955,7.940293448996057,4.798163828120651,2569,20,pca
ecki,nuernberg_1,False,"['ang1_3_4', 'dist1_8', 'ang1_4_3', 't7_8_16', 'dist3_16', 'dist5_14', 'ang1_3_5', 'ang3_1_4', 'ang2_7_5', 'dist3_8', 'dist7_8', 'dist7_17', 'dist1_2', 'dist1_9', 'dist4_12', 'dist5_7', 'dist7_16', 'dist8_17', 'dist15_17', 'ang1_2_5']",random_forest,38.66781208555961,37.3611236070446,6.208716907953853,2570,20,pca
ecki,nuernberg_1,False,"['dist2_14', 'dist5_7', 'dist6_17', 'dist8_15', 'dist11_15', 'dist12_15', 'ang3_1_4', 'ang1_3_4', 'ang6_10_4', 'dist2_4', 'dist6_8', 'dist6_9', 'dist6_16', 'dist7_8', 'dist7_12', 'dist7_15', 'dist9_15', 'dist10_15', 'dist15_17', 'ang1_3_5']",random_forest,30.69691623634776,23.5790339466086,10.472458857896394,2571,20,pca
ecki,leni,False,"['dist5_14', 'ang3_2_5', 't12_15_17', 'dist9_12', 'dist12_17', 'ang2_3_5', 'ang2_1_5', 'dist10_15', 'ang1_3_4', 'dist3_8', 'dist8_12', 'ang2_3_4', 'dist8_14', 'dist5_12', 'dist6_13', 'dist7_8', 'dist13_17', 'dist15_17', 't3_4_5', 'dist7_13']",random_forest,37.39889121274122,39.067717285133234,5.982878329482967,2572,20,pca
ecki,leni,False,"['dist5_14', 'ang2_7_5', 'ang1_3_4', 'ang2_4_3', 'ang1_4_3', 'dist3_5', 'dist5_17', 'ang2_3_4', 'dist1_13', 'dist5_6', 'ang3_2_5', 'dist3_8', 'dist5_9', 'dist5_12', 'ang3_1_5', 'dist2_14', 'dist3_16', 'ang1_3_5', 'ang3_1_4', 't3_4_5']",random_forest,49.3987345149767,46.12225215595021,5.599971308386998,2573,20,pca
ecki,innsbruck_1,False,"['dist5_14', 'dist3_5', 'dist3_17', 'ang1_2_5', 'dist2_8', 'dist3_8', 'dist5_16', 'dist8_14', 'dist14_16', 'ang3_1_4', 'ang2_3_4', 'ang1_4_3', 't2_3_5', 't3_4_5', 't4_5_8', 'ang3_4_3', 'dist2_7', 'dist2_9', 'dist2_17', 'dist4_6']",random_forest,38.80029264471574,33.85516630765945,8.835067825462026,2574,20,pca
ecki,innsbruck_1,False,"['dist5_14', 'ang1_4_3', 't3_4_5', 'dist3_17', 'ang1_3_4', 'ang2_3_4', 'dist1_13', 'dist3_5', 'dist6_8', 'ang1_2_5', 'ang3_1_4', 'ang3_4_3', 'dist6_9', 'dist2_9', 'dist3_9', 'dist7_8', 'dist7_9', 'dist13_17', 'ang2_1_5', 'ang3_2_5']",random_forest,52.64662985056395,43.724114288738306,10.867391654554934,2575,20,pca
ecki,shorfy,False,"['dist1_8', 'dist2_11', 'dist6_17', 'dist1_4', 'dist1_16', 'dist2_4', 'dist2_7', 'dist3_10', 'dist4_12', 'dist11_16', 'dist12_15', 't2_3_7', 't8_9_17', 't2_4_7', 't13_14_17', 'dist1_3', 'dist1_9', 'dist1_12', 'dist2_3', 'dist2_6']",random_forest,8.374227151870455,3.6598586393492396,4.722664101875035,2576,20,pca
ecki,shorfy,False,"['dist1_8', 'dist2_11', 'dist1_2', 'dist1_4', 'dist1_16', 'dist2_6', 'dist2_7', 'dist3_6', 'dist3_7', 'dist3_10', 'dist4_10', 'dist5_6', 'dist6_15', 'dist6_16', 'dist6_17', 'dist8_9', 'dist11_16', 'dist12_15', 'dist12_16', 'dist13_14']",random_forest,4.372908548847856,2.199030239863219,2.305298436864152,2577,20,pca
ecki,paulinchen,False,"['dist2_11', 'dist5_15', 'dist7_12', 'ang4_9_5', 'dist1_4', 'dist1_12', 'dist2_12', 'dist3_7', 'dist4_10', 'dist4_12', 'dist7_15', 'dist11_16', 'dist12_15', 'dist12_16', 'dist16_17', 'ang1_2_5', 'ang3_1_4', 'ang1_2_4', 'ang2_7_5', 't4_7_8']",random_forest,45.67384771309987,30.66658258679494,17.160968490288383,2578,20,pca
ecki,paulinchen,False,"['dist3_7', 'ang1_3_4', 'dist11_16', 'dist12_13', 'ang3_1_4', 't6_10_11', 'dist4_10', 'dist1_4', 'dist4_7', 'dist4_11', 'dist4_12', 'dist5_6', 'dist7_12', 'dist7_15', 'dist9_11', 'dist11_14', 'dist12_14', 'dist12_16', 'dist12_17', 'dist15_17']",random_forest,16.87806780750249,22.77892640043784,6.307313105584325,2579,20,pca
ecki,mette,False,"['dist1_4', 'dist2_11', 'dist3_6', 'dist3_7', 'dist4_10', 'dist7_10', 'ang4_9_5', 'dist1_2', 'dist1_8', 'dist1_16', 'dist2_4', 'dist4_9', 'dist4_12', 'dist5_7', 'dist5_10', 'dist5_12', 'dist6_13', 'dist6_14', 'dist7_15', 'dist10_14']",random_forest,17.39272136422379,9.420824128902284,7.972405064814739,2580,20,pca
ecki,mette,False,"['dist1_8', 'dist2_11', 'dist3_10', 'dist6_17', 'dist7_10', 'dist1_4', 'dist1_16', 'dist2_9', 'dist3_6', 'dist4_11', 'dist4_12', 'dist11_16', 'dist12_13', 't2_3_7', 't3_7_16', 't7_8_17', 't13_14_17', 't12_15_17', 'dist1_2', 'dist1_3']",random_forest,10.859061612699765,6.9832552276988356,4.16460702305412,2581,20,pca
ecki,zewe,False,"['dist1_4', 'dist4_9', 'dist12_15', 'ang4_3_5', 't4_5_8', 't2_4_5', 'dist1_2', 'dist1_3', 'dist1_5', 'dist3_13', 'dist4_10', 'dist4_13', 'dist4_14', 'dist4_16', 'dist5_6', 'dist5_16', 'dist7_9', 'dist15_17', 'ang1_3_4', 'ang2_3_4']",random_forest,41.42506995390617,33.61734940690227,7.826932346765146,2582,20,pca
ecki,zewe,False,"['dist1_4', 'dist1_3', 'dist4_10', 'dist4_14', 'dist6_15', 'dist13_14', 'dist15_17', 'ang4_3_5', 'ang1_3_4', 't4_7_8', 'dist1_16', 'dist5_7', 'dist1_2', 'dist4_7', 'dist4_9', 'dist4_13', 'dist4_16', 'dist12_15', 'ang2_3_4', 'ang3_4_3']",random_forest,50.808327560544214,37.21352777852474,15.48674045942914,2583,20,pca
ecki,gesa,False,"['dist2_11', 'dist1_4', 'dist1_8', 'dist1_16', 'dist3_10', 'dist4_12', 'dist9_10', 'dist9_15', 'dist10_15', 'dist11_17', 'dist12_16', 'dist12_17', 'dist14_17', 'ang2_4_5', 'ang1_2_4', 'ang3_4_3', 't4_7_8', 't8_9_17', 't2_4_7', 't13_14_17']",random_forest,23.34416942247438,17.22593353367917,6.1287585535627915,2584,20,pca
ecki,gesa,False,"['dist2_11', 'dist1_4', 'dist1_8', 'dist3_6', 'dist3_10', 'dist3_15', 'dist4_12', 'dist9_15', 'dist10_11', 'dist10_15', 'dist11_17', 'dist12_16', 'dist12_17', 'ang2_4_5', 'ang1_2_4', 'ang3_4_3', 't8_9_17', 't13_14_17', 'dist1_3', 'dist1_9']",random_forest,23.068125681175918,17.180643620200755,5.89227817123838,2585,20,pca
ecki,frida,False,"['dist12_15', 'dist1_5', 'dist13_14', 'ang1_4_3', 'dist1_8', 'ang3_1_4', 'dist1_3', 'ang4_3_5', 't7_8_16', 'dist16_17', 'dist1_16', 'ang2_1_5', 'dist4_10', 'dist1_2', 'dist1_17', 'dist2_13', 'dist4_9', 'dist5_13', 'dist6_15', 't1_2_7']",random_forest,15.803273508890229,23.06034109855563,9.737340345703924,2586,20,pca
ecki,frida,False,"['dist1_2', 'ang1_3_4', 'dist5_14', 'dist12_15', 'dist13_14', 'dist1_3', 'dist8_16', 'ang3_2_5', 'dist1_16', 'dist4_9', 'dist10_15', 'ang3_1_5', 'ang2_1_4', 'dist1_5', 'dist2_13', 'dist5_12', 'dist12_13', 'ang1_2_5', 'dist1_13', 'ang2_3_4']",random_forest,26.266067560183355,39.41318512691796,13.454516069329499,2587,20,pca
ecki,esta,False,"['dist4_10', 'ang4_3_5', 'ang1_3_4', 'ang5_3_4', 'dist4_9', 'ang3_1_4', 'ang2_3_4', 'ang1_4_3', 'ang3_4_3', 't4_7_8', 'dist4_11', 'dist12_15', 'dist4_8', 'dist6_11', 'ang3_4_5', 'ang2_1_4', 'ang1_2_4', 'ang2_4_3', 'ang2_7_5', 't13_14_15']",random_forest,60.62665770280572,52.19332579351362,9.862861998109455,2588,20,pca
ecki,esta,False,"['ang1_3_4', 'ang1_2_5', 'ang3_1_4', 'dist12_15', 'dist13_14', 'dist1_5', 'ang1_3_5', 'ang2_3_4', 'dist1_4', 'dist5_6', 'dist11_15', 'ang2_1_5', 'ang1_2_4', 'ang1_4_3', 'ang2_4_3', 'ang5_3_4', 'ang3_4_3', 'dist2_13', 'dist5_10', 'dist6_9']",random_forest,50.30563712859002,48.192848158950845,3.6496422884142294,2589,20,pca
ecki,vladimir,False,"['dist5_15', 'ang1_3_4', 'dist5_12', 'dist8_15', 'dist5_14', 'dist5_6', 'dist5_9', 'dist5_11', 'dist15_17', 'ang2_1_5', 'ang2_3_4', 'ang2_4_3', 'ang2_7_5', 'ang3_1_4', 'dist2_3', 'dist5_17', 'dist6_10', 'dist6_11', 'dist9_15', 'dist15_16']",random_forest,52.09407941670236,42.4696526745635,16.29245336712236,2590,20,pca
ecki,vladimir,False,"['dist8_15', 'dist5_12', 'dist15_17', 'ang1_3_4', 'ang2_3_4', 'ang2_4_3', 'dist3_8', 'dist5_9', 'dist5_11', 'dist5_15', 'ang2_7_5', 'dist5_14', 'ang3_4_3', 'dist2_11', 'dist5_6', 'dist6_17', 'dist9_15', 'dist10_11', 'ang1_2_5', 't5_8_9']",random_forest,49.741986680550255,42.83365615249277,17.105544783486632,2591,20,pca
sam,sam,True,"['dist10_11', 't4_5_8', 'dist9_10', 'dist3_13', 'dist3_7', 'dist5_9', 'ang2_3_4', 'dist1_8', 'dist3_12', 'ang3_2_5', 'dist6_11', 'dist5_6', 't12_15_17', 't5_9_10', 'dist1_12', 'dist3_6', 'dist9_11', 'dist7_8', 'dist2_13', 'dist9_16']",random_forest,1.2812994299410962,8.032936867450474,6.755334662653308,2592,20,pca
sam,sam,True,"['dist5_13', 'dist13_14', 'dist5_9', 'ang4_9_5', 'dist7_13', 'dist1_4', 't1_3_5', 'dist10_11', 'ang6_9_10', 'dist9_11', 'dist10_12', 'dist13_16', 'ang5_1_4', 't13_14_17', 'dist1_12', 'dist7_12', 'dist1_17', 'dist1_5', 't5_8_9', 't6_7_9']",random_forest,3.4504703507092236,8.314762495485457,11.716434193982268,2593,20,pca
rosie,rosie,True,"['t2_4_5', 'dist8_16', 't6_7_17', 'ang5_1_4', 'ang1_2_5', 'dist7_8', 'ang3_1_4', 'dist5_14', 'dist5_6', 'dist1_4', 'dist2_8', 'dist1_8', 'dist11_12', 't2_3_7', 't2_4_8', 'dist9_11', 't7_8_17', 'ang1_4_3', 'ang4_9_5', 'dist5_17']",random_forest,8.183264990621549,5.020724430691469,9.04393896174416,2594,20,pca
rosie,rosie,True,"['dist1_6', 'dist3_5', 't8_9_17', 'dist10_11', 'ang3_2_4', 'dist8_9', 'dist9_11', 'dist3_12', 'ang2_1_4', 't3_4_5', 'ang1_2_5', 'dist5_14', 't6_7_9', 'ang6_9_10', 'ang3_1_4', 't4_5_8', 'dist2_11', 'ang1_4_3', 't3_4_16', 'ang4_9_5']",random_forest,6.467535480894372,7.726588461164743,10.898088803420308,2595,20,pca
otella,otella,True,"['dist6_7', 'dist9_16', 'dist7_10', 't6_7_17', 't13_14_15', 'dist6_17', 'dist9_11', 'dist5_6', 'dist3_13', 't1_6_7', 'dist12_17', 'ang6_4_10', 'dist3_16', 'dist3_5', 'dist6_8', 't3_5_10', 'dist3_17', 'dist1_4', 'dist12_13', 'dist10_15']",random_forest,1.2825857513376298,10.712406746134965,9.82365075977874,2596,20,pca
otella,otella,True,"['ang2_1_4', 'dist2_16', 'dist3_4', 'ang4_2_4', 'ang6_9_10', 'dist8_15', 't2_4_7', 'dist2_8', 'ang4_2_5', 't2_4_8', 'ang1_2_4', 'ang5_1_4', 'dist1_3', 'ang3_1_4', 't6_7_9', 'dist5_15', 'dist1_4', 'dist4_8', 't2_4_5', 'ang5_3_4']",random_forest,11.818871291461571,7.833144319790036,6.127769459090789,2597,20,pca
japet,japet,True,"['dist5_10', 'ang6_10_4', 't5_9_10', 'ang1_2_5', 'ang4_9_5', 'dist2_13', 't8_9_17', 'ang2_3_4', 'dist16_17', 'dist9_11', 't6_10_11', 'ang6_4_10', 'ang1_2_4', 'dist11_17', 'dist7_9', 'ang2_1_5', 'ang6_9_10', 'dist2_9', 'dist3_17', 't7_8_16']",random_forest,12.005127004901404,9.296343176165104,14.111751801306601,2598,20,pca
japet,japet,True,"['ang1_2_5', 'dist1_8', 'ang3_4_3', 'dist5_9', 'dist6_10', 'ang1_3_5', 'dist7_10', 'dist2_6', 't4_6_10', 'dist7_13', 'ang4_1_5', 't6_7_17', 'dist4_6', 'dist3_16', 'ang1_4_5', 'dist1_16', 'dist2_4', 'dist1_4', 'dist1_2', 'ang6_10_4']",random_forest,9.45882955362755,10.28716530089971,4.811924155408143,2599,20,pca
ducky,ducky,True,"['dist3_7', 't5_8_9', 'dist7_15', 't2_5_9', 'dist1_2', 't2_4_8', 'dist5_9', 'dist5_17', 'dist6_15', 'dist14_17', 'dist9_15', 'dist1_4', 'dist4_13', 'dist6_17', 'dist11_13', 't2_3_7', 't3_4_5', 't4_6_10', 'ang4_9_5', 't13_14_15']",random_forest,13.180990964332736,13.874281180946804,24.6754140244995,2600,20,pca
ducky,ducky,True,"['ang1_4_5', 'ang5_1_4', 'ang6_10_4', 'dist11_15', 'dist10_15', 'ang6_4_10', 'dist5_7', 'dist13_17', 'ang4_2_5', 'dist1_2', 'dist2_11', 'dist8_14', 'ang2_4_5', 'dist10_17', 'dist7_10', 'ang4_2_4', 'dist3_14', 'dist7_9', 'dist4_15', 'dist6_9']",random_forest,12.474795049961617,7.146455924167807,5.860442711361142,2601,20,pca
nuernberg_2,nuernberg_2,True,"['dist3_5', 'ang4_9_5', 'dist8_13', 'dist8_15', 't1_3_5', 'dist1_4', 'ang6_10_4', 'dist1_16', 'ang4_2_4', 't8_9_17', 'dist2_5', 'dist11_17', 't3_4_5', 'dist9_13', 'dist13_17', 'dist9_11', 'dist13_14', 'dist2_10', 'dist11_14', 'dist7_8']",random_forest,9.205465607602491,3.8073375431258683,9.053969873942735,2602,20,pca
nuernberg_2,nuernberg_2,True,"['dist2_16', 'dist1_17', 'ang6_9_10', 't2_3_5', 't2_3_7', 'dist4_14', 'dist5_13', 'dist2_8', 'dist10_17', 't13_14_17', 't8_9_17', 't2_4_7', 'dist9_10', 't1_3_5', 'dist8_13', 'ang2_7_5', 'dist13_16', 'ang6_10_4', 't2_5_10', 'dist1_8']",random_forest,8.286893991341822,15.737303860760987,10.05600720311272,2603,20,pca
leni,leni,True,"['dist12_17', 'dist11_17', 'ang6_10_4', 'dist9_11', 'dist6_8', 'dist6_11', 'dist7_12', 't6_10_11', 'dist8_12', 't12_15_17', 'dist6_17', 'ang2_4_3', 't3_5_10', 'dist12_13', 'dist7_11', 't3_4_5', 'dist9_12', 'dist9_15', 'dist1_2', 'dist6_10']",random_forest,7.061481474864381,6.59646324352323,4.31520943210742,2604,20,pca
leni,leni,True,"['dist3_8', 'dist1_9', 'dist9_13', 'dist2_7', 'dist12_15', 'dist1_5', 't7_8_16', 'ang3_2_4', 'dist11_12', 'dist15_16', 'dist13_14', 'ang2_1_5', 'dist4_6', 'ang1_2_5', 'dist5_12', 'dist7_12', 'dist7_11', 't13_14_17', 'dist8_16', 't12_15_17']",random_forest,5.013110796664358,5.954818642341059,3.389283765829397,2605,20,pca
innsbruck_1,innsbruck_1,True,"['dist15_17', 'dist8_15', 'dist10_11', 'ang4_9_5', 'dist7_10', 'ang1_4_3', 'dist5_17', 'dist13_17', 'dist5_11', 'ang6_10_4', 'dist5_9', 'dist1_13', 't6_7_9', 'ang6_9_10', 'dist8_16', 'dist9_15', 'ang4_2_5', 't8_9_17', 'dist4_6', 'dist1_2']",random_forest,7.415491697673312,8.258843777504133,14.763515452257112,2606,20,pca
innsbruck_1,innsbruck_1,True,"['dist1_3', 'ang2_1_4', 'ang1_3_5', 'dist2_3', 't3_7_16', 'ang1_4_3', 'dist1_13', 'dist5_14', 'dist3_12', 'dist1_2', 't8_9_17', 'dist1_12', 'ang2_1_5', 'dist12_13', 'dist3_11', 'dist8_10', 'dist14_15', 't3_4_16', 'dist6_17', 'ang1_4_5']",random_forest,11.021207553013161,5.637536047801298,13.934552886272735,2607,20,pca
shorfy,shorfy,True,"['dist11_17', 'ang1_3_4', 'ang4_9_5', 'dist9_11', 'ang2_3_4', 'ang7_6_10', 'ang4_2_4', 't3_7_16', 'dist7_17', 'ang1_4_3', 'ang3_2_4', 'dist8_15', 'dist13_14', 'ang6_9_10', 'ang4_3_5', 'dist14_15', 'dist7_16', 'dist12_17', 'dist3_13', 'ang4_2_5']",random_forest,12.917060036139071,4.932620025478319,10.669770461305147,2608,20,pca
shorfy,shorfy,True,"['dist10_17', 't1_6_7', 'ang6_4_10', 'dist3_17', 'dist1_8', 'ang4_9_5', 'dist7_9', 'dist1_10', 'dist11_12', 'dist6_10', 'dist5_14', 'dist1_16', 'ang6_9_10', 'dist5_6', 't8_9_17', 'ang2_1_4', 'dist3_7', 'dist5_17', 'dist3_13', 'dist6_13']",random_forest,12.49836247684198,7.042096858019458,7.340476359792305,2609,20,pca
paulinchen,paulinchen,True,"['dist3_17', 'dist1_4', 'dist11_17', 't6_7_17', 'dist1_3', 'dist3_7', 't1_3_5', 'ang4_9_5', 'dist2_8', 'ang5_1_4', 't1_6_7', 'dist8_14', 'dist1_8', 'dist1_9', 'ang6_10_4', 'dist1_2', 'dist6_17', 'dist10_15', 'dist10_17', 't2_3_7']",random_forest,5.508504791350915,4.716206678194188,3.484321727580829,2610,20,pca
paulinchen,paulinchen,True,"['dist2_16', 'dist4_10', 't2_3_7', 'dist1_3', 'dist1_17', 'dist1_16', 'dist1_9', 'ang6_9_10', 'ang2_4_3', 'dist3_5', 'dist10_16', 'dist6_10', 'ang2_1_4', 'ang1_2_5', 'dist9_10', 'dist8_17', 'dist6_7', 'ang4_2_5', 't2_4_7', 'dist2_14']",random_forest,9.556634839139964,8.08329972015359,5.277584368972308,2611,20,pca
mette,mette,True,"['dist3_16', 't3_7_16', 'dist7_14', 't2_4_7', 'ang3_4_3', 'dist3_6', 'ang2_3_4', 'dist12_13', 'dist7_15', 'dist15_17', 'dist9_15', 'dist9_11', 'ang3_1_4', 'ang6_9_10', 'ang4_3_5', 'dist3_12', 'dist5_14', 'dist1_2', 'dist7_12', 'dist2_6']",random_forest,15.707398768611341,11.951622815574494,4.059918789376777,2612,20,pca
mette,mette,True,"['dist13_14', 'ang1_4_3', 'dist11_15', 'ang2_7_5', 't2_4_5', 't2_5_6', 'dist8_16', 'dist2_13', 't3_5_7', 'dist5_6', 't13_14_16', 't3_4_16', 'dist2_7', 'dist3_13', 'dist1_2', 'dist5_7', 'dist10_12', 'dist4_7', 'dist3_4', 'ang6_10_4']",random_forest,17.276006721975396,12.121600147428776,20.63925626709241,2613,20,pca
zewe,zewe,True,"['ang6_10_4', 'ang1_3_5', 'dist5_9', 'dist7_13', 'ang2_3_5', 'dist5_17', 'dist1_6', 'ang1_4_5', 'ang3_2_5', 'ang6_9_10', 'dist2_14', 't6_7_17', 'dist3_16', 'dist5_12', 'ang4_2_4', 'dist8_9', 't2_3_7', 'ang2_4_3', 'dist4_13', 'dist8_12']",random_forest,16.37572345290236,11.586811436022769,4.802996818294652,2614,20,pca
zewe,zewe,True,"['dist5_14', 'ang6_9_10', 'dist1_13', 'ang2_3_4', 'dist1_10', 't3_4_16', 'ang1_4_3', 'ang3_2_5', 'dist3_16', 'dist1_6', 'dist8_9', 'dist7_13', 'ang2_4_3', 'ang1_3_5', 'dist7_8', 't8_9_17', 'dist11_14', 'dist7_9', 'dist6_10', 'dist12_13']",random_forest,12.724993190239843,11.631183223668879,4.257099512445917,2615,20,pca
frida,frida,True,"['ang4_9_5', 'dist8_12', 'dist3_12', 'dist1_15', 'dist7_12', 'dist5_7', 'dist5_6', 'dist4_12', 'dist3_17', 'dist5_13', 'dist1_4', 'dist6_11', 'dist13_14', 'dist6_10', 'dist9_14', 'dist9_15', 't6_10_11', 'dist2_12', 't5_6_10', 'dist5_17']",random_forest,14.10655079288666,6.584713057445111,7.953418039046028,2616,20,pca
frida,frida,True,"['dist10_14', 'dist10_16', 't3_5_10', 't5_9_10', 'dist9_14', 'dist5_6', 'dist8_14', 'ang6_10_4', 'dist4_9', 'dist4_10', 'dist5_10', 'ang1_3_4', 'dist4_13', 'dist12_15', 'dist13_16', 'dist6_16', 't2_4_7', 'dist11_12', 't4_6_10', 'dist5_13']",random_forest,9.131608857048652,9.820976667140007,7.360034046379278,2617,20,pca
anton,anton,True,"['dist5_7', 'dist4_8', 'dist5_9', 'dist7_13', 'dist8_16', 'dist8_14', 'dist14_17', 'ang6_4_10', 'dist7_14', 'dist5_6', 't6_7_17', 'dist13_14', 't5_8_9', 'dist12_14', 'dist4_10', 'dist6_13', 't13_14_16', 'dist1_5', 'dist12_15', 'ang1_2_5']",random_forest,7.380887925121082,4.813244740611889,2.9650842943270064,2618,20,pca
anton,anton,True,"['dist3_7', 'dist11_12', 't2_3_7', 't3_7_16', 'dist2_7', 'dist7_8', 't7_8_17', 'dist5_8', 't6_7_17', 't2_4_7', 't7_8_9', 'ang3_2_4', 'dist6_13', 'ang2_3_4', 'ang5_1_4', 'dist10_14', 'dist8_16', 'dist1_8', 'dist8_9', 'dist5_17']",random_forest,0.7927560893903955,2.32258769554821,1.7346541001561886,2619,20,pca
